submission_id,form_id,user_id,submitted_at,compliance_pct,compliance_threshold
1,102,26,2026-05-19 22:17:00,75.0,80.0
2,101,28,2026-05-20 09:56:00,87.5,80.0
3,102,6,2026-05-20 21:41:00,62.5,80.0
4,101,27,2026-05-21 09:29:00,75.0,80.0
5,102,27,2026-05-21 22:08:00,75.0,80.0
6,101,6,2026-05-22 09:16:00,87.5,80.0
7,102,28,2026-05-22 23:25:00,100.0,80.0
8,101,6,2026-05-23 07:32:00,75.0,80.0
9,102,26,2026-05-23 21:48:00,100.0,80.0
10,101,27,2026-05-24 07:40:00,62.5,80.0
11,102,26,2026-05-24 23:27:00,100.0,80.0
12,101,6,2026-05-25 08:38:00,75.0,80.0
13,102,26,2026-05-25 23:16:00,87.5,80.0
14,101,28,2026-05-26 09:56:00,87.5,80.0
15,102,26,2026-05-26 23:21:00,87.5,80.0
16,101,6,2026-05-27 08:10:00,100.0,80.0
17,102,28,2026-05-27 21:46:00,87.5,80.0
18,101,26,2026-05-28 07:32:00,100.0,80.0
19,102,27,2026-05-28 23:19:00,87.5,80.0
20,101,27,2026-05-29 08:48:00,100.0,80.0
21,102,26,2026-05-29 23:49:00,87.5,80.0
22,101,26,2026-05-30 08:31:00,100.0,80.0
23,102,28,2026-05-30 21:59:00,75.0,80.0
24,101,27,2026-05-31 07:03:00,75.0,80.0
25,102,26,2026-05-31 23:05:00,75.0,80.0
26,101,27,2026-06-01 07:48:00,75.0,80.0
27,102,6,2026-06-01 21:42:00,100.0,80.0
28,101,6,2026-06-02 07:16:00,50.0,80.0
29,102,27,2026-06-02 21:59:00,87.5,80.0
30,101,28,2026-06-03 08:42:00,62.5,80.0
31,102,6,2026-06-03 22:57:00,100.0,80.0
32,101,26,2026-06-04 07:14:00,75.0,80.0
33,102,27,2026-06-04 22:01:00,100.0,80.0
34,101,26,2026-06-05 07:00:00,87.5,80.0
35,102,26,2026-06-05 23:40:00,75.0,80.0
36,101,26,2026-06-06 07:57:00,87.5,80.0
37,102,27,2026-06-06 22:04:00,75.0,80.0
38,101,27,2026-06-07 09:31:00,62.5,80.0
39,102,6,2026-06-07 23:08:00,87.5,80.0
40,101,6,2026-06-08 08:51:00,50.0,80.0
41,102,26,2026-06-08 21:06:00,87.5,80.0
42,101,6,2026-06-09 08:27:00,100.0,80.0
43,102,26,2026-06-09 22:55:00,87.5,80.0
44,101,28,2026-06-10 07:25:00,87.5,80.0
45,102,27,2026-06-10 21:15:00,100.0,80.0
46,102,27,2026-06-11 23:28:00,100.0,80.0
47,101,6,2026-06-12 07:17:00,100.0,80.0
48,102,26,2026-06-12 21:55:00,87.5,80.0
49,101,26,2026-06-13 09:06:00,87.5,80.0
50,102,26,2026-06-13 23:34:00,87.5,80.0
51,101,6,2026-06-14 07:10:00,100.0,80.0
52,101,27,2026-06-15 08:30:00,62.5,80.0
53,102,26,2026-06-15 22:57:00,87.5,80.0
54,101,6,2026-06-16 08:00:00,62.5,80.0
55,102,6,2026-06-16 22:59:00,75.0,80.0
56,101,6,2026-06-17 08:44:00,87.5,80.0
57,102,28,2026-06-17 21:12:00,87.5,80.0
58,101,26,2026-06-18 07:37:00,87.5,80.0
59,102,26,2026-06-18 23:20:00,100.0,80.0
60,101,27,2026-06-19 09:30:00,87.5,80.0
61,102,26,2026-06-19 21:32:00,87.5,80.0
62,101,26,2026-06-20 07:38:00,87.5,80.0
63,102,27,2026-06-20 23:55:00,75.0,80.0
64,101,27,2026-06-21 07:56:00,100.0,80.0
65,102,26,2026-06-21 23:38:00,100.0,80.0
66,101,28,2026-06-22 07:26:00,87.5,80.0
67,102,28,2026-06-22 22:13:00,100.0,80.0
68,101,27,2026-06-23 08:25:00,87.5,80.0
69,102,28,2026-06-23 23:41:00,100.0,80.0
70,101,26,2026-06-24 08:59:00,75.0,80.0
71,102,26,2026-06-24 21:29:00,100.0,80.0
72,101,28,2026-06-25 09:13:00,100.0,80.0
73,102,28,2026-06-25 21:59:00,87.5,80.0
74,101,28,2026-06-26 07:23:00,75.0,80.0
75,102,28,2026-06-26 21:28:00,75.0,80.0
76,101,26,2026-06-27 09:33:00,87.5,80.0
77,102,28,2026-06-27 23:52:00,87.5,80.0
78,101,26,2026-06-28 07:16:00,75.0,80.0
79,102,27,2026-06-28 21:47:00,75.0,80.0
80,101,27,2026-06-29 08:38:00,87.5,80.0
81,102,27,2026-06-29 23:21:00,62.5,80.0
82,101,28,2026-06-30 09:31:00,87.5,80.0
83,102,6,2026-06-30 21:05:00,62.5,80.0
84,101,28,2026-07-01 07:00:00,100.0,80.0
85,102,28,2026-07-01 21:40:00,100.0,80.0
86,101,6,2026-07-02 09:28:00,87.5,80.0
87,102,26,2026-07-02 23:00:00,75.0,80.0
88,101,27,2026-07-03 09:57:00,75.0,80.0
89,102,28,2026-07-03 23:02:00,87.5,80.0
90,101,6,2026-07-04 09:09:00,75.0,80.0
91,102,28,2026-07-04 21:02:00,75.0,80.0
92,101,28,2026-07-05 07:57:00,87.5,80.0
93,102,27,2026-07-05 21:43:00,100.0,80.0
94,101,6,2026-07-06 08:49:00,87.5,80.0
95,102,27,2026-07-06 23:47:00,100.0,80.0
96,101,27,2026-07-07 07:51:00,62.5,80.0
97,102,27,2026-07-07 22:01:00,87.5,80.0
98,101,27,2026-07-08 08:51:00,100.0,80.0
99,101,26,2026-07-09 08:10:00,87.5,80.0
100,102,26,2026-07-09 22:55:00,87.5,80.0
101,101,6,2026-07-10 07:12:00,87.5,80.0
102,102,27,2026-07-10 22:19:00,87.5,80.0
103,101,27,2026-07-11 07:42:00,100.0,80.0
104,102,28,2026-07-11 22:21:00,100.0,80.0
105,101,6,2026-07-12 08:22:00,87.5,80.0
106,102,28,2026-07-12 23:53:00,100.0,80.0
107,101,28,2026-07-13 07:56:00,87.5,80.0
108,102,28,2026-07-13 21:37:00,87.5,80.0
109,101,6,2026-07-14 07:38:00,87.5,80.0
110,102,28,2026-07-14 22:46:00,62.5,80.0
111,101,26,2026-07-15 09:32:00,87.5,80.0
112,102,27,2026-07-15 22:57:00,100.0,80.0
113,101,6,2026-07-16 07:45:00,87.5,80.0
114,102,27,2026-07-16 21:33:00,87.5,80.0
115,101,28,2026-07-17 08:04:00,87.5,80.0
116,102,26,2026-07-17 23:20:00,75.0,80.0
117,101,6,2026-07-18 09:19:00,87.5,80.0
118,102,28,2026-07-18 22:25:00,87.5,80.0
119,101,6,2026-07-19 07:12:00,87.5,80.0
120,102,27,2026-07-19 23:24:00,75.0,80.0
121,101,6,2026-07-20 09:19:00,62.5,80.0
122,102,26,2026-07-20 23:53:00,87.5,80.0
123,101,6,2026-07-21 08:13:00,62.5,80.0
124,102,28,2026-07-21 23:38:00,100.0,80.0
125,101,27,2026-07-22 08:28:00,75.0,80.0
126,102,27,2026-07-22 23:30:00,87.5,80.0
127,101,28,2026-07-23 08:32:00,100.0,80.0
128,102,27,2026-07-23 21:52:00,100.0,80.0
129,101,27,2026-07-24 07:51:00,100.0,80.0
130,102,26,2026-07-24 21:01:00,87.5,80.0
131,101,26,2026-07-25 08:39:00,75.0,80.0
132,102,27,2026-07-25 22:26:00,75.0,80.0
133,101,27,2026-07-26 08:25:00,75.0,80.0
134,102,26,2026-07-26 21:41:00,87.5,80.0
135,101,27,2026-07-27 08:14:00,87.5,80.0
136,102,6,2026-07-27 23:33:00,87.5,80.0
137,101,26,2026-07-28 09:15:00,75.0,80.0
138,102,6,2026-07-28 22:08:00,100.0,80.0
139,101,28,2026-07-29 09:38:00,75.0,80.0
140,102,6,2026-07-29 22:39:00,87.5,80.0
141,101,27,2026-07-30 08:57:00,87.5,80.0
142,102,6,2026-07-30 23:55:00,75.0,80.0
143,101,27,2026-07-31 08:48:00,87.5,80.0
144,102,6,2026-07-31 23:17:00,87.5,80.0
145,101,26,2026-08-01 08:28:00,75.0,80.0
146,102,27,2026-08-01 23:18:00,100.0,80.0
147,101,26,2026-08-02 08:20:00,87.5,80.0
148,102,27,2026-08-02 21:09:00,75.0,80.0
149,101,27,2026-08-03 09:09:00,87.5,80.0
150,101,6,2026-08-04 07:26:00,50.0,80.0
151,102,6,2026-08-04 22:34:00,75.0,80.0
152,101,6,2026-08-05 07:13:00,100.0,80.0
153,102,26,2026-08-05 22:57:00,87.5,80.0
154,101,26,2026-08-06 08:30:00,87.5,80.0
155,102,6,2026-08-06 22:19:00,87.5,80.0
156,101,27,2026-08-07 09:47:00,100.0,80.0
157,102,28,2026-08-07 22:14:00,87.5,80.0
158,101,6,2026-08-08 08:01:00,87.5,80.0
159,102,6,2026-08-08 22:42:00,100.0,80.0
160,101,27,2026-08-09 08:58:00,75.0,80.0
161,102,26,2026-08-09 23:34:00,75.0,80.0
162,101,26,2026-08-10 09:36:00,75.0,80.0
163,102,6,2026-08-10 21:41:00,87.5,80.0
164,101,26,2026-08-11 08:11:00,100.0,80.0
165,102,28,2026-08-11 22:24:00,87.5,80.0
166,101,28,2026-08-12 08:20:00,87.5,80.0
167,102,6,2026-08-12 22:17:00,100.0,80.0
168,101,26,2026-08-13 07:30:00,87.5,80.0
169,102,26,2026-08-13 23:34:00,62.5,80.0
170,101,26,2026-08-14 07:41:00,87.5,80.0
171,102,26,2026-08-14 23:02:00,62.5,80.0
172,101,26,2026-08-15 07:53:00,75.0,80.0
173,101,27,2026-08-16 09:09:00,87.5,80.0
174,102,26,2026-08-16 21:30:00,87.5,80.0
175,101,28,2026-08-17 07:29:00,100.0,80.0
176,102,26,2026-08-17 22:10:00,87.5,80.0
177,101,29,2026-05-19 08:06:00,100.0,80.0
178,102,7,2026-05-19 22:36:00,87.5,80.0
179,101,29,2026-05-20 09:12:00,100.0,80.0
180,102,30,2026-05-20 23:44:00,75.0,80.0
181,101,31,2026-05-21 09:49:00,100.0,80.0
182,102,29,2026-05-21 23:38:00,75.0,80.0
183,101,7,2026-05-22 07:22:00,87.5,80.0
184,102,29,2026-05-22 23:23:00,87.5,80.0
185,101,29,2026-05-23 09:21:00,87.5,80.0
186,102,7,2026-05-23 22:52:00,87.5,80.0
187,101,7,2026-05-24 08:23:00,75.0,80.0
188,102,7,2026-05-24 23:09:00,75.0,80.0
189,101,31,2026-05-25 09:33:00,87.5,80.0
190,102,7,2026-05-25 23:51:00,87.5,80.0
191,101,31,2026-05-26 08:52:00,75.0,80.0
192,102,30,2026-05-26 22:54:00,87.5,80.0
193,101,7,2026-05-27 08:56:00,87.5,80.0
194,102,7,2026-05-27 21:48:00,75.0,80.0
195,101,7,2026-05-28 09:42:00,100.0,80.0
196,102,7,2026-05-28 22:01:00,87.5,80.0
197,101,30,2026-05-29 07:31:00,100.0,80.0
198,101,31,2026-05-30 08:51:00,87.5,80.0
199,102,31,2026-05-30 22:17:00,87.5,80.0
200,101,30,2026-05-31 07:33:00,87.5,80.0
201,101,7,2026-06-01 07:15:00,87.5,80.0
202,102,30,2026-06-01 22:35:00,87.5,80.0
203,101,7,2026-06-02 09:45:00,87.5,80.0
204,102,29,2026-06-02 22:50:00,100.0,80.0
205,101,7,2026-06-03 08:14:00,100.0,80.0
206,101,31,2026-06-04 09:15:00,75.0,80.0
207,102,31,2026-06-04 23:37:00,75.0,80.0
208,102,31,2026-06-05 23:33:00,100.0,80.0
209,101,31,2026-06-06 09:35:00,75.0,80.0
210,102,7,2026-06-06 22:44:00,75.0,80.0
211,101,30,2026-06-07 08:16:00,87.5,80.0
212,102,30,2026-06-07 21:46:00,75.0,80.0
213,102,30,2026-06-08 21:47:00,75.0,80.0
214,101,7,2026-06-09 07:47:00,100.0,80.0
215,102,31,2026-06-09 22:46:00,100.0,80.0
216,101,30,2026-06-10 07:18:00,100.0,80.0
217,102,31,2026-06-10 22:11:00,75.0,80.0
218,101,30,2026-06-11 09:34:00,50.0,80.0
219,102,29,2026-06-11 22:02:00,87.5,80.0
220,101,30,2026-06-12 08:44:00,87.5,80.0
221,102,7,2026-06-12 23:55:00,87.5,80.0
222,101,31,2026-06-13 07:36:00,75.0,80.0
223,102,7,2026-06-13 22:30:00,75.0,80.0
224,101,31,2026-06-14 07:03:00,75.0,80.0
225,102,29,2026-06-14 22:07:00,75.0,80.0
226,101,29,2026-06-15 08:04:00,100.0,80.0
227,102,31,2026-06-15 21:09:00,100.0,80.0
228,101,7,2026-06-16 07:07:00,87.5,80.0
229,102,30,2026-06-16 23:38:00,87.5,80.0
230,101,7,2026-06-17 08:28:00,62.5,80.0
231,102,7,2026-06-17 22:55:00,75.0,80.0
232,101,29,2026-06-18 09:39:00,100.0,80.0
233,102,29,2026-06-18 23:47:00,100.0,80.0
234,101,31,2026-06-19 09:13:00,87.5,80.0
235,102,30,2026-06-19 23:05:00,87.5,80.0
236,101,29,2026-06-20 07:35:00,87.5,80.0
237,102,7,2026-06-20 21:00:00,87.5,80.0
238,101,7,2026-06-21 09:38:00,100.0,80.0
239,102,30,2026-06-21 22:02:00,100.0,80.0
240,101,7,2026-06-22 09:18:00,87.5,80.0
241,102,30,2026-06-22 21:43:00,87.5,80.0
242,101,30,2026-06-23 09:37:00,87.5,80.0
243,102,30,2026-06-23 22:07:00,75.0,80.0
244,101,30,2026-06-24 08:52:00,62.5,80.0
245,102,30,2026-06-24 21:03:00,100.0,80.0
246,101,31,2026-06-25 09:47:00,87.5,80.0
247,102,7,2026-06-25 22:07:00,87.5,80.0
248,101,31,2026-06-26 09:25:00,62.5,80.0
249,102,7,2026-06-26 23:34:00,75.0,80.0
250,101,29,2026-06-27 07:38:00,87.5,80.0
251,102,31,2026-06-27 22:47:00,87.5,80.0
252,101,29,2026-06-28 08:01:00,87.5,80.0
253,102,29,2026-06-28 21:43:00,75.0,80.0
254,101,30,2026-06-29 09:02:00,100.0,80.0
255,102,7,2026-06-29 22:33:00,87.5,80.0
256,101,7,2026-06-30 07:37:00,75.0,80.0
257,102,7,2026-06-30 23:52:00,87.5,80.0
258,101,7,2026-07-01 08:22:00,75.0,80.0
259,102,29,2026-07-01 22:20:00,87.5,80.0
260,101,7,2026-07-02 08:26:00,87.5,80.0
261,102,7,2026-07-02 22:42:00,75.0,80.0
262,101,29,2026-07-03 07:29:00,87.5,80.0
263,102,31,2026-07-03 22:16:00,75.0,80.0
264,101,29,2026-07-04 08:55:00,87.5,80.0
265,102,7,2026-07-04 23:55:00,75.0,80.0
266,102,31,2026-07-05 21:12:00,100.0,80.0
267,101,7,2026-07-06 08:40:00,100.0,80.0
268,102,31,2026-07-06 21:13:00,75.0,80.0
269,101,31,2026-07-07 07:59:00,100.0,80.0
270,102,7,2026-07-07 22:56:00,87.5,80.0
271,101,30,2026-07-08 07:40:00,100.0,80.0
272,102,31,2026-07-08 23:10:00,87.5,80.0
273,101,7,2026-07-09 07:35:00,100.0,80.0
274,102,29,2026-07-09 21:14:00,100.0,80.0
275,101,30,2026-07-10 07:41:00,75.0,80.0
276,102,31,2026-07-10 22:59:00,100.0,80.0
277,101,7,2026-07-11 09:17:00,62.5,80.0
278,102,30,2026-07-11 22:30:00,75.0,80.0
279,101,7,2026-07-12 09:09:00,100.0,80.0
280,102,30,2026-07-12 21:58:00,75.0,80.0
281,101,7,2026-07-13 08:49:00,87.5,80.0
282,102,31,2026-07-13 22:59:00,100.0,80.0
283,101,31,2026-07-14 08:46:00,100.0,80.0
284,102,7,2026-07-14 23:37:00,75.0,80.0
285,101,7,2026-07-15 08:34:00,75.0,80.0
286,102,7,2026-07-15 22:21:00,87.5,80.0
287,101,30,2026-07-16 08:55:00,75.0,80.0
288,102,7,2026-07-16 23:15:00,87.5,80.0
289,101,31,2026-07-17 08:02:00,75.0,80.0
290,102,7,2026-07-17 23:30:00,75.0,80.0
291,101,30,2026-07-18 09:50:00,87.5,80.0
292,102,30,2026-07-18 22:02:00,62.5,80.0
293,101,29,2026-07-19 09:21:00,87.5,80.0
294,102,7,2026-07-19 22:06:00,100.0,80.0
295,101,7,2026-07-20 09:09:00,87.5,80.0
296,102,29,2026-07-20 23:09:00,62.5,80.0
297,102,7,2026-07-21 22:21:00,75.0,80.0
298,101,7,2026-07-22 08:54:00,75.0,80.0
299,102,7,2026-07-22 22:40:00,87.5,80.0
300,101,29,2026-07-23 07:39:00,87.5,80.0
301,102,31,2026-07-23 21:40:00,87.5,80.0
302,101,7,2026-07-24 09:05:00,75.0,80.0
303,102,29,2026-07-24 21:48:00,87.5,80.0
304,101,31,2026-07-25 07:44:00,100.0,80.0
305,102,31,2026-07-25 21:02:00,100.0,80.0
306,101,31,2026-07-26 08:22:00,87.5,80.0
307,102,30,2026-07-26 22:09:00,100.0,80.0
308,101,30,2026-07-27 08:36:00,75.0,80.0
309,102,29,2026-07-27 21:11:00,87.5,80.0
310,101,30,2026-07-28 08:39:00,100.0,80.0
311,102,30,2026-07-28 22:58:00,100.0,80.0
312,101,31,2026-07-29 08:40:00,87.5,80.0
313,102,29,2026-07-29 22:16:00,87.5,80.0
314,101,30,2026-07-30 08:43:00,100.0,80.0
315,102,31,2026-07-30 21:28:00,87.5,80.0
316,101,7,2026-07-31 08:40:00,100.0,80.0
317,102,7,2026-07-31 23:16:00,87.5,80.0
318,101,7,2026-08-01 07:24:00,87.5,80.0
319,102,7,2026-08-01 21:15:00,87.5,80.0
320,101,31,2026-08-02 08:36:00,87.5,80.0
321,102,29,2026-08-02 23:18:00,87.5,80.0
322,101,29,2026-08-03 08:00:00,100.0,80.0
323,102,7,2026-08-03 23:47:00,87.5,80.0
324,101,31,2026-08-04 07:38:00,62.5,80.0
325,102,30,2026-08-04 21:40:00,87.5,80.0
326,101,30,2026-08-05 08:43:00,87.5,80.0
327,101,29,2026-08-06 09:06:00,75.0,80.0
328,102,7,2026-08-06 22:50:00,87.5,80.0
329,101,30,2026-08-07 09:23:00,87.5,80.0
330,101,31,2026-08-08 07:58:00,100.0,80.0
331,102,7,2026-08-08 22:47:00,100.0,80.0
332,101,31,2026-08-09 07:08:00,100.0,80.0
333,102,31,2026-08-09 23:32:00,87.5,80.0
334,101,7,2026-08-10 08:58:00,75.0,80.0
335,102,31,2026-08-10 22:47:00,87.5,80.0
336,101,30,2026-08-11 08:04:00,87.5,80.0
337,102,7,2026-08-11 21:55:00,75.0,80.0
338,101,7,2026-08-12 08:05:00,100.0,80.0
339,102,29,2026-08-12 21:16:00,87.5,80.0
340,101,31,2026-08-13 08:43:00,87.5,80.0
341,102,31,2026-08-13 23:24:00,87.5,80.0
342,101,7,2026-08-14 09:14:00,100.0,80.0
343,102,31,2026-08-14 21:39:00,100.0,80.0
344,101,29,2026-08-15 07:41:00,100.0,80.0
345,102,7,2026-08-15 23:52:00,100.0,80.0
346,101,29,2026-08-16 09:26:00,100.0,80.0
347,102,29,2026-08-16 21:02:00,87.5,80.0
348,101,29,2026-08-17 08:07:00,87.5,80.0
349,102,30,2026-08-17 21:56:00,75.0,80.0
350,101,8,2026-05-19 08:23:00,75.0,80.0
351,102,33,2026-05-19 23:47:00,50.0,80.0
352,101,8,2026-05-20 09:06:00,50.0,80.0
353,101,34,2026-05-21 09:26:00,37.5,80.0
354,101,34,2026-05-23 07:44:00,37.5,80.0
355,101,8,2026-05-25 07:28:00,75.0,80.0
356,101,34,2026-05-26 07:54:00,37.5,80.0
357,102,34,2026-05-26 21:43:00,50.0,80.0
358,102,32,2026-05-30 23:22:00,62.5,80.0
359,102,32,2026-05-31 22:12:00,50.0,80.0
360,102,33,2026-06-01 21:42:00,62.5,80.0
361,102,34,2026-06-03 21:03:00,50.0,80.0
362,101,33,2026-06-04 07:50:00,62.5,80.0
363,101,33,2026-06-05 07:53:00,50.0,80.0
364,101,33,2026-06-06 09:13:00,50.0,80.0
365,102,33,2026-06-06 22:49:00,62.5,80.0
366,101,33,2026-06-07 07:17:00,50.0,80.0
367,101,34,2026-06-09 07:34:00,50.0,80.0
368,102,32,2026-06-10 21:07:00,37.5,80.0
369,101,33,2026-06-11 07:22:00,50.0,80.0
370,102,32,2026-06-13 23:20:00,87.5,80.0
371,102,33,2026-06-14 22:03:00,62.5,80.0
372,101,32,2026-06-15 09:07:00,75.0,80.0
373,102,34,2026-06-15 22:28:00,62.5,80.0
374,102,8,2026-06-16 23:06:00,37.5,80.0
375,101,32,2026-06-18 07:39:00,50.0,80.0
376,102,34,2026-06-18 23:50:00,37.5,80.0
377,101,32,2026-06-19 09:01:00,50.0,80.0
378,102,8,2026-06-20 22:54:00,50.0,80.0
379,102,8,2026-06-21 23:06:00,62.5,80.0
380,101,32,2026-06-22 07:57:00,25.0,80.0
381,101,33,2026-06-23 08:38:00,50.0,80.0
382,102,34,2026-06-23 21:08:00,37.5,80.0
383,102,34,2026-06-26 23:37:00,75.0,80.0
384,101,34,2026-06-28 09:33:00,50.0,80.0
385,101,8,2026-06-29 08:32:00,75.0,80.0
386,102,32,2026-06-29 21:50:00,50.0,80.0
387,101,33,2026-06-30 09:55:00,62.5,80.0
388,102,33,2026-06-30 22:28:00,50.0,80.0
389,101,8,2026-07-01 08:52:00,62.5,80.0
390,102,32,2026-07-01 22:26:00,87.5,80.0
391,101,34,2026-07-02 08:20:00,50.0,80.0
392,101,8,2026-07-03 08:09:00,50.0,80.0
393,101,32,2026-07-04 07:05:00,50.0,80.0
394,102,32,2026-07-04 21:27:00,25.0,80.0
395,102,32,2026-07-05 21:35:00,62.5,80.0
396,101,34,2026-07-06 09:35:00,75.0,80.0
397,102,8,2026-07-07 23:07:00,50.0,80.0
398,102,8,2026-07-08 23:48:00,50.0,80.0
399,102,34,2026-07-09 22:38:00,75.0,80.0
400,102,33,2026-07-10 21:36:00,50.0,80.0
401,102,33,2026-07-11 23:30:00,50.0,80.0
402,101,34,2026-07-13 08:54:00,25.0,80.0
403,101,34,2026-07-14 07:48:00,87.5,80.0
404,102,8,2026-07-14 23:14:00,50.0,80.0
405,101,32,2026-07-15 09:39:00,50.0,80.0
406,101,34,2026-07-16 09:59:00,87.5,80.0
407,101,34,2026-07-17 07:11:00,50.0,80.0
408,102,34,2026-07-18 23:48:00,50.0,80.0
409,102,33,2026-07-19 22:00:00,50.0,80.0
410,101,8,2026-07-23 09:42:00,62.5,80.0
411,101,32,2026-07-25 07:09:00,25.0,80.0
412,102,33,2026-07-25 21:47:00,50.0,80.0
413,101,34,2026-07-27 08:29:00,50.0,80.0
414,102,34,2026-07-27 21:23:00,50.0,80.0
415,101,32,2026-07-28 09:38:00,62.5,80.0
416,101,33,2026-07-29 07:09:00,37.5,80.0
417,101,32,2026-07-30 09:03:00,50.0,80.0
418,101,8,2026-07-31 08:28:00,87.5,80.0
419,102,8,2026-07-31 22:38:00,62.5,80.0
420,101,32,2026-08-01 08:13:00,62.5,80.0
421,102,32,2026-08-01 22:27:00,62.5,80.0
422,101,8,2026-08-02 09:43:00,75.0,80.0
423,102,34,2026-08-02 23:42:00,50.0,80.0
424,101,32,2026-08-03 07:25:00,50.0,80.0
425,101,34,2026-08-06 07:13:00,37.5,80.0
426,102,33,2026-08-06 21:49:00,25.0,80.0
427,101,32,2026-08-07 08:20:00,62.5,80.0
428,102,8,2026-08-09 21:31:00,37.5,80.0
429,102,33,2026-08-10 21:24:00,75.0,80.0
430,101,34,2026-08-12 09:53:00,50.0,80.0
431,102,32,2026-08-13 21:25:00,50.0,80.0
432,101,32,2026-08-14 07:29:00,37.5,80.0
433,102,8,2026-08-14 22:36:00,75.0,80.0
434,101,8,2026-08-15 08:45:00,62.5,80.0
435,102,8,2026-08-16 22:07:00,62.5,80.0
436,102,8,2026-08-17 22:10:00,75.0,80.0
437,101,35,2026-05-20 07:27:00,75.0,80.0
438,102,9,2026-05-20 21:27:00,62.5,80.0
439,101,37,2026-05-21 07:25:00,100.0,80.0
440,101,36,2026-05-22 09:21:00,75.0,80.0
441,102,36,2026-05-22 22:49:00,87.5,80.0
442,101,35,2026-05-23 09:40:00,50.0,80.0
443,102,36,2026-05-23 23:32:00,62.5,80.0
444,102,36,2026-05-24 22:46:00,37.5,80.0
445,101,37,2026-05-25 07:09:00,87.5,80.0
446,102,36,2026-05-26 21:11:00,75.0,80.0
447,101,9,2026-05-27 07:49:00,37.5,80.0
448,102,9,2026-05-27 22:48:00,87.5,80.0
449,101,37,2026-05-28 09:40:00,62.5,80.0
450,102,36,2026-05-28 23:20:00,50.0,80.0
451,102,9,2026-05-31 21:30:00,75.0,80.0
452,101,35,2026-06-02 08:37:00,62.5,80.0
453,101,35,2026-06-03 08:32:00,50.0,80.0
454,102,9,2026-06-03 22:29:00,75.0,80.0
455,101,37,2026-06-04 07:23:00,75.0,80.0
456,102,35,2026-06-04 21:41:00,87.5,80.0
457,102,9,2026-06-05 23:32:00,62.5,80.0
458,101,35,2026-06-06 09:35:00,37.5,80.0
459,102,36,2026-06-06 22:58:00,75.0,80.0
460,101,36,2026-06-07 09:30:00,87.5,80.0
461,101,35,2026-06-08 07:28:00,75.0,80.0
462,102,35,2026-06-08 22:45:00,100.0,80.0
463,101,35,2026-06-10 09:11:00,87.5,80.0
464,102,9,2026-06-10 21:45:00,62.5,80.0
465,102,36,2026-06-12 23:33:00,62.5,80.0
466,101,37,2026-06-13 08:58:00,75.0,80.0
467,102,37,2026-06-13 22:26:00,75.0,80.0
468,102,37,2026-06-14 21:50:00,75.0,80.0
469,101,9,2026-06-15 08:06:00,75.0,80.0
470,102,36,2026-06-15 22:16:00,62.5,80.0
471,101,36,2026-06-16 07:37:00,87.5,80.0
472,102,9,2026-06-16 22:19:00,62.5,80.0
473,101,35,2026-06-17 09:45:00,87.5,80.0
474,102,9,2026-06-17 22:35:00,75.0,80.0
475,102,35,2026-06-18 21:42:00,50.0,80.0
476,102,35,2026-06-19 23:23:00,37.5,80.0
477,102,36,2026-06-20 22:11:00,75.0,80.0
478,101,36,2026-06-23 08:12:00,87.5,80.0
479,101,35,2026-06-24 07:09:00,87.5,80.0
480,102,35,2026-06-24 22:54:00,75.0,80.0
481,101,35,2026-06-25 09:53:00,75.0,80.0
482,102,36,2026-06-25 23:21:00,62.5,80.0
483,101,36,2026-06-26 08:09:00,50.0,80.0
484,102,36,2026-06-27 21:53:00,87.5,80.0
485,102,37,2026-06-28 21:26:00,87.5,80.0
486,101,37,2026-06-29 08:39:00,100.0,80.0
487,102,9,2026-06-29 23:50:00,75.0,80.0
488,101,37,2026-06-30 09:15:00,62.5,80.0
489,101,36,2026-07-01 08:57:00,87.5,80.0
490,102,9,2026-07-01 22:43:00,100.0,80.0
491,101,9,2026-07-02 08:49:00,75.0,80.0
492,101,9,2026-07-03 09:33:00,87.5,80.0
493,102,36,2026-07-03 21:52:00,50.0,80.0
494,102,37,2026-07-04 21:55:00,62.5,80.0
495,101,37,2026-07-05 09:30:00,50.0,80.0
496,102,35,2026-07-05 23:59:00,100.0,80.0
497,101,35,2026-07-06 07:18:00,75.0,80.0
498,102,9,2026-07-06 21:17:00,75.0,80.0
499,101,9,2026-07-07 07:53:00,62.5,80.0
500,102,36,2026-07-07 21:58:00,100.0,80.0
501,101,35,2026-07-08 08:59:00,87.5,80.0
502,102,9,2026-07-08 22:03:00,100.0,80.0
503,102,9,2026-07-09 22:15:00,62.5,80.0
504,101,35,2026-07-10 08:14:00,75.0,80.0
505,101,35,2026-07-11 08:59:00,75.0,80.0
506,102,37,2026-07-11 23:41:00,75.0,80.0
507,101,37,2026-07-12 07:02:00,87.5,80.0
508,102,36,2026-07-12 22:44:00,62.5,80.0
509,101,35,2026-07-13 08:39:00,50.0,80.0
510,102,37,2026-07-13 21:01:00,75.0,80.0
511,102,9,2026-07-14 21:35:00,75.0,80.0
512,101,37,2026-07-15 08:15:00,87.5,80.0
513,102,36,2026-07-15 21:03:00,87.5,80.0
514,101,9,2026-07-16 09:50:00,100.0,80.0
515,102,9,2026-07-16 21:07:00,62.5,80.0
516,101,36,2026-07-17 09:01:00,87.5,80.0
517,102,37,2026-07-17 23:09:00,62.5,80.0
518,101,37,2026-07-18 07:39:00,62.5,80.0
519,101,9,2026-07-19 07:36:00,25.0,80.0
520,101,35,2026-07-20 07:42:00,87.5,80.0
521,102,35,2026-07-20 23:23:00,87.5,80.0
522,101,35,2026-07-21 09:32:00,87.5,80.0
523,102,9,2026-07-21 22:55:00,87.5,80.0
524,101,37,2026-07-22 09:24:00,50.0,80.0
525,102,35,2026-07-22 22:47:00,75.0,80.0
526,102,36,2026-07-23 21:22:00,62.5,80.0
527,101,37,2026-07-24 09:47:00,50.0,80.0
528,101,37,2026-07-25 07:02:00,75.0,80.0
529,101,36,2026-07-26 09:21:00,62.5,80.0
530,102,9,2026-07-26 23:29:00,87.5,80.0
531,102,9,2026-07-27 21:04:00,62.5,80.0
532,102,35,2026-07-28 22:12:00,50.0,80.0
533,102,37,2026-07-29 21:20:00,100.0,80.0
534,102,9,2026-07-30 22:52:00,75.0,80.0
535,102,36,2026-07-31 21:48:00,37.5,80.0
536,101,35,2026-08-01 08:55:00,75.0,80.0
537,101,37,2026-08-02 09:21:00,62.5,80.0
538,101,37,2026-08-04 07:51:00,87.5,80.0
539,102,9,2026-08-04 22:56:00,62.5,80.0
540,101,36,2026-08-05 08:21:00,62.5,80.0
541,102,9,2026-08-05 22:44:00,75.0,80.0
542,101,35,2026-08-07 09:17:00,50.0,80.0
543,101,35,2026-08-08 09:27:00,75.0,80.0
544,102,36,2026-08-08 22:38:00,87.5,80.0
545,101,35,2026-08-09 08:20:00,87.5,80.0
546,102,37,2026-08-09 21:20:00,62.5,80.0
547,102,9,2026-08-10 22:38:00,75.0,80.0
548,101,37,2026-08-11 09:28:00,62.5,80.0
549,102,37,2026-08-11 22:02:00,62.5,80.0
550,101,35,2026-08-13 08:17:00,87.5,80.0
551,102,9,2026-08-14 21:42:00,75.0,80.0
552,101,36,2026-08-15 09:51:00,62.5,80.0
553,102,9,2026-08-15 21:09:00,87.5,80.0
554,101,36,2026-08-16 07:04:00,75.0,80.0
555,101,37,2026-08-17 09:23:00,62.5,80.0
556,102,35,2026-08-17 22:36:00,75.0,80.0
557,101,10,2026-05-19 07:43:00,87.5,80.0
558,101,10,2026-05-20 08:23:00,87.5,80.0
559,102,39,2026-05-20 21:36:00,87.5,80.0
560,101,40,2026-05-21 08:25:00,75.0,80.0
561,102,39,2026-05-21 23:17:00,100.0,80.0
562,101,39,2026-05-22 07:47:00,87.5,80.0
563,102,10,2026-05-22 22:33:00,100.0,80.0
564,101,40,2026-05-23 07:16:00,87.5,80.0
565,101,39,2026-05-24 09:28:00,100.0,80.0
566,101,10,2026-05-25 09:18:00,100.0,80.0
567,102,39,2026-05-25 21:07:00,100.0,80.0
568,101,10,2026-05-26 08:11:00,87.5,80.0
569,101,40,2026-05-27 07:51:00,87.5,80.0
570,102,38,2026-05-27 23:22:00,87.5,80.0
571,101,40,2026-05-28 09:18:00,87.5,80.0
572,102,39,2026-05-28 21:45:00,87.5,80.0
573,101,38,2026-05-29 09:14:00,100.0,80.0
574,102,39,2026-05-29 21:50:00,87.5,80.0
575,101,40,2026-05-30 08:01:00,100.0,80.0
576,102,40,2026-05-30 23:36:00,87.5,80.0
577,101,38,2026-05-31 09:08:00,75.0,80.0
578,102,10,2026-05-31 21:19:00,100.0,80.0
579,101,10,2026-06-01 09:26:00,87.5,80.0
580,101,39,2026-06-02 09:04:00,87.5,80.0
581,102,38,2026-06-02 22:41:00,87.5,80.0
582,101,40,2026-06-03 08:43:00,75.0,80.0
583,102,39,2026-06-03 21:56:00,100.0,80.0
584,101,38,2026-06-04 08:32:00,100.0,80.0
585,102,39,2026-06-04 21:33:00,87.5,80.0
586,101,40,2026-06-05 07:10:00,100.0,80.0
587,102,40,2026-06-05 23:14:00,87.5,80.0
588,101,38,2026-06-06 08:54:00,87.5,80.0
589,102,40,2026-06-06 22:12:00,100.0,80.0
590,101,38,2026-06-07 09:19:00,100.0,80.0
591,102,39,2026-06-07 23:41:00,100.0,80.0
592,101,39,2026-06-08 09:09:00,75.0,80.0
593,102,40,2026-06-08 23:39:00,75.0,80.0
594,101,38,2026-06-09 07:52:00,87.5,80.0
595,101,40,2026-06-10 07:02:00,75.0,80.0
596,102,10,2026-06-10 23:13:00,87.5,80.0
597,101,10,2026-06-11 09:01:00,87.5,80.0
598,102,40,2026-06-11 23:34:00,87.5,80.0
599,101,10,2026-06-12 08:15:00,100.0,80.0
600,101,38,2026-06-13 08:29:00,75.0,80.0
601,102,39,2026-06-13 23:03:00,100.0,80.0
602,101,10,2026-06-14 08:30:00,100.0,80.0
603,102,39,2026-06-15 21:21:00,87.5,80.0
604,102,40,2026-06-16 23:20:00,87.5,80.0
605,101,40,2026-06-17 07:48:00,87.5,80.0
606,102,38,2026-06-17 23:35:00,100.0,80.0
607,101,38,2026-06-18 07:29:00,75.0,80.0
608,102,39,2026-06-18 22:28:00,100.0,80.0
609,101,40,2026-06-19 07:03:00,50.0,80.0
610,102,10,2026-06-20 22:55:00,87.5,80.0
611,102,40,2026-06-21 21:52:00,75.0,80.0
612,101,39,2026-06-22 09:20:00,75.0,80.0
613,102,10,2026-06-22 21:31:00,87.5,80.0
614,101,38,2026-06-23 08:31:00,75.0,80.0
615,101,10,2026-06-24 07:25:00,100.0,80.0
616,102,40,2026-06-24 21:13:00,75.0,80.0
617,101,10,2026-06-26 07:18:00,75.0,80.0
618,101,10,2026-06-27 09:56:00,100.0,80.0
619,102,38,2026-06-27 22:34:00,100.0,80.0
620,101,40,2026-06-28 08:08:00,100.0,80.0
621,102,10,2026-06-28 23:23:00,100.0,80.0
622,102,38,2026-06-29 21:25:00,87.5,80.0
623,101,40,2026-07-01 09:12:00,87.5,80.0
624,102,38,2026-07-01 23:18:00,100.0,80.0
625,101,40,2026-07-02 09:28:00,87.5,80.0
626,102,38,2026-07-02 23:43:00,87.5,80.0
627,101,40,2026-07-03 07:25:00,87.5,80.0
628,102,40,2026-07-03 22:35:00,100.0,80.0
629,101,10,2026-07-04 07:38:00,87.5,80.0
630,102,38,2026-07-04 23:02:00,87.5,80.0
631,102,40,2026-07-05 21:45:00,87.5,80.0
632,101,39,2026-07-06 09:29:00,87.5,80.0
633,102,39,2026-07-06 23:57:00,87.5,80.0
634,101,39,2026-07-07 09:20:00,100.0,80.0
635,102,40,2026-07-07 22:39:00,87.5,80.0
636,101,10,2026-07-08 08:32:00,100.0,80.0
637,102,40,2026-07-08 23:36:00,87.5,80.0
638,101,40,2026-07-09 07:23:00,75.0,80.0
639,102,10,2026-07-09 23:07:00,100.0,80.0
640,101,38,2026-07-10 08:50:00,87.5,80.0
641,102,40,2026-07-10 23:30:00,87.5,80.0
642,101,38,2026-07-11 09:14:00,75.0,80.0
643,102,39,2026-07-11 23:30:00,75.0,80.0
644,101,10,2026-07-12 09:46:00,75.0,80.0
645,102,39,2026-07-12 21:52:00,100.0,80.0
646,101,38,2026-07-13 09:44:00,100.0,80.0
647,102,10,2026-07-13 21:01:00,75.0,80.0
648,102,10,2026-07-14 22:09:00,100.0,80.0
649,101,10,2026-07-15 08:32:00,75.0,80.0
650,102,38,2026-07-15 23:46:00,100.0,80.0
651,101,40,2026-07-16 09:13:00,75.0,80.0
652,102,10,2026-07-16 23:30:00,87.5,80.0
653,101,40,2026-07-17 07:29:00,100.0,80.0
654,102,40,2026-07-17 23:22:00,87.5,80.0
655,101,39,2026-07-18 08:12:00,87.5,80.0
656,102,40,2026-07-18 22:35:00,87.5,80.0
657,101,40,2026-07-19 08:49:00,87.5,80.0
658,102,10,2026-07-19 23:13:00,87.5,80.0
659,101,40,2026-07-20 08:22:00,87.5,80.0
660,102,10,2026-07-20 22:07:00,100.0,80.0
661,101,39,2026-07-21 08:49:00,75.0,80.0
662,102,40,2026-07-21 22:02:00,100.0,80.0
663,102,10,2026-07-22 22:59:00,87.5,80.0
664,101,39,2026-07-23 09:30:00,87.5,80.0
665,102,40,2026-07-23 21:52:00,75.0,80.0
666,101,39,2026-07-24 09:17:00,75.0,80.0
667,102,39,2026-07-24 21:39:00,75.0,80.0
668,101,39,2026-07-25 07:42:00,87.5,80.0
669,101,38,2026-07-26 09:14:00,87.5,80.0
670,102,40,2026-07-26 21:26:00,100.0,80.0
671,102,39,2026-07-27 21:43:00,100.0,80.0
672,101,39,2026-07-28 09:59:00,100.0,80.0
673,102,10,2026-07-28 22:41:00,100.0,80.0
674,102,40,2026-07-29 23:12:00,100.0,80.0
675,101,38,2026-07-30 08:41:00,100.0,80.0
676,102,39,2026-07-30 21:41:00,100.0,80.0
677,101,38,2026-07-31 09:46:00,87.5,80.0
678,102,39,2026-07-31 21:26:00,100.0,80.0
679,102,10,2026-08-01 22:50:00,75.0,80.0
680,101,40,2026-08-02 09:55:00,87.5,80.0
681,101,40,2026-08-03 07:00:00,87.5,80.0
682,102,38,2026-08-03 23:38:00,75.0,80.0
683,101,10,2026-08-04 08:29:00,87.5,80.0
684,102,10,2026-08-04 21:54:00,100.0,80.0
685,101,38,2026-08-05 07:51:00,87.5,80.0
686,102,10,2026-08-05 22:10:00,75.0,80.0
687,102,38,2026-08-06 23:11:00,75.0,80.0
688,101,39,2026-08-07 08:36:00,75.0,80.0
689,102,10,2026-08-08 21:39:00,87.5,80.0
690,101,38,2026-08-09 09:20:00,87.5,80.0
691,102,38,2026-08-09 22:42:00,100.0,80.0
692,101,40,2026-08-10 07:30:00,87.5,80.0
693,102,40,2026-08-10 21:00:00,75.0,80.0
694,101,40,2026-08-11 07:28:00,87.5,80.0
695,102,38,2026-08-11 22:19:00,75.0,80.0
696,101,39,2026-08-12 09:23:00,100.0,80.0
697,102,38,2026-08-12 21:42:00,87.5,80.0
698,101,10,2026-08-13 08:10:00,87.5,80.0
699,102,40,2026-08-13 23:32:00,75.0,80.0
700,101,40,2026-08-14 09:58:00,87.5,80.0
701,102,39,2026-08-14 22:39:00,100.0,80.0
702,101,39,2026-08-15 07:30:00,87.5,80.0
703,102,40,2026-08-15 22:47:00,87.5,80.0
704,101,10,2026-08-16 09:35:00,100.0,80.0
705,102,39,2026-08-16 23:51:00,75.0,80.0
706,101,38,2026-08-17 09:48:00,87.5,80.0
707,102,40,2026-08-17 23:28:00,87.5,80.0
708,101,41,2026-05-19 09:07:00,75.0,80.0
709,102,42,2026-05-19 23:57:00,87.5,80.0
710,102,42,2026-05-20 23:09:00,87.5,80.0
711,101,41,2026-05-21 09:28:00,87.5,80.0
712,102,11,2026-05-21 23:13:00,62.5,80.0
713,101,41,2026-05-22 09:28:00,75.0,80.0
714,101,11,2026-05-23 08:08:00,75.0,80.0
715,101,41,2026-05-24 08:36:00,62.5,80.0
716,102,43,2026-05-24 23:29:00,87.5,80.0
717,101,41,2026-05-25 08:16:00,87.5,80.0
718,102,41,2026-05-25 23:13:00,62.5,80.0
719,101,41,2026-05-26 08:22:00,62.5,80.0
720,102,41,2026-05-26 23:03:00,87.5,80.0
721,101,11,2026-05-27 07:18:00,100.0,80.0
722,101,42,2026-05-28 07:49:00,75.0,80.0
723,102,11,2026-05-28 23:46:00,87.5,80.0
724,101,11,2026-05-29 08:28:00,75.0,80.0
725,101,42,2026-05-30 08:05:00,62.5,80.0
726,101,43,2026-05-31 09:55:00,62.5,80.0
727,102,11,2026-05-31 21:11:00,62.5,80.0
728,101,42,2026-06-01 07:46:00,62.5,80.0
729,102,41,2026-06-01 21:48:00,75.0,80.0
730,101,11,2026-06-02 08:43:00,75.0,80.0
731,102,42,2026-06-02 23:24:00,87.5,80.0
732,101,42,2026-06-03 08:22:00,62.5,80.0
733,102,41,2026-06-03 22:12:00,75.0,80.0
734,101,41,2026-06-04 09:26:00,50.0,80.0
735,102,41,2026-06-04 21:13:00,75.0,80.0
736,101,11,2026-06-05 09:02:00,100.0,80.0
737,102,41,2026-06-05 23:43:00,87.5,80.0
738,101,11,2026-06-06 09:02:00,75.0,80.0
739,102,42,2026-06-06 22:14:00,100.0,80.0
740,101,43,2026-06-07 07:32:00,87.5,80.0
741,102,43,2026-06-07 21:52:00,87.5,80.0
742,101,43,2026-06-08 09:49:00,75.0,80.0
743,102,42,2026-06-08 21:19:00,87.5,80.0
744,101,43,2026-06-09 07:26:00,75.0,80.0
745,102,42,2026-06-09 22:03:00,62.5,80.0
746,101,41,2026-06-10 09:31:00,62.5,80.0
747,102,11,2026-06-10 22:41:00,87.5,80.0
748,101,11,2026-06-11 08:44:00,75.0,80.0
749,102,43,2026-06-11 22:09:00,75.0,80.0
750,101,11,2026-06-12 07:48:00,75.0,80.0
751,102,42,2026-06-12 21:54:00,75.0,80.0
752,101,11,2026-06-13 09:09:00,100.0,80.0
753,102,11,2026-06-13 21:35:00,75.0,80.0
754,101,42,2026-06-14 09:33:00,75.0,80.0
755,102,43,2026-06-14 22:15:00,100.0,80.0
756,102,41,2026-06-15 22:41:00,100.0,80.0
757,101,42,2026-06-16 08:05:00,75.0,80.0
758,102,11,2026-06-16 21:17:00,50.0,80.0
759,102,41,2026-06-17 23:02:00,87.5,80.0
760,101,42,2026-06-18 09:46:00,100.0,80.0
761,102,43,2026-06-18 22:13:00,75.0,80.0
762,101,42,2026-06-19 07:13:00,75.0,80.0
763,101,11,2026-06-20 09:07:00,87.5,80.0
764,102,42,2026-06-20 21:44:00,75.0,80.0
765,101,43,2026-06-21 07:35:00,62.5,80.0
766,102,11,2026-06-21 22:24:00,87.5,80.0
767,102,43,2026-06-22 23:22:00,87.5,80.0
768,101,11,2026-06-23 08:32:00,87.5,80.0
769,102,11,2026-06-23 22:06:00,87.5,80.0
770,101,43,2026-06-24 07:23:00,25.0,80.0
771,102,42,2026-06-24 22:02:00,100.0,80.0
772,101,11,2026-06-25 07:16:00,87.5,80.0
773,102,42,2026-06-25 22:09:00,37.5,80.0
774,101,42,2026-06-26 07:24:00,75.0,80.0
775,102,43,2026-06-26 22:35:00,87.5,80.0
776,101,11,2026-06-27 08:46:00,62.5,80.0
777,102,43,2026-06-27 22:10:00,87.5,80.0
778,101,11,2026-06-28 07:46:00,62.5,80.0
779,102,41,2026-06-28 21:58:00,75.0,80.0
780,101,41,2026-06-29 07:53:00,87.5,80.0
781,101,41,2026-06-30 09:03:00,50.0,80.0
782,102,42,2026-06-30 22:08:00,75.0,80.0
783,101,41,2026-07-01 09:09:00,87.5,80.0
784,102,11,2026-07-02 21:32:00,62.5,80.0
785,102,11,2026-07-03 21:39:00,100.0,80.0
786,102,11,2026-07-04 21:00:00,75.0,80.0
787,102,43,2026-07-05 21:33:00,75.0,80.0
788,101,11,2026-07-06 08:01:00,75.0,80.0
789,102,41,2026-07-06 21:06:00,87.5,80.0
790,101,42,2026-07-07 07:15:00,87.5,80.0
791,102,43,2026-07-07 23:33:00,100.0,80.0
792,101,11,2026-07-08 08:50:00,75.0,80.0
793,101,11,2026-07-09 07:23:00,62.5,80.0
794,102,42,2026-07-09 22:36:00,62.5,80.0
795,101,41,2026-07-10 08:43:00,75.0,80.0
796,102,41,2026-07-10 23:54:00,62.5,80.0
797,101,11,2026-07-11 08:24:00,87.5,80.0
798,102,41,2026-07-12 23:30:00,75.0,80.0
799,102,41,2026-07-13 23:10:00,75.0,80.0
800,101,43,2026-07-14 08:41:00,62.5,80.0
801,102,41,2026-07-15 23:54:00,75.0,80.0
802,101,42,2026-07-16 07:14:00,87.5,80.0
803,101,11,2026-07-17 09:56:00,75.0,80.0
804,102,41,2026-07-17 22:02:00,87.5,80.0
805,101,41,2026-07-18 09:36:00,100.0,80.0
806,102,43,2026-07-18 21:59:00,75.0,80.0
807,101,42,2026-07-19 07:37:00,100.0,80.0
808,102,11,2026-07-19 23:52:00,62.5,80.0
809,102,42,2026-07-20 22:10:00,87.5,80.0
810,101,43,2026-07-21 08:43:00,100.0,80.0
811,102,42,2026-07-21 22:48:00,100.0,80.0
812,101,43,2026-07-22 09:47:00,87.5,80.0
813,102,11,2026-07-22 21:06:00,100.0,80.0
814,101,11,2026-07-23 07:21:00,62.5,80.0
815,102,43,2026-07-23 22:01:00,87.5,80.0
816,101,43,2026-07-24 08:14:00,75.0,80.0
817,102,11,2026-07-24 23:24:00,50.0,80.0
818,101,11,2026-07-25 09:37:00,62.5,80.0
819,102,43,2026-07-25 21:49:00,100.0,80.0
820,101,41,2026-07-26 09:04:00,87.5,80.0
821,102,11,2026-07-26 22:09:00,100.0,80.0
822,102,43,2026-07-27 23:24:00,87.5,80.0
823,101,41,2026-07-28 07:05:00,75.0,80.0
824,102,43,2026-07-28 22:28:00,37.5,80.0
825,101,41,2026-07-30 07:08:00,75.0,80.0
826,102,11,2026-07-30 21:27:00,75.0,80.0
827,102,11,2026-07-31 23:32:00,87.5,80.0
828,101,43,2026-08-01 07:05:00,62.5,80.0
829,102,43,2026-08-01 23:05:00,87.5,80.0
830,101,11,2026-08-02 07:18:00,87.5,80.0
831,102,41,2026-08-02 22:49:00,62.5,80.0
832,101,42,2026-08-03 07:36:00,87.5,80.0
833,102,42,2026-08-03 23:24:00,75.0,80.0
834,101,43,2026-08-04 08:19:00,50.0,80.0
835,102,41,2026-08-04 22:09:00,87.5,80.0
836,101,11,2026-08-05 08:17:00,50.0,80.0
837,102,41,2026-08-05 22:30:00,87.5,80.0
838,101,11,2026-08-06 08:15:00,50.0,80.0
839,102,42,2026-08-06 23:39:00,87.5,80.0
840,101,43,2026-08-07 07:08:00,75.0,80.0
841,101,43,2026-08-08 07:25:00,75.0,80.0
842,102,43,2026-08-08 23:24:00,75.0,80.0
843,101,42,2026-08-09 08:27:00,87.5,80.0
844,101,42,2026-08-10 08:20:00,87.5,80.0
845,102,42,2026-08-10 22:20:00,75.0,80.0
846,101,11,2026-08-11 08:18:00,87.5,80.0
847,102,42,2026-08-11 23:50:00,87.5,80.0
848,101,11,2026-08-12 08:17:00,75.0,80.0
849,102,42,2026-08-12 22:07:00,100.0,80.0
850,101,41,2026-08-13 09:11:00,37.5,80.0
851,101,42,2026-08-14 09:29:00,87.5,80.0
852,101,43,2026-08-15 08:51:00,62.5,80.0
853,102,11,2026-08-15 23:04:00,87.5,80.0
854,101,43,2026-08-16 07:40:00,87.5,80.0
855,102,42,2026-08-16 21:16:00,75.0,80.0
856,101,11,2026-08-17 08:04:00,75.0,80.0
857,101,12,2026-05-19 09:30:00,75.0,80.0
858,101,12,2026-05-20 09:32:00,75.0,80.0
859,102,46,2026-05-20 23:02:00,87.5,80.0
860,101,44,2026-05-21 09:40:00,100.0,80.0
861,101,45,2026-05-22 07:49:00,100.0,80.0
862,102,46,2026-05-22 23:42:00,100.0,80.0
863,101,44,2026-05-23 09:39:00,75.0,80.0
864,102,12,2026-05-23 23:41:00,100.0,80.0
865,101,44,2026-05-24 08:06:00,62.5,80.0
866,102,45,2026-05-24 21:16:00,75.0,80.0
867,102,45,2026-05-26 23:33:00,87.5,80.0
868,101,12,2026-05-27 08:25:00,87.5,80.0
869,101,45,2026-05-28 09:37:00,62.5,80.0
870,102,12,2026-05-28 22:01:00,87.5,80.0
871,102,44,2026-05-29 22:26:00,75.0,80.0
872,101,46,2026-05-30 09:09:00,75.0,80.0
873,102,12,2026-05-30 22:21:00,75.0,80.0
874,101,46,2026-05-31 09:30:00,75.0,80.0
875,102,12,2026-05-31 22:06:00,75.0,80.0
876,102,46,2026-06-01 22:04:00,100.0,80.0
877,102,44,2026-06-03 23:07:00,75.0,80.0
878,101,45,2026-06-04 09:06:00,87.5,80.0
879,102,45,2026-06-04 23:15:00,100.0,80.0
880,101,12,2026-06-05 07:21:00,100.0,80.0
881,101,12,2026-06-06 08:14:00,87.5,80.0
882,101,45,2026-06-07 09:11:00,75.0,80.0
883,102,12,2026-06-07 23:42:00,100.0,80.0
884,101,45,2026-06-08 07:47:00,62.5,80.0
885,102,12,2026-06-08 22:37:00,87.5,80.0
886,101,45,2026-06-10 07:45:00,62.5,80.0
887,102,44,2026-06-10 21:17:00,87.5,80.0
888,101,45,2026-06-11 07:51:00,75.0,80.0
889,102,45,2026-06-11 22:20:00,100.0,80.0
890,101,12,2026-06-12 07:16:00,62.5,80.0
891,102,46,2026-06-12 23:40:00,87.5,80.0
892,101,12,2026-06-13 08:39:00,100.0,80.0
893,102,46,2026-06-13 23:07:00,100.0,80.0
894,102,45,2026-06-14 22:39:00,75.0,80.0
895,101,44,2026-06-15 09:37:00,62.5,80.0
896,102,46,2026-06-15 23:08:00,100.0,80.0
897,101,44,2026-06-16 07:19:00,75.0,80.0
898,102,45,2026-06-16 21:23:00,100.0,80.0
899,102,45,2026-06-17 22:26:00,62.5,80.0
900,101,45,2026-06-18 08:27:00,87.5,80.0
901,102,45,2026-06-18 22:40:00,50.0,80.0
902,101,46,2026-06-19 07:31:00,75.0,80.0
903,102,46,2026-06-19 21:11:00,87.5,80.0
904,101,46,2026-06-20 09:03:00,62.5,80.0
905,102,45,2026-06-20 21:31:00,87.5,80.0
906,101,12,2026-06-21 08:35:00,62.5,80.0
907,102,12,2026-06-21 22:43:00,87.5,80.0
908,101,12,2026-06-22 09:53:00,87.5,80.0
909,101,44,2026-06-23 08:10:00,75.0,80.0
910,102,45,2026-06-23 23:01:00,87.5,80.0
911,101,45,2026-06-24 07:17:00,75.0,80.0
912,101,45,2026-06-25 09:18:00,75.0,80.0
913,102,12,2026-06-25 22:36:00,75.0,80.0
914,101,44,2026-06-26 09:07:00,87.5,80.0
915,102,46,2026-06-27 22:49:00,100.0,80.0
916,101,12,2026-06-28 07:48:00,75.0,80.0
917,101,12,2026-06-29 09:13:00,87.5,80.0
918,102,45,2026-06-29 21:47:00,62.5,80.0
919,101,46,2026-06-30 07:28:00,75.0,80.0
920,102,44,2026-06-30 22:55:00,75.0,80.0
921,101,45,2026-07-01 07:49:00,87.5,80.0
922,102,46,2026-07-01 21:51:00,100.0,80.0
923,101,45,2026-07-02 09:27:00,100.0,80.0
924,102,45,2026-07-02 23:08:00,75.0,80.0
925,102,46,2026-07-03 21:36:00,87.5,80.0
926,102,45,2026-07-04 22:38:00,87.5,80.0
927,101,46,2026-07-05 09:18:00,87.5,80.0
928,102,44,2026-07-05 23:17:00,62.5,80.0
929,101,44,2026-07-06 08:58:00,87.5,80.0
930,102,45,2026-07-06 22:55:00,75.0,80.0
931,101,46,2026-07-07 07:09:00,75.0,80.0
932,102,12,2026-07-07 21:48:00,75.0,80.0
933,101,46,2026-07-08 07:36:00,75.0,80.0
934,102,12,2026-07-08 23:26:00,75.0,80.0
935,101,44,2026-07-09 07:40:00,62.5,80.0
936,101,46,2026-07-10 08:32:00,87.5,80.0
937,102,46,2026-07-10 23:59:00,75.0,80.0
938,101,44,2026-07-11 08:20:00,62.5,80.0
939,102,12,2026-07-11 23:05:00,100.0,80.0
940,101,12,2026-07-12 07:50:00,100.0,80.0
941,102,45,2026-07-12 21:27:00,50.0,80.0
942,101,46,2026-07-13 08:20:00,100.0,80.0
943,102,45,2026-07-13 22:35:00,87.5,80.0
944,101,46,2026-07-14 08:50:00,87.5,80.0
945,102,44,2026-07-14 23:48:00,75.0,80.0
946,101,12,2026-07-15 07:40:00,62.5,80.0
947,102,45,2026-07-15 21:07:00,87.5,80.0
948,102,12,2026-07-16 22:00:00,87.5,80.0
949,101,45,2026-07-17 09:58:00,100.0,80.0
950,102,45,2026-07-17 23:19:00,87.5,80.0
951,102,46,2026-07-18 21:41:00,87.5,80.0
952,101,45,2026-07-19 07:23:00,75.0,80.0
953,102,46,2026-07-19 21:25:00,87.5,80.0
954,102,44,2026-07-20 22:41:00,75.0,80.0
955,101,12,2026-07-21 07:13:00,50.0,80.0
956,102,45,2026-07-21 21:08:00,87.5,80.0
957,101,44,2026-07-22 09:28:00,50.0,80.0
958,102,46,2026-07-22 21:44:00,100.0,80.0
959,101,45,2026-07-23 08:44:00,75.0,80.0
960,102,45,2026-07-23 22:04:00,75.0,80.0
961,101,44,2026-07-24 07:46:00,87.5,80.0
962,102,46,2026-07-24 21:20:00,75.0,80.0
963,101,45,2026-07-25 07:24:00,100.0,80.0
964,102,45,2026-07-25 23:43:00,62.5,80.0
965,101,44,2026-07-26 09:36:00,87.5,80.0
966,102,45,2026-07-26 23:41:00,100.0,80.0
967,101,45,2026-07-27 08:46:00,75.0,80.0
968,102,45,2026-07-27 23:47:00,87.5,80.0
969,102,12,2026-07-28 23:43:00,87.5,80.0
970,101,44,2026-07-29 07:57:00,87.5,80.0
971,102,44,2026-07-29 21:48:00,62.5,80.0
972,102,46,2026-07-30 23:24:00,75.0,80.0
973,102,45,2026-07-31 22:50:00,87.5,80.0
974,101,44,2026-08-01 08:41:00,87.5,80.0
975,102,46,2026-08-01 21:35:00,75.0,80.0
976,101,46,2026-08-02 09:56:00,75.0,80.0
977,101,45,2026-08-03 07:33:00,75.0,80.0
978,102,46,2026-08-03 23:25:00,87.5,80.0
979,101,12,2026-08-04 07:31:00,87.5,80.0
980,102,12,2026-08-04 21:15:00,87.5,80.0
981,102,44,2026-08-06 21:33:00,87.5,80.0
982,101,12,2026-08-07 08:08:00,75.0,80.0
983,102,46,2026-08-07 23:26:00,87.5,80.0
984,101,12,2026-08-08 09:11:00,75.0,80.0
985,102,44,2026-08-08 21:01:00,100.0,80.0
986,101,44,2026-08-10 08:13:00,100.0,80.0
987,102,12,2026-08-11 21:50:00,87.5,80.0
988,101,12,2026-08-12 08:40:00,87.5,80.0
989,102,12,2026-08-12 22:44:00,87.5,80.0
990,101,45,2026-08-13 09:34:00,50.0,80.0
991,102,46,2026-08-13 22:05:00,75.0,80.0
992,101,45,2026-08-14 09:58:00,100.0,80.0
993,102,46,2026-08-14 21:34:00,87.5,80.0
994,102,44,2026-08-15 23:40:00,75.0,80.0
995,101,45,2026-08-16 09:27:00,87.5,80.0
996,102,44,2026-08-16 21:15:00,75.0,80.0
997,101,44,2026-08-17 07:29:00,87.5,80.0
998,102,45,2026-08-17 22:42:00,87.5,80.0
999,101,48,2026-05-19 07:45:00,62.5,80.0
1000,102,48,2026-05-19 23:00:00,62.5,80.0
1001,102,49,2026-05-20 22:33:00,75.0,80.0
1002,101,49,2026-05-22 08:08:00,62.5,80.0
1003,101,47,2026-05-23 09:56:00,50.0,80.0
1004,102,13,2026-05-23 21:21:00,75.0,80.0
1005,102,49,2026-05-26 23:04:00,87.5,80.0
1006,101,13,2026-05-27 09:04:00,25.0,80.0
1007,101,49,2026-05-29 08:32:00,50.0,80.0
1008,102,48,2026-05-29 21:31:00,75.0,80.0
1009,101,47,2026-05-30 07:16:00,62.5,80.0
1010,101,47,2026-06-01 09:43:00,37.5,80.0
1011,101,47,2026-06-02 07:47:00,62.5,80.0
1012,101,47,2026-06-03 07:54:00,50.0,80.0
1013,102,13,2026-06-04 21:02:00,62.5,80.0
1014,101,48,2026-06-05 08:58:00,50.0,80.0
1015,101,47,2026-06-06 07:59:00,50.0,80.0
1016,102,13,2026-06-07 23:51:00,37.5,80.0
1017,101,13,2026-06-08 08:15:00,37.5,80.0
1018,102,49,2026-06-10 23:20:00,87.5,80.0
1019,102,47,2026-06-11 23:23:00,62.5,80.0
1020,101,47,2026-06-14 09:57:00,75.0,80.0
1021,101,47,2026-06-15 07:14:00,62.5,80.0
1022,101,13,2026-06-16 08:04:00,50.0,80.0
1023,102,49,2026-06-16 22:49:00,62.5,80.0
1024,101,13,2026-06-17 07:35:00,62.5,80.0
1025,102,48,2026-06-17 21:23:00,25.0,80.0
1026,101,49,2026-06-19 09:50:00,50.0,80.0
1027,101,48,2026-06-20 09:39:00,50.0,80.0
1028,101,13,2026-06-21 08:23:00,62.5,80.0
1029,101,48,2026-06-22 07:46:00,37.5,80.0
1030,102,13,2026-06-22 21:00:00,62.5,80.0
1031,101,49,2026-06-23 07:34:00,37.5,80.0
1032,102,47,2026-06-23 23:53:00,87.5,80.0
1033,101,13,2026-06-24 07:48:00,62.5,80.0
1034,102,49,2026-06-25 23:46:00,62.5,80.0
1035,102,48,2026-06-26 21:33:00,87.5,80.0
1036,101,48,2026-06-27 08:03:00,75.0,80.0
1037,102,47,2026-06-27 23:17:00,75.0,80.0
1038,101,13,2026-06-29 07:57:00,25.0,80.0
1039,102,49,2026-06-30 23:57:00,75.0,80.0
1040,102,47,2026-07-01 23:05:00,25.0,80.0
1041,102,13,2026-07-02 21:40:00,75.0,80.0
1042,101,47,2026-07-03 09:36:00,75.0,80.0
1043,101,48,2026-07-04 08:42:00,50.0,80.0
1044,101,49,2026-07-06 07:18:00,50.0,80.0
1045,102,13,2026-07-06 22:59:00,50.0,80.0
1046,101,49,2026-07-08 08:28:00,62.5,80.0
1047,101,48,2026-07-09 07:04:00,62.5,80.0
1048,101,47,2026-07-10 07:49:00,62.5,80.0
1049,102,48,2026-07-13 21:06:00,87.5,80.0
1050,101,13,2026-07-14 08:20:00,50.0,80.0
1051,102,49,2026-07-14 21:34:00,62.5,80.0
1052,102,13,2026-07-15 22:19:00,62.5,80.0
1053,102,48,2026-07-16 21:05:00,75.0,80.0
1054,101,47,2026-07-18 09:44:00,25.0,80.0
1055,102,49,2026-07-18 21:53:00,75.0,80.0
1056,101,48,2026-07-19 07:45:00,62.5,80.0
1057,101,47,2026-07-20 08:25:00,25.0,80.0
1058,102,49,2026-07-20 23:19:00,50.0,80.0
1059,102,13,2026-07-21 21:25:00,50.0,80.0
1060,101,48,2026-07-22 09:35:00,25.0,80.0
1061,102,47,2026-07-22 21:29:00,87.5,80.0
1062,102,47,2026-07-23 21:00:00,62.5,80.0
1063,102,13,2026-07-24 21:12:00,25.0,80.0
1064,101,47,2026-07-25 09:40:00,50.0,80.0
1065,102,49,2026-07-26 23:37:00,62.5,80.0
1066,101,48,2026-07-27 07:04:00,62.5,80.0
1067,102,48,2026-07-27 23:28:00,50.0,80.0
1068,101,47,2026-07-29 08:07:00,62.5,80.0
1069,101,48,2026-07-30 08:03:00,37.5,80.0
1070,102,13,2026-07-31 23:27:00,62.5,80.0
1071,101,13,2026-08-02 07:24:00,75.0,80.0
1072,102,48,2026-08-02 21:22:00,62.5,80.0
1073,102,13,2026-08-03 22:17:00,50.0,80.0
1074,102,48,2026-08-04 21:39:00,62.5,80.0
1075,101,13,2026-08-05 08:26:00,50.0,80.0
1076,102,49,2026-08-05 21:05:00,62.5,80.0
1077,102,48,2026-08-06 21:26:00,62.5,80.0
1078,102,47,2026-08-07 21:40:00,62.5,80.0
1079,101,13,2026-08-08 09:22:00,75.0,80.0
1080,101,13,2026-08-09 09:50:00,75.0,80.0
1081,102,49,2026-08-09 22:58:00,87.5,80.0
1082,101,47,2026-08-10 08:11:00,37.5,80.0
1083,102,48,2026-08-10 22:38:00,37.5,80.0
1084,102,13,2026-08-11 22:03:00,62.5,80.0
1085,101,48,2026-08-12 08:49:00,50.0,80.0
1086,101,48,2026-08-14 07:06:00,25.0,80.0
1087,101,49,2026-08-15 09:15:00,37.5,80.0
1088,102,47,2026-08-15 23:52:00,75.0,80.0
1089,101,13,2026-08-16 09:54:00,50.0,80.0
1090,102,48,2026-08-16 22:59:00,62.5,80.0
1091,102,52,2026-05-19 21:37:00,75.0,80.0
1092,101,52,2026-05-20 09:01:00,75.0,80.0
1093,101,51,2026-05-21 09:36:00,100.0,80.0
1094,102,14,2026-05-21 23:12:00,75.0,80.0
1095,101,14,2026-05-22 08:11:00,75.0,80.0
1096,102,50,2026-05-22 21:05:00,75.0,80.0
1097,101,50,2026-05-23 09:14:00,87.5,80.0
1098,102,50,2026-05-24 23:30:00,62.5,80.0
1099,101,51,2026-05-25 09:12:00,87.5,80.0
1100,102,51,2026-05-25 22:45:00,37.5,80.0
1101,102,51,2026-05-26 21:01:00,87.5,80.0
1102,102,51,2026-05-27 23:58:00,87.5,80.0
1103,101,52,2026-05-28 09:55:00,75.0,80.0
1104,102,14,2026-05-28 21:23:00,62.5,80.0
1105,101,52,2026-05-29 07:21:00,100.0,80.0
1106,101,51,2026-05-30 08:08:00,75.0,80.0
1107,101,14,2026-05-31 09:27:00,62.5,80.0
1108,101,51,2026-06-01 09:20:00,87.5,80.0
1109,102,52,2026-06-02 23:35:00,62.5,80.0
1110,101,51,2026-06-03 09:37:00,100.0,80.0
1111,102,52,2026-06-03 22:19:00,62.5,80.0
1112,101,50,2026-06-04 07:46:00,62.5,80.0
1113,101,14,2026-06-05 09:36:00,87.5,80.0
1114,101,51,2026-06-08 09:02:00,75.0,80.0
1115,102,51,2026-06-08 23:20:00,75.0,80.0
1116,101,14,2026-06-09 07:59:00,75.0,80.0
1117,102,50,2026-06-09 21:21:00,75.0,80.0
1118,101,51,2026-06-10 08:20:00,87.5,80.0
1119,102,50,2026-06-10 23:56:00,75.0,80.0
1120,101,52,2026-06-11 08:00:00,50.0,80.0
1121,102,50,2026-06-11 21:15:00,50.0,80.0
1122,102,50,2026-06-12 22:50:00,87.5,80.0
1123,101,14,2026-06-13 07:24:00,87.5,80.0
1124,102,51,2026-06-13 23:26:00,87.5,80.0
1125,101,14,2026-06-14 08:56:00,87.5,80.0
1126,102,14,2026-06-14 22:34:00,87.5,80.0
1127,102,51,2026-06-15 22:50:00,100.0,80.0
1128,101,50,2026-06-17 08:04:00,100.0,80.0
1129,102,52,2026-06-17 22:01:00,75.0,80.0
1130,101,52,2026-06-18 07:04:00,75.0,80.0
1131,102,14,2026-06-18 21:56:00,75.0,80.0
1132,101,50,2026-06-20 09:04:00,62.5,80.0
1133,102,14,2026-06-21 22:38:00,100.0,80.0
1134,101,51,2026-06-22 08:41:00,75.0,80.0
1135,102,14,2026-06-22 23:56:00,75.0,80.0
1136,101,52,2026-06-23 07:06:00,62.5,80.0
1137,102,14,2026-06-23 21:12:00,62.5,80.0
1138,101,52,2026-06-25 09:59:00,75.0,80.0
1139,102,52,2026-06-25 23:18:00,75.0,80.0
1140,101,14,2026-06-26 07:03:00,100.0,80.0
1141,102,14,2026-06-26 23:35:00,62.5,80.0
1142,101,50,2026-06-27 07:23:00,100.0,80.0
1143,102,52,2026-06-27 22:05:00,62.5,80.0
1144,101,50,2026-06-28 08:12:00,75.0,80.0
1145,101,51,2026-06-29 07:13:00,37.5,80.0
1146,101,50,2026-06-30 09:18:00,100.0,80.0
1147,102,50,2026-07-01 22:54:00,62.5,80.0
1148,101,14,2026-07-02 08:30:00,87.5,80.0
1149,102,50,2026-07-02 23:16:00,75.0,80.0
1150,101,52,2026-07-03 08:11:00,87.5,80.0
1151,102,51,2026-07-03 22:23:00,87.5,80.0
1152,101,14,2026-07-04 07:16:00,75.0,80.0
1153,102,51,2026-07-04 22:16:00,87.5,80.0
1154,101,51,2026-07-05 09:03:00,87.5,80.0
1155,101,50,2026-07-06 09:42:00,87.5,80.0
1156,101,52,2026-07-07 07:42:00,75.0,80.0
1157,102,51,2026-07-07 23:26:00,87.5,80.0
1158,101,14,2026-07-08 07:53:00,100.0,80.0
1159,102,14,2026-07-08 23:26:00,100.0,80.0
1160,101,52,2026-07-09 07:30:00,75.0,80.0
1161,102,50,2026-07-09 21:25:00,75.0,80.0
1162,102,51,2026-07-10 23:57:00,87.5,80.0
1163,101,51,2026-07-11 08:11:00,87.5,80.0
1164,102,51,2026-07-11 21:51:00,75.0,80.0
1165,101,50,2026-07-12 07:27:00,62.5,80.0
1166,102,51,2026-07-12 23:27:00,75.0,80.0
1167,101,52,2026-07-13 09:16:00,87.5,80.0
1168,102,50,2026-07-13 23:58:00,75.0,80.0
1169,101,14,2026-07-14 08:35:00,75.0,80.0
1170,102,52,2026-07-15 23:20:00,100.0,80.0
1171,101,50,2026-07-16 08:58:00,87.5,80.0
1172,101,14,2026-07-17 09:39:00,50.0,80.0
1173,102,51,2026-07-17 21:26:00,62.5,80.0
1174,102,50,2026-07-18 23:37:00,75.0,80.0
1175,101,50,2026-07-19 09:49:00,100.0,80.0
1176,101,52,2026-07-20 08:55:00,62.5,80.0
1177,102,14,2026-07-20 22:16:00,75.0,80.0
1178,101,14,2026-07-21 09:38:00,100.0,80.0
1179,102,52,2026-07-21 21:11:00,75.0,80.0
1180,102,14,2026-07-22 21:39:00,87.5,80.0
1181,102,52,2026-07-23 22:56:00,62.5,80.0
1182,101,14,2026-07-24 07:47:00,75.0,80.0
1183,102,52,2026-07-24 22:57:00,100.0,80.0
1184,101,52,2026-07-25 08:52:00,75.0,80.0
1185,102,14,2026-07-25 22:17:00,87.5,80.0
1186,101,52,2026-07-27 07:08:00,37.5,80.0
1187,102,52,2026-07-28 23:28:00,87.5,80.0
1188,101,50,2026-07-29 09:26:00,87.5,80.0
1189,102,51,2026-07-29 21:28:00,87.5,80.0
1190,101,52,2026-07-30 09:31:00,50.0,80.0
1191,102,51,2026-07-30 21:32:00,87.5,80.0
1192,101,14,2026-07-31 08:45:00,87.5,80.0
1193,101,50,2026-08-01 07:49:00,62.5,80.0
1194,102,51,2026-08-01 21:12:00,75.0,80.0
1195,101,14,2026-08-02 07:02:00,87.5,80.0
1196,102,52,2026-08-02 21:58:00,75.0,80.0
1197,101,14,2026-08-03 08:23:00,75.0,80.0
1198,102,50,2026-08-03 23:25:00,100.0,80.0
1199,101,14,2026-08-04 07:23:00,75.0,80.0
1200,102,51,2026-08-04 23:28:00,62.5,80.0
1201,101,52,2026-08-05 09:35:00,62.5,80.0
1202,102,52,2026-08-05 22:10:00,100.0,80.0
1203,102,14,2026-08-06 22:01:00,75.0,80.0
1204,102,51,2026-08-07 21:54:00,100.0,80.0
1205,101,51,2026-08-08 09:14:00,87.5,80.0
1206,102,14,2026-08-08 22:41:00,100.0,80.0
1207,101,50,2026-08-09 07:55:00,75.0,80.0
1208,101,51,2026-08-10 08:58:00,62.5,80.0
1209,102,50,2026-08-11 23:11:00,87.5,80.0
1210,101,52,2026-08-12 08:38:00,75.0,80.0
1211,102,52,2026-08-12 23:45:00,100.0,80.0
1212,101,52,2026-08-13 08:54:00,50.0,80.0
1213,102,51,2026-08-13 22:16:00,87.5,80.0
1214,101,14,2026-08-15 08:43:00,50.0,80.0
1215,101,50,2026-08-16 09:06:00,87.5,80.0
1216,102,52,2026-08-16 23:42:00,62.5,80.0
1217,102,52,2026-08-17 23:38:00,62.5,80.0
1218,101,15,2026-05-19 09:06:00,87.5,80.0
1219,102,55,2026-05-19 21:21:00,100.0,80.0
1220,101,55,2026-05-20 08:16:00,75.0,80.0
1221,102,54,2026-05-20 21:09:00,87.5,80.0
1222,101,55,2026-05-21 09:25:00,87.5,80.0
1223,102,53,2026-05-21 23:08:00,87.5,80.0
1224,101,15,2026-05-22 08:16:00,100.0,80.0
1225,102,53,2026-05-22 22:24:00,100.0,80.0
1226,101,54,2026-05-23 09:36:00,75.0,80.0
1227,102,54,2026-05-23 22:46:00,100.0,80.0
1228,102,15,2026-05-24 23:50:00,87.5,80.0
1229,102,54,2026-05-25 23:19:00,50.0,80.0
1230,101,53,2026-05-26 07:18:00,87.5,80.0
1231,102,55,2026-05-26 22:08:00,75.0,80.0
1232,101,55,2026-05-27 07:43:00,62.5,80.0
1233,102,54,2026-05-27 23:05:00,75.0,80.0
1234,101,55,2026-05-28 07:47:00,100.0,80.0
1235,102,55,2026-05-28 22:50:00,62.5,80.0
1236,101,55,2026-05-29 08:37:00,87.5,80.0
1237,102,53,2026-05-29 22:54:00,100.0,80.0
1238,101,53,2026-05-30 07:55:00,87.5,80.0
1239,101,54,2026-05-31 08:56:00,75.0,80.0
1240,102,15,2026-05-31 23:07:00,87.5,80.0
1241,101,53,2026-06-01 08:26:00,87.5,80.0
1242,102,54,2026-06-01 21:08:00,75.0,80.0
1243,101,15,2026-06-02 08:36:00,75.0,80.0
1244,102,54,2026-06-02 21:20:00,87.5,80.0
1245,101,54,2026-06-03 08:21:00,100.0,80.0
1246,102,53,2026-06-03 22:40:00,87.5,80.0
1247,101,54,2026-06-04 08:17:00,100.0,80.0
1248,102,54,2026-06-04 21:36:00,87.5,80.0
1249,101,15,2026-06-05 07:08:00,75.0,80.0
1250,101,15,2026-06-06 09:27:00,87.5,80.0
1251,102,15,2026-06-06 22:30:00,100.0,80.0
1252,101,54,2026-06-07 07:34:00,87.5,80.0
1253,102,53,2026-06-07 23:23:00,100.0,80.0
1254,101,53,2026-06-08 09:12:00,87.5,80.0
1255,102,54,2026-06-08 23:00:00,87.5,80.0
1256,101,55,2026-06-09 09:56:00,75.0,80.0
1257,102,53,2026-06-09 22:08:00,87.5,80.0
1258,101,55,2026-06-10 09:37:00,100.0,80.0
1259,102,53,2026-06-10 21:04:00,87.5,80.0
1260,101,55,2026-06-11 08:29:00,87.5,80.0
1261,101,54,2026-06-12 08:56:00,100.0,80.0
1262,102,15,2026-06-12 22:57:00,100.0,80.0
1263,101,15,2026-06-13 07:10:00,75.0,80.0
1264,101,54,2026-06-14 07:14:00,87.5,80.0
1265,102,54,2026-06-14 23:08:00,75.0,80.0
1266,101,54,2026-06-15 09:32:00,87.5,80.0
1267,101,53,2026-06-16 07:23:00,100.0,80.0
1268,102,55,2026-06-16 22:56:00,100.0,80.0
1269,101,53,2026-06-17 09:03:00,87.5,80.0
1270,102,53,2026-06-17 23:06:00,100.0,80.0
1271,101,15,2026-06-18 09:07:00,75.0,80.0
1272,102,53,2026-06-18 22:24:00,87.5,80.0
1273,102,54,2026-06-19 22:30:00,87.5,80.0
1274,101,53,2026-06-21 09:43:00,87.5,80.0
1275,102,53,2026-06-21 22:26:00,87.5,80.0
1276,101,54,2026-06-22 08:39:00,62.5,80.0
1277,102,53,2026-06-22 22:53:00,75.0,80.0
1278,101,53,2026-06-23 09:39:00,100.0,80.0
1279,102,53,2026-06-23 22:07:00,100.0,80.0
1280,101,54,2026-06-24 07:38:00,87.5,80.0
1281,101,54,2026-06-25 08:53:00,75.0,80.0
1282,101,15,2026-06-26 08:45:00,100.0,80.0
1283,101,53,2026-06-27 08:10:00,62.5,80.0
1284,102,54,2026-06-27 23:31:00,87.5,80.0
1285,102,53,2026-06-28 22:15:00,87.5,80.0
1286,101,53,2026-06-29 09:05:00,87.5,80.0
1287,102,15,2026-06-29 23:42:00,100.0,80.0
1288,101,53,2026-06-30 07:49:00,75.0,80.0
1289,102,53,2026-06-30 23:46:00,100.0,80.0
1290,101,15,2026-07-01 09:14:00,87.5,80.0
1291,102,15,2026-07-01 22:16:00,100.0,80.0
1292,101,54,2026-07-02 07:52:00,87.5,80.0
1293,102,55,2026-07-02 21:54:00,87.5,80.0
1294,101,15,2026-07-03 09:20:00,75.0,80.0
1295,102,53,2026-07-03 23:07:00,87.5,80.0
1296,101,54,2026-07-04 07:54:00,75.0,80.0
1297,101,54,2026-07-05 09:41:00,100.0,80.0
1298,102,15,2026-07-05 22:22:00,87.5,80.0
1299,101,53,2026-07-06 08:56:00,87.5,80.0
1300,102,55,2026-07-06 22:52:00,100.0,80.0
1301,101,15,2026-07-07 07:25:00,87.5,80.0
1302,101,15,2026-07-08 08:17:00,87.5,80.0
1303,102,15,2026-07-08 23:54:00,75.0,80.0
1304,102,54,2026-07-09 23:56:00,100.0,80.0
1305,101,53,2026-07-10 07:44:00,87.5,80.0
1306,101,15,2026-07-11 07:06:00,87.5,80.0
1307,102,15,2026-07-11 23:30:00,75.0,80.0
1308,101,55,2026-07-12 09:24:00,87.5,80.0
1309,101,54,2026-07-13 09:01:00,100.0,80.0
1310,102,15,2026-07-13 22:58:00,62.5,80.0
1311,101,53,2026-07-14 08:28:00,100.0,80.0
1312,102,55,2026-07-14 21:16:00,100.0,80.0
1313,101,54,2026-07-15 09:55:00,87.5,80.0
1314,102,55,2026-07-15 23:55:00,62.5,80.0
1315,101,53,2026-07-16 09:44:00,100.0,80.0
1316,102,54,2026-07-16 22:42:00,75.0,80.0
1317,101,15,2026-07-17 08:42:00,100.0,80.0
1318,102,53,2026-07-17 21:53:00,100.0,80.0
1319,101,54,2026-07-18 09:59:00,75.0,80.0
1320,102,15,2026-07-18 23:54:00,87.5,80.0
1321,101,15,2026-07-19 07:04:00,100.0,80.0
1322,102,55,2026-07-19 22:15:00,87.5,80.0
1323,101,54,2026-07-20 07:32:00,75.0,80.0
1324,102,15,2026-07-20 23:41:00,75.0,80.0
1325,101,15,2026-07-21 07:05:00,87.5,80.0
1326,102,15,2026-07-21 22:51:00,100.0,80.0
1327,101,55,2026-07-22 08:28:00,62.5,80.0
1328,102,53,2026-07-22 21:31:00,87.5,80.0
1329,101,53,2026-07-24 08:26:00,75.0,80.0
1330,101,53,2026-07-25 09:35:00,50.0,80.0
1331,102,55,2026-07-25 21:50:00,100.0,80.0
1332,102,15,2026-07-26 23:13:00,62.5,80.0
1333,101,53,2026-07-27 08:52:00,100.0,80.0
1334,102,15,2026-07-29 21:54:00,87.5,80.0
1335,101,15,2026-07-30 09:49:00,87.5,80.0
1336,101,55,2026-07-31 09:42:00,87.5,80.0
1337,102,53,2026-07-31 23:28:00,100.0,80.0
1338,101,53,2026-08-01 09:14:00,87.5,80.0
1339,102,55,2026-08-01 22:22:00,75.0,80.0
1340,101,53,2026-08-02 09:23:00,75.0,80.0
1341,102,54,2026-08-02 21:57:00,87.5,80.0
1342,101,15,2026-08-04 07:52:00,75.0,80.0
1343,101,54,2026-08-05 07:16:00,87.5,80.0
1344,102,15,2026-08-05 21:07:00,87.5,80.0
1345,102,54,2026-08-06 22:52:00,87.5,80.0
1346,101,15,2026-08-07 07:48:00,87.5,80.0
1347,102,53,2026-08-07 21:59:00,100.0,80.0
1348,101,54,2026-08-08 08:42:00,50.0,80.0
1349,102,53,2026-08-08 22:00:00,75.0,80.0
1350,101,15,2026-08-09 08:53:00,87.5,80.0
1351,102,54,2026-08-09 23:49:00,75.0,80.0
1352,101,54,2026-08-10 07:46:00,100.0,80.0
1353,102,55,2026-08-10 21:24:00,100.0,80.0
1354,101,54,2026-08-11 08:26:00,75.0,80.0
1355,102,55,2026-08-11 22:25:00,87.5,80.0
1356,101,54,2026-08-13 08:51:00,50.0,80.0
1357,102,55,2026-08-13 21:26:00,87.5,80.0
1358,101,54,2026-08-14 08:45:00,75.0,80.0
1359,102,55,2026-08-14 21:13:00,87.5,80.0
1360,102,54,2026-08-15 23:08:00,100.0,80.0
1361,101,55,2026-08-16 09:44:00,87.5,80.0
1362,102,55,2026-08-16 23:07:00,100.0,80.0
1363,101,15,2026-08-17 08:37:00,100.0,80.0
1364,102,55,2026-08-17 23:47:00,87.5,80.0
1365,102,56,2026-05-19 21:33:00,87.5,80.0
1366,101,56,2026-05-20 08:09:00,87.5,80.0
1367,102,57,2026-05-20 23:03:00,100.0,80.0
1368,101,58,2026-05-21 07:18:00,100.0,80.0
1369,101,56,2026-05-22 07:53:00,100.0,80.0
1370,101,58,2026-05-23 09:50:00,75.0,80.0
1371,102,56,2026-05-23 21:48:00,100.0,80.0
1372,102,57,2026-05-24 22:06:00,100.0,80.0
1373,101,58,2026-05-25 08:15:00,100.0,80.0
1374,102,56,2026-05-25 23:42:00,75.0,80.0
1375,101,58,2026-05-26 08:26:00,75.0,80.0
1376,102,56,2026-05-26 23:03:00,87.5,80.0
1377,101,16,2026-05-27 07:39:00,75.0,80.0
1378,102,58,2026-05-27 21:58:00,75.0,80.0
1379,101,57,2026-05-28 09:47:00,75.0,80.0
1380,101,58,2026-05-29 09:12:00,75.0,80.0
1381,102,56,2026-05-29 22:11:00,87.5,80.0
1382,101,56,2026-05-30 07:47:00,75.0,80.0
1383,101,16,2026-05-31 08:02:00,75.0,80.0
1384,101,58,2026-06-01 08:35:00,75.0,80.0
1385,102,58,2026-06-01 21:10:00,100.0,80.0
1386,101,57,2026-06-02 08:29:00,87.5,80.0
1387,102,58,2026-06-02 21:09:00,75.0,80.0
1388,101,58,2026-06-03 07:49:00,87.5,80.0
1389,102,58,2026-06-03 22:50:00,62.5,80.0
1390,101,57,2026-06-04 09:20:00,100.0,80.0
1391,101,56,2026-06-05 07:33:00,100.0,80.0
1392,102,16,2026-06-05 23:10:00,100.0,80.0
1393,101,56,2026-06-06 09:25:00,75.0,80.0
1394,102,57,2026-06-06 22:14:00,75.0,80.0
1395,101,58,2026-06-07 08:23:00,87.5,80.0
1396,102,16,2026-06-07 21:48:00,37.5,80.0
1397,101,56,2026-06-08 09:00:00,62.5,80.0
1398,102,16,2026-06-08 23:22:00,87.5,80.0
1399,102,57,2026-06-10 23:39:00,75.0,80.0
1400,101,58,2026-06-11 09:56:00,87.5,80.0
1401,102,56,2026-06-11 22:58:00,62.5,80.0
1402,101,58,2026-06-12 08:34:00,100.0,80.0
1403,102,58,2026-06-12 21:58:00,100.0,80.0
1404,101,16,2026-06-13 09:28:00,100.0,80.0
1405,102,57,2026-06-13 21:18:00,100.0,80.0
1406,102,56,2026-06-14 23:05:00,62.5,80.0
1407,101,56,2026-06-15 09:34:00,62.5,80.0
1408,101,57,2026-06-16 09:04:00,75.0,80.0
1409,101,57,2026-06-17 09:40:00,87.5,80.0
1410,102,56,2026-06-17 23:27:00,75.0,80.0
1411,101,16,2026-06-18 09:53:00,87.5,80.0
1412,102,56,2026-06-18 23:52:00,37.5,80.0
1413,101,58,2026-06-19 07:29:00,62.5,80.0
1414,102,56,2026-06-19 21:05:00,62.5,80.0
1415,102,58,2026-06-20 21:50:00,100.0,80.0
1416,101,57,2026-06-21 07:36:00,62.5,80.0
1417,102,16,2026-06-21 22:26:00,75.0,80.0
1418,101,16,2026-06-22 09:25:00,87.5,80.0
1419,102,16,2026-06-22 22:01:00,75.0,80.0
1420,102,56,2026-06-24 23:00:00,87.5,80.0
1421,102,56,2026-06-25 21:44:00,100.0,80.0
1422,101,58,2026-06-26 09:06:00,50.0,80.0
1423,102,56,2026-06-26 23:19:00,62.5,80.0
1424,101,16,2026-06-27 08:24:00,75.0,80.0
1425,102,16,2026-06-27 23:01:00,87.5,80.0
1426,101,57,2026-06-28 09:14:00,75.0,80.0
1427,102,58,2026-06-28 23:25:00,87.5,80.0
1428,101,58,2026-06-30 08:43:00,87.5,80.0
1429,102,57,2026-06-30 21:35:00,87.5,80.0
1430,101,16,2026-07-01 07:00:00,100.0,80.0
1431,102,56,2026-07-01 23:35:00,100.0,80.0
1432,101,58,2026-07-02 07:47:00,100.0,80.0
1433,102,57,2026-07-04 21:26:00,100.0,80.0
1434,101,58,2026-07-05 07:14:00,87.5,80.0
1435,102,57,2026-07-05 21:07:00,75.0,80.0
1436,101,16,2026-07-06 07:54:00,75.0,80.0
1437,102,56,2026-07-06 23:35:00,75.0,80.0
1438,101,58,2026-07-07 09:04:00,75.0,80.0
1439,101,16,2026-07-08 07:12:00,87.5,80.0
1440,101,57,2026-07-09 08:22:00,50.0,80.0
1441,102,57,2026-07-09 23:41:00,75.0,80.0
1442,102,56,2026-07-10 22:39:00,87.5,80.0
1443,101,16,2026-07-11 08:31:00,87.5,80.0
1444,102,58,2026-07-11 22:39:00,87.5,80.0
1445,101,58,2026-07-12 07:36:00,87.5,80.0
1446,102,57,2026-07-12 22:27:00,75.0,80.0
1447,102,57,2026-07-13 22:15:00,75.0,80.0
1448,101,58,2026-07-14 08:53:00,100.0,80.0
1449,102,58,2026-07-14 21:43:00,87.5,80.0
1450,101,58,2026-07-15 08:28:00,87.5,80.0
1451,101,56,2026-07-16 08:31:00,75.0,80.0
1452,102,56,2026-07-18 21:41:00,87.5,80.0
1453,101,57,2026-07-19 07:57:00,75.0,80.0
1454,102,56,2026-07-19 22:46:00,87.5,80.0
1455,101,56,2026-07-20 07:54:00,87.5,80.0
1456,101,16,2026-07-21 09:37:00,62.5,80.0
1457,102,56,2026-07-21 23:13:00,87.5,80.0
1458,101,16,2026-07-22 08:34:00,75.0,80.0
1459,101,57,2026-07-24 09:49:00,75.0,80.0
1460,102,57,2026-07-24 22:25:00,87.5,80.0
1461,102,58,2026-07-25 23:54:00,50.0,80.0
1462,102,56,2026-07-26 22:32:00,75.0,80.0
1463,101,56,2026-07-27 08:32:00,100.0,80.0
1464,102,57,2026-07-27 23:15:00,100.0,80.0
1465,101,57,2026-07-29 07:28:00,87.5,80.0
1466,102,57,2026-07-29 21:36:00,87.5,80.0
1467,101,57,2026-07-30 08:02:00,75.0,80.0
1468,102,56,2026-07-30 22:14:00,87.5,80.0
1469,101,56,2026-07-31 08:14:00,62.5,80.0
1470,102,58,2026-07-31 23:13:00,75.0,80.0
1471,102,16,2026-08-01 22:58:00,62.5,80.0
1472,101,58,2026-08-02 07:41:00,75.0,80.0
1473,102,58,2026-08-02 21:45:00,62.5,80.0
1474,101,57,2026-08-03 09:34:00,62.5,80.0
1475,102,16,2026-08-03 22:41:00,100.0,80.0
1476,101,56,2026-08-04 09:41:00,75.0,80.0
1477,102,16,2026-08-04 23:16:00,100.0,80.0
1478,101,58,2026-08-05 09:25:00,75.0,80.0
1479,102,16,2026-08-05 22:31:00,75.0,80.0
1480,101,57,2026-08-06 07:32:00,100.0,80.0
1481,102,57,2026-08-06 22:10:00,50.0,80.0
1482,101,58,2026-08-07 09:41:00,62.5,80.0
1483,102,57,2026-08-07 21:09:00,87.5,80.0
1484,101,56,2026-08-08 08:38:00,87.5,80.0
1485,102,16,2026-08-08 23:14:00,100.0,80.0
1486,101,16,2026-08-09 09:07:00,62.5,80.0
1487,101,16,2026-08-10 09:30:00,75.0,80.0
1488,102,57,2026-08-10 21:37:00,87.5,80.0
1489,101,56,2026-08-11 07:15:00,25.0,80.0
1490,102,57,2026-08-11 21:36:00,87.5,80.0
1491,101,56,2026-08-12 09:32:00,62.5,80.0
1492,102,56,2026-08-12 23:09:00,75.0,80.0
1493,102,57,2026-08-13 22:59:00,87.5,80.0
1494,101,56,2026-08-14 08:38:00,62.5,80.0
1495,102,58,2026-08-14 23:46:00,75.0,80.0
1496,101,16,2026-08-15 07:28:00,75.0,80.0
1497,102,57,2026-08-15 22:10:00,87.5,80.0
1498,101,57,2026-08-16 09:09:00,87.5,80.0
1499,101,58,2026-08-17 09:42:00,87.5,80.0
1500,102,58,2026-08-17 21:46:00,87.5,80.0
1501,101,59,2026-05-19 09:37:00,62.5,80.0
1502,102,17,2026-05-19 21:24:00,87.5,80.0
1503,102,60,2026-05-20 21:01:00,100.0,80.0
1504,101,17,2026-05-21 09:43:00,100.0,80.0
1505,102,59,2026-05-21 21:38:00,87.5,80.0
1506,101,59,2026-05-22 08:57:00,100.0,80.0
1507,102,59,2026-05-22 23:32:00,75.0,80.0
1508,101,60,2026-05-23 08:42:00,75.0,80.0
1509,102,59,2026-05-23 23:34:00,100.0,80.0
1510,101,61,2026-05-24 09:26:00,100.0,80.0
1511,102,17,2026-05-24 21:44:00,75.0,80.0
1512,101,17,2026-05-25 08:50:00,100.0,80.0
1513,102,59,2026-05-25 22:37:00,100.0,80.0
1514,101,17,2026-05-26 07:16:00,87.5,80.0
1515,102,59,2026-05-26 21:58:00,100.0,80.0
1516,101,17,2026-05-27 09:56:00,87.5,80.0
1517,102,59,2026-05-27 22:12:00,100.0,80.0
1518,101,59,2026-05-28 09:33:00,100.0,80.0
1519,102,17,2026-05-28 23:00:00,100.0,80.0
1520,101,61,2026-05-29 09:51:00,87.5,80.0
1521,102,59,2026-05-29 22:23:00,87.5,80.0
1522,101,61,2026-05-30 08:41:00,100.0,80.0
1523,102,17,2026-05-30 22:54:00,75.0,80.0
1524,101,61,2026-05-31 08:39:00,100.0,80.0
1525,102,60,2026-05-31 23:25:00,87.5,80.0
1526,101,17,2026-06-01 09:50:00,87.5,80.0
1527,102,17,2026-06-01 21:23:00,100.0,80.0
1528,101,61,2026-06-02 08:36:00,100.0,80.0
1529,102,60,2026-06-02 23:25:00,75.0,80.0
1530,101,17,2026-06-03 09:14:00,100.0,80.0
1531,102,59,2026-06-03 23:10:00,100.0,80.0
1532,101,61,2026-06-04 09:25:00,100.0,80.0
1533,102,59,2026-06-04 23:39:00,87.5,80.0
1534,101,59,2026-06-05 08:40:00,87.5,80.0
1535,102,60,2026-06-05 21:52:00,75.0,80.0
1536,101,59,2026-06-06 09:27:00,87.5,80.0
1537,102,60,2026-06-06 21:16:00,87.5,80.0
1538,101,59,2026-06-07 07:38:00,75.0,80.0
1539,102,17,2026-06-07 23:24:00,87.5,80.0
1540,101,61,2026-06-08 09:33:00,100.0,80.0
1541,102,59,2026-06-08 23:38:00,100.0,80.0
1542,101,17,2026-06-09 09:31:00,100.0,80.0
1543,102,61,2026-06-09 21:12:00,100.0,80.0
1544,101,60,2026-06-10 07:50:00,100.0,80.0
1545,102,59,2026-06-10 23:10:00,75.0,80.0
1546,101,59,2026-06-11 07:41:00,75.0,80.0
1547,102,61,2026-06-11 21:05:00,100.0,80.0
1548,101,17,2026-06-12 08:42:00,87.5,80.0
1549,102,60,2026-06-12 22:37:00,87.5,80.0
1550,101,59,2026-06-13 07:47:00,100.0,80.0
1551,102,61,2026-06-13 21:35:00,100.0,80.0
1552,101,61,2026-06-14 09:22:00,100.0,80.0
1553,102,60,2026-06-14 22:14:00,100.0,80.0
1554,101,59,2026-06-15 08:36:00,87.5,80.0
1555,102,17,2026-06-15 22:11:00,100.0,80.0
1556,101,59,2026-06-16 07:35:00,87.5,80.0
1557,102,61,2026-06-16 23:18:00,100.0,80.0
1558,101,61,2026-06-17 09:16:00,87.5,80.0
1559,102,17,2026-06-17 23:28:00,75.0,80.0
1560,101,60,2026-06-18 08:49:00,100.0,80.0
1561,101,17,2026-06-19 08:49:00,75.0,80.0
1562,102,59,2026-06-19 23:29:00,100.0,80.0
1563,101,59,2026-06-20 07:16:00,87.5,80.0
1564,102,60,2026-06-20 22:40:00,100.0,80.0
1565,101,61,2026-06-21 08:26:00,75.0,80.0
1566,102,59,2026-06-21 23:34:00,100.0,80.0
1567,101,59,2026-06-22 07:18:00,75.0,80.0
1568,102,61,2026-06-22 22:43:00,100.0,80.0
1569,101,60,2026-06-23 09:59:00,62.5,80.0
1570,102,61,2026-06-23 22:20:00,100.0,80.0
1571,101,60,2026-06-24 09:17:00,100.0,80.0
1572,102,60,2026-06-24 23:43:00,62.5,80.0
1573,101,60,2026-06-25 09:12:00,100.0,80.0
1574,102,61,2026-06-25 23:15:00,100.0,80.0
1575,101,60,2026-06-26 07:12:00,75.0,80.0
1576,102,60,2026-06-26 23:22:00,100.0,80.0
1577,101,59,2026-06-27 07:58:00,87.5,80.0
1578,102,17,2026-06-27 23:42:00,87.5,80.0
1579,101,59,2026-06-28 07:48:00,87.5,80.0
1580,102,61,2026-06-28 22:23:00,87.5,80.0
1581,101,61,2026-06-29 09:55:00,62.5,80.0
1582,102,61,2026-06-29 22:11:00,75.0,80.0
1583,101,60,2026-06-30 07:48:00,87.5,80.0
1584,102,17,2026-06-30 21:33:00,87.5,80.0
1585,101,61,2026-07-01 09:02:00,87.5,80.0
1586,102,60,2026-07-01 22:55:00,87.5,80.0
1587,101,17,2026-07-02 07:44:00,100.0,80.0
1588,102,59,2026-07-02 22:44:00,87.5,80.0
1589,101,17,2026-07-03 09:13:00,87.5,80.0
1590,102,61,2026-07-03 23:06:00,75.0,80.0
1591,101,61,2026-07-04 09:55:00,100.0,80.0
1592,102,61,2026-07-04 21:35:00,75.0,80.0
1593,101,61,2026-07-05 08:30:00,87.5,80.0
1594,102,17,2026-07-05 22:11:00,87.5,80.0
1595,101,61,2026-07-06 07:26:00,100.0,80.0
1596,102,17,2026-07-06 22:54:00,100.0,80.0
1597,101,60,2026-07-07 08:11:00,100.0,80.0
1598,102,60,2026-07-07 23:43:00,87.5,80.0
1599,101,60,2026-07-08 09:17:00,87.5,80.0
1600,102,17,2026-07-08 23:27:00,100.0,80.0
1601,101,60,2026-07-09 07:51:00,100.0,80.0
1602,102,59,2026-07-09 22:51:00,100.0,80.0
1603,101,60,2026-07-10 08:31:00,87.5,80.0
1604,102,61,2026-07-10 23:33:00,87.5,80.0
1605,101,59,2026-07-11 08:16:00,75.0,80.0
1606,102,60,2026-07-11 22:06:00,100.0,80.0
1607,101,61,2026-07-12 07:52:00,100.0,80.0
1608,102,59,2026-07-12 22:53:00,100.0,80.0
1609,101,61,2026-07-13 09:21:00,75.0,80.0
1610,102,61,2026-07-13 22:23:00,100.0,80.0
1611,101,59,2026-07-14 07:26:00,100.0,80.0
1612,102,60,2026-07-14 22:55:00,100.0,80.0
1613,101,60,2026-07-15 09:41:00,100.0,80.0
1614,102,61,2026-07-15 22:22:00,100.0,80.0
1615,101,17,2026-07-16 08:49:00,100.0,80.0
1616,102,61,2026-07-16 21:24:00,75.0,80.0
1617,101,60,2026-07-17 09:09:00,87.5,80.0
1618,101,61,2026-07-18 09:51:00,87.5,80.0
1619,102,17,2026-07-18 22:40:00,100.0,80.0
1620,101,61,2026-07-19 07:10:00,75.0,80.0
1621,102,61,2026-07-19 21:20:00,87.5,80.0
1622,101,17,2026-07-20 09:17:00,87.5,80.0
1623,102,17,2026-07-20 22:56:00,87.5,80.0
1624,101,17,2026-07-21 09:37:00,87.5,80.0
1625,102,60,2026-07-21 22:10:00,100.0,80.0
1626,101,60,2026-07-22 07:46:00,100.0,80.0
1627,102,59,2026-07-22 23:16:00,100.0,80.0
1628,101,59,2026-07-23 07:25:00,100.0,80.0
1629,102,17,2026-07-23 21:04:00,62.5,80.0
1630,101,17,2026-07-24 07:01:00,100.0,80.0
1631,102,59,2026-07-24 23:48:00,87.5,80.0
1632,101,60,2026-07-25 08:39:00,75.0,80.0
1633,102,17,2026-07-25 21:41:00,100.0,80.0
1634,101,61,2026-07-26 07:15:00,100.0,80.0
1635,102,60,2026-07-26 22:40:00,100.0,80.0
1636,101,60,2026-07-27 09:53:00,100.0,80.0
1637,102,61,2026-07-27 21:02:00,100.0,80.0
1638,101,61,2026-07-28 08:29:00,100.0,80.0
1639,102,60,2026-07-28 23:28:00,87.5,80.0
1640,101,17,2026-07-29 07:37:00,87.5,80.0
1641,102,17,2026-07-29 23:47:00,75.0,80.0
1642,101,61,2026-07-30 09:40:00,100.0,80.0
1643,102,60,2026-07-30 22:30:00,100.0,80.0
1644,101,61,2026-07-31 08:19:00,87.5,80.0
1645,102,60,2026-07-31 22:16:00,87.5,80.0
1646,101,60,2026-08-01 07:00:00,75.0,80.0
1647,102,17,2026-08-01 22:18:00,87.5,80.0
1648,101,17,2026-08-02 07:44:00,87.5,80.0
1649,102,59,2026-08-02 22:19:00,87.5,80.0
1650,101,60,2026-08-03 08:38:00,87.5,80.0
1651,102,61,2026-08-03 21:35:00,100.0,80.0
1652,101,17,2026-08-04 08:56:00,100.0,80.0
1653,102,60,2026-08-04 22:15:00,100.0,80.0
1654,101,61,2026-08-05 08:14:00,100.0,80.0
1655,102,60,2026-08-05 21:27:00,75.0,80.0
1656,101,61,2026-08-06 09:51:00,100.0,80.0
1657,102,61,2026-08-06 22:41:00,100.0,80.0
1658,101,59,2026-08-07 07:54:00,75.0,80.0
1659,102,61,2026-08-07 21:08:00,87.5,80.0
1660,101,17,2026-08-08 09:29:00,100.0,80.0
1661,102,17,2026-08-08 22:44:00,87.5,80.0
1662,101,60,2026-08-09 08:01:00,87.5,80.0
1663,102,59,2026-08-09 21:34:00,87.5,80.0
1664,101,61,2026-08-10 07:18:00,87.5,80.0
1665,102,17,2026-08-10 21:45:00,100.0,80.0
1666,101,60,2026-08-11 07:05:00,100.0,80.0
1667,102,60,2026-08-11 21:31:00,87.5,80.0
1668,101,17,2026-08-12 08:19:00,75.0,80.0
1669,102,59,2026-08-12 22:29:00,100.0,80.0
1670,101,60,2026-08-13 07:53:00,87.5,80.0
1671,102,17,2026-08-13 21:17:00,100.0,80.0
1672,101,60,2026-08-14 09:30:00,87.5,80.0
1673,102,61,2026-08-14 21:57:00,100.0,80.0
1674,101,60,2026-08-15 07:07:00,87.5,80.0
1675,102,17,2026-08-15 22:49:00,87.5,80.0
1676,101,60,2026-08-16 09:02:00,87.5,80.0
1677,102,59,2026-08-16 22:47:00,87.5,80.0
1678,101,17,2026-08-17 09:13:00,87.5,80.0
1679,102,61,2026-08-17 22:43:00,100.0,80.0
1680,101,62,2026-05-19 07:40:00,87.5,80.0
1681,102,62,2026-05-19 23:59:00,75.0,80.0
1682,102,64,2026-05-20 22:40:00,100.0,80.0
1683,101,62,2026-05-21 08:56:00,100.0,80.0
1684,102,62,2026-05-21 23:13:00,75.0,80.0
1685,101,64,2026-05-22 09:27:00,100.0,80.0
1686,102,64,2026-05-22 21:10:00,100.0,80.0
1687,101,63,2026-05-23 07:25:00,75.0,80.0
1688,101,18,2026-05-24 07:02:00,75.0,80.0
1689,102,63,2026-05-24 23:38:00,87.5,80.0
1690,101,63,2026-05-25 07:15:00,87.5,80.0
1691,102,64,2026-05-25 22:05:00,100.0,80.0
1692,101,63,2026-05-26 07:22:00,87.5,80.0
1693,102,62,2026-05-26 23:34:00,75.0,80.0
1694,101,64,2026-05-27 08:14:00,75.0,80.0
1695,102,64,2026-05-27 23:50:00,100.0,80.0
1696,101,62,2026-05-28 09:12:00,75.0,80.0
1697,102,64,2026-05-28 23:24:00,100.0,80.0
1698,101,62,2026-05-29 08:57:00,87.5,80.0
1699,102,18,2026-05-29 22:45:00,87.5,80.0
1700,101,18,2026-05-30 08:34:00,100.0,80.0
1701,101,63,2026-05-31 07:36:00,87.5,80.0
1702,102,64,2026-05-31 23:22:00,87.5,80.0
1703,102,63,2026-06-01 22:55:00,87.5,80.0
1704,101,18,2026-06-02 09:09:00,87.5,80.0
1705,102,64,2026-06-02 22:52:00,87.5,80.0
1706,101,62,2026-06-03 08:29:00,87.5,80.0
1707,101,18,2026-06-04 09:32:00,50.0,80.0
1708,102,62,2026-06-04 23:11:00,62.5,80.0
1709,101,63,2026-06-05 08:49:00,100.0,80.0
1710,102,62,2026-06-05 22:46:00,100.0,80.0
1711,101,18,2026-06-06 08:12:00,87.5,80.0
1712,102,64,2026-06-06 23:09:00,87.5,80.0
1713,101,64,2026-06-07 08:41:00,100.0,80.0
1714,102,62,2026-06-07 21:06:00,87.5,80.0
1715,101,62,2026-06-08 07:11:00,62.5,80.0
1716,101,18,2026-06-09 07:06:00,100.0,80.0
1717,102,62,2026-06-09 21:06:00,87.5,80.0
1718,101,18,2026-06-10 09:53:00,62.5,80.0
1719,102,64,2026-06-10 23:31:00,100.0,80.0
1720,101,62,2026-06-11 08:14:00,75.0,80.0
1721,102,63,2026-06-11 21:59:00,62.5,80.0
1722,101,62,2026-06-12 07:29:00,75.0,80.0
1723,102,18,2026-06-12 22:35:00,87.5,80.0
1724,101,64,2026-06-13 09:03:00,87.5,80.0
1725,102,62,2026-06-13 23:02:00,75.0,80.0
1726,102,62,2026-06-14 21:13:00,87.5,80.0
1727,101,18,2026-06-15 09:14:00,100.0,80.0
1728,102,63,2026-06-15 21:12:00,87.5,80.0
1729,101,18,2026-06-16 09:11:00,87.5,80.0
1730,102,64,2026-06-16 23:06:00,100.0,80.0
1731,101,18,2026-06-17 09:42:00,100.0,80.0
1732,101,63,2026-06-18 07:10:00,75.0,80.0
1733,102,64,2026-06-18 23:25:00,87.5,80.0
1734,101,18,2026-06-19 09:38:00,87.5,80.0
1735,102,64,2026-06-19 22:57:00,87.5,80.0
1736,101,64,2026-06-20 08:54:00,87.5,80.0
1737,102,18,2026-06-20 22:48:00,75.0,80.0
1738,101,63,2026-06-21 09:15:00,87.5,80.0
1739,102,64,2026-06-21 22:49:00,75.0,80.0
1740,101,18,2026-06-22 08:28:00,100.0,80.0
1741,102,62,2026-06-22 21:46:00,87.5,80.0
1742,101,63,2026-06-23 09:01:00,87.5,80.0
1743,102,64,2026-06-23 22:00:00,100.0,80.0
1744,101,64,2026-06-24 07:54:00,87.5,80.0
1745,102,64,2026-06-24 21:49:00,100.0,80.0
1746,101,63,2026-06-25 09:35:00,87.5,80.0
1747,102,18,2026-06-25 21:02:00,100.0,80.0
1748,101,64,2026-06-26 07:08:00,87.5,80.0
1749,102,63,2026-06-26 22:56:00,100.0,80.0
1750,101,64,2026-06-27 08:51:00,87.5,80.0
1751,102,18,2026-06-27 21:36:00,100.0,80.0
1752,101,62,2026-06-28 07:46:00,87.5,80.0
1753,102,18,2026-06-28 23:20:00,100.0,80.0
1754,101,62,2026-06-29 08:52:00,100.0,80.0
1755,101,64,2026-06-30 09:41:00,75.0,80.0
1756,102,18,2026-06-30 21:46:00,100.0,80.0
1757,101,64,2026-07-01 07:58:00,100.0,80.0
1758,102,18,2026-07-01 22:56:00,100.0,80.0
1759,101,63,2026-07-02 07:55:00,100.0,80.0
1760,102,62,2026-07-02 23:41:00,100.0,80.0
1761,101,62,2026-07-03 07:19:00,87.5,80.0
1762,101,63,2026-07-05 08:34:00,100.0,80.0
1763,102,63,2026-07-05 22:32:00,75.0,80.0
1764,101,18,2026-07-06 07:43:00,87.5,80.0
1765,102,62,2026-07-06 22:48:00,87.5,80.0
1766,101,18,2026-07-07 08:18:00,62.5,80.0
1767,102,64,2026-07-08 21:08:00,62.5,80.0
1768,101,62,2026-07-09 08:36:00,100.0,80.0
1769,101,64,2026-07-10 09:25:00,75.0,80.0
1770,102,18,2026-07-10 21:25:00,87.5,80.0
1771,102,63,2026-07-11 21:30:00,100.0,80.0
1772,101,63,2026-07-12 08:41:00,87.5,80.0
1773,102,63,2026-07-12 23:39:00,100.0,80.0
1774,101,18,2026-07-13 07:17:00,87.5,80.0
1775,102,62,2026-07-13 22:43:00,75.0,80.0
1776,101,18,2026-07-14 09:26:00,87.5,80.0
1777,102,63,2026-07-14 22:22:00,100.0,80.0
1778,101,62,2026-07-15 08:38:00,100.0,80.0
1779,102,64,2026-07-15 22:10:00,87.5,80.0
1780,101,63,2026-07-16 08:39:00,87.5,80.0
1781,102,63,2026-07-16 22:02:00,62.5,80.0
1782,101,63,2026-07-17 09:23:00,100.0,80.0
1783,102,62,2026-07-17 23:54:00,100.0,80.0
1784,101,63,2026-07-18 09:03:00,87.5,80.0
1785,102,63,2026-07-18 23:59:00,100.0,80.0
1786,101,62,2026-07-19 07:21:00,62.5,80.0
1787,102,18,2026-07-19 22:28:00,100.0,80.0
1788,101,63,2026-07-20 08:13:00,75.0,80.0
1789,102,64,2026-07-20 21:34:00,100.0,80.0
1790,101,63,2026-07-21 08:39:00,75.0,80.0
1791,102,62,2026-07-21 23:44:00,100.0,80.0
1792,101,62,2026-07-22 09:57:00,75.0,80.0
1793,102,62,2026-07-22 22:10:00,87.5,80.0
1794,101,64,2026-07-23 07:50:00,87.5,80.0
1795,102,62,2026-07-23 21:29:00,62.5,80.0
1796,101,64,2026-07-24 08:42:00,87.5,80.0
1797,102,64,2026-07-24 23:54:00,87.5,80.0
1798,101,18,2026-07-25 07:18:00,87.5,80.0
1799,101,62,2026-07-26 07:24:00,87.5,80.0
1800,102,62,2026-07-26 22:31:00,87.5,80.0
1801,101,18,2026-07-27 07:32:00,62.5,80.0
1802,101,62,2026-07-28 09:59:00,87.5,80.0
1803,102,64,2026-07-28 21:15:00,87.5,80.0
1804,102,63,2026-07-29 22:25:00,100.0,80.0
1805,101,64,2026-07-30 08:43:00,87.5,80.0
1806,102,64,2026-07-30 22:40:00,87.5,80.0
1807,102,62,2026-08-01 23:17:00,100.0,80.0
1808,101,62,2026-08-02 08:56:00,100.0,80.0
1809,102,63,2026-08-02 23:17:00,75.0,80.0
1810,101,18,2026-08-03 08:57:00,87.5,80.0
1811,102,62,2026-08-03 23:08:00,100.0,80.0
1812,101,63,2026-08-04 09:43:00,75.0,80.0
1813,102,63,2026-08-04 22:15:00,87.5,80.0
1814,101,64,2026-08-05 08:58:00,87.5,80.0
1815,101,63,2026-08-06 08:34:00,100.0,80.0
1816,102,63,2026-08-06 21:41:00,87.5,80.0
1817,101,63,2026-08-08 09:43:00,75.0,80.0
1818,102,63,2026-08-08 21:19:00,100.0,80.0
1819,101,63,2026-08-09 07:41:00,87.5,80.0
1820,102,62,2026-08-09 22:04:00,87.5,80.0
1821,101,63,2026-08-10 08:53:00,100.0,80.0
1822,102,64,2026-08-10 23:01:00,100.0,80.0
1823,101,18,2026-08-11 08:19:00,100.0,80.0
1824,101,64,2026-08-12 09:59:00,50.0,80.0
1825,102,63,2026-08-12 21:49:00,100.0,80.0
1826,101,62,2026-08-13 07:11:00,87.5,80.0
1827,102,64,2026-08-13 23:39:00,75.0,80.0
1828,101,63,2026-08-14 09:39:00,75.0,80.0
1829,102,63,2026-08-14 23:14:00,87.5,80.0
1830,101,18,2026-08-15 08:05:00,87.5,80.0
1831,102,18,2026-08-15 21:32:00,100.0,80.0
1832,101,18,2026-08-16 07:54:00,87.5,80.0
1833,102,63,2026-08-16 22:30:00,100.0,80.0
1834,101,62,2026-08-17 07:14:00,87.5,80.0
1835,102,62,2026-08-17 22:48:00,87.5,80.0
1836,101,66,2026-05-20 08:14:00,87.5,80.0
1837,102,66,2026-05-20 21:04:00,87.5,80.0
1838,101,67,2026-05-21 09:31:00,37.5,80.0
1839,102,66,2026-05-21 22:56:00,87.5,80.0
1840,102,65,2026-05-23 22:49:00,87.5,80.0
1841,101,19,2026-05-24 09:52:00,75.0,80.0
1842,101,19,2026-05-25 09:20:00,100.0,80.0
1843,101,65,2026-05-26 09:47:00,87.5,80.0
1844,102,19,2026-05-26 23:06:00,62.5,80.0
1845,102,66,2026-05-28 21:56:00,87.5,80.0
1846,101,65,2026-05-29 09:25:00,87.5,80.0
1847,101,65,2026-05-31 09:24:00,75.0,80.0
1848,101,19,2026-06-03 07:18:00,75.0,80.0
1849,102,67,2026-06-03 22:56:00,87.5,80.0
1850,101,19,2026-06-04 08:10:00,75.0,80.0
1851,101,65,2026-06-05 08:39:00,75.0,80.0
1852,101,66,2026-06-06 09:33:00,62.5,80.0
1853,101,19,2026-06-07 08:53:00,75.0,80.0
1854,102,65,2026-06-09 21:46:00,62.5,80.0
1855,102,66,2026-06-11 23:57:00,75.0,80.0
1856,102,19,2026-06-12 22:20:00,50.0,80.0
1857,102,66,2026-06-14 21:29:00,87.5,80.0
1858,101,67,2026-06-15 07:16:00,50.0,80.0
1859,101,66,2026-06-16 09:41:00,75.0,80.0
1860,102,65,2026-06-18 23:46:00,100.0,80.0
1861,101,19,2026-06-20 07:45:00,62.5,80.0
1862,102,65,2026-06-20 23:23:00,75.0,80.0
1863,101,66,2026-06-22 09:24:00,62.5,80.0
1864,102,19,2026-06-22 22:35:00,75.0,80.0
1865,101,67,2026-06-23 07:58:00,75.0,80.0
1866,102,66,2026-06-24 23:55:00,75.0,80.0
1867,102,65,2026-06-25 21:11:00,75.0,80.0
1868,102,19,2026-06-26 22:19:00,75.0,80.0
1869,102,65,2026-06-27 23:11:00,25.0,80.0
1870,102,67,2026-06-30 21:00:00,100.0,80.0
1871,101,19,2026-07-01 08:31:00,37.5,80.0
1872,102,65,2026-07-01 23:51:00,75.0,80.0
1873,101,66,2026-07-02 08:15:00,37.5,80.0
1874,102,19,2026-07-02 23:42:00,75.0,80.0
1875,101,65,2026-07-03 08:28:00,50.0,80.0
1876,102,65,2026-07-03 23:38:00,62.5,80.0
1877,102,66,2026-07-04 23:17:00,62.5,80.0
1878,101,65,2026-07-07 07:09:00,87.5,80.0
1879,101,65,2026-07-08 09:22:00,62.5,80.0
1880,101,65,2026-07-09 07:54:00,37.5,80.0
1881,101,67,2026-07-10 09:36:00,75.0,80.0
1882,102,65,2026-07-10 22:58:00,62.5,80.0
1883,101,66,2026-07-11 07:26:00,50.0,80.0
1884,102,67,2026-07-11 21:43:00,25.0,80.0
1885,102,66,2026-07-12 23:44:00,50.0,80.0
1886,101,67,2026-07-13 09:37:00,50.0,80.0
1887,101,67,2026-07-14 07:05:00,75.0,80.0
1888,101,19,2026-07-15 08:23:00,62.5,80.0
1889,102,19,2026-07-16 21:48:00,50.0,80.0
1890,102,19,2026-07-19 21:18:00,62.5,80.0
1891,101,67,2026-07-20 07:44:00,87.5,80.0
1892,102,19,2026-07-21 22:33:00,75.0,80.0
1893,102,66,2026-07-22 21:44:00,25.0,80.0
1894,101,65,2026-07-23 07:06:00,75.0,80.0
1895,102,67,2026-07-24 22:46:00,37.5,80.0
1896,101,67,2026-07-26 09:54:00,37.5,80.0
1897,102,67,2026-07-26 22:33:00,37.5,80.0
1898,101,19,2026-07-27 09:36:00,62.5,80.0
1899,101,19,2026-07-28 09:46:00,37.5,80.0
1900,101,66,2026-07-29 08:51:00,25.0,80.0
1901,102,67,2026-07-30 23:14:00,62.5,80.0
1902,101,65,2026-07-31 07:07:00,50.0,80.0
1903,102,65,2026-08-01 22:40:00,50.0,80.0
1904,102,19,2026-08-05 23:26:00,37.5,80.0
1905,102,66,2026-08-06 22:22:00,37.5,80.0
1906,101,67,2026-08-07 09:12:00,50.0,80.0
1907,101,65,2026-08-09 08:50:00,50.0,80.0
1908,102,67,2026-08-09 22:19:00,37.5,80.0
1909,101,67,2026-08-11 07:43:00,50.0,80.0
1910,102,65,2026-08-11 22:25:00,62.5,80.0
1911,101,67,2026-08-12 07:21:00,50.0,80.0
1912,102,19,2026-08-14 23:30:00,50.0,80.0
1913,101,19,2026-08-15 09:08:00,25.0,80.0
1914,102,19,2026-08-16 21:40:00,50.0,80.0
1915,101,19,2026-08-17 08:29:00,25.0,80.0
1916,101,70,2026-05-19 09:03:00,100.0,80.0
1917,102,70,2026-05-19 23:46:00,100.0,80.0
1918,101,69,2026-05-20 09:01:00,75.0,80.0
1919,102,70,2026-05-20 23:43:00,100.0,80.0
1920,101,70,2026-05-21 07:09:00,100.0,80.0
1921,102,20,2026-05-21 21:21:00,100.0,80.0
1922,101,20,2026-05-22 07:36:00,87.5,80.0
1923,102,68,2026-05-22 21:38:00,100.0,80.0
1924,101,70,2026-05-23 09:54:00,100.0,80.0
1925,102,70,2026-05-23 23:02:00,87.5,80.0
1926,101,69,2026-05-24 07:31:00,100.0,80.0
1927,102,70,2026-05-24 22:28:00,100.0,80.0
1928,101,69,2026-05-25 09:19:00,100.0,80.0
1929,102,68,2026-05-25 21:23:00,87.5,80.0
1930,101,68,2026-05-26 07:28:00,100.0,80.0
1931,102,69,2026-05-26 22:57:00,100.0,80.0
1932,101,20,2026-05-27 08:59:00,87.5,80.0
1933,101,70,2026-05-28 09:55:00,100.0,80.0
1934,102,68,2026-05-28 22:09:00,100.0,80.0
1935,101,69,2026-05-29 09:08:00,100.0,80.0
1936,102,20,2026-05-29 23:02:00,100.0,80.0
1937,101,68,2026-05-30 09:55:00,100.0,80.0
1938,102,68,2026-06-01 21:19:00,100.0,80.0
1939,101,20,2026-06-02 07:21:00,100.0,80.0
1940,102,70,2026-06-02 21:06:00,100.0,80.0
1941,101,70,2026-06-03 09:48:00,100.0,80.0
1942,102,69,2026-06-03 23:57:00,100.0,80.0
1943,101,70,2026-06-04 07:12:00,100.0,80.0
1944,102,70,2026-06-04 22:34:00,100.0,80.0
1945,101,70,2026-06-05 09:07:00,100.0,80.0
1946,102,70,2026-06-05 21:10:00,100.0,80.0
1947,101,68,2026-06-06 07:39:00,100.0,80.0
1948,102,70,2026-06-06 21:34:00,100.0,80.0
1949,101,69,2026-06-07 08:17:00,100.0,80.0
1950,102,70,2026-06-07 23:51:00,100.0,80.0
1951,101,68,2026-06-08 07:10:00,87.5,80.0
1952,102,70,2026-06-08 22:39:00,100.0,80.0
1953,101,69,2026-06-09 08:03:00,100.0,80.0
1954,102,68,2026-06-09 21:30:00,87.5,80.0
1955,101,68,2026-06-10 08:03:00,100.0,80.0
1956,102,69,2026-06-10 22:25:00,100.0,80.0
1957,101,20,2026-06-11 09:40:00,100.0,80.0
1958,102,70,2026-06-11 23:22:00,100.0,80.0
1959,102,68,2026-06-12 21:45:00,100.0,80.0
1960,101,68,2026-06-13 09:08:00,87.5,80.0
1961,102,68,2026-06-13 23:29:00,87.5,80.0
1962,101,20,2026-06-14 08:43:00,87.5,80.0
1963,102,69,2026-06-14 22:14:00,100.0,80.0
1964,101,70,2026-06-15 09:16:00,100.0,80.0
1965,102,70,2026-06-15 22:11:00,87.5,80.0
1966,101,68,2026-06-16 08:31:00,100.0,80.0
1967,102,68,2026-06-16 21:30:00,87.5,80.0
1968,101,69,2026-06-17 08:29:00,100.0,80.0
1969,101,70,2026-06-18 08:49:00,100.0,80.0
1970,102,69,2026-06-18 23:36:00,100.0,80.0
1971,101,68,2026-06-19 07:25:00,100.0,80.0
1972,102,68,2026-06-19 22:35:00,100.0,80.0
1973,101,20,2026-06-20 09:29:00,100.0,80.0
1974,102,69,2026-06-20 23:26:00,100.0,80.0
1975,101,69,2026-06-21 07:35:00,100.0,80.0
1976,102,68,2026-06-21 22:24:00,100.0,80.0
1977,101,20,2026-06-22 07:52:00,87.5,80.0
1978,102,70,2026-06-23 22:36:00,87.5,80.0
1979,101,69,2026-06-24 09:15:00,100.0,80.0
1980,102,68,2026-06-24 23:42:00,100.0,80.0
1981,101,20,2026-06-25 08:07:00,75.0,80.0
1982,102,68,2026-06-25 22:35:00,100.0,80.0
1983,101,20,2026-06-26 07:19:00,75.0,80.0
1984,102,68,2026-06-26 21:38:00,87.5,80.0
1985,101,20,2026-06-27 08:20:00,87.5,80.0
1986,102,68,2026-06-27 23:42:00,87.5,80.0
1987,101,69,2026-06-28 07:52:00,75.0,80.0
1988,102,68,2026-06-28 23:57:00,100.0,80.0
1989,101,20,2026-06-29 09:09:00,87.5,80.0
1990,102,20,2026-06-29 23:18:00,100.0,80.0
1991,101,69,2026-06-30 09:28:00,100.0,80.0
1992,102,70,2026-06-30 21:43:00,87.5,80.0
1993,101,70,2026-07-01 09:50:00,87.5,80.0
1994,102,70,2026-07-01 22:45:00,87.5,80.0
1995,101,20,2026-07-02 09:00:00,100.0,80.0
1996,102,70,2026-07-02 21:54:00,100.0,80.0
1997,101,68,2026-07-03 08:57:00,87.5,80.0
1998,101,70,2026-07-04 07:45:00,75.0,80.0
1999,102,70,2026-07-04 21:55:00,100.0,80.0
2000,101,20,2026-07-05 07:27:00,87.5,80.0
2001,102,20,2026-07-05 23:20:00,100.0,80.0
2002,101,69,2026-07-06 08:27:00,100.0,80.0
2003,102,20,2026-07-06 23:11:00,100.0,80.0
2004,101,20,2026-07-07 07:35:00,100.0,80.0
2005,102,20,2026-07-07 22:53:00,100.0,80.0
2006,101,69,2026-07-08 08:55:00,100.0,80.0
2007,102,68,2026-07-08 21:00:00,87.5,80.0
2008,102,20,2026-07-09 21:46:00,100.0,80.0
2009,101,69,2026-07-10 07:05:00,100.0,80.0
2010,102,20,2026-07-10 23:51:00,100.0,80.0
2011,101,20,2026-07-11 09:38:00,87.5,80.0
2012,102,20,2026-07-11 23:11:00,87.5,80.0
2013,101,20,2026-07-12 08:35:00,100.0,80.0
2014,102,69,2026-07-12 22:22:00,75.0,80.0
2015,101,68,2026-07-13 08:38:00,100.0,80.0
2016,102,69,2026-07-13 23:31:00,100.0,80.0
2017,101,70,2026-07-14 08:26:00,87.5,80.0
2018,102,20,2026-07-14 21:02:00,100.0,80.0
2019,101,20,2026-07-15 07:37:00,87.5,80.0
2020,102,69,2026-07-15 23:05:00,87.5,80.0
2021,101,68,2026-07-16 08:29:00,87.5,80.0
2022,102,68,2026-07-16 23:56:00,100.0,80.0
2023,101,68,2026-07-17 08:40:00,87.5,80.0
2024,102,70,2026-07-17 23:40:00,100.0,80.0
2025,101,70,2026-07-18 07:57:00,100.0,80.0
2026,102,68,2026-07-18 23:49:00,100.0,80.0
2027,101,20,2026-07-19 08:32:00,100.0,80.0
2028,102,70,2026-07-19 23:46:00,100.0,80.0
2029,101,70,2026-07-20 08:51:00,100.0,80.0
2030,101,68,2026-07-21 08:10:00,100.0,80.0
2031,102,70,2026-07-21 23:59:00,87.5,80.0
2032,101,20,2026-07-22 08:03:00,87.5,80.0
2033,102,68,2026-07-22 23:10:00,100.0,80.0
2034,101,68,2026-07-23 09:39:00,75.0,80.0
2035,102,68,2026-07-23 22:31:00,100.0,80.0
2036,101,70,2026-07-24 09:04:00,87.5,80.0
2037,102,70,2026-07-24 22:08:00,87.5,80.0
2038,101,68,2026-07-25 08:00:00,87.5,80.0
2039,102,69,2026-07-25 23:11:00,100.0,80.0
2040,101,69,2026-07-26 08:51:00,87.5,80.0
2041,102,69,2026-07-26 22:50:00,100.0,80.0
2042,102,68,2026-07-27 21:51:00,100.0,80.0
2043,101,69,2026-07-28 07:09:00,87.5,80.0
2044,102,20,2026-07-28 22:48:00,100.0,80.0
2045,101,20,2026-07-29 07:42:00,100.0,80.0
2046,102,69,2026-07-29 23:40:00,87.5,80.0
2047,102,70,2026-07-30 23:46:00,100.0,80.0
2048,101,68,2026-07-31 09:16:00,100.0,80.0
2049,102,20,2026-07-31 21:10:00,87.5,80.0
2050,101,20,2026-08-01 08:19:00,100.0,80.0
2051,102,69,2026-08-01 23:48:00,100.0,80.0
2052,101,20,2026-08-02 09:45:00,87.5,80.0
2053,102,69,2026-08-02 22:16:00,100.0,80.0
2054,101,70,2026-08-03 08:00:00,100.0,80.0
2055,102,70,2026-08-03 22:24:00,100.0,80.0
2056,101,68,2026-08-04 09:02:00,75.0,80.0
2057,102,70,2026-08-04 23:40:00,100.0,80.0
2058,101,70,2026-08-05 09:58:00,100.0,80.0
2059,102,70,2026-08-05 22:17:00,100.0,80.0
2060,101,20,2026-08-06 08:41:00,87.5,80.0
2061,101,69,2026-08-07 08:49:00,87.5,80.0
2062,102,69,2026-08-07 23:43:00,100.0,80.0
2063,101,69,2026-08-08 08:43:00,100.0,80.0
2064,102,68,2026-08-08 22:35:00,87.5,80.0
2065,101,20,2026-08-09 07:00:00,100.0,80.0
2066,102,68,2026-08-09 21:33:00,87.5,80.0
2067,101,70,2026-08-10 08:14:00,100.0,80.0
2068,102,68,2026-08-10 22:12:00,100.0,80.0
2069,102,68,2026-08-11 23:05:00,100.0,80.0
2070,101,69,2026-08-12 09:57:00,100.0,80.0
2071,102,68,2026-08-12 23:40:00,87.5,80.0
2072,101,69,2026-08-13 07:54:00,87.5,80.0
2073,102,69,2026-08-13 22:42:00,100.0,80.0
2074,101,70,2026-08-14 09:11:00,87.5,80.0
2075,101,68,2026-08-15 08:29:00,100.0,80.0
2076,102,70,2026-08-15 23:29:00,100.0,80.0
2077,101,70,2026-08-16 09:57:00,100.0,80.0
2078,102,68,2026-08-16 22:10:00,87.5,80.0
2079,101,20,2026-08-17 07:24:00,100.0,80.0
2080,102,70,2026-08-17 22:03:00,100.0,80.0
2081,101,71,2026-05-19 07:28:00,75.0,80.0
2082,102,72,2026-05-19 22:59:00,87.5,80.0
2083,101,21,2026-05-21 08:11:00,75.0,80.0
2084,101,21,2026-05-22 07:09:00,75.0,80.0
2085,102,71,2026-05-22 21:39:00,87.5,80.0
2086,101,71,2026-05-24 09:16:00,87.5,80.0
2087,102,71,2026-05-24 21:04:00,87.5,80.0
2088,101,21,2026-05-25 09:16:00,75.0,80.0
2089,102,21,2026-05-25 21:57:00,100.0,80.0
2090,101,71,2026-05-26 09:40:00,62.5,80.0
2091,102,21,2026-05-26 21:42:00,87.5,80.0
2092,102,73,2026-05-28 21:44:00,87.5,80.0
2093,101,21,2026-05-30 09:00:00,62.5,80.0
2094,101,21,2026-05-31 08:27:00,75.0,80.0
2095,101,71,2026-06-01 09:49:00,62.5,80.0
2096,102,71,2026-06-01 23:14:00,75.0,80.0
2097,101,21,2026-06-02 09:52:00,100.0,80.0
2098,101,73,2026-06-03 07:36:00,87.5,80.0
2099,102,73,2026-06-03 22:43:00,62.5,80.0
2100,102,71,2026-06-04 21:40:00,75.0,80.0
2101,101,73,2026-06-05 09:54:00,100.0,80.0
2102,102,21,2026-06-05 21:53:00,75.0,80.0
2103,101,72,2026-06-08 09:12:00,87.5,80.0
2104,102,21,2026-06-08 23:02:00,75.0,80.0
2105,101,21,2026-06-09 08:44:00,100.0,80.0
2106,101,73,2026-06-10 07:40:00,62.5,80.0
2107,102,21,2026-06-11 22:05:00,100.0,80.0
2108,101,72,2026-06-12 07:02:00,62.5,80.0
2109,102,72,2026-06-12 21:46:00,87.5,80.0
2110,101,73,2026-06-13 08:04:00,75.0,80.0
2111,102,21,2026-06-13 22:34:00,75.0,80.0
2112,102,71,2026-06-15 21:21:00,100.0,80.0
2113,102,21,2026-06-17 23:02:00,100.0,80.0
2114,101,21,2026-06-19 07:51:00,87.5,80.0
2115,101,72,2026-06-20 09:55:00,100.0,80.0
2116,101,72,2026-06-23 09:37:00,100.0,80.0
2117,102,72,2026-06-23 21:02:00,87.5,80.0
2118,101,21,2026-06-24 09:01:00,100.0,80.0
2119,102,72,2026-06-24 23:02:00,75.0,80.0
2120,101,71,2026-06-25 07:11:00,87.5,80.0
2121,101,71,2026-06-26 08:52:00,100.0,80.0
2122,101,72,2026-06-27 08:39:00,87.5,80.0
2123,102,71,2026-06-28 23:04:00,62.5,80.0
2124,101,72,2026-06-29 08:38:00,87.5,80.0
2125,102,72,2026-06-29 21:51:00,100.0,80.0
2126,101,21,2026-06-30 08:51:00,100.0,80.0
2127,102,72,2026-06-30 22:07:00,100.0,80.0
2128,101,71,2026-07-01 07:48:00,75.0,80.0
2129,102,73,2026-07-01 23:11:00,87.5,80.0
2130,101,72,2026-07-02 07:17:00,62.5,80.0
2131,101,73,2026-07-03 08:10:00,87.5,80.0
2132,102,21,2026-07-03 23:10:00,87.5,80.0
2133,101,72,2026-07-04 09:02:00,87.5,80.0
2134,102,21,2026-07-04 21:50:00,87.5,80.0
2135,102,21,2026-07-05 21:56:00,87.5,80.0
2136,102,72,2026-07-06 21:00:00,100.0,80.0
2137,101,73,2026-07-07 09:41:00,62.5,80.0
2138,102,21,2026-07-07 22:44:00,87.5,80.0
2139,101,73,2026-07-08 07:09:00,62.5,80.0
2140,102,21,2026-07-08 23:28:00,100.0,80.0
2141,102,71,2026-07-12 21:39:00,87.5,80.0
2142,101,21,2026-07-13 07:45:00,100.0,80.0
2143,102,73,2026-07-14 23:05:00,75.0,80.0
2144,101,72,2026-07-15 08:00:00,75.0,80.0
2145,102,71,2026-07-15 21:07:00,100.0,80.0
2146,101,72,2026-07-16 08:55:00,75.0,80.0
2147,102,72,2026-07-16 22:49:00,100.0,80.0
2148,102,71,2026-07-17 21:12:00,87.5,80.0
2149,101,21,2026-07-18 09:54:00,87.5,80.0
2150,102,72,2026-07-18 22:11:00,62.5,80.0
2151,101,73,2026-07-19 07:41:00,87.5,80.0
2152,102,21,2026-07-19 22:13:00,100.0,80.0
2153,102,21,2026-07-20 22:39:00,75.0,80.0
2154,101,71,2026-07-21 07:47:00,75.0,80.0
2155,102,72,2026-07-21 23:11:00,87.5,80.0
2156,102,71,2026-07-22 22:32:00,75.0,80.0
2157,101,21,2026-07-23 07:46:00,87.5,80.0
2158,102,73,2026-07-23 23:37:00,100.0,80.0
2159,101,73,2026-07-24 07:47:00,100.0,80.0
2160,102,71,2026-07-24 21:49:00,75.0,80.0
2161,101,72,2026-07-25 07:06:00,87.5,80.0
2162,101,72,2026-07-28 09:26:00,62.5,80.0
2163,102,72,2026-07-28 22:57:00,75.0,80.0
2164,101,21,2026-07-29 08:37:00,87.5,80.0
2165,102,21,2026-07-29 21:56:00,87.5,80.0
2166,101,21,2026-07-30 07:59:00,62.5,80.0
2167,102,73,2026-07-30 21:24:00,75.0,80.0
2168,102,72,2026-07-31 22:46:00,100.0,80.0
2169,102,73,2026-08-01 22:12:00,87.5,80.0
2170,101,71,2026-08-02 07:44:00,75.0,80.0
2171,102,71,2026-08-02 22:08:00,100.0,80.0
2172,101,72,2026-08-03 08:26:00,87.5,80.0
2173,102,73,2026-08-03 22:14:00,87.5,80.0
2174,101,72,2026-08-04 07:50:00,87.5,80.0
2175,101,72,2026-08-05 09:35:00,87.5,80.0
2176,102,21,2026-08-05 21:26:00,87.5,80.0
2177,102,21,2026-08-06 23:30:00,100.0,80.0
2178,101,21,2026-08-07 07:46:00,100.0,80.0
2179,102,72,2026-08-07 23:55:00,100.0,80.0
2180,101,72,2026-08-08 08:27:00,100.0,80.0
2181,102,71,2026-08-08 23:09:00,50.0,80.0
2182,101,21,2026-08-09 07:02:00,87.5,80.0
2183,102,71,2026-08-09 23:49:00,100.0,80.0
2184,101,21,2026-08-10 09:25:00,87.5,80.0
2185,102,71,2026-08-10 23:52:00,62.5,80.0
2186,101,71,2026-08-11 08:15:00,100.0,80.0
2187,102,71,2026-08-11 23:48:00,100.0,80.0
2188,102,73,2026-08-12 21:08:00,62.5,80.0
2189,101,71,2026-08-13 07:41:00,87.5,80.0
2190,102,73,2026-08-13 21:30:00,87.5,80.0
2191,101,71,2026-08-14 09:29:00,100.0,80.0
2192,102,72,2026-08-14 22:29:00,87.5,80.0
2193,101,73,2026-08-15 07:50:00,50.0,80.0
2194,102,71,2026-08-15 23:29:00,75.0,80.0
2195,101,73,2026-08-16 08:57:00,100.0,80.0
2196,102,73,2026-08-16 23:02:00,87.5,80.0
2197,101,72,2026-08-17 08:44:00,62.5,80.0
2198,102,73,2026-08-17 23:05:00,50.0,80.0
2199,101,76,2026-05-19 09:58:00,100.0,80.0
2200,102,22,2026-05-19 21:07:00,100.0,80.0
2201,101,74,2026-05-20 08:39:00,100.0,80.0
2202,102,75,2026-05-20 22:23:00,100.0,80.0
2203,101,75,2026-05-21 09:04:00,87.5,80.0
2204,101,75,2026-05-22 07:21:00,87.5,80.0
2205,101,22,2026-05-23 09:07:00,87.5,80.0
2206,102,75,2026-05-23 23:48:00,87.5,80.0
2207,101,76,2026-05-24 08:22:00,100.0,80.0
2208,102,22,2026-05-24 23:43:00,87.5,80.0
2209,101,76,2026-05-25 07:04:00,100.0,80.0
2210,102,22,2026-05-25 22:28:00,100.0,80.0
2211,101,74,2026-05-26 09:53:00,87.5,80.0
2212,102,76,2026-05-26 22:45:00,100.0,80.0
2213,101,74,2026-05-27 09:23:00,87.5,80.0
2214,102,22,2026-05-27 21:57:00,100.0,80.0
2215,101,75,2026-05-28 07:25:00,100.0,80.0
2216,102,74,2026-05-28 22:04:00,100.0,80.0
2217,101,75,2026-05-29 08:07:00,100.0,80.0
2218,102,75,2026-05-29 22:09:00,100.0,80.0
2219,101,76,2026-05-30 09:01:00,87.5,80.0
2220,102,75,2026-05-30 22:43:00,87.5,80.0
2221,101,22,2026-05-31 08:26:00,100.0,80.0
2222,102,74,2026-05-31 23:41:00,100.0,80.0
2223,101,74,2026-06-01 07:04:00,100.0,80.0
2224,101,76,2026-06-02 07:53:00,100.0,80.0
2225,102,76,2026-06-02 22:37:00,87.5,80.0
2226,101,22,2026-06-03 08:37:00,87.5,80.0
2227,102,75,2026-06-03 22:19:00,87.5,80.0
2228,101,76,2026-06-04 07:50:00,87.5,80.0
2229,102,76,2026-06-04 21:30:00,100.0,80.0
2230,102,76,2026-06-05 21:09:00,100.0,80.0
2231,102,75,2026-06-06 22:10:00,100.0,80.0
2232,101,75,2026-06-07 08:11:00,100.0,80.0
2233,101,75,2026-06-08 09:44:00,87.5,80.0
2234,102,74,2026-06-08 21:15:00,87.5,80.0
2235,101,75,2026-06-09 08:36:00,100.0,80.0
2236,102,76,2026-06-09 22:16:00,100.0,80.0
2237,101,74,2026-06-10 07:35:00,100.0,80.0
2238,102,76,2026-06-10 23:20:00,100.0,80.0
2239,101,75,2026-06-11 08:28:00,87.5,80.0
2240,102,74,2026-06-11 23:19:00,100.0,80.0
2241,101,22,2026-06-12 08:59:00,87.5,80.0
2242,102,76,2026-06-12 21:29:00,87.5,80.0
2243,101,76,2026-06-13 07:47:00,100.0,80.0
2244,102,76,2026-06-13 23:45:00,87.5,80.0
2245,101,75,2026-06-14 08:48:00,100.0,80.0
2246,102,22,2026-06-14 23:46:00,100.0,80.0
2247,101,22,2026-06-15 09:07:00,100.0,80.0
2248,102,74,2026-06-15 21:08:00,100.0,80.0
2249,102,75,2026-06-16 21:25:00,100.0,80.0
2250,101,76,2026-06-17 08:05:00,87.5,80.0
2251,102,75,2026-06-17 21:38:00,87.5,80.0
2252,101,76,2026-06-18 09:14:00,75.0,80.0
2253,102,74,2026-06-18 21:01:00,100.0,80.0
2254,101,74,2026-06-19 08:43:00,100.0,80.0
2255,102,75,2026-06-19 23:25:00,87.5,80.0
2256,102,74,2026-06-20 22:38:00,100.0,80.0
2257,101,22,2026-06-21 08:09:00,100.0,80.0
2258,102,76,2026-06-21 22:24:00,100.0,80.0
2259,101,76,2026-06-22 08:22:00,87.5,80.0
2260,102,74,2026-06-22 22:28:00,100.0,80.0
2261,101,22,2026-06-23 09:56:00,87.5,80.0
2262,102,22,2026-06-23 23:26:00,100.0,80.0
2263,101,22,2026-06-24 07:51:00,87.5,80.0
2264,102,22,2026-06-24 23:57:00,100.0,80.0
2265,101,74,2026-06-25 09:38:00,100.0,80.0
2266,102,76,2026-06-25 21:13:00,87.5,80.0
2267,101,74,2026-06-26 09:21:00,100.0,80.0
2268,102,22,2026-06-26 23:48:00,75.0,80.0
2269,101,76,2026-06-27 07:26:00,100.0,80.0
2270,102,22,2026-06-27 22:11:00,87.5,80.0
2271,102,75,2026-06-28 21:12:00,100.0,80.0
2272,102,22,2026-06-29 22:35:00,87.5,80.0
2273,101,76,2026-06-30 08:53:00,100.0,80.0
2274,101,22,2026-07-01 08:35:00,100.0,80.0
2275,102,74,2026-07-01 21:01:00,100.0,80.0
2276,101,22,2026-07-02 08:19:00,100.0,80.0
2277,102,76,2026-07-02 21:41:00,100.0,80.0
2278,101,75,2026-07-03 07:31:00,87.5,80.0
2279,102,76,2026-07-03 21:07:00,100.0,80.0
2280,101,76,2026-07-04 07:38:00,100.0,80.0
2281,101,22,2026-07-05 09:30:00,100.0,80.0
2282,102,22,2026-07-05 22:40:00,100.0,80.0
2283,101,74,2026-07-06 08:32:00,100.0,80.0
2284,102,74,2026-07-06 22:10:00,87.5,80.0
2285,101,75,2026-07-07 08:29:00,100.0,80.0
2286,102,74,2026-07-07 22:10:00,100.0,80.0
2287,101,76,2026-07-08 08:26:00,87.5,80.0
2288,102,76,2026-07-08 21:18:00,100.0,80.0
2289,101,74,2026-07-09 09:59:00,87.5,80.0
2290,102,75,2026-07-09 23:12:00,100.0,80.0
2291,101,75,2026-07-10 09:48:00,87.5,80.0
2292,102,76,2026-07-10 23:20:00,100.0,80.0
2293,101,76,2026-07-11 08:43:00,87.5,80.0
2294,102,76,2026-07-11 21:34:00,75.0,80.0
2295,101,76,2026-07-12 07:08:00,100.0,80.0
2296,102,22,2026-07-12 22:49:00,87.5,80.0
2297,101,75,2026-07-13 08:58:00,100.0,80.0
2298,102,75,2026-07-13 21:13:00,100.0,80.0
2299,101,75,2026-07-14 07:53:00,100.0,80.0
2300,102,74,2026-07-14 23:39:00,87.5,80.0
2301,101,74,2026-07-15 08:58:00,100.0,80.0
2302,102,75,2026-07-15 21:52:00,75.0,80.0
2303,101,76,2026-07-16 08:22:00,100.0,80.0
2304,102,75,2026-07-16 23:23:00,100.0,80.0
2305,101,76,2026-07-17 09:33:00,100.0,80.0
2306,102,76,2026-07-17 21:45:00,100.0,80.0
2307,101,74,2026-07-18 09:52:00,100.0,80.0
2308,102,75,2026-07-18 21:08:00,100.0,80.0
2309,101,75,2026-07-19 08:08:00,87.5,80.0
2310,102,22,2026-07-19 21:05:00,100.0,80.0
2311,101,22,2026-07-20 07:01:00,62.5,80.0
2312,102,75,2026-07-20 22:02:00,100.0,80.0
2313,101,74,2026-07-22 07:50:00,100.0,80.0
2314,102,76,2026-07-22 22:07:00,87.5,80.0
2315,101,74,2026-07-23 07:19:00,87.5,80.0
2316,102,74,2026-07-23 21:50:00,100.0,80.0
2317,101,75,2026-07-24 07:37:00,87.5,80.0
2318,102,76,2026-07-24 21:42:00,87.5,80.0
2319,101,76,2026-07-25 07:09:00,75.0,80.0
2320,102,76,2026-07-25 23:22:00,100.0,80.0
2321,101,75,2026-07-26 09:49:00,87.5,80.0
2322,102,74,2026-07-26 23:36:00,87.5,80.0
2323,101,74,2026-07-27 09:48:00,100.0,80.0
2324,102,75,2026-07-27 23:13:00,100.0,80.0
2325,101,74,2026-07-28 07:57:00,100.0,80.0
2326,102,75,2026-07-28 23:06:00,100.0,80.0
2327,101,76,2026-07-29 09:30:00,75.0,80.0
2328,101,75,2026-07-30 09:37:00,75.0,80.0
2329,102,74,2026-07-30 22:43:00,100.0,80.0
2330,101,22,2026-07-31 08:24:00,75.0,80.0
2331,102,75,2026-07-31 21:32:00,100.0,80.0
2332,101,76,2026-08-01 07:48:00,75.0,80.0
2333,102,74,2026-08-01 21:29:00,100.0,80.0
2334,101,76,2026-08-02 07:31:00,100.0,80.0
2335,102,74,2026-08-02 23:18:00,100.0,80.0
2336,101,74,2026-08-03 08:31:00,100.0,80.0
2337,102,22,2026-08-03 22:18:00,100.0,80.0
2338,101,22,2026-08-04 09:19:00,75.0,80.0
2339,102,22,2026-08-04 21:35:00,87.5,80.0
2340,101,74,2026-08-05 08:12:00,87.5,80.0
2341,102,76,2026-08-05 22:43:00,100.0,80.0
2342,102,22,2026-08-06 21:43:00,100.0,80.0
2343,101,74,2026-08-07 08:28:00,62.5,80.0
2344,102,22,2026-08-07 21:09:00,100.0,80.0
2345,101,74,2026-08-08 09:37:00,100.0,80.0
2346,102,75,2026-08-08 23:59:00,100.0,80.0
2347,101,76,2026-08-09 08:12:00,87.5,80.0
2348,102,22,2026-08-09 21:38:00,100.0,80.0
2349,101,22,2026-08-10 07:53:00,87.5,80.0
2350,102,76,2026-08-10 23:31:00,100.0,80.0
2351,101,22,2026-08-11 09:17:00,87.5,80.0
2352,102,22,2026-08-11 22:30:00,100.0,80.0
2353,101,75,2026-08-12 09:17:00,87.5,80.0
2354,102,74,2026-08-12 22:06:00,87.5,80.0
2355,101,75,2026-08-13 08:31:00,75.0,80.0
2356,102,74,2026-08-13 23:08:00,100.0,80.0
2357,102,74,2026-08-14 23:03:00,100.0,80.0
2358,101,75,2026-08-15 09:01:00,75.0,80.0
2359,102,76,2026-08-15 22:38:00,100.0,80.0
2360,101,74,2026-08-16 08:39:00,100.0,80.0
2361,102,22,2026-08-16 21:42:00,100.0,80.0
2362,101,22,2026-08-17 07:18:00,100.0,80.0
2363,102,76,2026-08-17 22:32:00,100.0,80.0
2364,102,77,2026-05-19 22:51:00,75.0,80.0
2365,101,77,2026-05-20 08:56:00,62.5,80.0
2366,102,79,2026-05-20 22:28:00,100.0,80.0
2367,101,77,2026-05-21 08:29:00,75.0,80.0
2368,102,79,2026-05-21 21:11:00,62.5,80.0
2369,101,78,2026-05-22 08:27:00,87.5,80.0
2370,102,23,2026-05-22 22:45:00,87.5,80.0
2371,101,23,2026-05-23 07:36:00,87.5,80.0
2372,101,23,2026-05-24 09:35:00,100.0,80.0
2373,102,78,2026-05-25 22:35:00,75.0,80.0
2374,101,79,2026-05-26 07:25:00,75.0,80.0
2375,102,23,2026-05-26 22:37:00,75.0,80.0
2376,102,79,2026-05-27 23:22:00,87.5,80.0
2377,101,77,2026-05-28 07:01:00,87.5,80.0
2378,102,79,2026-05-28 21:53:00,100.0,80.0
2379,102,77,2026-05-29 23:37:00,87.5,80.0
2380,101,23,2026-05-30 08:06:00,75.0,80.0
2381,102,23,2026-05-30 22:22:00,100.0,80.0
2382,102,78,2026-05-31 21:42:00,75.0,80.0
2383,101,79,2026-06-01 07:41:00,87.5,80.0
2384,102,77,2026-06-01 23:05:00,62.5,80.0
2385,101,78,2026-06-02 07:21:00,75.0,80.0
2386,102,79,2026-06-02 21:34:00,100.0,80.0
2387,102,23,2026-06-03 22:42:00,87.5,80.0
2388,102,23,2026-06-05 23:57:00,75.0,80.0
2389,101,23,2026-06-08 07:44:00,87.5,80.0
2390,101,79,2026-06-09 09:01:00,87.5,80.0
2391,102,23,2026-06-10 22:36:00,100.0,80.0
2392,102,23,2026-06-11 23:06:00,87.5,80.0
2393,101,78,2026-06-12 09:43:00,87.5,80.0
2394,102,79,2026-06-12 22:31:00,87.5,80.0
2395,101,79,2026-06-13 09:19:00,100.0,80.0
2396,102,23,2026-06-13 22:12:00,75.0,80.0
2397,101,79,2026-06-14 09:13:00,87.5,80.0
2398,101,79,2026-06-15 08:03:00,62.5,80.0
2399,102,78,2026-06-15 23:25:00,87.5,80.0
2400,101,77,2026-06-16 09:05:00,87.5,80.0
2401,102,79,2026-06-16 23:21:00,75.0,80.0
2402,101,23,2026-06-17 09:51:00,87.5,80.0
2403,101,79,2026-06-18 08:13:00,62.5,80.0
2404,102,79,2026-06-19 21:41:00,75.0,80.0
2405,101,79,2026-06-21 08:27:00,62.5,80.0
2406,101,23,2026-06-22 07:26:00,87.5,80.0
2407,102,23,2026-06-22 22:39:00,50.0,80.0
2408,102,77,2026-06-24 21:56:00,87.5,80.0
2409,101,23,2026-06-25 07:36:00,50.0,80.0
2410,101,23,2026-06-26 07:42:00,87.5,80.0
2411,102,23,2026-06-26 22:59:00,75.0,80.0
2412,101,77,2026-06-27 09:40:00,87.5,80.0
2413,102,79,2026-06-28 23:12:00,75.0,80.0
2414,101,78,2026-06-29 07:15:00,87.5,80.0
2415,102,79,2026-06-29 23:43:00,62.5,80.0
2416,101,77,2026-06-30 08:20:00,75.0,80.0
2417,102,23,2026-07-01 23:13:00,75.0,80.0
2418,101,78,2026-07-02 08:41:00,87.5,80.0
2419,101,78,2026-07-03 08:43:00,75.0,80.0
2420,102,77,2026-07-03 22:15:00,62.5,80.0
2421,101,78,2026-07-04 07:01:00,37.5,80.0
2422,102,23,2026-07-04 22:29:00,75.0,80.0
2423,102,77,2026-07-05 22:27:00,75.0,80.0
2424,101,78,2026-07-06 07:17:00,75.0,80.0
2425,102,79,2026-07-06 21:16:00,75.0,80.0
2426,101,77,2026-07-08 07:41:00,87.5,80.0
2427,102,77,2026-07-08 23:31:00,75.0,80.0
2428,101,79,2026-07-09 07:20:00,87.5,80.0
2429,102,23,2026-07-09 21:57:00,87.5,80.0
2430,101,77,2026-07-10 09:42:00,62.5,80.0
2431,101,78,2026-07-11 08:53:00,87.5,80.0
2432,101,77,2026-07-12 07:07:00,87.5,80.0
2433,102,79,2026-07-12 23:42:00,87.5,80.0
2434,101,77,2026-07-13 07:15:00,62.5,80.0
2435,102,23,2026-07-13 22:21:00,100.0,80.0
2436,101,78,2026-07-14 08:13:00,87.5,80.0
2437,102,78,2026-07-14 21:11:00,75.0,80.0
2438,102,79,2026-07-15 22:26:00,62.5,80.0
2439,102,79,2026-07-16 21:31:00,62.5,80.0
2440,101,23,2026-07-17 08:34:00,75.0,80.0
2441,102,78,2026-07-17 22:43:00,87.5,80.0
2442,101,23,2026-07-18 07:23:00,100.0,80.0
2443,102,79,2026-07-18 23:23:00,87.5,80.0
2444,102,77,2026-07-20 23:57:00,75.0,80.0
2445,102,78,2026-07-21 23:58:00,100.0,80.0
2446,102,79,2026-07-23 23:24:00,75.0,80.0
2447,101,78,2026-07-24 09:07:00,75.0,80.0
2448,102,77,2026-07-24 22:24:00,62.5,80.0
2449,101,77,2026-07-25 08:19:00,62.5,80.0
2450,102,78,2026-07-25 21:19:00,75.0,80.0
2451,101,79,2026-07-26 08:40:00,75.0,80.0
2452,102,77,2026-07-26 23:26:00,62.5,80.0
2453,101,23,2026-07-27 07:52:00,100.0,80.0
2454,102,23,2026-07-28 22:47:00,87.5,80.0
2455,101,77,2026-07-29 09:27:00,50.0,80.0
2456,102,79,2026-07-29 21:44:00,100.0,80.0
2457,102,23,2026-07-30 21:22:00,75.0,80.0
2458,102,79,2026-07-31 23:52:00,62.5,80.0
2459,101,77,2026-08-01 09:01:00,62.5,80.0
2460,102,78,2026-08-01 23:41:00,87.5,80.0
2461,102,77,2026-08-02 23:08:00,75.0,80.0
2462,101,79,2026-08-03 07:40:00,87.5,80.0
2463,102,77,2026-08-03 22:36:00,62.5,80.0
2464,101,78,2026-08-05 07:15:00,75.0,80.0
2465,102,23,2026-08-05 23:43:00,87.5,80.0
2466,101,78,2026-08-06 08:30:00,100.0,80.0
2467,102,79,2026-08-06 22:11:00,75.0,80.0
2468,101,23,2026-08-07 07:05:00,87.5,80.0
2469,101,23,2026-08-09 08:11:00,87.5,80.0
2470,102,78,2026-08-09 22:53:00,62.5,80.0
2471,102,78,2026-08-11 21:59:00,100.0,80.0
2472,101,79,2026-08-12 08:12:00,50.0,80.0
2473,102,78,2026-08-12 23:54:00,87.5,80.0
2474,102,23,2026-08-13 22:39:00,100.0,80.0
2475,101,77,2026-08-14 08:09:00,62.5,80.0
2476,102,77,2026-08-14 22:10:00,100.0,80.0
2477,102,23,2026-08-15 23:33:00,100.0,80.0
2478,101,77,2026-08-16 09:31:00,87.5,80.0
2479,102,78,2026-08-16 21:45:00,62.5,80.0
2480,101,23,2026-08-17 08:18:00,50.0,80.0
2481,102,23,2026-08-17 22:08:00,100.0,80.0
2482,101,82,2026-05-19 09:13:00,62.5,80.0
2483,101,81,2026-05-20 09:43:00,50.0,80.0
2484,101,24,2026-05-21 08:11:00,75.0,80.0
2485,101,82,2026-05-25 07:01:00,62.5,80.0
2486,102,24,2026-05-25 22:15:00,87.5,80.0
2487,101,24,2026-05-26 08:37:00,87.5,80.0
2488,102,24,2026-05-28 21:00:00,62.5,80.0
2489,101,24,2026-05-29 08:44:00,50.0,80.0
2490,102,24,2026-05-30 23:13:00,87.5,80.0
2491,101,82,2026-05-31 09:38:00,62.5,80.0
2492,101,80,2026-06-02 07:06:00,87.5,80.0
2493,102,81,2026-06-02 21:21:00,62.5,80.0
2494,101,80,2026-06-04 08:38:00,62.5,80.0
2495,102,24,2026-06-04 21:16:00,75.0,80.0
2496,102,82,2026-06-05 22:42:00,87.5,80.0
2497,101,81,2026-06-06 09:02:00,62.5,80.0
2498,101,24,2026-06-08 08:10:00,62.5,80.0
2499,101,24,2026-06-09 08:56:00,50.0,80.0
2500,101,82,2026-06-10 07:05:00,50.0,80.0
2501,101,24,2026-06-11 09:33:00,75.0,80.0
2502,101,80,2026-06-12 07:16:00,75.0,80.0
2503,101,81,2026-06-13 08:02:00,50.0,80.0
2504,101,82,2026-06-16 08:55:00,75.0,80.0
2505,102,24,2026-06-17 23:23:00,75.0,80.0
2506,102,82,2026-06-18 22:39:00,87.5,80.0
2507,101,81,2026-06-19 08:27:00,62.5,80.0
2508,102,24,2026-06-19 22:47:00,100.0,80.0
2509,102,24,2026-06-20 23:54:00,12.5,80.0
2510,101,80,2026-06-21 07:09:00,62.5,80.0
2511,102,80,2026-06-21 21:11:00,75.0,80.0
2512,101,24,2026-06-28 08:10:00,75.0,80.0
2513,101,24,2026-06-29 08:07:00,75.0,80.0
2514,102,82,2026-06-29 21:28:00,75.0,80.0
2515,102,24,2026-06-30 22:29:00,87.5,80.0
2516,102,81,2026-07-01 23:55:00,50.0,80.0
2517,102,81,2026-07-02 22:05:00,62.5,80.0
2518,101,81,2026-07-03 07:53:00,62.5,80.0
2519,102,82,2026-07-03 23:32:00,50.0,80.0
2520,101,81,2026-07-04 09:37:00,50.0,80.0
2521,101,81,2026-07-05 09:00:00,62.5,80.0
2522,102,80,2026-07-06 22:58:00,75.0,80.0
2523,101,80,2026-07-08 08:43:00,75.0,80.0
2524,102,82,2026-07-08 22:01:00,62.5,80.0
2525,102,80,2026-07-10 22:23:00,37.5,80.0
2526,101,80,2026-07-11 07:01:00,100.0,80.0
2527,102,24,2026-07-12 22:53:00,50.0,80.0
2528,101,80,2026-07-14 09:17:00,75.0,80.0
2529,102,24,2026-07-14 22:02:00,25.0,80.0
2530,101,81,2026-07-15 09:46:00,75.0,80.0
2531,102,80,2026-07-15 21:55:00,50.0,80.0
2532,102,80,2026-07-17 22:51:00,50.0,80.0
2533,102,24,2026-07-19 23:38:00,62.5,80.0
2534,101,81,2026-07-20 08:16:00,75.0,80.0
2535,101,24,2026-07-21 07:49:00,62.5,80.0
2536,102,81,2026-07-21 21:01:00,50.0,80.0
2537,101,24,2026-07-23 08:49:00,75.0,80.0
2538,102,81,2026-07-23 22:41:00,87.5,80.0
2539,102,24,2026-07-26 22:31:00,75.0,80.0
2540,102,81,2026-07-27 23:38:00,75.0,80.0
2541,101,82,2026-07-28 09:06:00,62.5,80.0
2542,101,24,2026-08-01 09:12:00,62.5,80.0
2543,102,24,2026-08-01 22:56:00,100.0,80.0
2544,102,24,2026-08-03 22:36:00,87.5,80.0
2545,101,82,2026-08-05 08:51:00,75.0,80.0
2546,102,24,2026-08-05 23:11:00,87.5,80.0
2547,101,82,2026-08-06 07:02:00,75.0,80.0
2548,101,81,2026-08-07 08:43:00,75.0,80.0
2549,102,81,2026-08-07 23:43:00,75.0,80.0
2550,101,80,2026-08-09 09:40:00,62.5,80.0
2551,101,24,2026-08-10 08:29:00,50.0,80.0
2552,102,24,2026-08-11 21:58:00,62.5,80.0
2553,101,82,2026-08-12 07:08:00,50.0,80.0
2554,102,24,2026-08-12 21:33:00,50.0,80.0
2555,102,80,2026-08-13 23:03:00,50.0,80.0
2556,102,24,2026-08-14 23:06:00,75.0,80.0
2557,101,82,2026-08-15 07:29:00,87.5,80.0
2558,101,83,2026-05-20 08:16:00,75.0,80.0
2559,102,83,2026-05-20 23:01:00,100.0,80.0
2560,102,84,2026-05-21 21:50:00,100.0,80.0
2561,101,25,2026-05-22 07:05:00,100.0,80.0
2562,102,85,2026-05-22 23:19:00,87.5,80.0
2563,101,25,2026-05-23 09:29:00,100.0,80.0
2564,102,85,2026-05-23 23:51:00,87.5,80.0
2565,101,84,2026-05-24 07:13:00,100.0,80.0
2566,102,85,2026-05-24 21:47:00,87.5,80.0
2567,101,83,2026-05-25 08:34:00,100.0,80.0
2568,102,83,2026-05-25 21:25:00,87.5,80.0
2569,102,25,2026-05-26 21:41:00,100.0,80.0
2570,101,25,2026-05-27 09:25:00,100.0,80.0
2571,102,85,2026-05-27 22:39:00,87.5,80.0
2572,101,84,2026-05-28 08:05:00,100.0,80.0
2573,102,84,2026-05-28 21:00:00,100.0,80.0
2574,102,84,2026-05-29 21:44:00,87.5,80.0
2575,101,84,2026-05-30 07:30:00,100.0,80.0
2576,102,25,2026-05-30 23:15:00,100.0,80.0
2577,101,85,2026-05-31 07:05:00,87.5,80.0
2578,102,25,2026-05-31 22:09:00,100.0,80.0
2579,101,84,2026-06-01 07:07:00,100.0,80.0
2580,101,25,2026-06-02 07:47:00,100.0,80.0
2581,102,83,2026-06-02 22:30:00,87.5,80.0
2582,101,84,2026-06-03 09:15:00,87.5,80.0
2583,102,25,2026-06-03 22:36:00,100.0,80.0
2584,101,83,2026-06-04 08:00:00,87.5,80.0
2585,102,25,2026-06-04 23:54:00,100.0,80.0
2586,101,85,2026-06-05 08:47:00,87.5,80.0
2587,101,25,2026-06-06 07:31:00,100.0,80.0
2588,102,25,2026-06-06 22:32:00,87.5,80.0
2589,101,83,2026-06-07 09:03:00,87.5,80.0
2590,102,85,2026-06-07 22:36:00,100.0,80.0
2591,101,25,2026-06-08 07:17:00,100.0,80.0
2592,101,25,2026-06-09 08:07:00,100.0,80.0
2593,102,85,2026-06-09 23:41:00,100.0,80.0
2594,101,83,2026-06-10 09:27:00,100.0,80.0
2595,102,84,2026-06-10 21:18:00,100.0,80.0
2596,101,84,2026-06-11 08:28:00,100.0,80.0
2597,102,85,2026-06-11 23:14:00,87.5,80.0
2598,101,25,2026-06-12 09:42:00,87.5,80.0
2599,102,85,2026-06-12 21:56:00,100.0,80.0
2600,101,85,2026-06-13 08:53:00,87.5,80.0
2601,102,84,2026-06-13 22:51:00,75.0,80.0
2602,101,83,2026-06-14 07:18:00,87.5,80.0
2603,102,84,2026-06-14 23:30:00,100.0,80.0
2604,102,25,2026-06-15 21:10:00,100.0,80.0
2605,101,85,2026-06-16 08:31:00,100.0,80.0
2606,102,83,2026-06-16 21:13:00,87.5,80.0
2607,101,85,2026-06-17 08:56:00,100.0,80.0
2608,102,84,2026-06-17 22:43:00,100.0,80.0
2609,102,83,2026-06-18 23:02:00,87.5,80.0
2610,101,84,2026-06-19 08:07:00,87.5,80.0
2611,101,84,2026-06-20 07:35:00,100.0,80.0
2612,102,85,2026-06-20 22:16:00,100.0,80.0
2613,101,85,2026-06-21 07:49:00,100.0,80.0
2614,102,83,2026-06-21 21:54:00,100.0,80.0
2615,101,25,2026-06-22 08:51:00,100.0,80.0
2616,102,83,2026-06-22 21:06:00,100.0,80.0
2617,101,83,2026-06-23 07:32:00,100.0,80.0
2618,101,83,2026-06-24 07:40:00,87.5,80.0
2619,102,85,2026-06-24 21:58:00,100.0,80.0
2620,101,25,2026-06-25 09:18:00,100.0,80.0
2621,102,83,2026-06-25 23:31:00,75.0,80.0
2622,102,85,2026-06-26 23:23:00,100.0,80.0
2623,102,84,2026-06-27 21:54:00,100.0,80.0
2624,101,83,2026-06-28 08:49:00,75.0,80.0
2625,102,25,2026-06-28 21:53:00,100.0,80.0
2626,101,84,2026-06-29 08:32:00,100.0,80.0
2627,102,85,2026-06-29 21:17:00,100.0,80.0
2628,101,84,2026-06-30 08:40:00,87.5,80.0
2629,102,25,2026-06-30 21:48:00,87.5,80.0
2630,101,25,2026-07-01 07:51:00,75.0,80.0
2631,102,25,2026-07-01 22:58:00,100.0,80.0
2632,101,85,2026-07-02 09:50:00,100.0,80.0
2633,102,84,2026-07-02 21:28:00,100.0,80.0
2634,101,83,2026-07-03 09:51:00,100.0,80.0
2635,102,85,2026-07-03 21:21:00,87.5,80.0
2636,102,83,2026-07-04 21:27:00,87.5,80.0
2637,101,84,2026-07-05 07:42:00,87.5,80.0
2638,102,85,2026-07-05 23:03:00,87.5,80.0
2639,101,85,2026-07-06 08:56:00,75.0,80.0
2640,102,85,2026-07-06 23:47:00,100.0,80.0
2641,102,85,2026-07-07 21:52:00,100.0,80.0
2642,101,84,2026-07-08 09:58:00,100.0,80.0
2643,102,25,2026-07-08 23:25:00,100.0,80.0
2644,101,25,2026-07-09 09:39:00,75.0,80.0
2645,102,25,2026-07-09 23:22:00,100.0,80.0
2646,101,83,2026-07-10 08:05:00,100.0,80.0
2647,102,25,2026-07-10 23:21:00,100.0,80.0
2648,101,85,2026-07-11 09:34:00,100.0,80.0
2649,102,85,2026-07-11 21:05:00,100.0,80.0
2650,101,84,2026-07-12 08:48:00,100.0,80.0
2651,102,85,2026-07-12 21:01:00,100.0,80.0
2652,101,25,2026-07-13 08:46:00,75.0,80.0
2653,102,83,2026-07-13 23:07:00,100.0,80.0
2654,101,85,2026-07-14 08:40:00,87.5,80.0
2655,102,83,2026-07-14 21:03:00,87.5,80.0
2656,101,83,2026-07-15 08:36:00,87.5,80.0
2657,102,84,2026-07-15 22:21:00,100.0,80.0
2658,101,84,2026-07-16 09:45:00,87.5,80.0
2659,102,85,2026-07-16 22:19:00,100.0,80.0
2660,102,25,2026-07-17 23:08:00,87.5,80.0
2661,101,83,2026-07-18 09:15:00,100.0,80.0
2662,101,84,2026-07-19 08:33:00,100.0,80.0
2663,102,83,2026-07-19 22:29:00,87.5,80.0
2664,101,25,2026-07-20 09:27:00,100.0,80.0
2665,102,83,2026-07-20 21:05:00,100.0,80.0
2666,101,84,2026-07-21 07:30:00,100.0,80.0
2667,102,85,2026-07-21 22:04:00,100.0,80.0
2668,101,25,2026-07-22 08:37:00,100.0,80.0
2669,102,25,2026-07-22 22:37:00,87.5,80.0
2670,101,25,2026-07-23 08:44:00,75.0,80.0
2671,102,84,2026-07-23 23:26:00,100.0,80.0
2672,101,25,2026-07-24 09:08:00,87.5,80.0
2673,102,84,2026-07-24 23:29:00,100.0,80.0
2674,101,84,2026-07-25 09:07:00,100.0,80.0
2675,102,83,2026-07-25 22:30:00,100.0,80.0
2676,101,83,2026-07-26 09:23:00,100.0,80.0
2677,102,25,2026-07-26 23:54:00,100.0,80.0
2678,101,85,2026-07-27 07:23:00,87.5,80.0
2679,102,84,2026-07-27 21:33:00,75.0,80.0
2680,102,85,2026-07-28 22:19:00,100.0,80.0
2681,101,83,2026-07-29 08:31:00,87.5,80.0
2682,102,25,2026-07-29 21:09:00,100.0,80.0
2683,101,85,2026-07-30 08:56:00,100.0,80.0
2684,102,25,2026-07-30 21:11:00,87.5,80.0
2685,101,85,2026-07-31 07:35:00,87.5,80.0
2686,101,83,2026-08-01 07:55:00,100.0,80.0
2687,102,85,2026-08-01 22:30:00,100.0,80.0
2688,101,85,2026-08-02 08:57:00,100.0,80.0
2689,102,84,2026-08-02 22:30:00,100.0,80.0
2690,101,25,2026-08-03 09:40:00,75.0,80.0
2691,102,25,2026-08-03 22:42:00,100.0,80.0
2692,101,83,2026-08-04 09:20:00,100.0,80.0
2693,102,25,2026-08-04 23:42:00,87.5,80.0
2694,101,25,2026-08-05 07:57:00,87.5,80.0
2695,102,83,2026-08-05 22:34:00,100.0,80.0
2696,101,83,2026-08-06 09:17:00,100.0,80.0
2697,102,83,2026-08-06 21:45:00,100.0,80.0
2698,101,85,2026-08-07 09:50:00,100.0,80.0
2699,102,83,2026-08-07 23:41:00,100.0,80.0
2700,101,83,2026-08-08 07:12:00,100.0,80.0
2701,102,84,2026-08-08 23:33:00,100.0,80.0
2702,101,83,2026-08-09 09:57:00,87.5,80.0
2703,102,84,2026-08-09 21:42:00,100.0,80.0
2704,101,84,2026-08-10 08:50:00,100.0,80.0
2705,102,25,2026-08-10 21:53:00,100.0,80.0
2706,101,85,2026-08-11 09:38:00,87.5,80.0
2707,102,83,2026-08-11 22:37:00,100.0,80.0
2708,101,25,2026-08-12 07:21:00,100.0,80.0
2709,102,83,2026-08-12 21:26:00,100.0,80.0
2710,101,85,2026-08-13 08:24:00,100.0,80.0
2711,102,83,2026-08-13 21:07:00,87.5,80.0
2712,101,84,2026-08-14 07:18:00,87.5,80.0
2713,102,83,2026-08-14 21:16:00,87.5,80.0
2714,101,84,2026-08-15 08:26:00,100.0,80.0
2715,102,85,2026-08-15 21:39:00,100.0,80.0
2716,101,83,2026-08-16 07:45:00,100.0,80.0
2717,102,83,2026-08-16 22:24:00,100.0,80.0
2718,101,85,2026-08-17 07:26:00,100.0,80.0
2719,102,83,2026-08-17 22:24:00,87.5,80.0
2720,103,6,2026-05-27 11:48:00,61.5,85.0
2721,103,6,2026-06-06 14:15:00,92.3,85.0
2722,103,6,2026-06-19 14:48:00,92.3,85.0
2723,103,6,2026-06-27 13:07:00,100.0,85.0
2724,103,6,2026-07-02 10:20:00,84.6,85.0
2725,103,6,2026-07-10 14:26:00,92.3,85.0
2726,103,6,2026-07-14 13:01:00,84.6,85.0
2727,103,6,2026-07-24 15:14:00,92.3,85.0
2728,103,6,2026-07-28 12:35:00,92.3,85.0
2729,103,6,2026-08-08 15:06:00,92.3,85.0
2730,103,6,2026-08-12 16:35:00,100.0,85.0
2731,103,7,2026-05-24 16:08:00,84.6,85.0
2732,103,7,2026-05-28 14:26:00,84.6,85.0
2733,103,7,2026-06-05 10:54:00,76.9,85.0
2734,103,7,2026-06-14 14:13:00,92.3,85.0
2735,103,7,2026-06-22 11:23:00,84.6,85.0
2736,103,7,2026-06-27 11:50:00,84.6,85.0
2737,103,7,2026-07-01 14:27:00,76.9,85.0
2738,103,7,2026-07-11 13:02:00,69.2,85.0
2739,103,7,2026-07-14 16:29:00,92.3,85.0
2740,103,7,2026-07-27 14:18:00,69.2,85.0
2741,103,7,2026-08-02 11:00:00,92.3,85.0
2742,103,7,2026-08-04 13:17:00,100.0,85.0
2743,103,7,2026-08-15 12:53:00,76.9,85.0
2744,103,8,2026-06-14 13:22:00,53.8,85.0
2745,103,8,2026-06-22 15:13:00,46.2,85.0
2746,103,9,2026-05-23 16:32:00,76.9,85.0
2747,103,9,2026-06-11 10:10:00,69.2,85.0
2748,103,9,2026-06-21 14:36:00,53.8,85.0
2749,103,9,2026-06-30 12:05:00,84.6,85.0
2750,103,9,2026-07-10 15:07:00,61.5,85.0
2751,103,9,2026-08-03 11:46:00,61.5,85.0
2752,103,9,2026-08-08 12:56:00,92.3,85.0
2753,103,9,2026-08-14 11:39:00,84.6,85.0
2754,103,10,2026-05-30 16:20:00,100.0,85.0
2755,103,10,2026-06-07 12:40:00,100.0,85.0
2756,103,10,2026-06-11 16:45:00,100.0,85.0
2757,103,10,2026-06-19 12:15:00,100.0,85.0
2758,103,10,2026-07-05 12:21:00,84.6,85.0
2759,103,10,2026-07-15 13:38:00,92.3,85.0
2760,103,10,2026-07-23 10:58:00,100.0,85.0
2761,103,10,2026-08-02 11:41:00,100.0,85.0
2762,103,10,2026-08-04 14:30:00,92.3,85.0
2763,103,10,2026-08-11 10:43:00,84.6,85.0
2764,103,11,2026-05-27 13:35:00,92.3,85.0
2765,103,11,2026-06-21 15:31:00,100.0,85.0
2766,103,11,2026-07-06 13:34:00,84.6,85.0
2767,103,11,2026-07-07 16:56:00,53.8,85.0
2768,103,11,2026-08-02 15:04:00,92.3,85.0
2769,103,11,2026-08-15 10:57:00,92.3,85.0
2770,103,12,2026-06-08 16:42:00,69.2,85.0
2771,103,12,2026-06-12 15:07:00,92.3,85.0
2772,103,12,2026-07-02 16:24:00,76.9,85.0
2773,103,12,2026-07-13 14:22:00,92.3,85.0
2774,103,12,2026-07-24 11:53:00,92.3,85.0
2775,103,12,2026-08-03 16:44:00,61.5,85.0
2776,103,12,2026-08-04 10:29:00,76.9,85.0
2777,103,13,2026-06-04 11:28:00,61.5,85.0
2778,103,13,2026-06-16 11:47:00,53.8,85.0
2779,103,13,2026-06-23 16:17:00,61.5,85.0
2780,103,13,2026-07-05 15:22:00,61.5,85.0
2781,103,13,2026-08-12 10:52:00,46.2,85.0
2782,103,14,2026-05-23 15:19:00,76.9,85.0
2783,103,14,2026-06-01 15:14:00,76.9,85.0
2784,103,14,2026-06-10 13:23:00,76.9,85.0
2785,103,14,2026-06-23 12:31:00,76.9,85.0
2786,103,14,2026-07-19 15:38:00,69.2,85.0
2787,103,14,2026-07-22 10:12:00,84.6,85.0
2788,103,14,2026-08-03 15:25:00,53.8,85.0
2789,103,14,2026-08-04 16:17:00,100.0,85.0
2790,103,15,2026-05-30 14:31:00,84.6,85.0
2791,103,15,2026-06-03 14:12:00,76.9,85.0
2792,103,15,2026-06-14 15:36:00,69.2,85.0
2793,103,15,2026-06-21 15:38:00,100.0,85.0
2794,103,15,2026-06-27 11:04:00,92.3,85.0
2795,103,15,2026-07-04 11:47:00,100.0,85.0
2796,103,15,2026-07-07 11:16:00,76.9,85.0
2797,103,15,2026-07-25 16:14:00,92.3,85.0
2798,103,15,2026-08-08 15:50:00,69.2,85.0
2799,103,15,2026-08-13 11:54:00,76.9,85.0
2800,103,16,2026-06-21 10:44:00,76.9,85.0
2801,103,16,2026-06-28 14:39:00,92.3,85.0
2802,103,16,2026-07-02 15:35:00,84.6,85.0
2803,103,16,2026-07-31 10:27:00,92.3,85.0
2804,103,16,2026-08-09 15:41:00,84.6,85.0
2805,103,17,2026-05-26 16:20:00,100.0,85.0
2806,103,17,2026-06-05 16:26:00,100.0,85.0
2807,103,17,2026-06-11 10:43:00,92.3,85.0
2808,103,17,2026-06-20 13:31:00,100.0,85.0
2809,103,17,2026-06-25 14:48:00,100.0,85.0
2810,103,17,2026-06-30 15:14:00,92.3,85.0
2811,103,17,2026-07-07 12:58:00,84.6,85.0
2812,103,17,2026-07-17 14:28:00,84.6,85.0
2813,103,17,2026-07-23 10:25:00,92.3,85.0
2814,103,17,2026-07-29 12:05:00,84.6,85.0
2815,103,17,2026-08-08 16:01:00,92.3,85.0
2816,103,17,2026-08-16 11:44:00,84.6,85.0
2817,103,18,2026-05-22 10:58:00,76.9,85.0
2818,103,18,2026-05-27 11:10:00,92.3,85.0
2819,103,18,2026-06-11 12:04:00,84.6,85.0
2820,103,18,2026-06-21 15:06:00,84.6,85.0
2821,103,18,2026-06-23 13:27:00,84.6,85.0
2822,103,18,2026-07-13 10:37:00,92.3,85.0
2823,103,18,2026-07-20 15:59:00,100.0,85.0
2824,103,18,2026-07-30 16:16:00,100.0,85.0
2825,103,18,2026-08-05 10:30:00,61.5,85.0
2826,103,18,2026-08-12 12:53:00,92.3,85.0
2827,103,19,2026-05-19 16:21:00,92.3,85.0
2828,103,19,2026-06-20 16:15:00,69.2,85.0
2829,103,19,2026-06-30 16:38:00,69.2,85.0
2830,103,20,2026-05-23 13:48:00,92.3,85.0
2831,103,20,2026-05-26 15:28:00,92.3,85.0
2832,103,20,2026-06-13 10:05:00,92.3,85.0
2833,103,20,2026-06-16 10:24:00,100.0,85.0
2834,103,20,2026-06-25 16:44:00,100.0,85.0
2835,103,20,2026-06-30 16:08:00,84.6,85.0
2836,103,20,2026-07-07 16:28:00,100.0,85.0
2837,103,20,2026-07-21 12:39:00,92.3,85.0
2838,103,20,2026-08-02 13:04:00,84.6,85.0
2839,103,20,2026-08-04 15:03:00,92.3,85.0
2840,103,20,2026-08-15 10:18:00,100.0,85.0
2841,103,21,2026-06-22 13:25:00,76.9,85.0
2842,103,21,2026-07-07 14:48:00,100.0,85.0
2843,103,21,2026-07-24 11:55:00,84.6,85.0
2844,103,21,2026-08-01 16:42:00,76.9,85.0
2845,103,22,2026-05-23 10:29:00,100.0,85.0
2846,103,22,2026-05-29 13:50:00,100.0,85.0
2847,103,22,2026-06-26 14:39:00,84.6,85.0
2848,103,22,2026-06-30 12:41:00,92.3,85.0
2849,103,22,2026-07-19 16:01:00,100.0,85.0
2850,103,22,2026-07-24 14:21:00,100.0,85.0
2851,103,22,2026-08-01 11:06:00,100.0,85.0
2852,103,22,2026-08-04 10:38:00,100.0,85.0
2853,103,22,2026-08-16 10:37:00,100.0,85.0
2854,103,23,2026-06-22 16:12:00,92.3,85.0
2855,103,23,2026-07-18 11:40:00,84.6,85.0
2856,103,23,2026-07-25 12:22:00,53.8,85.0
2857,103,23,2026-07-31 13:46:00,92.3,85.0
2858,103,23,2026-08-08 13:11:00,84.6,85.0
2859,103,23,2026-08-12 11:51:00,92.3,85.0
2860,103,24,2026-06-09 10:08:00,46.2,85.0
2861,103,24,2026-07-09 14:27:00,53.8,85.0
2862,103,24,2026-07-25 15:48:00,46.2,85.0
2863,103,24,2026-08-06 12:37:00,69.2,85.0
2864,103,25,2026-06-06 16:09:00,100.0,85.0
2865,103,25,2026-06-10 13:19:00,84.6,85.0
2866,103,25,2026-06-20 12:18:00,100.0,85.0
2867,103,25,2026-06-25 10:33:00,100.0,85.0
2868,103,25,2026-07-04 15:43:00,92.3,85.0
2869,103,25,2026-07-08 10:15:00,100.0,85.0
2870,103,25,2026-07-25 16:53:00,92.3,85.0
2871,103,25,2026-08-15 16:03:00,100.0,85.0
2872,104,7,2026-07-12 15:12:00,90.0,75.0
2873,104,7,2026-06-13 13:50:00,70.0,75.0
2874,104,7,2026-05-27 15:12:00,50.0,75.0
2875,104,7,2026-08-12 17:44:00,80.0,75.0
2876,104,8,2026-08-15 17:38:00,60.0,75.0
2877,104,9,2026-08-15 15:54:00,80.0,75.0
2878,104,9,2026-08-01 15:39:00,60.0,75.0
2879,104,10,2026-06-26 16:21:00,80.0,75.0
2880,104,11,2026-06-08 11:29:00,80.0,75.0
2881,104,11,2026-05-24 17:14:00,80.0,75.0
2882,104,12,2026-05-19 13:44:00,100.0,75.0
2883,104,12,2026-06-17 17:39:00,80.0,75.0
2884,104,14,2026-06-15 13:30:00,70.0,75.0
2885,104,15,2026-06-30 16:13:00,100.0,75.0
2886,104,15,2026-07-09 12:52:00,90.0,75.0
2887,104,16,2026-05-19 15:00:00,90.0,75.0
2888,104,16,2026-05-28 15:01:00,90.0,75.0
2889,104,17,2026-07-29 11:09:00,80.0,75.0
2890,104,18,2026-06-25 17:12:00,90.0,75.0
2891,104,18,2026-08-07 15:02:00,60.0,75.0
2892,104,19,2026-05-22 13:12:00,80.0,75.0
2893,104,20,2026-06-24 12:14:00,90.0,75.0
2894,104,20,2026-06-21 12:21:00,100.0,75.0
2895,104,22,2026-07-28 13:11:00,80.0,75.0
2896,104,23,2026-06-13 10:11:00,50.0,75.0
2897,104,24,2026-06-21 11:01:00,90.0,75.0
2898,104,25,2026-08-13 12:24:00,90.0,75.0
2899,104,25,2026-08-10 11:21:00,100.0,75.0
2900,105,27,2026-06-14 12:29:00,,
2901,105,6,2026-07-05 18:10:00,,
2902,105,27,2026-06-03 10:56:00,,
2903,105,28,2026-06-12 16:24:00,,
2904,105,27,2026-08-03 14:40:00,,
2905,105,28,2026-08-05 17:12:00,,
2906,105,31,2026-06-29 11:03:00,,
2907,105,7,2026-07-23 17:56:00,,
2908,105,29,2026-05-29 20:30:00,,
2909,105,31,2026-07-23 14:48:00,,
2910,105,31,2026-07-24 15:11:00,,
2911,105,7,2026-07-25 19:30:00,,
2912,105,32,2026-06-22 17:25:00,,
2913,105,8,2026-06-16 22:12:00,,
2914,105,8,2026-07-08 11:19:00,,
2915,105,34,2026-07-31 10:59:00,,
2916,105,32,2026-07-28 09:08:00,,
2917,105,33,2026-07-14 16:22:00,,
2918,105,34,2026-05-24 15:32:00,,
2919,105,8,2026-07-15 15:27:00,,
2920,105,8,2026-07-21 13:17:00,,
2921,105,34,2026-06-10 15:14:00,,
2922,105,34,2026-07-03 22:05:00,,
2923,105,32,2026-07-23 16:41:00,,
2924,105,32,2026-06-17 09:07:00,,
2925,105,34,2026-05-23 16:12:00,,
2926,105,34,2026-08-13 13:16:00,,
2927,105,33,2026-06-12 19:38:00,,
2928,105,34,2026-05-20 20:19:00,,
2929,105,32,2026-07-09 14:52:00,,
2930,105,33,2026-08-10 16:48:00,,
2931,105,33,2026-06-17 11:46:00,,
2932,105,9,2026-06-17 16:37:00,,
2933,105,37,2026-07-01 20:05:00,,
2934,105,9,2026-07-12 20:44:00,,
2935,105,35,2026-07-14 15:54:00,,
2936,105,36,2026-06-05 17:55:00,,
2937,105,37,2026-05-20 15:51:00,,
2938,105,9,2026-06-16 14:27:00,,
2939,105,35,2026-06-29 17:01:00,,
2940,105,9,2026-06-07 13:36:00,,
2941,105,9,2026-06-14 14:04:00,,
2942,105,9,2026-07-18 09:21:00,,
2943,105,36,2026-05-30 10:06:00,,
2944,105,38,2026-08-15 17:31:00,,
2945,105,10,2026-06-13 09:58:00,,
2946,105,38,2026-06-14 11:18:00,,
2947,105,38,2026-05-26 13:33:00,,
2948,105,10,2026-06-29 21:58:00,,
2949,105,11,2026-06-08 09:08:00,,
2950,105,42,2026-05-27 14:57:00,,
2951,105,11,2026-06-14 12:27:00,,
2952,105,42,2026-08-04 17:19:00,,
2953,105,42,2026-06-23 11:00:00,,
2954,105,42,2026-05-27 21:25:00,,
2955,105,11,2026-06-30 22:36:00,,
2956,105,41,2026-07-17 17:02:00,,
2957,105,11,2026-08-09 22:58:00,,
2958,105,43,2026-08-16 21:45:00,,
2959,105,45,2026-08-05 21:51:00,,
2960,105,12,2026-06-19 10:57:00,,
2961,105,45,2026-07-07 22:42:00,,
2962,105,45,2026-07-08 19:02:00,,
2963,105,46,2026-06-23 22:40:00,,
2964,105,45,2026-08-16 19:46:00,,
2965,105,44,2026-07-10 20:35:00,,
2966,105,46,2026-05-28 20:06:00,,
2967,105,45,2026-07-15 10:16:00,,
2968,105,12,2026-07-17 08:04:00,,
2969,105,45,2026-07-01 19:25:00,,
2970,105,47,2026-05-23 08:16:00,,
2971,105,13,2026-06-29 18:47:00,,
2972,105,48,2026-07-17 09:05:00,,
2973,105,49,2026-06-05 15:52:00,,
2974,105,47,2026-06-09 21:01:00,,
2975,105,13,2026-06-25 09:34:00,,
2976,105,47,2026-05-28 18:48:00,,
2977,105,48,2026-06-07 15:22:00,,
2978,105,48,2026-05-23 22:43:00,,
2979,105,47,2026-08-16 08:53:00,,
2980,105,47,2026-08-15 12:28:00,,
2981,105,48,2026-05-25 20:24:00,,
2982,105,48,2026-07-05 22:15:00,,
2983,105,47,2026-05-21 14:01:00,,
2984,105,47,2026-06-12 18:42:00,,
2985,105,48,2026-05-31 20:53:00,,
2986,105,47,2026-05-24 14:32:00,,
2987,105,48,2026-06-29 16:40:00,,
2988,105,47,2026-07-27 14:27:00,,
2989,105,49,2026-06-15 09:22:00,,
2990,105,49,2026-05-20 14:41:00,,
2991,105,48,2026-07-07 11:29:00,,
2992,105,52,2026-08-11 21:17:00,,
2993,105,14,2026-05-27 22:13:00,,
2994,105,51,2026-08-03 15:06:00,,
2995,105,14,2026-05-31 17:20:00,,
2996,105,52,2026-06-30 10:40:00,,
2997,105,14,2026-05-27 13:01:00,,
2998,105,51,2026-07-23 18:47:00,,
2999,105,51,2026-08-02 19:00:00,,
3000,105,50,2026-08-05 20:57:00,,
3001,105,51,2026-06-18 19:27:00,,
3002,105,14,2026-05-26 10:23:00,,
3003,105,54,2026-06-13 10:24:00,,
3004,105,15,2026-06-18 22:46:00,,
3005,105,53,2026-06-05 12:20:00,,
3006,105,55,2026-07-11 18:52:00,,
3007,105,55,2026-06-17 21:46:00,,
3008,105,53,2026-06-19 11:34:00,,
3009,105,57,2026-08-14 19:46:00,,
3010,105,57,2026-07-06 16:20:00,,
3011,105,16,2026-08-07 08:04:00,,
3012,105,57,2026-06-12 08:40:00,,
3013,105,57,2026-06-04 09:11:00,,
3014,105,16,2026-07-22 09:27:00,,
3015,105,57,2026-06-09 19:12:00,,
3016,105,58,2026-06-10 17:15:00,,
3017,105,57,2026-07-31 15:40:00,,
3018,105,16,2026-07-19 09:23:00,,
3019,105,16,2026-06-09 15:28:00,,
3020,105,16,2026-06-07 21:50:00,,
3021,105,56,2026-07-06 14:54:00,,
3022,105,57,2026-08-03 16:09:00,,
3023,105,16,2026-07-06 15:19:00,,
3024,105,17,2026-07-06 16:38:00,,
3025,105,17,2026-06-30 10:45:00,,
3026,105,59,2026-06-07 22:12:00,,
3027,105,61,2026-07-22 19:46:00,,
3028,105,17,2026-07-09 22:26:00,,
3029,105,59,2026-07-07 15:19:00,,
3030,105,17,2026-05-23 22:07:00,,
3031,105,61,2026-06-12 20:27:00,,
3032,105,64,2026-07-23 19:31:00,,
3033,105,18,2026-08-10 14:59:00,,
3034,105,64,2026-06-19 15:02:00,,
3035,105,63,2026-08-16 18:41:00,,
3036,105,63,2026-08-04 15:43:00,,
3037,105,63,2026-06-19 17:37:00,,
3038,105,19,2026-06-02 20:05:00,,
3039,105,65,2026-08-17 17:57:00,,
3040,105,66,2026-06-12 22:27:00,,
3041,105,19,2026-06-20 19:19:00,,
3042,105,65,2026-07-10 20:56:00,,
3043,105,67,2026-08-08 17:49:00,,
3044,105,19,2026-06-22 19:13:00,,
3045,105,19,2026-05-19 10:52:00,,
3046,105,19,2026-05-31 09:49:00,,
3047,105,19,2026-08-10 12:46:00,,
3048,105,66,2026-06-10 13:11:00,,
3049,105,65,2026-07-20 10:32:00,,
3050,105,66,2026-07-30 21:13:00,,
3051,105,66,2026-05-26 19:11:00,,
3052,105,65,2026-07-10 15:40:00,,
3053,105,19,2026-05-29 12:05:00,,
3054,105,65,2026-06-23 09:21:00,,
3055,105,65,2026-06-18 15:31:00,,
3056,105,65,2026-05-26 12:48:00,,
3057,105,65,2026-05-24 09:13:00,,
3058,105,67,2026-08-04 16:48:00,,
3059,105,19,2026-07-18 20:21:00,,
3060,105,67,2026-07-05 18:56:00,,
3061,105,19,2026-06-18 13:42:00,,
3062,105,67,2026-08-05 08:22:00,,
3063,105,19,2026-05-19 15:55:00,,
3064,105,67,2026-05-22 17:07:00,,
3065,105,19,2026-07-05 15:39:00,,
3066,105,65,2026-07-10 18:12:00,,
3067,105,68,2026-05-21 18:23:00,,
3068,105,20,2026-08-13 15:14:00,,
3069,105,70,2026-08-05 20:05:00,,
3070,105,68,2026-07-18 18:54:00,,
3071,105,69,2026-06-25 17:12:00,,
3072,105,68,2026-06-04 15:50:00,,
3073,105,20,2026-08-13 16:55:00,,
3074,105,69,2026-07-15 09:30:00,,
3075,105,71,2026-06-15 10:48:00,,
3076,105,72,2026-07-13 19:01:00,,
3077,105,72,2026-07-07 20:17:00,,
3078,105,71,2026-08-12 15:57:00,,
3079,105,21,2026-07-26 18:46:00,,
3080,105,72,2026-08-15 13:55:00,,
3081,105,21,2026-08-09 13:24:00,,
3082,105,71,2026-06-17 11:16:00,,
3083,105,73,2026-05-30 09:05:00,,
3084,105,73,2026-06-12 19:07:00,,
3085,105,71,2026-06-28 14:36:00,,
3086,105,72,2026-05-26 17:34:00,,
3087,105,76,2026-07-12 13:49:00,,
3088,105,75,2026-07-24 18:38:00,,
3089,105,22,2026-07-08 08:34:00,,
3090,105,75,2026-06-06 21:18:00,,
3091,105,76,2026-08-14 15:09:00,,
3092,105,74,2026-08-12 21:51:00,,
3093,105,74,2026-06-27 16:44:00,,
3094,105,75,2026-08-17 17:30:00,,
3095,105,74,2026-06-25 19:24:00,,
3096,105,75,2026-06-07 21:45:00,,
3097,105,75,2026-08-16 19:03:00,,
3098,105,75,2026-07-08 12:52:00,,
3099,105,22,2026-07-28 14:21:00,,
3100,105,22,2026-07-02 20:25:00,,
3101,105,79,2026-07-25 19:18:00,,
3102,105,23,2026-08-16 21:35:00,,
3103,105,77,2026-06-04 13:48:00,,
3104,105,78,2026-07-16 18:10:00,,
3105,105,78,2026-08-16 15:18:00,,
3106,105,78,2026-06-15 20:47:00,,
3107,105,77,2026-07-04 19:54:00,,
3108,105,78,2026-07-06 14:43:00,,
3109,105,78,2026-05-31 13:30:00,,
3110,105,82,2026-06-03 16:41:00,,
3111,105,24,2026-07-13 10:40:00,,
3112,105,24,2026-05-23 09:15:00,,
3113,105,81,2026-06-26 19:38:00,,
3114,105,80,2026-08-15 20:42:00,,
3115,105,24,2026-08-10 14:17:00,,
3116,105,80,2026-05-20 09:07:00,,
3117,105,81,2026-07-20 18:42:00,,
3118,105,24,2026-08-02 17:36:00,,
3119,105,81,2026-08-15 19:06:00,,
3120,105,24,2026-07-19 18:44:00,,
3121,105,82,2026-07-31 10:06:00,,
3122,105,80,2026-07-26 10:25:00,,
3123,105,24,2026-07-29 21:34:00,,
3124,105,80,2026-07-24 21:37:00,,
3125,105,81,2026-08-11 22:07:00,,
3126,105,24,2026-08-15 10:00:00,,
3127,105,81,2026-06-03 08:08:00,,
3128,105,80,2026-05-30 16:16:00,,
3129,105,82,2026-06-03 16:19:00,,
3130,105,80,2026-06-09 14:42:00,,
3131,105,82,2026-06-26 08:33:00,,
3132,105,24,2026-07-14 10:36:00,,
3133,105,81,2026-07-24 22:22:00,,
3134,105,81,2026-08-11 21:02:00,,
3135,105,81,2026-06-12 10:19:00,,
3136,105,82,2026-08-04 16:13:00,,
3137,105,24,2026-06-04 19:39:00,,
3138,105,25,2026-07-28 12:16:00,,
3139,105,85,2026-07-09 15:05:00,,
3140,105,84,2026-08-15 10:34:00,,
3141,105,84,2026-08-07 19:17:00,,
3142,105,84,2026-07-30 18:41:00,,
3143,105,25,2026-06-07 13:50:00,,
