submission_id,question_id,answer
1,10,Yes
1,11,Yes
1,12,Yes
1,13,Yes
1,14,No
1,15,Yes
1,16,No
1,17,Yes
1,18,3
1,19,New crew member trained on register today.
2,1,Yes
2,2,Yes
2,3,Yes
2,4,Yes
2,5,Yes
2,6,No
2,7,Yes
2,8,Yes
2,9,3
3,10,No
3,11,Yes
3,12,Yes
3,13,Yes
3,14,Yes
3,15,No
3,16,Yes
3,17,No
3,18,4
3,19,"Minor spill in dining area, cleaned promptly."
4,1,No
4,2,Yes
4,3,Yes
4,4,Yes
4,5,Yes
4,6,Yes
4,7,Yes
4,8,No
4,9,5
5,10,Yes
5,11,Yes
5,12,Yes
5,13,Yes
5,14,Yes
5,15,Yes
5,16,No
5,17,No
5,18,4
5,19,Slight delay in closing due to late customers.
6,1,Yes
6,2,Yes
6,3,Yes
6,4,Yes
6,5,Yes
6,6,Yes
6,7,No
6,8,Yes
6,9,4
7,10,Yes
7,11,Yes
7,12,Yes
7,13,Yes
7,14,Yes
7,15,Yes
7,16,Yes
7,17,Yes
7,18,3
7,19,New crew member trained on register today.
8,1,Yes
8,2,Yes
8,3,Yes
8,4,No
8,5,Yes
8,6,Yes
8,7,Yes
8,8,No
8,9,4
9,10,Yes
9,11,Yes
9,12,Yes
9,13,Yes
9,14,Yes
9,15,Yes
9,16,Yes
9,17,Yes
9,18,2
9,19,"Busy night, all tasks completed on time."
10,1,No
10,2,Yes
10,3,Yes
10,4,No
10,5,Yes
10,6,Yes
10,7,Yes
10,8,No
10,9,4
11,10,Yes
11,11,Yes
11,12,Yes
11,13,Yes
11,14,Yes
11,15,Yes
11,16,Yes
11,17,Yes
11,18,4
11,19,"Minor spill in dining area, cleaned promptly."
12,1,Yes
12,2,Yes
12,3,Yes
12,4,No
12,5,Yes
12,6,Yes
12,7,No
12,8,Yes
12,9,5
13,10,Yes
13,11,Yes
13,12,Yes
13,13,Yes
13,14,Yes
13,15,Yes
13,16,Yes
13,17,No
13,18,5
13,19,"Busy night, all tasks completed on time."
14,1,Yes
14,2,Yes
14,3,Yes
14,4,No
14,5,Yes
14,6,Yes
14,7,Yes
14,8,Yes
14,9,3
15,10,Yes
15,11,Yes
15,12,Yes
15,13,Yes
15,14,Yes
15,15,No
15,16,Yes
15,17,Yes
15,18,4
15,19,"Quiet evening, no issues."
16,1,Yes
16,2,Yes
16,3,Yes
16,4,Yes
16,5,Yes
16,6,Yes
16,7,Yes
16,8,Yes
16,9,3
17,10,Yes
17,11,Yes
17,12,Yes
17,13,Yes
17,14,No
17,15,Yes
17,16,Yes
17,17,Yes
17,18,4
17,19,Slight delay in closing due to late customers.
18,1,Yes
18,2,Yes
18,3,Yes
18,4,Yes
18,5,Yes
18,6,Yes
18,7,Yes
18,8,Yes
18,9,4
19,10,Yes
19,11,Yes
19,12,Yes
19,13,Yes
19,14,Yes
19,15,Yes
19,16,No
19,17,Yes
19,18,4
19,19,"Low stock on napkins, requested restock."
20,1,Yes
20,2,Yes
20,3,Yes
20,4,Yes
20,5,Yes
20,6,Yes
20,7,Yes
20,8,Yes
20,9,4
21,10,Yes
21,11,No
21,12,Yes
21,13,Yes
21,14,Yes
21,15,Yes
21,16,Yes
21,17,Yes
21,18,5
21,19,Everything in order for tomorrow's opening.
22,1,Yes
22,2,Yes
22,3,Yes
22,4,Yes
22,5,Yes
22,6,Yes
22,7,Yes
22,8,Yes
22,9,5
23,10,Yes
23,11,Yes
23,12,Yes
23,13,Yes
23,14,Yes
23,15,No
23,16,Yes
23,17,No
23,18,5
23,19,"Quiet evening, no issues."
24,1,Yes
24,2,No
24,3,No
24,4,Yes
24,5,Yes
24,6,Yes
24,7,Yes
24,8,Yes
24,9,3
25,10,Yes
25,11,No
25,12,No
25,13,Yes
25,14,Yes
25,15,Yes
25,16,Yes
25,17,Yes
25,18,2
25,19,All checks completed as normal.
26,1,Yes
26,2,Yes
26,3,No
26,4,No
26,5,Yes
26,6,Yes
26,7,Yes
26,8,Yes
26,9,4
27,10,Yes
27,11,Yes
27,12,Yes
27,13,Yes
27,14,Yes
27,15,Yes
27,16,Yes
27,17,Yes
27,18,5
27,19,Slight delay in closing due to late customers.
28,1,Yes
28,2,Yes
28,3,Yes
28,4,No
28,5,No
28,6,No
28,7,No
28,8,Yes
28,9,5
29,10,Yes
29,11,No
29,12,Yes
29,13,Yes
29,14,Yes
29,15,Yes
29,16,Yes
29,17,Yes
29,18,4
29,19,"Quiet evening, no issues."
30,1,Yes
30,2,Yes
30,3,Yes
30,4,Yes
30,5,No
30,6,No
30,7,Yes
30,8,No
30,9,4
31,10,Yes
31,11,Yes
31,12,Yes
31,13,Yes
31,14,Yes
31,15,Yes
31,16,Yes
31,17,Yes
31,18,4
31,19,"Busy night, all tasks completed on time."
32,1,Yes
32,2,Yes
32,3,No
32,4,Yes
32,5,Yes
32,6,No
32,7,Yes
32,8,Yes
32,9,4
33,10,Yes
33,11,Yes
33,12,Yes
33,13,Yes
33,14,Yes
33,15,Yes
33,16,Yes
33,17,Yes
33,18,5
33,19,Everything in order for tomorrow's opening.
34,1,Yes
34,2,Yes
34,3,Yes
34,4,Yes
34,5,Yes
34,6,No
34,7,Yes
34,8,Yes
34,9,4
35,10,Yes
35,11,Yes
35,12,Yes
35,13,No
35,14,Yes
35,15,No
35,16,Yes
35,17,Yes
35,18,4
35,19,New crew member trained on register today.
36,1,Yes
36,2,Yes
36,3,Yes
36,4,Yes
36,5,Yes
36,6,Yes
36,7,Yes
36,8,No
36,9,4
37,10,No
37,11,Yes
37,12,Yes
37,13,Yes
37,14,Yes
37,15,No
37,16,Yes
37,17,Yes
37,18,3
37,19,"Quiet evening, no issues."
38,1,Yes
38,2,No
38,3,Yes
38,4,Yes
38,5,No
38,6,No
38,7,Yes
38,8,Yes
38,9,4
39,10,Yes
39,11,Yes
39,12,Yes
39,13,Yes
39,14,Yes
39,15,No
39,16,Yes
39,17,Yes
39,18,5
39,19,New crew member trained on register today.
40,1,Yes
40,2,No
40,3,Yes
40,4,No
40,5,No
40,6,No
40,7,Yes
40,8,Yes
40,9,4
41,10,Yes
41,11,Yes
41,12,Yes
41,13,Yes
41,14,Yes
41,15,Yes
41,16,No
41,17,Yes
41,18,4
41,19,"Minor spill in dining area, cleaned promptly."
42,1,Yes
42,2,Yes
42,3,Yes
42,4,Yes
42,5,Yes
42,6,Yes
42,7,Yes
42,8,Yes
42,9,4
43,10,No
43,11,Yes
43,12,Yes
43,13,Yes
43,14,Yes
43,15,Yes
43,16,Yes
43,17,Yes
43,18,2
43,19,"Busy night, all tasks completed on time."
44,1,No
44,2,Yes
44,3,Yes
44,4,Yes
44,5,Yes
44,6,Yes
44,7,Yes
44,8,Yes
44,9,4
45,10,Yes
45,11,Yes
45,12,Yes
45,13,Yes
45,14,Yes
45,15,Yes
45,16,Yes
45,17,Yes
45,18,5
45,19,New crew member trained on register today.
46,10,Yes
46,11,Yes
46,12,Yes
46,13,Yes
46,14,Yes
46,15,Yes
46,16,Yes
46,17,Yes
46,18,4
46,19,"Minor spill in dining area, cleaned promptly."
47,1,Yes
47,2,Yes
47,3,Yes
47,4,Yes
47,5,Yes
47,6,Yes
47,7,Yes
47,8,Yes
47,9,4
48,10,Yes
48,11,Yes
48,12,Yes
48,13,Yes
48,14,Yes
48,15,Yes
48,16,No
48,17,Yes
48,18,3
48,19,All checks completed as normal.
49,1,Yes
49,2,Yes
49,3,Yes
49,4,Yes
49,5,Yes
49,6,Yes
49,7,Yes
49,8,No
49,9,5
50,10,Yes
50,11,No
50,12,Yes
50,13,Yes
50,14,Yes
50,15,Yes
50,16,Yes
50,17,Yes
50,18,5
50,19,"Busy night, all tasks completed on time."
51,1,Yes
51,2,Yes
51,3,Yes
51,4,Yes
51,5,Yes
51,6,Yes
51,7,Yes
51,8,Yes
51,9,4
52,1,Yes
52,2,Yes
52,3,Yes
52,4,No
52,5,No
52,6,Yes
52,7,Yes
52,8,No
52,9,3
53,10,Yes
53,11,Yes
53,12,Yes
53,13,Yes
53,14,Yes
53,15,Yes
53,16,Yes
53,17,No
53,18,4
53,19,"Low stock on napkins, requested restock."
54,1,No
54,2,No
54,3,Yes
54,4,Yes
54,5,Yes
54,6,Yes
54,7,Yes
54,8,No
54,9,3
55,10,Yes
55,11,No
55,12,Yes
55,13,Yes
55,14,No
55,15,Yes
55,16,Yes
55,17,Yes
55,18,4
55,19,"Quiet evening, no issues."
56,1,Yes
56,2,Yes
56,3,Yes
56,4,Yes
56,5,Yes
56,6,No
56,7,Yes
56,8,Yes
56,9,4
57,10,Yes
57,11,Yes
57,12,No
57,13,Yes
57,14,Yes
57,15,Yes
57,16,Yes
57,17,Yes
57,18,3
57,19,New crew member trained on register today.
58,1,Yes
58,2,Yes
58,3,Yes
58,4,Yes
58,5,Yes
58,6,No
58,7,Yes
58,8,Yes
58,9,3
59,10,Yes
59,11,Yes
59,12,Yes
59,13,Yes
59,14,Yes
59,15,Yes
59,16,Yes
59,17,Yes
59,18,3
59,19,"All good, nothing to report."
60,1,Yes
60,2,Yes
60,3,Yes
60,4,Yes
60,5,Yes
60,6,Yes
60,7,Yes
60,8,No
60,9,4
61,10,Yes
61,11,Yes
61,12,No
61,13,Yes
61,14,Yes
61,15,Yes
61,16,Yes
61,17,Yes
61,18,4
61,19,"Low stock on napkins, requested restock."
62,1,Yes
62,2,Yes
62,3,Yes
62,4,Yes
62,5,No
62,6,Yes
62,7,Yes
62,8,Yes
62,9,3
63,10,No
63,11,Yes
63,12,Yes
63,13,Yes
63,14,Yes
63,15,Yes
63,16,Yes
63,17,No
63,18,3
63,19,"Minor spill in dining area, cleaned promptly."
64,1,Yes
64,2,Yes
64,3,Yes
64,4,Yes
64,5,Yes
64,6,Yes
64,7,Yes
64,8,Yes
64,9,4
65,10,Yes
65,11,Yes
65,12,Yes
65,13,Yes
65,14,Yes
65,15,Yes
65,16,Yes
65,17,Yes
65,18,4
65,19,Everything in order for tomorrow's opening.
66,1,Yes
66,2,Yes
66,3,Yes
66,4,Yes
66,5,No
66,6,Yes
66,7,Yes
66,8,Yes
66,9,4
67,10,Yes
67,11,Yes
67,12,Yes
67,13,Yes
67,14,Yes
67,15,Yes
67,16,Yes
67,17,Yes
67,18,4
67,19,New crew member trained on register today.
68,1,Yes
68,2,Yes
68,3,Yes
68,4,Yes
68,5,Yes
68,6,No
68,7,Yes
68,8,Yes
68,9,5
69,10,Yes
69,11,Yes
69,12,Yes
69,13,Yes
69,14,Yes
69,15,Yes
69,16,Yes
69,17,Yes
69,18,5
69,19,All checks completed as normal.
70,1,Yes
70,2,Yes
70,3,Yes
70,4,Yes
70,5,Yes
70,6,No
70,7,Yes
70,8,No
70,9,3
71,10,Yes
71,11,Yes
71,12,Yes
71,13,Yes
71,14,Yes
71,15,Yes
71,16,Yes
71,17,Yes
71,18,3
71,19,"Busy night, all tasks completed on time."
72,1,Yes
72,2,Yes
72,3,Yes
72,4,Yes
72,5,Yes
72,6,Yes
72,7,Yes
72,8,Yes
72,9,3
73,10,No
73,11,Yes
73,12,Yes
73,13,Yes
73,14,Yes
73,15,Yes
73,16,Yes
73,17,Yes
73,18,5
73,19,"Busy night, all tasks completed on time."
74,1,Yes
74,2,Yes
74,3,Yes
74,4,Yes
74,5,No
74,6,Yes
74,7,Yes
74,8,No
74,9,5
75,10,Yes
75,11,Yes
75,12,Yes
75,13,Yes
75,14,No
75,15,Yes
75,16,Yes
75,17,No
75,18,3
75,19,Everything in order for tomorrow's opening.
76,1,Yes
76,2,Yes
76,3,Yes
76,4,Yes
76,5,Yes
76,6,Yes
76,7,Yes
76,8,No
76,9,3
77,10,Yes
77,11,Yes
77,12,Yes
77,13,Yes
77,14,Yes
77,15,Yes
77,16,No
77,17,Yes
77,18,4
77,19,"Busy night, all tasks completed on time."
78,1,Yes
78,2,Yes
78,3,Yes
78,4,No
78,5,Yes
78,6,Yes
78,7,Yes
78,8,No
78,9,3
79,10,No
79,11,Yes
79,12,Yes
79,13,No
79,14,Yes
79,15,Yes
79,16,Yes
79,17,Yes
79,18,5
79,19,"Quiet evening, no issues."
80,1,Yes
80,2,Yes
80,3,Yes
80,4,Yes
80,5,Yes
80,6,Yes
80,7,Yes
80,8,No
80,9,2
81,10,Yes
81,11,Yes
81,12,No
81,13,Yes
81,14,Yes
81,15,Yes
81,16,No
81,17,No
81,18,4
81,19,"Quiet evening, no issues."
82,1,Yes
82,2,No
82,3,Yes
82,4,Yes
82,5,Yes
82,6,Yes
82,7,Yes
82,8,Yes
82,9,4
83,10,Yes
83,11,Yes
83,12,No
83,13,No
83,14,Yes
83,15,No
83,16,Yes
83,17,Yes
83,18,5
83,19,"Quiet evening, no issues."
84,1,Yes
84,2,Yes
84,3,Yes
84,4,Yes
84,5,Yes
84,6,Yes
84,7,Yes
84,8,Yes
84,9,4
85,10,Yes
85,11,Yes
85,12,Yes
85,13,Yes
85,14,Yes
85,15,Yes
85,16,Yes
85,17,Yes
85,18,4
85,19,"Low stock on napkins, requested restock."
86,1,Yes
86,2,Yes
86,3,Yes
86,4,Yes
86,5,Yes
86,6,Yes
86,7,Yes
86,8,No
86,9,4
87,10,No
87,11,Yes
87,12,No
87,13,Yes
87,14,Yes
87,15,Yes
87,16,Yes
87,17,Yes
87,18,4
87,19,"Busy night, all tasks completed on time."
88,1,Yes
88,2,Yes
88,3,Yes
88,4,Yes
88,5,Yes
88,6,Yes
88,7,No
88,8,No
88,9,5
89,10,No
89,11,Yes
89,12,Yes
89,13,Yes
89,14,Yes
89,15,Yes
89,16,Yes
89,17,Yes
89,18,3
89,19,Everything in order for tomorrow's opening.
90,1,Yes
90,2,Yes
90,3,Yes
90,4,No
90,5,Yes
90,6,Yes
90,7,No
90,8,Yes
90,9,5
91,10,Yes
91,11,Yes
91,12,No
91,13,No
91,14,Yes
91,15,Yes
91,16,Yes
91,17,Yes
91,18,5
91,19,"Delivery arrived late, adjusted prep schedule."
92,1,Yes
92,2,Yes
92,3,Yes
92,4,Yes
92,5,No
92,6,Yes
92,7,Yes
92,8,Yes
92,9,4
93,10,Yes
93,11,Yes
93,12,Yes
93,13,Yes
93,14,Yes
93,15,Yes
93,16,Yes
93,17,Yes
93,18,4
93,19,"Busy night, all tasks completed on time."
94,1,Yes
94,2,Yes
94,3,No
94,4,Yes
94,5,Yes
94,6,Yes
94,7,Yes
94,8,Yes
94,9,3
95,10,Yes
95,11,Yes
95,12,Yes
95,13,Yes
95,14,Yes
95,15,Yes
95,16,Yes
95,17,Yes
95,18,5
95,19,New crew member trained on register today.
96,1,Yes
96,2,Yes
96,3,No
96,4,No
96,5,Yes
96,6,Yes
96,7,Yes
96,8,No
96,9,4
97,10,Yes
97,11,Yes
97,12,Yes
97,13,Yes
97,14,Yes
97,15,Yes
97,16,Yes
97,17,No
97,18,4
97,19,"Delivery arrived late, adjusted prep schedule."
98,1,Yes
98,2,Yes
98,3,Yes
98,4,Yes
98,5,Yes
98,6,Yes
98,7,Yes
98,8,Yes
98,9,5
99,1,Yes
99,2,Yes
99,3,Yes
99,4,Yes
99,5,No
99,6,Yes
99,7,Yes
99,8,Yes
99,9,2
100,10,Yes
100,11,Yes
100,12,Yes
100,13,No
100,14,Yes
100,15,Yes
100,16,Yes
100,17,Yes
100,18,3
100,19,All checks completed as normal.
101,1,Yes
101,2,Yes
101,3,Yes
101,4,Yes
101,5,Yes
101,6,Yes
101,7,Yes
101,8,No
101,9,4
102,10,Yes
102,11,Yes
102,12,No
102,13,Yes
102,14,Yes
102,15,Yes
102,16,Yes
102,17,Yes
102,18,4
102,19,New crew member trained on register today.
103,1,Yes
103,2,Yes
103,3,Yes
103,4,Yes
103,5,Yes
103,6,Yes
103,7,Yes
103,8,Yes
103,9,3
104,10,Yes
104,11,Yes
104,12,Yes
104,13,Yes
104,14,Yes
104,15,Yes
104,16,Yes
104,17,Yes
104,18,4
104,19,"Busy night, all tasks completed on time."
105,1,Yes
105,2,Yes
105,3,Yes
105,4,Yes
105,5,Yes
105,6,No
105,7,Yes
105,8,Yes
105,9,1
106,10,Yes
106,11,Yes
106,12,Yes
106,13,Yes
106,14,Yes
106,15,Yes
106,16,Yes
106,17,Yes
106,18,3
106,19,"All good, nothing to report."
107,1,Yes
107,2,Yes
107,3,Yes
107,4,Yes
107,5,Yes
107,6,Yes
107,7,Yes
107,8,No
107,9,4
108,10,Yes
108,11,Yes
108,12,Yes
108,13,Yes
108,14,No
108,15,Yes
108,16,Yes
108,17,Yes
108,18,3
108,19,"All good, nothing to report."
109,1,Yes
109,2,Yes
109,3,Yes
109,4,Yes
109,5,No
109,6,Yes
109,7,Yes
109,8,Yes
109,9,5
110,10,No
110,11,Yes
110,12,Yes
110,13,No
110,14,Yes
110,15,Yes
110,16,No
110,17,Yes
110,18,3
110,19,"Minor spill in dining area, cleaned promptly."
111,1,Yes
111,2,No
111,3,Yes
111,4,Yes
111,5,Yes
111,6,Yes
111,7,Yes
111,8,Yes
111,9,4
112,10,Yes
112,11,Yes
112,12,Yes
112,13,Yes
112,14,Yes
112,15,Yes
112,16,Yes
112,17,Yes
112,18,2
112,19,"Quiet evening, no issues."
113,1,Yes
113,2,No
113,3,Yes
113,4,Yes
113,5,Yes
113,6,Yes
113,7,Yes
113,8,Yes
113,9,4
114,10,Yes
114,11,Yes
114,12,Yes
114,13,Yes
114,14,Yes
114,15,Yes
114,16,Yes
114,17,No
114,18,5
114,19,"Delivery arrived late, adjusted prep schedule."
115,1,Yes
115,2,Yes
115,3,Yes
115,4,Yes
115,5,No
115,6,Yes
115,7,Yes
115,8,Yes
115,9,4
116,10,Yes
116,11,No
116,12,Yes
116,13,Yes
116,14,Yes
116,15,Yes
116,16,No
116,17,Yes
116,18,4
116,19,"Quiet evening, no issues."
117,1,Yes
117,2,Yes
117,3,Yes
117,4,No
117,5,Yes
117,6,Yes
117,7,Yes
117,8,Yes
117,9,4
118,10,Yes
118,11,Yes
118,12,Yes
118,13,Yes
118,14,Yes
118,15,Yes
118,16,Yes
118,17,No
118,18,4
118,19,Slight delay in closing due to late customers.
119,1,No
119,2,Yes
119,3,Yes
119,4,Yes
119,5,Yes
119,6,Yes
119,7,Yes
119,8,Yes
119,9,3
120,10,No
120,11,No
120,12,Yes
120,13,Yes
120,14,Yes
120,15,Yes
120,16,Yes
120,17,Yes
120,18,4
120,19,Everything in order for tomorrow's opening.
121,1,No
121,2,Yes
121,3,Yes
121,4,No
121,5,Yes
121,6,No
121,7,Yes
121,8,Yes
121,9,4
122,10,Yes
122,11,Yes
122,12,No
122,13,Yes
122,14,Yes
122,15,Yes
122,16,Yes
122,17,Yes
122,18,5
122,19,"Quiet evening, no issues."
123,1,Yes
123,2,No
123,3,No
123,4,Yes
123,5,No
123,6,Yes
123,7,Yes
123,8,Yes
123,9,3
124,10,Yes
124,11,Yes
124,12,Yes
124,13,Yes
124,14,Yes
124,15,Yes
124,16,Yes
124,17,Yes
124,18,4
124,19,All checks completed as normal.
125,1,Yes
125,2,No
125,3,No
125,4,Yes
125,5,Yes
125,6,Yes
125,7,Yes
125,8,Yes
125,9,3
126,10,Yes
126,11,No
126,12,Yes
126,13,Yes
126,14,Yes
126,15,Yes
126,16,Yes
126,17,Yes
126,18,3
126,19,"Busy night, all tasks completed on time."
127,1,Yes
127,2,Yes
127,3,Yes
127,4,Yes
127,5,Yes
127,6,Yes
127,7,Yes
127,8,Yes
127,9,4
128,10,Yes
128,11,Yes
128,12,Yes
128,13,Yes
128,14,Yes
128,15,Yes
128,16,Yes
128,17,Yes
128,18,3
128,19,"Quiet evening, no issues."
129,1,Yes
129,2,Yes
129,3,Yes
129,4,Yes
129,5,Yes
129,6,Yes
129,7,Yes
129,8,Yes
129,9,5
130,10,Yes
130,11,Yes
130,12,Yes
130,13,No
130,14,Yes
130,15,Yes
130,16,Yes
130,17,Yes
130,18,3
130,19,New crew member trained on register today.
131,1,Yes
131,2,Yes
131,3,Yes
131,4,Yes
131,5,No
131,6,No
131,7,Yes
131,8,Yes
131,9,5
132,10,Yes
132,11,Yes
132,12,Yes
132,13,No
132,14,Yes
132,15,No
132,16,Yes
132,17,Yes
132,18,4
132,19,"Minor spill in dining area, cleaned promptly."
133,1,No
133,2,Yes
133,3,Yes
133,4,Yes
133,5,Yes
133,6,No
133,7,Yes
133,8,Yes
133,9,4
134,10,Yes
134,11,Yes
134,12,Yes
134,13,Yes
134,14,Yes
134,15,No
134,16,Yes
134,17,Yes
134,18,4
134,19,"Busy night, all tasks completed on time."
135,1,Yes
135,2,Yes
135,3,No
135,4,Yes
135,5,Yes
135,6,Yes
135,7,Yes
135,8,Yes
135,9,4
136,10,Yes
136,11,Yes
136,12,No
136,13,Yes
136,14,Yes
136,15,Yes
136,16,Yes
136,17,Yes
136,18,5
136,19,"All good, nothing to report."
137,1,Yes
137,2,No
137,3,Yes
137,4,Yes
137,5,No
137,6,Yes
137,7,Yes
137,8,Yes
137,9,4
138,10,Yes
138,11,Yes
138,12,Yes
138,13,Yes
138,14,Yes
138,15,Yes
138,16,Yes
138,17,Yes
138,18,5
138,19,Slight delay in closing due to late customers.
139,1,No
139,2,Yes
139,3,No
139,4,Yes
139,5,Yes
139,6,Yes
139,7,Yes
139,8,Yes
139,9,3
140,10,Yes
140,11,No
140,12,Yes
140,13,Yes
140,14,Yes
140,15,Yes
140,16,Yes
140,17,Yes
140,18,4
140,19,Slight delay in closing due to late customers.
141,1,Yes
141,2,No
141,3,Yes
141,4,Yes
141,5,Yes
141,6,Yes
141,7,Yes
141,8,Yes
141,9,5
142,10,Yes
142,11,No
142,12,Yes
142,13,No
142,14,Yes
142,15,Yes
142,16,Yes
142,17,Yes
142,18,4
142,19,All checks completed as normal.
143,1,Yes
143,2,Yes
143,3,No
143,4,Yes
143,5,Yes
143,6,Yes
143,7,Yes
143,8,Yes
143,9,2
144,10,Yes
144,11,Yes
144,12,Yes
144,13,No
144,14,Yes
144,15,Yes
144,16,Yes
144,17,Yes
144,18,4
144,19,New crew member trained on register today.
145,1,No
145,2,Yes
145,3,Yes
145,4,Yes
145,5,Yes
145,6,Yes
145,7,Yes
145,8,No
145,9,4
146,10,Yes
146,11,Yes
146,12,Yes
146,13,Yes
146,14,Yes
146,15,Yes
146,16,Yes
146,17,Yes
146,18,4
146,19,"Quiet evening, no issues."
147,1,Yes
147,2,Yes
147,3,Yes
147,4,Yes
147,5,Yes
147,6,Yes
147,7,No
147,8,Yes
147,9,5
148,10,Yes
148,11,Yes
148,12,Yes
148,13,No
148,14,No
148,15,Yes
148,16,Yes
148,17,Yes
148,18,3
148,19,"Minor spill in dining area, cleaned promptly."
149,1,Yes
149,2,Yes
149,3,Yes
149,4,Yes
149,5,No
149,6,Yes
149,7,Yes
149,8,Yes
149,9,5
150,1,No
150,2,Yes
150,3,Yes
150,4,Yes
150,5,No
150,6,No
150,7,Yes
150,8,No
150,9,5
151,10,Yes
151,11,Yes
151,12,No
151,13,Yes
151,14,No
151,15,Yes
151,16,Yes
151,17,Yes
151,18,4
151,19,"Minor spill in dining area, cleaned promptly."
152,1,Yes
152,2,Yes
152,3,Yes
152,4,Yes
152,5,Yes
152,6,Yes
152,7,Yes
152,8,Yes
152,9,5
153,10,Yes
153,11,Yes
153,12,Yes
153,13,Yes
153,14,Yes
153,15,Yes
153,16,No
153,17,Yes
153,18,3
153,19,Everything in order for tomorrow's opening.
154,1,Yes
154,2,Yes
154,3,Yes
154,4,Yes
154,5,No
154,6,Yes
154,7,Yes
154,8,Yes
154,9,5
155,10,Yes
155,11,Yes
155,12,No
155,13,Yes
155,14,Yes
155,15,Yes
155,16,Yes
155,17,Yes
155,18,3
155,19,"Minor spill in dining area, cleaned promptly."
156,1,Yes
156,2,Yes
156,3,Yes
156,4,Yes
156,5,Yes
156,6,Yes
156,7,Yes
156,8,Yes
156,9,3
157,10,Yes
157,11,Yes
157,12,Yes
157,13,Yes
157,14,No
157,15,Yes
157,16,Yes
157,17,Yes
157,18,4
157,19,"Minor spill in dining area, cleaned promptly."
158,1,Yes
158,2,No
158,3,Yes
158,4,Yes
158,5,Yes
158,6,Yes
158,7,Yes
158,8,Yes
158,9,4
159,10,Yes
159,11,Yes
159,12,Yes
159,13,Yes
159,14,Yes
159,15,Yes
159,16,Yes
159,17,Yes
159,18,3
159,19,"Low stock on napkins, requested restock."
160,1,No
160,2,No
160,3,Yes
160,4,Yes
160,5,Yes
160,6,Yes
160,7,Yes
160,8,Yes
160,9,4
161,10,Yes
161,11,No
161,12,Yes
161,13,Yes
161,14,Yes
161,15,Yes
161,16,Yes
161,17,No
161,18,4
161,19,"Minor spill in dining area, cleaned promptly."
162,1,Yes
162,2,No
162,3,Yes
162,4,Yes
162,5,Yes
162,6,Yes
162,7,No
162,8,Yes
162,9,5
163,10,Yes
163,11,No
163,12,Yes
163,13,Yes
163,14,Yes
163,15,Yes
163,16,Yes
163,17,Yes
163,18,2
163,19,"Low stock on napkins, requested restock."
164,1,Yes
164,2,Yes
164,3,Yes
164,4,Yes
164,5,Yes
164,6,Yes
164,7,Yes
164,8,Yes
164,9,5
165,10,Yes
165,11,Yes
165,12,No
165,13,Yes
165,14,Yes
165,15,Yes
165,16,Yes
165,17,Yes
165,18,4
165,19,New crew member trained on register today.
166,1,Yes
166,2,Yes
166,3,Yes
166,4,No
166,5,Yes
166,6,Yes
166,7,Yes
166,8,Yes
166,9,4
167,10,Yes
167,11,Yes
167,12,Yes
167,13,Yes
167,14,Yes
167,15,Yes
167,16,Yes
167,17,Yes
167,18,4
167,19,"Quiet evening, no issues."
168,1,Yes
168,2,No
168,3,Yes
168,4,Yes
168,5,Yes
168,6,Yes
168,7,Yes
168,8,Yes
168,9,5
169,10,No
169,11,Yes
169,12,Yes
169,13,Yes
169,14,Yes
169,15,Yes
169,16,No
169,17,No
169,18,4
169,19,"Delivery arrived late, adjusted prep schedule."
170,1,No
170,2,Yes
170,3,Yes
170,4,Yes
170,5,Yes
170,6,Yes
170,7,Yes
170,8,Yes
170,9,4
171,10,Yes
171,11,No
171,12,Yes
171,13,Yes
171,14,Yes
171,15,No
171,16,No
171,17,Yes
171,18,5
171,19,New crew member trained on register today.
172,1,Yes
172,2,Yes
172,3,No
172,4,Yes
172,5,Yes
172,6,Yes
172,7,Yes
172,8,No
172,9,3
173,1,Yes
173,2,Yes
173,3,Yes
173,4,Yes
173,5,Yes
173,6,Yes
173,7,Yes
173,8,No
173,9,4
174,10,Yes
174,11,Yes
174,12,Yes
174,13,Yes
174,14,Yes
174,15,Yes
174,16,No
174,17,Yes
174,18,4
174,19,Everything in order for tomorrow's opening.
175,1,Yes
175,2,Yes
175,3,Yes
175,4,Yes
175,5,Yes
175,6,Yes
175,7,Yes
175,8,Yes
175,9,5
176,10,Yes
176,11,Yes
176,12,Yes
176,13,Yes
176,14,Yes
176,15,Yes
176,16,No
176,17,Yes
176,18,4
176,19,"Low stock on napkins, requested restock."
177,1,Yes
177,2,Yes
177,3,Yes
177,4,Yes
177,5,Yes
177,6,Yes
177,7,Yes
177,8,Yes
177,9,2
178,10,Yes
178,11,Yes
178,12,Yes
178,13,Yes
178,14,Yes
178,15,Yes
178,16,No
178,17,Yes
178,18,4
178,19,"Minor spill in dining area, cleaned promptly."
179,1,Yes
179,2,Yes
179,3,Yes
179,4,Yes
179,5,Yes
179,6,Yes
179,7,Yes
179,8,Yes
179,9,4
180,10,Yes
180,11,No
180,12,Yes
180,13,No
180,14,Yes
180,15,Yes
180,16,Yes
180,17,Yes
180,18,3
180,19,"Busy night, all tasks completed on time."
181,1,Yes
181,2,Yes
181,3,Yes
181,4,Yes
181,5,Yes
181,6,Yes
181,7,Yes
181,8,Yes
181,9,3
182,10,Yes
182,11,No
182,12,Yes
182,13,Yes
182,14,Yes
182,15,No
182,16,Yes
182,17,Yes
182,18,5
182,19,Everything in order for tomorrow's opening.
183,1,No
183,2,Yes
183,3,Yes
183,4,Yes
183,5,Yes
183,6,Yes
183,7,Yes
183,8,Yes
183,9,4
184,10,No
184,11,Yes
184,12,Yes
184,13,Yes
184,14,Yes
184,15,Yes
184,16,Yes
184,17,Yes
184,18,5
184,19,Slight delay in closing due to late customers.
185,1,Yes
185,2,No
185,3,Yes
185,4,Yes
185,5,Yes
185,6,Yes
185,7,Yes
185,8,Yes
185,9,5
186,10,No
186,11,Yes
186,12,Yes
186,13,Yes
186,14,Yes
186,15,Yes
186,16,Yes
186,17,Yes
186,18,3
186,19,"Busy night, all tasks completed on time."
187,1,No
187,2,No
187,3,Yes
187,4,Yes
187,5,Yes
187,6,Yes
187,7,Yes
187,8,Yes
187,9,5
188,10,No
188,11,Yes
188,12,Yes
188,13,Yes
188,14,Yes
188,15,No
188,16,Yes
188,17,Yes
188,18,4
188,19,"Low stock on napkins, requested restock."
189,1,Yes
189,2,Yes
189,3,Yes
189,4,Yes
189,5,No
189,6,Yes
189,7,Yes
189,8,Yes
189,9,3
190,10,Yes
190,11,Yes
190,12,Yes
190,13,Yes
190,14,Yes
190,15,Yes
190,16,No
190,17,Yes
190,18,3
190,19,All checks completed as normal.
191,1,No
191,2,Yes
191,3,Yes
191,4,Yes
191,5,Yes
191,6,Yes
191,7,Yes
191,8,No
191,9,4
192,10,Yes
192,11,No
192,12,Yes
192,13,Yes
192,14,Yes
192,15,Yes
192,16,Yes
192,17,Yes
192,18,4
192,19,"Busy night, all tasks completed on time."
193,1,Yes
193,2,Yes
193,3,Yes
193,4,Yes
193,5,Yes
193,6,Yes
193,7,Yes
193,8,No
193,9,5
194,10,Yes
194,11,Yes
194,12,Yes
194,13,Yes
194,14,No
194,15,Yes
194,16,Yes
194,17,No
194,18,4
194,19,Everything in order for tomorrow's opening.
195,1,Yes
195,2,Yes
195,3,Yes
195,4,Yes
195,5,Yes
195,6,Yes
195,7,Yes
195,8,Yes
195,9,3
196,10,Yes
196,11,Yes
196,12,No
196,13,Yes
196,14,Yes
196,15,Yes
196,16,Yes
196,17,Yes
196,18,4
196,19,"Delivery arrived late, adjusted prep schedule."
197,1,Yes
197,2,Yes
197,3,Yes
197,4,Yes
197,5,Yes
197,6,Yes
197,7,Yes
197,8,Yes
197,9,4
198,1,Yes
198,2,Yes
198,3,Yes
198,4,Yes
198,5,Yes
198,6,Yes
198,7,Yes
198,8,No
198,9,3
199,10,No
199,11,Yes
199,12,Yes
199,13,Yes
199,14,Yes
199,15,Yes
199,16,Yes
199,17,Yes
199,18,4
199,19,Slight delay in closing due to late customers.
200,1,Yes
200,2,Yes
200,3,Yes
200,4,Yes
200,5,Yes
200,6,Yes
200,7,Yes
200,8,No
200,9,3
201,1,Yes
201,2,Yes
201,3,Yes
201,4,No
201,5,Yes
201,6,Yes
201,7,Yes
201,8,Yes
201,9,4
202,10,Yes
202,11,Yes
202,12,Yes
202,13,Yes
202,14,Yes
202,15,No
202,16,Yes
202,17,Yes
202,18,4
202,19,All checks completed as normal.
203,1,Yes
203,2,No
203,3,Yes
203,4,Yes
203,5,Yes
203,6,Yes
203,7,Yes
203,8,Yes
203,9,4
204,10,Yes
204,11,Yes
204,12,Yes
204,13,Yes
204,14,Yes
204,15,Yes
204,16,Yes
204,17,Yes
204,18,2
204,19,"Busy night, all tasks completed on time."
205,1,Yes
205,2,Yes
205,3,Yes
205,4,Yes
205,5,Yes
205,6,Yes
205,7,Yes
205,8,Yes
205,9,4
206,1,Yes
206,2,Yes
206,3,Yes
206,4,Yes
206,5,No
206,6,Yes
206,7,Yes
206,8,No
206,9,5
207,10,No
207,11,Yes
207,12,Yes
207,13,Yes
207,14,Yes
207,15,Yes
207,16,No
207,17,Yes
207,18,4
207,19,All checks completed as normal.
208,10,Yes
208,11,Yes
208,12,Yes
208,13,Yes
208,14,Yes
208,15,Yes
208,16,Yes
208,17,Yes
208,18,4
208,19,"Minor spill in dining area, cleaned promptly."
209,1,Yes
209,2,Yes
209,3,Yes
209,4,Yes
209,5,No
209,6,Yes
209,7,No
209,8,Yes
209,9,4
210,10,No
210,11,Yes
210,12,Yes
210,13,Yes
210,14,No
210,15,Yes
210,16,Yes
210,17,Yes
210,18,4
210,19,"Quiet evening, no issues."
211,1,Yes
211,2,Yes
211,3,Yes
211,4,Yes
211,5,Yes
211,6,Yes
211,7,Yes
211,8,No
211,9,2
212,10,No
212,11,Yes
212,12,Yes
212,13,No
212,14,Yes
212,15,Yes
212,16,Yes
212,17,Yes
212,18,4
212,19,"Delivery arrived late, adjusted prep schedule."
213,10,No
213,11,Yes
213,12,Yes
213,13,No
213,14,Yes
213,15,Yes
213,16,Yes
213,17,Yes
213,18,3
213,19,New crew member trained on register today.
214,1,Yes
214,2,Yes
214,3,Yes
214,4,Yes
214,5,Yes
214,6,Yes
214,7,Yes
214,8,Yes
214,9,4
215,10,Yes
215,11,Yes
215,12,Yes
215,13,Yes
215,14,Yes
215,15,Yes
215,16,Yes
215,17,Yes
215,18,4
215,19,"Busy night, all tasks completed on time."
216,1,Yes
216,2,Yes
216,3,Yes
216,4,Yes
216,5,Yes
216,6,Yes
216,7,Yes
216,8,Yes
216,9,3
217,10,No
217,11,Yes
217,12,Yes
217,13,No
217,14,Yes
217,15,Yes
217,16,Yes
217,17,Yes
217,18,3
217,19,"All good, nothing to report."
218,1,Yes
218,2,Yes
218,3,Yes
218,4,No
218,5,No
218,6,Yes
218,7,No
218,8,No
218,9,4
219,10,Yes
219,11,Yes
219,12,Yes
219,13,Yes
219,14,Yes
219,15,Yes
219,16,No
219,17,Yes
219,18,4
219,19,Slight delay in closing due to late customers.
220,1,Yes
220,2,Yes
220,3,Yes
220,4,Yes
220,5,No
220,6,Yes
220,7,Yes
220,8,Yes
220,9,3
221,10,Yes
221,11,Yes
221,12,Yes
221,13,Yes
221,14,Yes
221,15,Yes
221,16,Yes
221,17,No
221,18,4
221,19,"Busy night, all tasks completed on time."
222,1,No
222,2,Yes
222,3,Yes
222,4,Yes
222,5,Yes
222,6,Yes
222,7,Yes
222,8,No
222,9,4
223,10,Yes
223,11,No
223,12,No
223,13,Yes
223,14,Yes
223,15,Yes
223,16,Yes
223,17,Yes
223,18,4
223,19,"Delivery arrived late, adjusted prep schedule."
224,1,Yes
224,2,Yes
224,3,Yes
224,4,Yes
224,5,No
224,6,Yes
224,7,No
224,8,Yes
224,9,4
225,10,No
225,11,Yes
225,12,Yes
225,13,Yes
225,14,Yes
225,15,No
225,16,Yes
225,17,Yes
225,18,5
225,19,"Minor spill in dining area, cleaned promptly."
226,1,Yes
226,2,Yes
226,3,Yes
226,4,Yes
226,5,Yes
226,6,Yes
226,7,Yes
226,8,Yes
226,9,3
227,10,Yes
227,11,Yes
227,12,Yes
227,13,Yes
227,14,Yes
227,15,Yes
227,16,Yes
227,17,Yes
227,18,5
227,19,"Busy night, all tasks completed on time."
228,1,Yes
228,2,Yes
228,3,Yes
228,4,Yes
228,5,Yes
228,6,Yes
228,7,No
228,8,Yes
228,9,5
229,10,Yes
229,11,No
229,12,Yes
229,13,Yes
229,14,Yes
229,15,Yes
229,16,Yes
229,17,Yes
229,18,4
229,19,Slight delay in closing due to late customers.
230,1,Yes
230,2,Yes
230,3,No
230,4,Yes
230,5,Yes
230,6,Yes
230,7,No
230,8,No
230,9,4
231,10,No
231,11,No
231,12,Yes
231,13,Yes
231,14,Yes
231,15,Yes
231,16,Yes
231,17,Yes
231,18,5
231,19,"Quiet evening, no issues."
232,1,Yes
232,2,Yes
232,3,Yes
232,4,Yes
232,5,Yes
232,6,Yes
232,7,Yes
232,8,Yes
232,9,4
233,10,Yes
233,11,Yes
233,12,Yes
233,13,Yes
233,14,Yes
233,15,Yes
233,16,Yes
233,17,Yes
233,18,4
233,19,New crew member trained on register today.
234,1,Yes
234,2,Yes
234,3,Yes
234,4,Yes
234,5,No
234,6,Yes
234,7,Yes
234,8,Yes
234,9,4
235,10,Yes
235,11,Yes
235,12,Yes
235,13,Yes
235,14,Yes
235,15,Yes
235,16,Yes
235,17,No
235,18,5
235,19,New crew member trained on register today.
236,1,Yes
236,2,Yes
236,3,Yes
236,4,Yes
236,5,Yes
236,6,Yes
236,7,Yes
236,8,No
236,9,3
237,10,No
237,11,Yes
237,12,Yes
237,13,Yes
237,14,Yes
237,15,Yes
237,16,Yes
237,17,Yes
237,18,3
237,19,All checks completed as normal.
238,1,Yes
238,2,Yes
238,3,Yes
238,4,Yes
238,5,Yes
238,6,Yes
238,7,Yes
238,8,Yes
238,9,5
239,10,Yes
239,11,Yes
239,12,Yes
239,13,Yes
239,14,Yes
239,15,Yes
239,16,Yes
239,17,Yes
239,18,4
239,19,"Quiet evening, no issues."
240,1,Yes
240,2,No
240,3,Yes
240,4,Yes
240,5,Yes
240,6,Yes
240,7,Yes
240,8,Yes
240,9,2
241,10,Yes
241,11,Yes
241,12,Yes
241,13,Yes
241,14,No
241,15,Yes
241,16,Yes
241,17,Yes
241,18,5
241,19,"Quiet evening, no issues."
242,1,Yes
242,2,Yes
242,3,Yes
242,4,Yes
242,5,Yes
242,6,Yes
242,7,Yes
242,8,No
242,9,4
243,10,No
243,11,Yes
243,12,Yes
243,13,No
243,14,Yes
243,15,Yes
243,16,Yes
243,17,Yes
243,18,2
243,19,"Low stock on napkins, requested restock."
244,1,Yes
244,2,Yes
244,3,Yes
244,4,No
244,5,No
244,6,Yes
244,7,Yes
244,8,No
244,9,4
245,10,Yes
245,11,Yes
245,12,Yes
245,13,Yes
245,14,Yes
245,15,Yes
245,16,Yes
245,17,Yes
245,18,4
245,19,"Quiet evening, no issues."
246,1,Yes
246,2,Yes
246,3,Yes
246,4,Yes
246,5,Yes
246,6,Yes
246,7,Yes
246,8,No
246,9,4
247,10,No
247,11,Yes
247,12,Yes
247,13,Yes
247,14,Yes
247,15,Yes
247,16,Yes
247,17,Yes
247,18,4
247,19,"Quiet evening, no issues."
248,1,Yes
248,2,Yes
248,3,No
248,4,Yes
248,5,Yes
248,6,No
248,7,Yes
248,8,No
248,9,3
249,10,Yes
249,11,No
249,12,Yes
249,13,No
249,14,Yes
249,15,Yes
249,16,Yes
249,17,Yes
249,18,3
249,19,All checks completed as normal.
250,1,Yes
250,2,Yes
250,3,Yes
250,4,Yes
250,5,Yes
250,6,Yes
250,7,Yes
250,8,No
250,9,3
251,10,Yes
251,11,Yes
251,12,Yes
251,13,Yes
251,14,No
251,15,Yes
251,16,Yes
251,17,Yes
251,18,4
251,19,Everything in order for tomorrow's opening.
252,1,Yes
252,2,Yes
252,3,Yes
252,4,No
252,5,Yes
252,6,Yes
252,7,Yes
252,8,Yes
252,9,4
253,10,No
253,11,Yes
253,12,Yes
253,13,No
253,14,Yes
253,15,Yes
253,16,Yes
253,17,Yes
253,18,4
253,19,"Quiet evening, no issues."
254,1,Yes
254,2,Yes
254,3,Yes
254,4,Yes
254,5,Yes
254,6,Yes
254,7,Yes
254,8,Yes
254,9,3
255,10,Yes
255,11,Yes
255,12,Yes
255,13,Yes
255,14,Yes
255,15,Yes
255,16,Yes
255,17,No
255,18,4
255,19,"Quiet evening, no issues."
256,1,Yes
256,2,No
256,3,Yes
256,4,Yes
256,5,No
256,6,Yes
256,7,Yes
256,8,Yes
256,9,3
257,10,Yes
257,11,Yes
257,12,No
257,13,Yes
257,14,Yes
257,15,Yes
257,16,Yes
257,17,Yes
257,18,5
257,19,"Busy night, all tasks completed on time."
258,1,Yes
258,2,Yes
258,3,No
258,4,Yes
258,5,Yes
258,6,Yes
258,7,Yes
258,8,No
258,9,5
259,10,Yes
259,11,Yes
259,12,Yes
259,13,Yes
259,14,No
259,15,Yes
259,16,Yes
259,17,Yes
259,18,4
259,19,"Low stock on napkins, requested restock."
260,1,Yes
260,2,Yes
260,3,Yes
260,4,No
260,5,Yes
260,6,Yes
260,7,Yes
260,8,Yes
260,9,4
261,10,No
261,11,Yes
261,12,Yes
261,13,Yes
261,14,Yes
261,15,Yes
261,16,Yes
261,17,No
261,18,3
261,19,Slight delay in closing due to late customers.
262,1,Yes
262,2,Yes
262,3,Yes
262,4,Yes
262,5,No
262,6,Yes
262,7,Yes
262,8,Yes
262,9,4
263,10,No
263,11,Yes
263,12,Yes
263,13,Yes
263,14,Yes
263,15,Yes
263,16,Yes
263,17,No
263,18,3
263,19,"Busy night, all tasks completed on time."
264,1,Yes
264,2,Yes
264,3,Yes
264,4,Yes
264,5,Yes
264,6,No
264,7,Yes
264,8,Yes
264,9,5
265,10,Yes
265,11,Yes
265,12,No
265,13,Yes
265,14,Yes
265,15,Yes
265,16,No
265,17,Yes
265,18,4
265,19,"Minor spill in dining area, cleaned promptly."
266,10,Yes
266,11,Yes
266,12,Yes
266,13,Yes
266,14,Yes
266,15,Yes
266,16,Yes
266,17,Yes
266,18,4
266,19,Everything in order for tomorrow's opening.
267,1,Yes
267,2,Yes
267,3,Yes
267,4,Yes
267,5,Yes
267,6,Yes
267,7,Yes
267,8,Yes
267,9,4
268,10,No
268,11,Yes
268,12,Yes
268,13,Yes
268,14,Yes
268,15,Yes
268,16,Yes
268,17,No
268,18,3
268,19,Slight delay in closing due to late customers.
269,1,Yes
269,2,Yes
269,3,Yes
269,4,Yes
269,5,Yes
269,6,Yes
269,7,Yes
269,8,Yes
269,9,4
270,10,Yes
270,11,Yes
270,12,Yes
270,13,Yes
270,14,Yes
270,15,Yes
270,16,Yes
270,17,No
270,18,3
270,19,"Busy night, all tasks completed on time."
271,1,Yes
271,2,Yes
271,3,Yes
271,4,Yes
271,5,Yes
271,6,Yes
271,7,Yes
271,8,Yes
271,9,4
272,10,Yes
272,11,Yes
272,12,Yes
272,13,Yes
272,14,Yes
272,15,Yes
272,16,Yes
272,17,No
272,18,3
272,19,Slight delay in closing due to late customers.
273,1,Yes
273,2,Yes
273,3,Yes
273,4,Yes
273,5,Yes
273,6,Yes
273,7,Yes
273,8,Yes
273,9,3
274,10,Yes
274,11,Yes
274,12,Yes
274,13,Yes
274,14,Yes
274,15,Yes
274,16,Yes
274,17,Yes
274,18,5
274,19,All checks completed as normal.
275,1,Yes
275,2,Yes
275,3,Yes
275,4,Yes
275,5,No
275,6,No
275,7,Yes
275,8,Yes
275,9,5
276,10,Yes
276,11,Yes
276,12,Yes
276,13,Yes
276,14,Yes
276,15,Yes
276,16,Yes
276,17,Yes
276,18,4
276,19,Slight delay in closing due to late customers.
277,1,No
277,2,Yes
277,3,Yes
277,4,No
277,5,Yes
277,6,Yes
277,7,No
277,8,Yes
277,9,3
278,10,No
278,11,No
278,12,Yes
278,13,Yes
278,14,Yes
278,15,Yes
278,16,Yes
278,17,Yes
278,18,3
278,19,All checks completed as normal.
279,1,Yes
279,2,Yes
279,3,Yes
279,4,Yes
279,5,Yes
279,6,Yes
279,7,Yes
279,8,Yes
279,9,5
280,10,No
280,11,Yes
280,12,Yes
280,13,Yes
280,14,Yes
280,15,Yes
280,16,Yes
280,17,No
280,18,3
280,19,"Busy night, all tasks completed on time."
281,1,Yes
281,2,Yes
281,3,Yes
281,4,Yes
281,5,No
281,6,Yes
281,7,Yes
281,8,Yes
281,9,5
282,10,Yes
282,11,Yes
282,12,Yes
282,13,Yes
282,14,Yes
282,15,Yes
282,16,Yes
282,17,Yes
282,18,5
282,19,"All good, nothing to report."
283,1,Yes
283,2,Yes
283,3,Yes
283,4,Yes
283,5,Yes
283,6,Yes
283,7,Yes
283,8,Yes
283,9,4
284,10,Yes
284,11,No
284,12,Yes
284,13,No
284,14,Yes
284,15,Yes
284,16,Yes
284,17,Yes
284,18,4
284,19,"Low stock on napkins, requested restock."
285,1,Yes
285,2,Yes
285,3,Yes
285,4,No
285,5,Yes
285,6,Yes
285,7,Yes
285,8,No
285,9,4
286,10,No
286,11,Yes
286,12,Yes
286,13,Yes
286,14,Yes
286,15,Yes
286,16,Yes
286,17,Yes
286,18,5
286,19,All checks completed as normal.
287,1,Yes
287,2,Yes
287,3,Yes
287,4,Yes
287,5,No
287,6,Yes
287,7,No
287,8,Yes
287,9,3
288,10,Yes
288,11,Yes
288,12,Yes
288,13,Yes
288,14,No
288,15,Yes
288,16,Yes
288,17,Yes
288,18,3
288,19,New crew member trained on register today.
289,1,Yes
289,2,No
289,3,Yes
289,4,Yes
289,5,Yes
289,6,Yes
289,7,Yes
289,8,No
289,9,5
290,10,No
290,11,Yes
290,12,Yes
290,13,Yes
290,14,No
290,15,Yes
290,16,Yes
290,17,Yes
290,18,4
290,19,"Minor spill in dining area, cleaned promptly."
291,1,Yes
291,2,Yes
291,3,Yes
291,4,Yes
291,5,Yes
291,6,Yes
291,7,Yes
291,8,No
291,9,3
292,10,Yes
292,11,Yes
292,12,Yes
292,13,No
292,14,No
292,15,Yes
292,16,Yes
292,17,No
292,18,4
292,19,Slight delay in closing due to late customers.
293,1,Yes
293,2,Yes
293,3,Yes
293,4,No
293,5,Yes
293,6,Yes
293,7,Yes
293,8,Yes
293,9,3
294,10,Yes
294,11,Yes
294,12,Yes
294,13,Yes
294,14,Yes
294,15,Yes
294,16,Yes
294,17,Yes
294,18,5
294,19,"All good, nothing to report."
295,1,Yes
295,2,Yes
295,3,Yes
295,4,Yes
295,5,No
295,6,Yes
295,7,Yes
295,8,Yes
295,9,4
296,10,No
296,11,Yes
296,12,Yes
296,13,Yes
296,14,No
296,15,Yes
296,16,No
296,17,Yes
296,18,4
296,19,All checks completed as normal.
297,10,No
297,11,Yes
297,12,Yes
297,13,No
297,14,Yes
297,15,Yes
297,16,Yes
297,17,Yes
297,18,4
297,19,"Busy night, all tasks completed on time."
298,1,Yes
298,2,Yes
298,3,No
298,4,Yes
298,5,Yes
298,6,Yes
298,7,Yes
298,8,No
298,9,4
299,10,Yes
299,11,Yes
299,12,Yes
299,13,No
299,14,Yes
299,15,Yes
299,16,Yes
299,17,Yes
299,18,4
299,19,Slight delay in closing due to late customers.
300,1,Yes
300,2,Yes
300,3,Yes
300,4,Yes
300,5,No
300,6,Yes
300,7,Yes
300,8,Yes
300,9,5
301,10,No
301,11,Yes
301,12,Yes
301,13,Yes
301,14,Yes
301,15,Yes
301,16,Yes
301,17,Yes
301,18,4
301,19,New crew member trained on register today.
302,1,Yes
302,2,Yes
302,3,No
302,4,Yes
302,5,Yes
302,6,Yes
302,7,No
302,8,Yes
302,9,5
303,10,No
303,11,Yes
303,12,Yes
303,13,Yes
303,14,Yes
303,15,Yes
303,16,Yes
303,17,Yes
303,18,4
303,19,All checks completed as normal.
304,1,Yes
304,2,Yes
304,3,Yes
304,4,Yes
304,5,Yes
304,6,Yes
304,7,Yes
304,8,Yes
304,9,4
305,10,Yes
305,11,Yes
305,12,Yes
305,13,Yes
305,14,Yes
305,15,Yes
305,16,Yes
305,17,Yes
305,18,4
305,19,"All good, nothing to report."
306,1,Yes
306,2,Yes
306,3,Yes
306,4,Yes
306,5,Yes
306,6,Yes
306,7,Yes
306,8,No
306,9,4
307,10,Yes
307,11,Yes
307,12,Yes
307,13,Yes
307,14,Yes
307,15,Yes
307,16,Yes
307,17,Yes
307,18,4
307,19,Slight delay in closing due to late customers.
308,1,Yes
308,2,Yes
308,3,No
308,4,Yes
308,5,Yes
308,6,Yes
308,7,Yes
308,8,No
308,9,3
309,10,No
309,11,Yes
309,12,Yes
309,13,Yes
309,14,Yes
309,15,Yes
309,16,Yes
309,17,Yes
309,18,3
309,19,Everything in order for tomorrow's opening.
310,1,Yes
310,2,Yes
310,3,Yes
310,4,Yes
310,5,Yes
310,6,Yes
310,7,Yes
310,8,Yes
310,9,4
311,10,Yes
311,11,Yes
311,12,Yes
311,13,Yes
311,14,Yes
311,15,Yes
311,16,Yes
311,17,Yes
311,18,3
311,19,New crew member trained on register today.
312,1,Yes
312,2,Yes
312,3,Yes
312,4,Yes
312,5,Yes
312,6,Yes
312,7,No
312,8,Yes
312,9,4
313,10,Yes
313,11,Yes
313,12,Yes
313,13,Yes
313,14,Yes
313,15,No
313,16,Yes
313,17,Yes
313,18,4
313,19,All checks completed as normal.
314,1,Yes
314,2,Yes
314,3,Yes
314,4,Yes
314,5,Yes
314,6,Yes
314,7,Yes
314,8,Yes
314,9,4
315,10,Yes
315,11,Yes
315,12,Yes
315,13,Yes
315,14,No
315,15,Yes
315,16,Yes
315,17,Yes
315,18,4
315,19,Everything in order for tomorrow's opening.
316,1,Yes
316,2,Yes
316,3,Yes
316,4,Yes
316,5,Yes
316,6,Yes
316,7,Yes
316,8,Yes
316,9,4
317,10,Yes
317,11,Yes
317,12,Yes
317,13,Yes
317,14,Yes
317,15,No
317,16,Yes
317,17,Yes
317,18,4
317,19,"Quiet evening, no issues."
318,1,Yes
318,2,Yes
318,3,No
318,4,Yes
318,5,Yes
318,6,Yes
318,7,Yes
318,8,Yes
318,9,4
319,10,No
319,11,Yes
319,12,Yes
319,13,Yes
319,14,Yes
319,15,Yes
319,16,Yes
319,17,Yes
319,18,4
319,19,Everything in order for tomorrow's opening.
320,1,Yes
320,2,Yes
320,3,Yes
320,4,Yes
320,5,No
320,6,Yes
320,7,Yes
320,8,Yes
320,9,4
321,10,Yes
321,11,Yes
321,12,Yes
321,13,Yes
321,14,Yes
321,15,Yes
321,16,Yes
321,17,No
321,18,3
321,19,"Minor spill in dining area, cleaned promptly."
322,1,Yes
322,2,Yes
322,3,Yes
322,4,Yes
322,5,Yes
322,6,Yes
322,7,Yes
322,8,Yes
322,9,5
323,10,No
323,11,Yes
323,12,Yes
323,13,Yes
323,14,Yes
323,15,Yes
323,16,Yes
323,17,Yes
323,18,3
323,19,"Quiet evening, no issues."
324,1,Yes
324,2,Yes
324,3,Yes
324,4,No
324,5,Yes
324,6,No
324,7,Yes
324,8,No
324,9,4
325,10,No
325,11,Yes
325,12,Yes
325,13,Yes
325,14,Yes
325,15,Yes
325,16,Yes
325,17,Yes
325,18,4
325,19,Everything in order for tomorrow's opening.
326,1,Yes
326,2,No
326,3,Yes
326,4,Yes
326,5,Yes
326,6,Yes
326,7,Yes
326,8,Yes
326,9,4
327,1,No
327,2,Yes
327,3,Yes
327,4,No
327,5,Yes
327,6,Yes
327,7,Yes
327,8,Yes
327,9,3
328,10,Yes
328,11,Yes
328,12,Yes
328,13,No
328,14,Yes
328,15,Yes
328,16,Yes
328,17,Yes
328,18,5
328,19,"All good, nothing to report."
329,1,Yes
329,2,Yes
329,3,Yes
329,4,Yes
329,5,Yes
329,6,Yes
329,7,Yes
329,8,No
329,9,5
330,1,Yes
330,2,Yes
330,3,Yes
330,4,Yes
330,5,Yes
330,6,Yes
330,7,Yes
330,8,Yes
330,9,4
331,10,Yes
331,11,Yes
331,12,Yes
331,13,Yes
331,14,Yes
331,15,Yes
331,16,Yes
331,17,Yes
331,18,5
331,19,"Low stock on napkins, requested restock."
332,1,Yes
332,2,Yes
332,3,Yes
332,4,Yes
332,5,Yes
332,6,Yes
332,7,Yes
332,8,Yes
332,9,5
333,10,No
333,11,Yes
333,12,Yes
333,13,Yes
333,14,Yes
333,15,Yes
333,16,Yes
333,17,Yes
333,18,2
333,19,"Low stock on napkins, requested restock."
334,1,Yes
334,2,Yes
334,3,Yes
334,4,Yes
334,5,Yes
334,6,Yes
334,7,No
334,8,No
334,9,4
335,10,No
335,11,Yes
335,12,Yes
335,13,Yes
335,14,Yes
335,15,Yes
335,16,Yes
335,17,Yes
335,18,5
335,19,"Busy night, all tasks completed on time."
336,1,Yes
336,2,Yes
336,3,No
336,4,Yes
336,5,Yes
336,6,Yes
336,7,Yes
336,8,Yes
336,9,3
337,10,Yes
337,11,No
337,12,Yes
337,13,Yes
337,14,Yes
337,15,Yes
337,16,No
337,17,Yes
337,18,4
337,19,Slight delay in closing due to late customers.
338,1,Yes
338,2,Yes
338,3,Yes
338,4,Yes
338,5,Yes
338,6,Yes
338,7,Yes
338,8,Yes
338,9,3
339,10,Yes
339,11,Yes
339,12,Yes
339,13,Yes
339,14,Yes
339,15,Yes
339,16,Yes
339,17,No
339,18,4
339,19,All checks completed as normal.
340,1,Yes
340,2,Yes
340,3,Yes
340,4,No
340,5,Yes
340,6,Yes
340,7,Yes
340,8,Yes
340,9,4
341,10,Yes
341,11,Yes
341,12,Yes
341,13,Yes
341,14,Yes
341,15,Yes
341,16,No
341,17,Yes
341,18,5
341,19,"Busy night, all tasks completed on time."
342,1,Yes
342,2,Yes
342,3,Yes
342,4,Yes
342,5,Yes
342,6,Yes
342,7,Yes
342,8,Yes
342,9,4
343,10,Yes
343,11,Yes
343,12,Yes
343,13,Yes
343,14,Yes
343,15,Yes
343,16,Yes
343,17,Yes
343,18,5
343,19,Everything in order for tomorrow's opening.
344,1,Yes
344,2,Yes
344,3,Yes
344,4,Yes
344,5,Yes
344,6,Yes
344,7,Yes
344,8,Yes
344,9,4
345,10,Yes
345,11,Yes
345,12,Yes
345,13,Yes
345,14,Yes
345,15,Yes
345,16,Yes
345,17,Yes
345,18,4
345,19,"Quiet evening, no issues."
346,1,Yes
346,2,Yes
346,3,Yes
346,4,Yes
346,5,Yes
346,6,Yes
346,7,Yes
346,8,Yes
346,9,3
347,10,Yes
347,11,Yes
347,12,Yes
347,13,No
347,14,Yes
347,15,Yes
347,16,Yes
347,17,Yes
347,18,3
347,19,"Quiet evening, no issues."
348,1,Yes
348,2,Yes
348,3,Yes
348,4,No
348,5,Yes
348,6,Yes
348,7,Yes
348,8,Yes
348,9,5
349,10,Yes
349,11,Yes
349,12,No
349,13,Yes
349,14,Yes
349,15,No
349,16,Yes
349,17,Yes
349,18,4
349,19,"Minor spill in dining area, cleaned promptly."
350,1,Yes
350,2,Yes
350,3,No
350,4,Yes
350,5,No
350,6,Yes
350,7,Yes
350,8,Yes
350,9,2
351,10,Yes
351,11,No
351,12,No
351,13,No
351,14,No
351,15,Yes
351,16,Yes
351,17,Yes
351,18,3
351,19,"Compressor on the walk-in cooler sounds off, flagging for maintenance."
352,1,Yes
352,2,Yes
352,3,Yes
352,4,No
352,5,No
352,6,Yes
352,7,No
352,8,No
352,9,5
353,1,Yes
353,2,No
353,3,No
353,4,No
353,5,Yes
353,6,No
353,7,Yes
353,8,No
353,9,2
354,1,No
354,2,No
354,3,Yes
354,4,Yes
354,5,Yes
354,6,No
354,7,No
354,8,No
354,9,3
355,1,Yes
355,2,Yes
355,3,No
355,4,Yes
355,5,Yes
355,6,Yes
355,7,Yes
355,8,No
355,9,3
356,1,No
356,2,No
356,3,Yes
356,4,No
356,5,No
356,6,Yes
356,7,Yes
356,8,No
356,9,3
357,10,Yes
357,11,No
357,12,No
357,13,No
357,14,Yes
357,15,No
357,16,Yes
357,17,Yes
357,18,1
357,19,Slight delay in closing due to late customers.
358,10,No
358,11,No
358,12,Yes
358,13,Yes
358,14,No
358,15,Yes
358,16,Yes
358,17,Yes
358,18,2
358,19,"Compressor on the walk-in cooler sounds off, flagging for maintenance."
359,10,No
359,11,No
359,12,No
359,13,Yes
359,14,Yes
359,15,No
359,16,Yes
359,17,Yes
359,18,2
359,19,"Compressor on the walk-in cooler sounds off, flagging for maintenance."
360,10,No
360,11,No
360,12,Yes
360,13,Yes
360,14,No
360,15,Yes
360,16,Yes
360,17,Yes
360,18,1
360,19,Everything in order for tomorrow's opening.
361,10,No
361,11,No
361,12,Yes
361,13,Yes
361,14,No
361,15,Yes
361,16,Yes
361,17,No
361,18,2
361,19,New crew member trained on register today.
362,1,Yes
362,2,Yes
362,3,No
362,4,No
362,5,Yes
362,6,No
362,7,Yes
362,8,Yes
362,9,2
363,1,Yes
363,2,Yes
363,3,No
363,4,No
363,5,No
363,6,Yes
363,7,Yes
363,8,No
363,9,1
364,1,Yes
364,2,Yes
364,3,Yes
364,4,No
364,5,No
364,6,Yes
364,7,No
364,8,No
364,9,3
365,10,Yes
365,11,Yes
365,12,Yes
365,13,No
365,14,No
365,15,Yes
365,16,Yes
365,17,No
365,18,1
365,19,Everything in order for tomorrow's opening.
366,1,Yes
366,2,Yes
366,3,Yes
366,4,No
366,5,No
366,6,No
366,7,No
366,8,Yes
366,9,2
367,1,Yes
367,2,No
367,3,Yes
367,4,Yes
367,5,Yes
367,6,No
367,7,No
367,8,No
367,9,3
368,10,No
368,11,No
368,12,No
368,13,Yes
368,14,Yes
368,15,Yes
368,16,No
368,17,No
368,18,2
368,19,"Walk-in freezer temperature crept up again this evening, keeping an eye on it."
369,1,Yes
369,2,No
369,3,Yes
369,4,No
369,5,Yes
369,6,Yes
369,7,No
369,8,No
369,9,3
370,10,Yes
370,11,Yes
370,12,Yes
370,13,Yes
370,14,Yes
370,15,Yes
370,16,No
370,17,Yes
370,18,2
370,19,"Low stock on napkins, requested restock."
371,10,No
371,11,Yes
371,12,No
371,13,Yes
371,14,Yes
371,15,Yes
371,16,No
371,17,Yes
371,18,2
371,19,"Compressor on the walk-in cooler sounds off, flagging for maintenance."
372,1,Yes
372,2,Yes
372,3,No
372,4,Yes
372,5,No
372,6,Yes
372,7,Yes
372,8,Yes
372,9,2
373,10,Yes
373,11,No
373,12,Yes
373,13,No
373,14,Yes
373,15,Yes
373,16,Yes
373,17,No
373,18,1
373,19,"Two crew members called in sick, closing took longer than usual."
374,10,No
374,11,No
374,12,Yes
374,13,Yes
374,14,Yes
374,15,No
374,16,No
374,17,No
374,18,3
374,19,"Two crew members called in sick, closing took longer than usual."
375,1,No
375,2,No
375,3,Yes
375,4,Yes
375,5,No
375,6,No
375,7,Yes
375,8,Yes
375,9,2
376,10,Yes
376,11,No
376,12,No
376,13,Yes
376,14,No
376,15,Yes
376,16,No
376,17,No
376,18,2
376,19,All checks completed as normal.
377,1,Yes
377,2,Yes
377,3,No
377,4,Yes
377,5,No
377,6,Yes
377,7,No
377,8,No
377,9,2
378,10,No
378,11,Yes
378,12,Yes
378,13,No
378,14,Yes
378,15,No
378,16,Yes
378,17,No
378,18,2
378,19,"Compressor on the walk-in cooler sounds off, flagging for maintenance."
379,10,Yes
379,11,Yes
379,12,No
379,13,No
379,14,Yes
379,15,No
379,16,Yes
379,17,Yes
379,18,2
379,19,"Compressor on the walk-in cooler sounds off, flagging for maintenance."
380,1,No
380,2,No
380,3,Yes
380,4,No
380,5,No
380,6,No
380,7,Yes
380,8,No
380,9,3
381,1,Yes
381,2,Yes
381,3,No
381,4,No
381,5,No
381,6,No
381,7,Yes
381,8,Yes
381,9,3
382,10,No
382,11,Yes
382,12,No
382,13,Yes
382,14,No
382,15,No
382,16,Yes
382,17,No
382,18,3
382,19,Everything in order for tomorrow's opening.
383,10,Yes
383,11,Yes
383,12,Yes
383,13,Yes
383,14,No
383,15,Yes
383,16,Yes
383,17,No
383,18,2
383,19,"Minor spill in dining area, cleaned promptly."
384,1,Yes
384,2,No
384,3,Yes
384,4,Yes
384,5,No
384,6,No
384,7,Yes
384,8,No
384,9,3
385,1,No
385,2,Yes
385,3,Yes
385,4,Yes
385,5,No
385,6,Yes
385,7,Yes
385,8,Yes
385,9,3
386,10,No
386,11,Yes
386,12,No
386,13,Yes
386,14,No
386,15,Yes
386,16,Yes
386,17,No
386,18,4
386,19,"Two crew members called in sick, closing took longer than usual."
387,1,Yes
387,2,Yes
387,3,No
387,4,Yes
387,5,No
387,6,Yes
387,7,Yes
387,8,No
387,9,2
388,10,No
388,11,No
388,12,Yes
388,13,Yes
388,14,Yes
388,15,No
388,16,No
388,17,Yes
388,18,2
388,19,"Minor spill in dining area, cleaned promptly."
389,1,Yes
389,2,Yes
389,3,Yes
389,4,Yes
389,5,No
389,6,No
389,7,Yes
389,8,No
389,9,2
390,10,Yes
390,11,No
390,12,Yes
390,13,Yes
390,14,Yes
390,15,Yes
390,16,Yes
390,17,Yes
390,18,3
390,19,"Delivery arrived late, adjusted prep schedule."
391,1,No
391,2,No
391,3,No
391,4,Yes
391,5,Yes
391,6,Yes
391,7,No
391,8,Yes
391,9,3
392,1,No
392,2,No
392,3,Yes
392,4,Yes
392,5,Yes
392,6,No
392,7,No
392,8,Yes
392,9,1
393,1,No
393,2,Yes
393,3,No
393,4,No
393,5,No
393,6,Yes
393,7,Yes
393,8,Yes
393,9,3
394,10,Yes
394,11,No
394,12,Yes
394,13,No
394,14,No
394,15,No
394,16,No
394,17,No
394,18,5
394,19,"Short-staffed again tonight, had to pull crew from other stations."
395,10,Yes
395,11,Yes
395,12,Yes
395,13,Yes
395,14,Yes
395,15,No
395,16,No
395,17,No
395,18,3
395,19,"Two crew members called in sick, closing took longer than usual."
396,1,Yes
396,2,No
396,3,Yes
396,4,Yes
396,5,Yes
396,6,Yes
396,7,Yes
396,8,No
396,9,3
397,10,No
397,11,No
397,12,Yes
397,13,Yes
397,14,Yes
397,15,No
397,16,No
397,17,Yes
397,18,2
397,19,"Delivery arrived late, adjusted prep schedule."
398,10,No
398,11,No
398,12,Yes
398,13,Yes
398,14,No
398,15,Yes
398,16,Yes
398,17,No
398,18,2
398,19,"All good, nothing to report."
399,10,No
399,11,Yes
399,12,Yes
399,13,Yes
399,14,Yes
399,15,Yes
399,16,No
399,17,Yes
399,18,1
399,19,"Delivery arrived late, adjusted prep schedule."
400,10,Yes
400,11,No
400,12,No
400,13,No
400,14,Yes
400,15,Yes
400,16,No
400,17,Yes
400,18,2
400,19,"Low stock on napkins, requested restock."
401,10,Yes
401,11,Yes
401,12,No
401,13,No
401,14,Yes
401,15,Yes
401,16,No
401,17,No
401,18,2
401,19,"Ice machine still making noise, might need service."
402,1,No
402,2,No
402,3,No
402,4,Yes
402,5,No
402,6,No
402,7,Yes
402,8,No
402,9,1
403,1,Yes
403,2,Yes
403,3,Yes
403,4,Yes
403,5,No
403,6,Yes
403,7,Yes
403,8,Yes
403,9,1
404,10,No
404,11,No
404,12,Yes
404,13,No
404,14,No
404,15,Yes
404,16,Yes
404,17,Yes
404,18,1
404,19,Slight delay in closing due to late customers.
405,1,Yes
405,2,Yes
405,3,No
405,4,Yes
405,5,Yes
405,6,No
405,7,No
405,8,No
405,9,2
406,1,Yes
406,2,Yes
406,3,Yes
406,4,Yes
406,5,No
406,6,Yes
406,7,Yes
406,8,Yes
406,9,1
407,1,Yes
407,2,No
407,3,Yes
407,4,Yes
407,5,No
407,6,Yes
407,7,No
407,8,No
407,9,4
408,10,Yes
408,11,Yes
408,12,No
408,13,Yes
408,14,No
408,15,Yes
408,16,No
408,17,No
408,18,3
408,19,"Delivery arrived late, adjusted prep schedule."
409,10,No
409,11,Yes
409,12,Yes
409,13,No
409,14,No
409,15,Yes
409,16,No
409,17,Yes
409,18,3
409,19,"Low stock on napkins, requested restock."
410,1,Yes
410,2,Yes
410,3,Yes
410,4,No
410,5,Yes
410,6,Yes
410,7,No
410,8,No
410,9,3
411,1,Yes
411,2,No
411,3,Yes
411,4,No
411,5,No
411,6,No
411,7,No
411,8,No
411,9,3
412,10,No
412,11,Yes
412,12,No
412,13,Yes
412,14,No
412,15,No
412,16,Yes
412,17,Yes
412,18,1
412,19,"Minor spill in dining area, cleaned promptly."
413,1,No
413,2,No
413,3,No
413,4,Yes
413,5,Yes
413,6,No
413,7,Yes
413,8,Yes
413,9,2
414,10,No
414,11,No
414,12,Yes
414,13,No
414,14,No
414,15,Yes
414,16,Yes
414,17,Yes
414,18,2
414,19,"Short-staffed again tonight, had to pull crew from other stations."
415,1,Yes
415,2,No
415,3,No
415,4,Yes
415,5,Yes
415,6,Yes
415,7,Yes
415,8,No
415,9,2
416,1,No
416,2,No
416,3,No
416,4,No
416,5,Yes
416,6,Yes
416,7,Yes
416,8,No
416,9,3
417,1,No
417,2,No
417,3,Yes
417,4,Yes
417,5,No
417,6,Yes
417,7,Yes
417,8,No
417,9,1
418,1,Yes
418,2,No
418,3,Yes
418,4,Yes
418,5,Yes
418,6,Yes
418,7,Yes
418,8,Yes
418,9,1
419,10,Yes
419,11,No
419,12,Yes
419,13,Yes
419,14,No
419,15,Yes
419,16,Yes
419,17,No
419,18,2
419,19,"Compressor on the walk-in cooler sounds off, flagging for maintenance."
420,1,Yes
420,2,Yes
420,3,Yes
420,4,Yes
420,5,No
420,6,No
420,7,Yes
420,8,No
420,9,4
421,10,No
421,11,Yes
421,12,Yes
421,13,No
421,14,Yes
421,15,Yes
421,16,Yes
421,17,No
421,18,3
421,19,"Quiet evening, no issues."
422,1,Yes
422,2,Yes
422,3,Yes
422,4,Yes
422,5,Yes
422,6,Yes
422,7,No
422,8,No
422,9,2
423,10,Yes
423,11,Yes
423,12,No
423,13,No
423,14,Yes
423,15,No
423,16,Yes
423,17,No
423,18,3
423,19,"Ice machine still making noise, might need service."
424,1,No
424,2,Yes
424,3,Yes
424,4,No
424,5,Yes
424,6,Yes
424,7,No
424,8,No
424,9,2
425,1,Yes
425,2,Yes
425,3,Yes
425,4,No
425,5,No
425,6,No
425,7,No
425,8,No
425,9,4
426,10,Yes
426,11,No
426,12,No
426,13,No
426,14,Yes
426,15,No
426,16,No
426,17,No
426,18,3
426,19,"Quiet evening, no issues."
427,1,Yes
427,2,Yes
427,3,Yes
427,4,Yes
427,5,No
427,6,No
427,7,Yes
427,8,No
427,9,4
428,10,Yes
428,11,No
428,12,No
428,13,Yes
428,14,No
428,15,No
428,16,No
428,17,Yes
428,18,3
428,19,"Low stock on napkins, requested restock."
429,10,Yes
429,11,Yes
429,12,No
429,13,Yes
429,14,No
429,15,Yes
429,16,Yes
429,17,Yes
429,18,3
429,19,Slight delay in closing due to late customers.
430,1,No
430,2,Yes
430,3,Yes
430,4,Yes
430,5,No
430,6,Yes
430,7,No
430,8,No
430,9,2
431,10,No
431,11,No
431,12,No
431,13,Yes
431,14,Yes
431,15,No
431,16,Yes
431,17,Yes
431,18,2
431,19,"Minor spill in dining area, cleaned promptly."
432,1,No
432,2,No
432,3,Yes
432,4,No
432,5,No
432,6,No
432,7,Yes
432,8,Yes
432,9,3
433,10,Yes
433,11,Yes
433,12,Yes
433,13,No
433,14,Yes
433,15,Yes
433,16,Yes
433,17,No
433,18,4
433,19,Everything in order for tomorrow's opening.
434,1,No
434,2,Yes
434,3,Yes
434,4,No
434,5,Yes
434,6,No
434,7,Yes
434,8,Yes
434,9,2
435,10,Yes
435,11,No
435,12,Yes
435,13,Yes
435,14,Yes
435,15,No
435,16,Yes
435,17,No
435,18,2
435,19,"All good, nothing to report."
436,10,No
436,11,Yes
436,12,Yes
436,13,No
436,14,Yes
436,15,Yes
436,16,Yes
436,17,Yes
436,18,2
436,19,"Delivery arrived late, adjusted prep schedule."
437,1,Yes
437,2,Yes
437,3,Yes
437,4,Yes
437,5,Yes
437,6,Yes
437,7,No
437,8,No
437,9,3
438,10,Yes
438,11,No
438,12,Yes
438,13,Yes
438,14,Yes
438,15,Yes
438,16,No
438,17,No
438,18,3
438,19,Slight delay in closing due to late customers.
439,1,Yes
439,2,Yes
439,3,Yes
439,4,Yes
439,5,Yes
439,6,Yes
439,7,Yes
439,8,Yes
439,9,2
440,1,No
440,2,Yes
440,3,Yes
440,4,Yes
440,5,Yes
440,6,Yes
440,7,No
440,8,Yes
440,9,3
441,10,Yes
441,11,Yes
441,12,No
441,13,Yes
441,14,Yes
441,15,Yes
441,16,Yes
441,17,Yes
441,18,4
441,19,"Busy night, all tasks completed on time."
442,1,No
442,2,No
442,3,Yes
442,4,No
442,5,No
442,6,Yes
442,7,Yes
442,8,Yes
442,9,3
443,10,No
443,11,No
443,12,Yes
443,13,Yes
443,14,Yes
443,15,No
443,16,Yes
443,17,Yes
443,18,4
443,19,"Delivery arrived late, adjusted prep schedule."
444,10,No
444,11,Yes
444,12,No
444,13,No
444,14,No
444,15,No
444,16,Yes
444,17,Yes
444,18,2
444,19,New crew member trained on register today.
445,1,Yes
445,2,Yes
445,3,Yes
445,4,Yes
445,5,Yes
445,6,No
445,7,Yes
445,8,Yes
445,9,3
446,10,Yes
446,11,Yes
446,12,Yes
446,13,No
446,14,Yes
446,15,Yes
446,16,No
446,17,Yes
446,18,4
446,19,"Busy night, all tasks completed on time."
447,1,Yes
447,2,Yes
447,3,Yes
447,4,No
447,5,No
447,6,No
447,7,No
447,8,No
447,9,3
448,10,Yes
448,11,Yes
448,12,Yes
448,13,Yes
448,14,Yes
448,15,Yes
448,16,No
448,17,Yes
448,18,2
448,19,Everything in order for tomorrow's opening.
449,1,Yes
449,2,Yes
449,3,Yes
449,4,No
449,5,Yes
449,6,No
449,7,Yes
449,8,No
449,9,4
450,10,No
450,11,Yes
450,12,No
450,13,Yes
450,14,No
450,15,Yes
450,16,No
450,17,Yes
450,18,3
450,19,All checks completed as normal.
451,10,Yes
451,11,Yes
451,12,Yes
451,13,Yes
451,14,Yes
451,15,No
451,16,Yes
451,17,No
451,18,3
451,19,"Quiet evening, no issues."
452,1,No
452,2,Yes
452,3,No
452,4,Yes
452,5,Yes
452,6,No
452,7,Yes
452,8,Yes
452,9,2
453,1,No
453,2,No
453,3,Yes
453,4,Yes
453,5,No
453,6,Yes
453,7,No
453,8,Yes
453,9,4
454,10,Yes
454,11,No
454,12,No
454,13,Yes
454,14,Yes
454,15,Yes
454,16,Yes
454,17,Yes
454,18,3
454,19,"All good, nothing to report."
455,1,Yes
455,2,Yes
455,3,Yes
455,4,Yes
455,5,No
455,6,Yes
455,7,Yes
455,8,No
455,9,3
456,10,Yes
456,11,Yes
456,12,Yes
456,13,Yes
456,14,Yes
456,15,Yes
456,16,No
456,17,Yes
456,18,3
456,19,Everything in order for tomorrow's opening.
457,10,No
457,11,Yes
457,12,Yes
457,13,Yes
457,14,No
457,15,Yes
457,16,Yes
457,17,No
457,18,2
457,19,All checks completed as normal.
458,1,No
458,2,No
458,3,Yes
458,4,No
458,5,Yes
458,6,No
458,7,Yes
458,8,No
458,9,4
459,10,Yes
459,11,No
459,12,Yes
459,13,No
459,14,Yes
459,15,Yes
459,16,Yes
459,17,Yes
459,18,2
459,19,"Delivery arrived late, adjusted prep schedule."
460,1,Yes
460,2,Yes
460,3,Yes
460,4,Yes
460,5,No
460,6,Yes
460,7,Yes
460,8,Yes
460,9,3
461,1,No
461,2,Yes
461,3,No
461,4,Yes
461,5,Yes
461,6,Yes
461,7,Yes
461,8,Yes
461,9,3
462,10,Yes
462,11,Yes
462,12,Yes
462,13,Yes
462,14,Yes
462,15,Yes
462,16,Yes
462,17,Yes
462,18,1
462,19,Slight delay in closing due to late customers.
463,1,Yes
463,2,Yes
463,3,Yes
463,4,Yes
463,5,No
463,6,Yes
463,7,Yes
463,8,Yes
463,9,3
464,10,No
464,11,Yes
464,12,Yes
464,13,No
464,14,Yes
464,15,Yes
464,16,Yes
464,17,No
464,18,4
464,19,All checks completed as normal.
465,10,Yes
465,11,Yes
465,12,Yes
465,13,Yes
465,14,No
465,15,Yes
465,16,No
465,17,No
465,18,4
465,19,"Delivery arrived late, adjusted prep schedule."
466,1,No
466,2,Yes
466,3,Yes
466,4,Yes
466,5,Yes
466,6,Yes
466,7,Yes
466,8,No
466,9,4
467,10,No
467,11,Yes
467,12,No
467,13,Yes
467,14,Yes
467,15,Yes
467,16,Yes
467,17,Yes
467,18,3
467,19,Everything in order for tomorrow's opening.
468,10,Yes
468,11,Yes
468,12,No
468,13,Yes
468,14,No
468,15,Yes
468,16,Yes
468,17,Yes
468,18,4
468,19,"Busy night, all tasks completed on time."
469,1,No
469,2,No
469,3,Yes
469,4,Yes
469,5,Yes
469,6,Yes
469,7,Yes
469,8,Yes
469,9,4
470,10,No
470,11,No
470,12,Yes
470,13,No
470,14,Yes
470,15,Yes
470,16,Yes
470,17,Yes
470,18,3
470,19,"Delivery arrived late, adjusted prep schedule."
471,1,Yes
471,2,Yes
471,3,Yes
471,4,Yes
471,5,Yes
471,6,Yes
471,7,Yes
471,8,No
471,9,4
472,10,Yes
472,11,Yes
472,12,Yes
472,13,Yes
472,14,No
472,15,Yes
472,16,No
472,17,No
472,18,5
472,19,"Low stock on napkins, requested restock."
473,1,Yes
473,2,Yes
473,3,Yes
473,4,Yes
473,5,No
473,6,Yes
473,7,Yes
473,8,Yes
473,9,4
474,10,Yes
474,11,Yes
474,12,Yes
474,13,No
474,14,Yes
474,15,Yes
474,16,Yes
474,17,No
474,18,3
474,19,"Delivery arrived late, adjusted prep schedule."
475,10,Yes
475,11,No
475,12,Yes
475,13,Yes
475,14,No
475,15,No
475,16,Yes
475,17,No
475,18,3
475,19,"Minor spill in dining area, cleaned promptly."
476,10,Yes
476,11,No
476,12,No
476,13,No
476,14,Yes
476,15,No
476,16,No
476,17,Yes
476,18,2
476,19,"Delivery arrived late, adjusted prep schedule."
477,10,Yes
477,11,No
477,12,Yes
477,13,Yes
477,14,Yes
477,15,Yes
477,16,Yes
477,17,No
477,18,3
477,19,"Delivery arrived late, adjusted prep schedule."
478,1,Yes
478,2,Yes
478,3,Yes
478,4,Yes
478,5,Yes
478,6,Yes
478,7,Yes
478,8,No
478,9,3
479,1,Yes
479,2,Yes
479,3,Yes
479,4,Yes
479,5,No
479,6,Yes
479,7,Yes
479,8,Yes
479,9,3
480,10,Yes
480,11,Yes
480,12,Yes
480,13,No
480,14,Yes
480,15,Yes
480,16,Yes
480,17,No
480,18,3
480,19,Slight delay in closing due to late customers.
481,1,Yes
481,2,Yes
481,3,Yes
481,4,Yes
481,5,Yes
481,6,Yes
481,7,No
481,8,No
481,9,4
482,10,No
482,11,Yes
482,12,Yes
482,13,No
482,14,Yes
482,15,No
482,16,Yes
482,17,Yes
482,18,4
482,19,Everything in order for tomorrow's opening.
483,1,Yes
483,2,No
483,3,No
483,4,No
483,5,Yes
483,6,Yes
483,7,Yes
483,8,No
483,9,3
484,10,Yes
484,11,Yes
484,12,Yes
484,13,Yes
484,14,No
484,15,Yes
484,16,Yes
484,17,Yes
484,18,3
484,19,All checks completed as normal.
485,10,Yes
485,11,Yes
485,12,Yes
485,13,Yes
485,14,Yes
485,15,Yes
485,16,No
485,17,Yes
485,18,3
485,19,New crew member trained on register today.
486,1,Yes
486,2,Yes
486,3,Yes
486,4,Yes
486,5,Yes
486,6,Yes
486,7,Yes
486,8,Yes
486,9,3
487,10,Yes
487,11,No
487,12,Yes
487,13,No
487,14,Yes
487,15,Yes
487,16,Yes
487,17,Yes
487,18,5
487,19,New crew member trained on register today.
488,1,No
488,2,Yes
488,3,Yes
488,4,No
488,5,Yes
488,6,Yes
488,7,No
488,8,Yes
488,9,3
489,1,Yes
489,2,Yes
489,3,Yes
489,4,Yes
489,5,Yes
489,6,Yes
489,7,No
489,8,Yes
489,9,3
490,10,Yes
490,11,Yes
490,12,Yes
490,13,Yes
490,14,Yes
490,15,Yes
490,16,Yes
490,17,Yes
490,18,3
490,19,All checks completed as normal.
491,1,Yes
491,2,Yes
491,3,Yes
491,4,Yes
491,5,No
491,6,Yes
491,7,Yes
491,8,No
491,9,2
492,1,Yes
492,2,Yes
492,3,No
492,4,Yes
492,5,Yes
492,6,Yes
492,7,Yes
492,8,Yes
492,9,4
493,10,No
493,11,No
493,12,Yes
493,13,Yes
493,14,Yes
493,15,No
493,16,No
493,17,Yes
493,18,3
493,19,Everything in order for tomorrow's opening.
494,10,No
494,11,Yes
494,12,Yes
494,13,Yes
494,14,Yes
494,15,No
494,16,No
494,17,Yes
494,18,4
494,19,"All good, nothing to report."
495,1,No
495,2,No
495,3,No
495,4,Yes
495,5,No
495,6,Yes
495,7,Yes
495,8,Yes
495,9,3
496,10,Yes
496,11,Yes
496,12,Yes
496,13,Yes
496,14,Yes
496,15,Yes
496,16,Yes
496,17,Yes
496,18,4
496,19,Slight delay in closing due to late customers.
497,1,Yes
497,2,Yes
497,3,Yes
497,4,No
497,5,Yes
497,6,Yes
497,7,Yes
497,8,No
497,9,3
498,10,Yes
498,11,Yes
498,12,No
498,13,Yes
498,14,No
498,15,Yes
498,16,Yes
498,17,Yes
498,18,3
498,19,Slight delay in closing due to late customers.
499,1,Yes
499,2,Yes
499,3,No
499,4,Yes
499,5,Yes
499,6,No
499,7,No
499,8,Yes
499,9,3
500,10,Yes
500,11,Yes
500,12,Yes
500,13,Yes
500,14,Yes
500,15,Yes
500,16,Yes
500,17,Yes
500,18,3
500,19,All checks completed as normal.
501,1,Yes
501,2,Yes
501,3,Yes
501,4,Yes
501,5,No
501,6,Yes
501,7,Yes
501,8,Yes
501,9,4
502,10,Yes
502,11,Yes
502,12,Yes
502,13,Yes
502,14,Yes
502,15,Yes
502,16,Yes
502,17,Yes
502,18,3
502,19,Slight delay in closing due to late customers.
503,10,No
503,11,Yes
503,12,No
503,13,No
503,14,Yes
503,15,Yes
503,16,Yes
503,17,Yes
503,18,4
503,19,"Busy night, all tasks completed on time."
504,1,Yes
504,2,Yes
504,3,Yes
504,4,Yes
504,5,Yes
504,6,No
504,7,Yes
504,8,No
504,9,3
505,1,Yes
505,2,Yes
505,3,No
505,4,Yes
505,5,Yes
505,6,Yes
505,7,Yes
505,8,No
505,9,5
506,10,Yes
506,11,No
506,12,No
506,13,Yes
506,14,Yes
506,15,Yes
506,16,Yes
506,17,Yes
506,18,4
506,19,"Low stock on napkins, requested restock."
507,1,Yes
507,2,Yes
507,3,Yes
507,4,Yes
507,5,Yes
507,6,Yes
507,7,No
507,8,Yes
507,9,4
508,10,Yes
508,11,No
508,12,Yes
508,13,Yes
508,14,No
508,15,Yes
508,16,No
508,17,Yes
508,18,5
508,19,All checks completed as normal.
509,1,No
509,2,No
509,3,Yes
509,4,No
509,5,No
509,6,Yes
509,7,Yes
509,8,Yes
509,9,3
510,10,No
510,11,Yes
510,12,Yes
510,13,No
510,14,Yes
510,15,Yes
510,16,Yes
510,17,Yes
510,18,3
510,19,New crew member trained on register today.
511,10,No
511,11,Yes
511,12,No
511,13,Yes
511,14,Yes
511,15,Yes
511,16,Yes
511,17,Yes
511,18,2
511,19,"Busy night, all tasks completed on time."
512,1,Yes
512,2,No
512,3,Yes
512,4,Yes
512,5,Yes
512,6,Yes
512,7,Yes
512,8,Yes
512,9,4
513,10,Yes
513,11,Yes
513,12,Yes
513,13,Yes
513,14,No
513,15,Yes
513,16,Yes
513,17,Yes
513,18,4
513,19,"Minor spill in dining area, cleaned promptly."
514,1,Yes
514,2,Yes
514,3,Yes
514,4,Yes
514,5,Yes
514,6,Yes
514,7,Yes
514,8,Yes
514,9,3
515,10,No
515,11,Yes
515,12,Yes
515,13,No
515,14,Yes
515,15,Yes
515,16,No
515,17,Yes
515,18,4
515,19,Everything in order for tomorrow's opening.
516,1,Yes
516,2,Yes
516,3,Yes
516,4,No
516,5,Yes
516,6,Yes
516,7,Yes
516,8,Yes
516,9,4
517,10,Yes
517,11,No
517,12,Yes
517,13,No
517,14,Yes
517,15,Yes
517,16,Yes
517,17,No
517,18,4
517,19,"Minor spill in dining area, cleaned promptly."
518,1,No
518,2,No
518,3,Yes
518,4,Yes
518,5,Yes
518,6,No
518,7,Yes
518,8,Yes
518,9,4
519,1,No
519,2,No
519,3,No
519,4,No
519,5,No
519,6,No
519,7,Yes
519,8,Yes
519,9,4
520,1,Yes
520,2,Yes
520,3,Yes
520,4,Yes
520,5,Yes
520,6,No
520,7,Yes
520,8,Yes
520,9,4
521,10,Yes
521,11,Yes
521,12,Yes
521,13,Yes
521,14,Yes
521,15,No
521,16,Yes
521,17,Yes
521,18,3
521,19,Slight delay in closing due to late customers.
522,1,Yes
522,2,Yes
522,3,Yes
522,4,No
522,5,Yes
522,6,Yes
522,7,Yes
522,8,Yes
522,9,4
523,10,Yes
523,11,Yes
523,12,Yes
523,13,Yes
523,14,Yes
523,15,Yes
523,16,No
523,17,Yes
523,18,3
523,19,"All good, nothing to report."
524,1,Yes
524,2,Yes
524,3,Yes
524,4,No
524,5,No
524,6,No
524,7,Yes
524,8,No
524,9,2
525,10,Yes
525,11,Yes
525,12,Yes
525,13,Yes
525,14,No
525,15,Yes
525,16,Yes
525,17,No
525,18,4
525,19,"Delivery arrived late, adjusted prep schedule."
526,10,Yes
526,11,No
526,12,No
526,13,Yes
526,14,Yes
526,15,Yes
526,16,No
526,17,Yes
526,18,3
526,19,"Busy night, all tasks completed on time."
527,1,Yes
527,2,Yes
527,3,No
527,4,Yes
527,5,Yes
527,6,No
527,7,No
527,8,No
527,9,3
528,1,No
528,2,Yes
528,3,Yes
528,4,Yes
528,5,Yes
528,6,Yes
528,7,Yes
528,8,No
528,9,3
529,1,Yes
529,2,Yes
529,3,Yes
529,4,No
529,5,Yes
529,6,No
529,7,No
529,8,Yes
529,9,2
530,10,Yes
530,11,Yes
530,12,Yes
530,13,Yes
530,14,Yes
530,15,Yes
530,16,No
530,17,Yes
530,18,4
530,19,"Low stock on napkins, requested restock."
531,10,Yes
531,11,Yes
531,12,Yes
531,13,No
531,14,Yes
531,15,No
531,16,Yes
531,17,No
531,18,3
531,19,"All good, nothing to report."
532,10,No
532,11,Yes
532,12,Yes
532,13,Yes
532,14,No
532,15,Yes
532,16,No
532,17,No
532,18,2
532,19,New crew member trained on register today.
533,10,Yes
533,11,Yes
533,12,Yes
533,13,Yes
533,14,Yes
533,15,Yes
533,16,Yes
533,17,Yes
533,18,2
533,19,Slight delay in closing due to late customers.
534,10,Yes
534,11,No
534,12,Yes
534,13,Yes
534,14,No
534,15,Yes
534,16,Yes
534,17,Yes
534,18,4
534,19,"Quiet evening, no issues."
535,10,No
535,11,Yes
535,12,No
535,13,No
535,14,No
535,15,Yes
535,16,Yes
535,17,No
535,18,4
535,19,"Quiet evening, no issues."
536,1,No
536,2,No
536,3,Yes
536,4,Yes
536,5,Yes
536,6,Yes
536,7,Yes
536,8,Yes
536,9,3
537,1,No
537,2,No
537,3,Yes
537,4,Yes
537,5,Yes
537,6,Yes
537,7,Yes
537,8,No
537,9,4
538,1,Yes
538,2,No
538,3,Yes
538,4,Yes
538,5,Yes
538,6,Yes
538,7,Yes
538,8,Yes
538,9,4
539,10,Yes
539,11,Yes
539,12,Yes
539,13,No
539,14,Yes
539,15,Yes
539,16,No
539,17,No
539,18,4
539,19,All checks completed as normal.
540,1,Yes
540,2,No
540,3,Yes
540,4,No
540,5,Yes
540,6,Yes
540,7,No
540,8,Yes
540,9,3
541,10,Yes
541,11,Yes
541,12,Yes
541,13,No
541,14,No
541,15,Yes
541,16,Yes
541,17,Yes
541,18,4
541,19,"Delivery arrived late, adjusted prep schedule."
542,1,Yes
542,2,No
542,3,Yes
542,4,Yes
542,5,No
542,6,Yes
542,7,No
542,8,No
542,9,2
543,1,No
543,2,Yes
543,3,Yes
543,4,Yes
543,5,Yes
543,6,No
543,7,Yes
543,8,Yes
543,9,3
544,10,No
544,11,Yes
544,12,Yes
544,13,Yes
544,14,Yes
544,15,Yes
544,16,Yes
544,17,Yes
544,18,3
544,19,Slight delay in closing due to late customers.
545,1,Yes
545,2,Yes
545,3,No
545,4,Yes
545,5,Yes
545,6,Yes
545,7,Yes
545,8,Yes
545,9,4
546,10,Yes
546,11,Yes
546,12,Yes
546,13,Yes
546,14,Yes
546,15,No
546,16,No
546,17,No
546,18,3
546,19,"Quiet evening, no issues."
547,10,No
547,11,Yes
547,12,Yes
547,13,Yes
547,14,No
547,15,Yes
547,16,Yes
547,17,Yes
547,18,4
547,19,"Low stock on napkins, requested restock."
548,1,No
548,2,No
548,3,Yes
548,4,Yes
548,5,Yes
548,6,No
548,7,Yes
548,8,Yes
548,9,3
549,10,Yes
549,11,No
549,12,Yes
549,13,Yes
549,14,No
549,15,No
549,16,Yes
549,17,Yes
549,18,2
549,19,Everything in order for tomorrow's opening.
550,1,Yes
550,2,No
550,3,Yes
550,4,Yes
550,5,Yes
550,6,Yes
550,7,Yes
550,8,Yes
550,9,3
551,10,Yes
551,11,Yes
551,12,Yes
551,13,No
551,14,Yes
551,15,No
551,16,Yes
551,17,Yes
551,18,3
551,19,"Delivery arrived late, adjusted prep schedule."
552,1,Yes
552,2,No
552,3,Yes
552,4,No
552,5,Yes
552,6,Yes
552,7,Yes
552,8,No
552,9,4
553,10,Yes
553,11,Yes
553,12,Yes
553,13,Yes
553,14,Yes
553,15,No
553,16,Yes
553,17,Yes
553,18,4
553,19,"All good, nothing to report."
554,1,Yes
554,2,No
554,3,Yes
554,4,No
554,5,Yes
554,6,Yes
554,7,Yes
554,8,Yes
554,9,2
555,1,Yes
555,2,No
555,3,Yes
555,4,Yes
555,5,Yes
555,6,Yes
555,7,No
555,8,No
555,9,3
556,10,No
556,11,Yes
556,12,Yes
556,13,Yes
556,14,Yes
556,15,No
556,16,Yes
556,17,Yes
556,18,2
556,19,Everything in order for tomorrow's opening.
557,1,Yes
557,2,Yes
557,3,Yes
557,4,No
557,5,Yes
557,6,Yes
557,7,Yes
557,8,Yes
557,9,4
558,1,Yes
558,2,Yes
558,3,Yes
558,4,Yes
558,5,No
558,6,Yes
558,7,Yes
558,8,Yes
558,9,5
559,10,Yes
559,11,Yes
559,12,Yes
559,13,Yes
559,14,No
559,15,Yes
559,16,Yes
559,17,Yes
559,18,5
559,19,Slight delay in closing due to late customers.
560,1,Yes
560,2,No
560,3,Yes
560,4,Yes
560,5,Yes
560,6,No
560,7,Yes
560,8,Yes
560,9,4
561,10,Yes
561,11,Yes
561,12,Yes
561,13,Yes
561,14,Yes
561,15,Yes
561,16,Yes
561,17,Yes
561,18,3
561,19,"Busy night, all tasks completed on time."
562,1,Yes
562,2,Yes
562,3,Yes
562,4,Yes
562,5,Yes
562,6,Yes
562,7,Yes
562,8,No
562,9,4
563,10,Yes
563,11,Yes
563,12,Yes
563,13,Yes
563,14,Yes
563,15,Yes
563,16,Yes
563,17,Yes
563,18,4
563,19,Slight delay in closing due to late customers.
564,1,Yes
564,2,Yes
564,3,Yes
564,4,Yes
564,5,Yes
564,6,Yes
564,7,Yes
564,8,No
564,9,4
565,1,Yes
565,2,Yes
565,3,Yes
565,4,Yes
565,5,Yes
565,6,Yes
565,7,Yes
565,8,Yes
565,9,4
566,1,Yes
566,2,Yes
566,3,Yes
566,4,Yes
566,5,Yes
566,6,Yes
566,7,Yes
566,8,Yes
566,9,5
567,10,Yes
567,11,Yes
567,12,Yes
567,13,Yes
567,14,Yes
567,15,Yes
567,16,Yes
567,17,Yes
567,18,4
567,19,"Busy night, all tasks completed on time."
568,1,Yes
568,2,Yes
568,3,No
568,4,Yes
568,5,Yes
568,6,Yes
568,7,Yes
568,8,Yes
568,9,4
569,1,Yes
569,2,Yes
569,3,Yes
569,4,Yes
569,5,Yes
569,6,Yes
569,7,No
569,8,Yes
569,9,3
570,10,Yes
570,11,Yes
570,12,No
570,13,Yes
570,14,Yes
570,15,Yes
570,16,Yes
570,17,Yes
570,18,5
570,19,Slight delay in closing due to late customers.
571,1,Yes
571,2,Yes
571,3,Yes
571,4,Yes
571,5,No
571,6,Yes
571,7,Yes
571,8,Yes
571,9,5
572,10,Yes
572,11,Yes
572,12,Yes
572,13,Yes
572,14,Yes
572,15,Yes
572,16,No
572,17,Yes
572,18,4
572,19,"Delivery arrived late, adjusted prep schedule."
573,1,Yes
573,2,Yes
573,3,Yes
573,4,Yes
573,5,Yes
573,6,Yes
573,7,Yes
573,8,Yes
573,9,4
574,10,No
574,11,Yes
574,12,Yes
574,13,Yes
574,14,Yes
574,15,Yes
574,16,Yes
574,17,Yes
574,18,5
574,19,New crew member trained on register today.
575,1,Yes
575,2,Yes
575,3,Yes
575,4,Yes
575,5,Yes
575,6,Yes
575,7,Yes
575,8,Yes
575,9,3
576,10,Yes
576,11,No
576,12,Yes
576,13,Yes
576,14,Yes
576,15,Yes
576,16,Yes
576,17,Yes
576,18,4
576,19,All checks completed as normal.
577,1,Yes
577,2,Yes
577,3,Yes
577,4,Yes
577,5,Yes
577,6,No
577,7,Yes
577,8,No
577,9,4
578,10,Yes
578,11,Yes
578,12,Yes
578,13,Yes
578,14,Yes
578,15,Yes
578,16,Yes
578,17,Yes
578,18,4
578,19,All checks completed as normal.
579,1,Yes
579,2,No
579,3,Yes
579,4,Yes
579,5,Yes
579,6,Yes
579,7,Yes
579,8,Yes
579,9,5
580,1,Yes
580,2,Yes
580,3,Yes
580,4,Yes
580,5,No
580,6,Yes
580,7,Yes
580,8,Yes
580,9,4
581,10,Yes
581,11,Yes
581,12,Yes
581,13,Yes
581,14,Yes
581,15,No
581,16,Yes
581,17,Yes
581,18,3
581,19,All checks completed as normal.
582,1,Yes
582,2,Yes
582,3,Yes
582,4,Yes
582,5,No
582,6,Yes
582,7,Yes
582,8,No
582,9,3
583,10,Yes
583,11,Yes
583,12,Yes
583,13,Yes
583,14,Yes
583,15,Yes
583,16,Yes
583,17,Yes
583,18,3
583,19,"Low stock on napkins, requested restock."
584,1,Yes
584,2,Yes
584,3,Yes
584,4,Yes
584,5,Yes
584,6,Yes
584,7,Yes
584,8,Yes
584,9,4
585,10,Yes
585,11,Yes
585,12,Yes
585,13,Yes
585,14,Yes
585,15,No
585,16,Yes
585,17,Yes
585,18,5
585,19,"Quiet evening, no issues."
586,1,Yes
586,2,Yes
586,3,Yes
586,4,Yes
586,5,Yes
586,6,Yes
586,7,Yes
586,8,Yes
586,9,2
587,10,Yes
587,11,Yes
587,12,Yes
587,13,Yes
587,14,Yes
587,15,Yes
587,16,No
587,17,Yes
587,18,5
587,19,Slight delay in closing due to late customers.
588,1,Yes
588,2,Yes
588,3,Yes
588,4,Yes
588,5,Yes
588,6,Yes
588,7,Yes
588,8,No
588,9,5
589,10,Yes
589,11,Yes
589,12,Yes
589,13,Yes
589,14,Yes
589,15,Yes
589,16,Yes
589,17,Yes
589,18,3
589,19,"Low stock on napkins, requested restock."
590,1,Yes
590,2,Yes
590,3,Yes
590,4,Yes
590,5,Yes
590,6,Yes
590,7,Yes
590,8,Yes
590,9,4
591,10,Yes
591,11,Yes
591,12,Yes
591,13,Yes
591,14,Yes
591,15,Yes
591,16,Yes
591,17,Yes
591,18,4
591,19,Everything in order for tomorrow's opening.
592,1,No
592,2,Yes
592,3,Yes
592,4,Yes
592,5,Yes
592,6,No
592,7,Yes
592,8,Yes
592,9,5
593,10,Yes
593,11,No
593,12,No
593,13,Yes
593,14,Yes
593,15,Yes
593,16,Yes
593,17,Yes
593,18,4
593,19,Everything in order for tomorrow's opening.
594,1,Yes
594,2,Yes
594,3,Yes
594,4,Yes
594,5,Yes
594,6,Yes
594,7,No
594,8,Yes
594,9,4
595,1,Yes
595,2,No
595,3,Yes
595,4,No
595,5,Yes
595,6,Yes
595,7,Yes
595,8,Yes
595,9,5
596,10,No
596,11,Yes
596,12,Yes
596,13,Yes
596,14,Yes
596,15,Yes
596,16,Yes
596,17,Yes
596,18,4
596,19,Everything in order for tomorrow's opening.
597,1,Yes
597,2,Yes
597,3,Yes
597,4,Yes
597,5,Yes
597,6,Yes
597,7,No
597,8,Yes
597,9,4
598,10,No
598,11,Yes
598,12,Yes
598,13,Yes
598,14,Yes
598,15,Yes
598,16,Yes
598,17,Yes
598,18,5
598,19,"Quiet evening, no issues."
599,1,Yes
599,2,Yes
599,3,Yes
599,4,Yes
599,5,Yes
599,6,Yes
599,7,Yes
599,8,Yes
599,9,4
600,1,Yes
600,2,No
600,3,Yes
600,4,Yes
600,5,Yes
600,6,Yes
600,7,Yes
600,8,No
600,9,5
601,10,Yes
601,11,Yes
601,12,Yes
601,13,Yes
601,14,Yes
601,15,Yes
601,16,Yes
601,17,Yes
601,18,4
601,19,All checks completed as normal.
602,1,Yes
602,2,Yes
602,3,Yes
602,4,Yes
602,5,Yes
602,6,Yes
602,7,Yes
602,8,Yes
602,9,4
603,10,Yes
603,11,Yes
603,12,Yes
603,13,Yes
603,14,Yes
603,15,Yes
603,16,Yes
603,17,No
603,18,5
603,19,"Delivery arrived late, adjusted prep schedule."
604,10,No
604,11,Yes
604,12,Yes
604,13,Yes
604,14,Yes
604,15,Yes
604,16,Yes
604,17,Yes
604,18,5
604,19,"Minor spill in dining area, cleaned promptly."
605,1,Yes
605,2,No
605,3,Yes
605,4,Yes
605,5,Yes
605,6,Yes
605,7,Yes
605,8,Yes
605,9,4
606,10,Yes
606,11,Yes
606,12,Yes
606,13,Yes
606,14,Yes
606,15,Yes
606,16,Yes
606,17,Yes
606,18,3
606,19,"Delivery arrived late, adjusted prep schedule."
607,1,Yes
607,2,Yes
607,3,Yes
607,4,Yes
607,5,Yes
607,6,Yes
607,7,No
607,8,No
607,9,5
608,10,Yes
608,11,Yes
608,12,Yes
608,13,Yes
608,14,Yes
608,15,Yes
608,16,Yes
608,17,Yes
608,18,4
608,19,"Low stock on napkins, requested restock."
609,1,No
609,2,Yes
609,3,Yes
609,4,Yes
609,5,No
609,6,Yes
609,7,No
609,8,No
609,9,4
610,10,No
610,11,Yes
610,12,Yes
610,13,Yes
610,14,Yes
610,15,Yes
610,16,Yes
610,17,Yes
610,18,5
610,19,New crew member trained on register today.
611,10,Yes
611,11,Yes
611,12,Yes
611,13,Yes
611,14,No
611,15,Yes
611,16,No
611,17,Yes
611,18,5
611,19,Everything in order for tomorrow's opening.
612,1,Yes
612,2,Yes
612,3,No
612,4,No
612,5,Yes
612,6,Yes
612,7,Yes
612,8,Yes
612,9,4
613,10,Yes
613,11,Yes
613,12,Yes
613,13,Yes
613,14,Yes
613,15,No
613,16,Yes
613,17,Yes
613,18,4
613,19,All checks completed as normal.
614,1,Yes
614,2,Yes
614,3,No
614,4,Yes
614,5,Yes
614,6,Yes
614,7,No
614,8,Yes
614,9,3
615,1,Yes
615,2,Yes
615,3,Yes
615,4,Yes
615,5,Yes
615,6,Yes
615,7,Yes
615,8,Yes
615,9,5
616,10,No
616,11,Yes
616,12,No
616,13,Yes
616,14,Yes
616,15,Yes
616,16,Yes
616,17,Yes
616,18,2
616,19,"All good, nothing to report."
617,1,No
617,2,Yes
617,3,Yes
617,4,Yes
617,5,No
617,6,Yes
617,7,Yes
617,8,Yes
617,9,3
618,1,Yes
618,2,Yes
618,3,Yes
618,4,Yes
618,5,Yes
618,6,Yes
618,7,Yes
618,8,Yes
618,9,3
619,10,Yes
619,11,Yes
619,12,Yes
619,13,Yes
619,14,Yes
619,15,Yes
619,16,Yes
619,17,Yes
619,18,4
619,19,"Busy night, all tasks completed on time."
620,1,Yes
620,2,Yes
620,3,Yes
620,4,Yes
620,5,Yes
620,6,Yes
620,7,Yes
620,8,Yes
620,9,4
621,10,Yes
621,11,Yes
621,12,Yes
621,13,Yes
621,14,Yes
621,15,Yes
621,16,Yes
621,17,Yes
621,18,3
621,19,"Delivery arrived late, adjusted prep schedule."
622,10,No
622,11,Yes
622,12,Yes
622,13,Yes
622,14,Yes
622,15,Yes
622,16,Yes
622,17,Yes
622,18,5
622,19,Everything in order for tomorrow's opening.
623,1,Yes
623,2,No
623,3,Yes
623,4,Yes
623,5,Yes
623,6,Yes
623,7,Yes
623,8,Yes
623,9,3
624,10,Yes
624,11,Yes
624,12,Yes
624,13,Yes
624,14,Yes
624,15,Yes
624,16,Yes
624,17,Yes
624,18,4
624,19,"Minor spill in dining area, cleaned promptly."
625,1,Yes
625,2,Yes
625,3,Yes
625,4,Yes
625,5,No
625,6,Yes
625,7,Yes
625,8,Yes
625,9,4
626,10,Yes
626,11,Yes
626,12,Yes
626,13,Yes
626,14,Yes
626,15,No
626,16,Yes
626,17,Yes
626,18,3
626,19,"Low stock on napkins, requested restock."
627,1,No
627,2,Yes
627,3,Yes
627,4,Yes
627,5,Yes
627,6,Yes
627,7,Yes
627,8,Yes
627,9,5
628,10,Yes
628,11,Yes
628,12,Yes
628,13,Yes
628,14,Yes
628,15,Yes
628,16,Yes
628,17,Yes
628,18,4
628,19,"Low stock on napkins, requested restock."
629,1,Yes
629,2,Yes
629,3,Yes
629,4,Yes
629,5,Yes
629,6,Yes
629,7,Yes
629,8,No
629,9,3
630,10,Yes
630,11,No
630,12,Yes
630,13,Yes
630,14,Yes
630,15,Yes
630,16,Yes
630,17,Yes
630,18,4
630,19,"All good, nothing to report."
631,10,Yes
631,11,Yes
631,12,Yes
631,13,Yes
631,14,Yes
631,15,Yes
631,16,Yes
631,17,No
631,18,5
631,19,All checks completed as normal.
632,1,Yes
632,2,Yes
632,3,No
632,4,Yes
632,5,Yes
632,6,Yes
632,7,Yes
632,8,Yes
632,9,4
633,10,No
633,11,Yes
633,12,Yes
633,13,Yes
633,14,Yes
633,15,Yes
633,16,Yes
633,17,Yes
633,18,4
633,19,"Delivery arrived late, adjusted prep schedule."
634,1,Yes
634,2,Yes
634,3,Yes
634,4,Yes
634,5,Yes
634,6,Yes
634,7,Yes
634,8,Yes
634,9,3
635,10,Yes
635,11,Yes
635,12,Yes
635,13,Yes
635,14,Yes
635,15,No
635,16,Yes
635,17,Yes
635,18,2
635,19,Everything in order for tomorrow's opening.
636,1,Yes
636,2,Yes
636,3,Yes
636,4,Yes
636,5,Yes
636,6,Yes
636,7,Yes
636,8,Yes
636,9,4
637,10,Yes
637,11,Yes
637,12,Yes
637,13,Yes
637,14,Yes
637,15,Yes
637,16,No
637,17,Yes
637,18,4
637,19,All checks completed as normal.
638,1,Yes
638,2,Yes
638,3,Yes
638,4,Yes
638,5,Yes
638,6,Yes
638,7,No
638,8,No
638,9,3
639,10,Yes
639,11,Yes
639,12,Yes
639,13,Yes
639,14,Yes
639,15,Yes
639,16,Yes
639,17,Yes
639,18,4
639,19,Everything in order for tomorrow's opening.
640,1,Yes
640,2,Yes
640,3,Yes
640,4,Yes
640,5,No
640,6,Yes
640,7,Yes
640,8,Yes
640,9,4
641,10,Yes
641,11,Yes
641,12,Yes
641,13,Yes
641,14,Yes
641,15,Yes
641,16,Yes
641,17,No
641,18,3
641,19,Everything in order for tomorrow's opening.
642,1,No
642,2,Yes
642,3,Yes
642,4,Yes
642,5,Yes
642,6,No
642,7,Yes
642,8,Yes
642,9,2
643,10,Yes
643,11,Yes
643,12,No
643,13,Yes
643,14,Yes
643,15,No
643,16,Yes
643,17,Yes
643,18,3
643,19,Slight delay in closing due to late customers.
644,1,Yes
644,2,Yes
644,3,No
644,4,Yes
644,5,Yes
644,6,Yes
644,7,Yes
644,8,No
644,9,4
645,10,Yes
645,11,Yes
645,12,Yes
645,13,Yes
645,14,Yes
645,15,Yes
645,16,Yes
645,17,Yes
645,18,4
645,19,"All good, nothing to report."
646,1,Yes
646,2,Yes
646,3,Yes
646,4,Yes
646,5,Yes
646,6,Yes
646,7,Yes
646,8,Yes
646,9,3
647,10,Yes
647,11,Yes
647,12,Yes
647,13,Yes
647,14,No
647,15,Yes
647,16,Yes
647,17,No
647,18,5
647,19,"Delivery arrived late, adjusted prep schedule."
648,10,Yes
648,11,Yes
648,12,Yes
648,13,Yes
648,14,Yes
648,15,Yes
648,16,Yes
648,17,Yes
648,18,4
648,19,New crew member trained on register today.
649,1,Yes
649,2,Yes
649,3,No
649,4,Yes
649,5,Yes
649,6,Yes
649,7,No
649,8,Yes
649,9,5
650,10,Yes
650,11,Yes
650,12,Yes
650,13,Yes
650,14,Yes
650,15,Yes
650,16,Yes
650,17,Yes
650,18,5
650,19,"Low stock on napkins, requested restock."
651,1,Yes
651,2,Yes
651,3,Yes
651,4,Yes
651,5,No
651,6,Yes
651,7,Yes
651,8,No
651,9,4
652,10,Yes
652,11,Yes
652,12,Yes
652,13,No
652,14,Yes
652,15,Yes
652,16,Yes
652,17,Yes
652,18,4
652,19,"Delivery arrived late, adjusted prep schedule."
653,1,Yes
653,2,Yes
653,3,Yes
653,4,Yes
653,5,Yes
653,6,Yes
653,7,Yes
653,8,Yes
653,9,5
654,10,Yes
654,11,Yes
654,12,No
654,13,Yes
654,14,Yes
654,15,Yes
654,16,Yes
654,17,Yes
654,18,3
654,19,Everything in order for tomorrow's opening.
655,1,No
655,2,Yes
655,3,Yes
655,4,Yes
655,5,Yes
655,6,Yes
655,7,Yes
655,8,Yes
655,9,3
656,10,Yes
656,11,Yes
656,12,Yes
656,13,No
656,14,Yes
656,15,Yes
656,16,Yes
656,17,Yes
656,18,4
656,19,New crew member trained on register today.
657,1,Yes
657,2,No
657,3,Yes
657,4,Yes
657,5,Yes
657,6,Yes
657,7,Yes
657,8,Yes
657,9,3
658,10,Yes
658,11,Yes
658,12,Yes
658,13,Yes
658,14,Yes
658,15,No
658,16,Yes
658,17,Yes
658,18,3
658,19,"Delivery arrived late, adjusted prep schedule."
659,1,Yes
659,2,Yes
659,3,Yes
659,4,Yes
659,5,Yes
659,6,No
659,7,Yes
659,8,Yes
659,9,4
660,10,Yes
660,11,Yes
660,12,Yes
660,13,Yes
660,14,Yes
660,15,Yes
660,16,Yes
660,17,Yes
660,18,3
660,19,"Minor spill in dining area, cleaned promptly."
661,1,Yes
661,2,Yes
661,3,Yes
661,4,Yes
661,5,Yes
661,6,Yes
661,7,No
661,8,No
661,9,5
662,10,Yes
662,11,Yes
662,12,Yes
662,13,Yes
662,14,Yes
662,15,Yes
662,16,Yes
662,17,Yes
662,18,4
662,19,"Busy night, all tasks completed on time."
663,10,Yes
663,11,Yes
663,12,Yes
663,13,Yes
663,14,No
663,15,Yes
663,16,Yes
663,17,Yes
663,18,3
663,19,"Quiet evening, no issues."
664,1,No
664,2,Yes
664,3,Yes
664,4,Yes
664,5,Yes
664,6,Yes
664,7,Yes
664,8,Yes
664,9,2
665,10,Yes
665,11,Yes
665,12,Yes
665,13,No
665,14,Yes
665,15,Yes
665,16,Yes
665,17,No
665,18,3
665,19,Slight delay in closing due to late customers.
666,1,Yes
666,2,Yes
666,3,No
666,4,Yes
666,5,Yes
666,6,No
666,7,Yes
666,8,Yes
666,9,4
667,10,Yes
667,11,No
667,12,No
667,13,Yes
667,14,Yes
667,15,Yes
667,16,Yes
667,17,Yes
667,18,3
667,19,New crew member trained on register today.
668,1,Yes
668,2,Yes
668,3,No
668,4,Yes
668,5,Yes
668,6,Yes
668,7,Yes
668,8,Yes
668,9,4
669,1,Yes
669,2,No
669,3,Yes
669,4,Yes
669,5,Yes
669,6,Yes
669,7,Yes
669,8,Yes
669,9,4
670,10,Yes
670,11,Yes
670,12,Yes
670,13,Yes
670,14,Yes
670,15,Yes
670,16,Yes
670,17,Yes
670,18,3
670,19,All checks completed as normal.
671,10,Yes
671,11,Yes
671,12,Yes
671,13,Yes
671,14,Yes
671,15,Yes
671,16,Yes
671,17,Yes
671,18,5
671,19,"All good, nothing to report."
672,1,Yes
672,2,Yes
672,3,Yes
672,4,Yes
672,5,Yes
672,6,Yes
672,7,Yes
672,8,Yes
672,9,4
673,10,Yes
673,11,Yes
673,12,Yes
673,13,Yes
673,14,Yes
673,15,Yes
673,16,Yes
673,17,Yes
673,18,4
673,19,All checks completed as normal.
674,10,Yes
674,11,Yes
674,12,Yes
674,13,Yes
674,14,Yes
674,15,Yes
674,16,Yes
674,17,Yes
674,18,3
674,19,"Delivery arrived late, adjusted prep schedule."
675,1,Yes
675,2,Yes
675,3,Yes
675,4,Yes
675,5,Yes
675,6,Yes
675,7,Yes
675,8,Yes
675,9,3
676,10,Yes
676,11,Yes
676,12,Yes
676,13,Yes
676,14,Yes
676,15,Yes
676,16,Yes
676,17,Yes
676,18,4
676,19,Slight delay in closing due to late customers.
677,1,Yes
677,2,Yes
677,3,Yes
677,4,Yes
677,5,Yes
677,6,Yes
677,7,Yes
677,8,No
677,9,5
678,10,Yes
678,11,Yes
678,12,Yes
678,13,Yes
678,14,Yes
678,15,Yes
678,16,Yes
678,17,Yes
678,18,5
678,19,"All good, nothing to report."
679,10,Yes
679,11,Yes
679,12,No
679,13,Yes
679,14,No
679,15,Yes
679,16,Yes
679,17,Yes
679,18,5
679,19,"Low stock on napkins, requested restock."
680,1,Yes
680,2,Yes
680,3,Yes
680,4,Yes
680,5,Yes
680,6,Yes
680,7,No
680,8,Yes
680,9,4
681,1,Yes
681,2,Yes
681,3,Yes
681,4,Yes
681,5,Yes
681,6,Yes
681,7,Yes
681,8,No
681,9,3
682,10,Yes
682,11,No
682,12,Yes
682,13,No
682,14,Yes
682,15,Yes
682,16,Yes
682,17,Yes
682,18,4
682,19,"Delivery arrived late, adjusted prep schedule."
683,1,Yes
683,2,Yes
683,3,No
683,4,Yes
683,5,Yes
683,6,Yes
683,7,Yes
683,8,Yes
683,9,5
684,10,Yes
684,11,Yes
684,12,Yes
684,13,Yes
684,14,Yes
684,15,Yes
684,16,Yes
684,17,Yes
684,18,5
684,19,"Quiet evening, no issues."
685,1,No
685,2,Yes
685,3,Yes
685,4,Yes
685,5,Yes
685,6,Yes
685,7,Yes
685,8,Yes
685,9,3
686,10,Yes
686,11,Yes
686,12,No
686,13,Yes
686,14,Yes
686,15,Yes
686,16,Yes
686,17,No
686,18,4
686,19,"Quiet evening, no issues."
687,10,Yes
687,11,Yes
687,12,No
687,13,Yes
687,14,No
687,15,Yes
687,16,Yes
687,17,Yes
687,18,4
687,19,"Delivery arrived late, adjusted prep schedule."
688,1,Yes
688,2,No
688,3,Yes
688,4,Yes
688,5,Yes
688,6,Yes
688,7,Yes
688,8,No
688,9,3
689,10,Yes
689,11,Yes
689,12,No
689,13,Yes
689,14,Yes
689,15,Yes
689,16,Yes
689,17,Yes
689,18,4
689,19,"Minor spill in dining area, cleaned promptly."
690,1,Yes
690,2,Yes
690,3,Yes
690,4,Yes
690,5,Yes
690,6,Yes
690,7,No
690,8,Yes
690,9,5
691,10,Yes
691,11,Yes
691,12,Yes
691,13,Yes
691,14,Yes
691,15,Yes
691,16,Yes
691,17,Yes
691,18,5
691,19,"Low stock on napkins, requested restock."
692,1,Yes
692,2,Yes
692,3,Yes
692,4,Yes
692,5,Yes
692,6,Yes
692,7,Yes
692,8,No
692,9,4
693,10,Yes
693,11,No
693,12,Yes
693,13,Yes
693,14,Yes
693,15,No
693,16,Yes
693,17,Yes
693,18,4
693,19,"Minor spill in dining area, cleaned promptly."
694,1,Yes
694,2,Yes
694,3,Yes
694,4,Yes
694,5,Yes
694,6,Yes
694,7,No
694,8,Yes
694,9,4
695,10,Yes
695,11,No
695,12,Yes
695,13,Yes
695,14,Yes
695,15,Yes
695,16,No
695,17,Yes
695,18,2
695,19,"Quiet evening, no issues."
696,1,Yes
696,2,Yes
696,3,Yes
696,4,Yes
696,5,Yes
696,6,Yes
696,7,Yes
696,8,Yes
696,9,5
697,10,Yes
697,11,Yes
697,12,Yes
697,13,Yes
697,14,No
697,15,Yes
697,16,Yes
697,17,Yes
697,18,3
697,19,All checks completed as normal.
698,1,Yes
698,2,Yes
698,3,Yes
698,4,Yes
698,5,Yes
698,6,Yes
698,7,Yes
698,8,No
698,9,3
699,10,No
699,11,Yes
699,12,Yes
699,13,Yes
699,14,Yes
699,15,Yes
699,16,Yes
699,17,No
699,18,4
699,19,"Busy night, all tasks completed on time."
700,1,Yes
700,2,Yes
700,3,Yes
700,4,Yes
700,5,No
700,6,Yes
700,7,Yes
700,8,Yes
700,9,3
701,10,Yes
701,11,Yes
701,12,Yes
701,13,Yes
701,14,Yes
701,15,Yes
701,16,Yes
701,17,Yes
701,18,4
701,19,New crew member trained on register today.
702,1,Yes
702,2,Yes
702,3,Yes
702,4,Yes
702,5,Yes
702,6,Yes
702,7,No
702,8,Yes
702,9,5
703,10,Yes
703,11,Yes
703,12,Yes
703,13,No
703,14,Yes
703,15,Yes
703,16,Yes
703,17,Yes
703,18,4
703,19,"Minor spill in dining area, cleaned promptly."
704,1,Yes
704,2,Yes
704,3,Yes
704,4,Yes
704,5,Yes
704,6,Yes
704,7,Yes
704,8,Yes
704,9,2
705,10,Yes
705,11,No
705,12,No
705,13,Yes
705,14,Yes
705,15,Yes
705,16,Yes
705,17,Yes
705,18,5
705,19,New crew member trained on register today.
706,1,Yes
706,2,Yes
706,3,Yes
706,4,Yes
706,5,Yes
706,6,No
706,7,Yes
706,8,Yes
706,9,4
707,10,Yes
707,11,Yes
707,12,Yes
707,13,No
707,14,Yes
707,15,Yes
707,16,Yes
707,17,Yes
707,18,5
707,19,"Busy night, all tasks completed on time."
708,1,Yes
708,2,Yes
708,3,Yes
708,4,No
708,5,No
708,6,Yes
708,7,Yes
708,8,Yes
708,9,2
709,10,Yes
709,11,Yes
709,12,Yes
709,13,Yes
709,14,Yes
709,15,No
709,16,Yes
709,17,Yes
709,18,3
709,19,Everything in order for tomorrow's opening.
710,10,Yes
710,11,Yes
710,12,Yes
710,13,Yes
710,14,Yes
710,15,Yes
710,16,No
710,17,Yes
710,18,4
710,19,"Delivery arrived late, adjusted prep schedule."
711,1,Yes
711,2,Yes
711,3,Yes
711,4,No
711,5,Yes
711,6,Yes
711,7,Yes
711,8,Yes
711,9,3
712,10,No
712,11,Yes
712,12,No
712,13,No
712,14,Yes
712,15,Yes
712,16,Yes
712,17,Yes
712,18,3
712,19,"Busy night, all tasks completed on time."
713,1,Yes
713,2,No
713,3,No
713,4,Yes
713,5,Yes
713,6,Yes
713,7,Yes
713,8,Yes
713,9,4
714,1,Yes
714,2,Yes
714,3,No
714,4,Yes
714,5,Yes
714,6,Yes
714,7,No
714,8,Yes
714,9,4
715,1,Yes
715,2,No
715,3,Yes
715,4,Yes
715,5,No
715,6,Yes
715,7,No
715,8,Yes
715,9,2
716,10,Yes
716,11,Yes
716,12,Yes
716,13,Yes
716,14,Yes
716,15,Yes
716,16,No
716,17,Yes
716,18,3
716,19,"All good, nothing to report."
717,1,Yes
717,2,Yes
717,3,Yes
717,4,Yes
717,5,Yes
717,6,Yes
717,7,Yes
717,8,No
717,9,3
718,10,No
718,11,No
718,12,Yes
718,13,Yes
718,14,Yes
718,15,Yes
718,16,No
718,17,Yes
718,18,3
718,19,"All good, nothing to report."
719,1,Yes
719,2,Yes
719,3,Yes
719,4,No
719,5,No
719,6,No
719,7,Yes
719,8,Yes
719,9,4
720,10,Yes
720,11,Yes
720,12,No
720,13,Yes
720,14,Yes
720,15,Yes
720,16,Yes
720,17,Yes
720,18,4
720,19,All checks completed as normal.
721,1,Yes
721,2,Yes
721,3,Yes
721,4,Yes
721,5,Yes
721,6,Yes
721,7,Yes
721,8,Yes
721,9,5
722,1,No
722,2,Yes
722,3,Yes
722,4,Yes
722,5,Yes
722,6,No
722,7,Yes
722,8,Yes
722,9,4
723,10,Yes
723,11,Yes
723,12,No
723,13,Yes
723,14,Yes
723,15,Yes
723,16,Yes
723,17,Yes
723,18,5
723,19,"Delivery arrived late, adjusted prep schedule."
724,1,Yes
724,2,Yes
724,3,Yes
724,4,Yes
724,5,Yes
724,6,No
724,7,No
724,8,Yes
724,9,3
725,1,Yes
725,2,No
725,3,Yes
725,4,Yes
725,5,Yes
725,6,No
725,7,Yes
725,8,No
725,9,3
726,1,Yes
726,2,No
726,3,Yes
726,4,Yes
726,5,No
726,6,No
726,7,Yes
726,8,Yes
726,9,4
727,10,Yes
727,11,No
727,12,No
727,13,Yes
727,14,No
727,15,Yes
727,16,Yes
727,17,Yes
727,18,3
727,19,Slight delay in closing due to late customers.
728,1,No
728,2,Yes
728,3,Yes
728,4,Yes
728,5,Yes
728,6,No
728,7,Yes
728,8,No
728,9,3
729,10,No
729,11,Yes
729,12,No
729,13,Yes
729,14,Yes
729,15,Yes
729,16,Yes
729,17,Yes
729,18,3
729,19,"Quiet evening, no issues."
730,1,No
730,2,Yes
730,3,Yes
730,4,Yes
730,5,Yes
730,6,Yes
730,7,Yes
730,8,No
730,9,3
731,10,Yes
731,11,Yes
731,12,Yes
731,13,Yes
731,14,Yes
731,15,No
731,16,Yes
731,17,Yes
731,18,3
731,19,New crew member trained on register today.
732,1,No
732,2,Yes
732,3,No
732,4,Yes
732,5,Yes
732,6,Yes
732,7,Yes
732,8,No
732,9,4
733,10,Yes
733,11,Yes
733,12,Yes
733,13,Yes
733,14,Yes
733,15,No
733,16,Yes
733,17,No
733,18,3
733,19,"All good, nothing to report."
734,1,No
734,2,Yes
734,3,Yes
734,4,No
734,5,No
734,6,Yes
734,7,Yes
734,8,No
734,9,3
735,10,Yes
735,11,No
735,12,No
735,13,Yes
735,14,Yes
735,15,Yes
735,16,Yes
735,17,Yes
735,18,3
735,19,"Busy night, all tasks completed on time."
736,1,Yes
736,2,Yes
736,3,Yes
736,4,Yes
736,5,Yes
736,6,Yes
736,7,Yes
736,8,Yes
736,9,4
737,10,Yes
737,11,Yes
737,12,Yes
737,13,Yes
737,14,No
737,15,Yes
737,16,Yes
737,17,Yes
737,18,4
737,19,New crew member trained on register today.
738,1,Yes
738,2,No
738,3,Yes
738,4,Yes
738,5,Yes
738,6,Yes
738,7,Yes
738,8,No
738,9,3
739,10,Yes
739,11,Yes
739,12,Yes
739,13,Yes
739,14,Yes
739,15,Yes
739,16,Yes
739,17,Yes
739,18,3
739,19,"All good, nothing to report."
740,1,Yes
740,2,No
740,3,Yes
740,4,Yes
740,5,Yes
740,6,Yes
740,7,Yes
740,8,Yes
740,9,3
741,10,Yes
741,11,No
741,12,Yes
741,13,Yes
741,14,Yes
741,15,Yes
741,16,Yes
741,17,Yes
741,18,3
741,19,Everything in order for tomorrow's opening.
742,1,Yes
742,2,Yes
742,3,Yes
742,4,No
742,5,Yes
742,6,Yes
742,7,Yes
742,8,No
742,9,3
743,10,No
743,11,Yes
743,12,Yes
743,13,Yes
743,14,Yes
743,15,Yes
743,16,Yes
743,17,Yes
743,18,4
743,19,Slight delay in closing due to late customers.
744,1,Yes
744,2,Yes
744,3,Yes
744,4,No
744,5,Yes
744,6,No
744,7,Yes
744,8,Yes
744,9,3
745,10,Yes
745,11,Yes
745,12,Yes
745,13,No
745,14,No
745,15,Yes
745,16,Yes
745,17,No
745,18,3
745,19,"Minor spill in dining area, cleaned promptly."
746,1,Yes
746,2,No
746,3,No
746,4,Yes
746,5,No
746,6,Yes
746,7,Yes
746,8,Yes
746,9,3
747,10,Yes
747,11,Yes
747,12,Yes
747,13,Yes
747,14,Yes
747,15,No
747,16,Yes
747,17,Yes
747,18,3
747,19,Slight delay in closing due to late customers.
748,1,Yes
748,2,Yes
748,3,No
748,4,Yes
748,5,No
748,6,Yes
748,7,Yes
748,8,Yes
748,9,2
749,10,Yes
749,11,No
749,12,Yes
749,13,No
749,14,Yes
749,15,Yes
749,16,Yes
749,17,Yes
749,18,3
749,19,"Minor spill in dining area, cleaned promptly."
750,1,Yes
750,2,Yes
750,3,No
750,4,Yes
750,5,No
750,6,Yes
750,7,Yes
750,8,Yes
750,9,4
751,10,No
751,11,Yes
751,12,Yes
751,13,No
751,14,Yes
751,15,Yes
751,16,Yes
751,17,Yes
751,18,3
751,19,"Quiet evening, no issues."
752,1,Yes
752,2,Yes
752,3,Yes
752,4,Yes
752,5,Yes
752,6,Yes
752,7,Yes
752,8,Yes
752,9,3
753,10,Yes
753,11,Yes
753,12,No
753,13,Yes
753,14,Yes
753,15,Yes
753,16,Yes
753,17,No
753,18,4
753,19,"Minor spill in dining area, cleaned promptly."
754,1,Yes
754,2,Yes
754,3,Yes
754,4,Yes
754,5,No
754,6,Yes
754,7,No
754,8,Yes
754,9,4
755,10,Yes
755,11,Yes
755,12,Yes
755,13,Yes
755,14,Yes
755,15,Yes
755,16,Yes
755,17,Yes
755,18,4
755,19,New crew member trained on register today.
756,10,Yes
756,11,Yes
756,12,Yes
756,13,Yes
756,14,Yes
756,15,Yes
756,16,Yes
756,17,Yes
756,18,3
756,19,All checks completed as normal.
757,1,No
757,2,Yes
757,3,No
757,4,Yes
757,5,Yes
757,6,Yes
757,7,Yes
757,8,Yes
757,9,3
758,10,Yes
758,11,No
758,12,Yes
758,13,No
758,14,No
758,15,No
758,16,Yes
758,17,Yes
758,18,5
758,19,Everything in order for tomorrow's opening.
759,10,Yes
759,11,Yes
759,12,Yes
759,13,Yes
759,14,Yes
759,15,Yes
759,16,Yes
759,17,No
759,18,2
759,19,New crew member trained on register today.
760,1,Yes
760,2,Yes
760,3,Yes
760,4,Yes
760,5,Yes
760,6,Yes
760,7,Yes
760,8,Yes
760,9,3
761,10,Yes
761,11,Yes
761,12,Yes
761,13,No
761,14,Yes
761,15,No
761,16,Yes
761,17,Yes
761,18,3
761,19,"Quiet evening, no issues."
762,1,Yes
762,2,Yes
762,3,Yes
762,4,No
762,5,No
762,6,Yes
762,7,Yes
762,8,Yes
762,9,4
763,1,No
763,2,Yes
763,3,Yes
763,4,Yes
763,5,Yes
763,6,Yes
763,7,Yes
763,8,Yes
763,9,3
764,10,Yes
764,11,Yes
764,12,No
764,13,Yes
764,14,Yes
764,15,Yes
764,16,No
764,17,Yes
764,18,5
764,19,"Minor spill in dining area, cleaned promptly."
765,1,No
765,2,No
765,3,Yes
765,4,Yes
765,5,No
765,6,Yes
765,7,Yes
765,8,Yes
765,9,4
766,10,Yes
766,11,Yes
766,12,Yes
766,13,Yes
766,14,No
766,15,Yes
766,16,Yes
766,17,Yes
766,18,2
766,19,Slight delay in closing due to late customers.
767,10,Yes
767,11,Yes
767,12,Yes
767,13,Yes
767,14,Yes
767,15,Yes
767,16,No
767,17,Yes
767,18,3
767,19,"Quiet evening, no issues."
768,1,Yes
768,2,Yes
768,3,Yes
768,4,Yes
768,5,No
768,6,Yes
768,7,Yes
768,8,Yes
768,9,4
769,10,No
769,11,Yes
769,12,Yes
769,13,Yes
769,14,Yes
769,15,Yes
769,16,Yes
769,17,Yes
769,18,2
769,19,"Delivery arrived late, adjusted prep schedule."
770,1,Yes
770,2,No
770,3,No
770,4,No
770,5,No
770,6,No
770,7,Yes
770,8,No
770,9,4
771,10,Yes
771,11,Yes
771,12,Yes
771,13,Yes
771,14,Yes
771,15,Yes
771,16,Yes
771,17,Yes
771,18,2
771,19,"Low stock on napkins, requested restock."
772,1,Yes
772,2,Yes
772,3,No
772,4,Yes
772,5,Yes
772,6,Yes
772,7,Yes
772,8,Yes
772,9,2
773,10,No
773,11,No
773,12,Yes
773,13,No
773,14,No
773,15,Yes
773,16,No
773,17,Yes
773,18,3
773,19,"Delivery arrived late, adjusted prep schedule."
774,1,Yes
774,2,Yes
774,3,Yes
774,4,Yes
774,5,No
774,6,No
774,7,Yes
774,8,Yes
774,9,1
775,10,Yes
775,11,No
775,12,Yes
775,13,Yes
775,14,Yes
775,15,Yes
775,16,Yes
775,17,Yes
775,18,3
775,19,"Quiet evening, no issues."
776,1,Yes
776,2,Yes
776,3,No
776,4,Yes
776,5,Yes
776,6,No
776,7,Yes
776,8,No
776,9,3
777,10,Yes
777,11,Yes
777,12,Yes
777,13,Yes
777,14,Yes
777,15,Yes
777,16,No
777,17,Yes
777,18,4
777,19,"Low stock on napkins, requested restock."
778,1,Yes
778,2,Yes
778,3,Yes
778,4,No
778,5,No
778,6,Yes
778,7,No
778,8,Yes
778,9,3
779,10,Yes
779,11,Yes
779,12,Yes
779,13,Yes
779,14,Yes
779,15,No
779,16,No
779,17,Yes
779,18,5
779,19,Slight delay in closing due to late customers.
780,1,Yes
780,2,Yes
780,3,No
780,4,Yes
780,5,Yes
780,6,Yes
780,7,Yes
780,8,Yes
780,9,3
781,1,No
781,2,No
781,3,Yes
781,4,Yes
781,5,Yes
781,6,No
781,7,No
781,8,Yes
781,9,4
782,10,No
782,11,Yes
782,12,Yes
782,13,Yes
782,14,Yes
782,15,Yes
782,16,No
782,17,Yes
782,18,4
782,19,"Busy night, all tasks completed on time."
783,1,Yes
783,2,Yes
783,3,Yes
783,4,Yes
783,5,Yes
783,6,No
783,7,Yes
783,8,Yes
783,9,4
784,10,No
784,11,Yes
784,12,Yes
784,13,Yes
784,14,No
784,15,Yes
784,16,No
784,17,Yes
784,18,3
784,19,"Delivery arrived late, adjusted prep schedule."
785,10,Yes
785,11,Yes
785,12,Yes
785,13,Yes
785,14,Yes
785,15,Yes
785,16,Yes
785,17,Yes
785,18,4
785,19,All checks completed as normal.
786,10,No
786,11,Yes
786,12,Yes
786,13,Yes
786,14,Yes
786,15,No
786,16,Yes
786,17,Yes
786,18,3
786,19,"All good, nothing to report."
787,10,Yes
787,11,Yes
787,12,Yes
787,13,Yes
787,14,Yes
787,15,Yes
787,16,No
787,17,No
787,18,3
787,19,Slight delay in closing due to late customers.
788,1,Yes
788,2,Yes
788,3,Yes
788,4,Yes
788,5,Yes
788,6,Yes
788,7,No
788,8,No
788,9,3
789,10,Yes
789,11,Yes
789,12,Yes
789,13,Yes
789,14,No
789,15,Yes
789,16,Yes
789,17,Yes
789,18,2
789,19,Slight delay in closing due to late customers.
790,1,Yes
790,2,Yes
790,3,Yes
790,4,Yes
790,5,Yes
790,6,Yes
790,7,No
790,8,Yes
790,9,3
791,10,Yes
791,11,Yes
791,12,Yes
791,13,Yes
791,14,Yes
791,15,Yes
791,16,Yes
791,17,Yes
791,18,4
791,19,"Delivery arrived late, adjusted prep schedule."
792,1,Yes
792,2,Yes
792,3,Yes
792,4,No
792,5,No
792,6,Yes
792,7,Yes
792,8,Yes
792,9,3
793,1,Yes
793,2,No
793,3,No
793,4,Yes
793,5,Yes
793,6,Yes
793,7,No
793,8,Yes
793,9,3
794,10,No
794,11,Yes
794,12,No
794,13,Yes
794,14,Yes
794,15,No
794,16,Yes
794,17,Yes
794,18,3
794,19,New crew member trained on register today.
795,1,Yes
795,2,Yes
795,3,Yes
795,4,Yes
795,5,No
795,6,Yes
795,7,Yes
795,8,No
795,9,4
796,10,No
796,11,Yes
796,12,Yes
796,13,Yes
796,14,No
796,15,Yes
796,16,Yes
796,17,No
796,18,2
796,19,"Busy night, all tasks completed on time."
797,1,Yes
797,2,Yes
797,3,No
797,4,Yes
797,5,Yes
797,6,Yes
797,7,Yes
797,8,Yes
797,9,3
798,10,Yes
798,11,Yes
798,12,Yes
798,13,No
798,14,Yes
798,15,Yes
798,16,Yes
798,17,No
798,18,4
798,19,"All good, nothing to report."
799,10,No
799,11,Yes
799,12,Yes
799,13,Yes
799,14,No
799,15,Yes
799,16,Yes
799,17,Yes
799,18,4
799,19,All checks completed as normal.
800,1,Yes
800,2,Yes
800,3,No
800,4,Yes
800,5,No
800,6,Yes
800,7,Yes
800,8,No
800,9,4
801,10,No
801,11,Yes
801,12,Yes
801,13,Yes
801,14,Yes
801,15,Yes
801,16,No
801,17,Yes
801,18,3
801,19,Slight delay in closing due to late customers.
802,1,Yes
802,2,Yes
802,3,Yes
802,4,Yes
802,5,No
802,6,Yes
802,7,Yes
802,8,Yes
802,9,4
803,1,Yes
803,2,No
803,3,Yes
803,4,Yes
803,5,No
803,6,Yes
803,7,Yes
803,8,Yes
803,9,4
804,10,Yes
804,11,Yes
804,12,Yes
804,13,Yes
804,14,No
804,15,Yes
804,16,Yes
804,17,Yes
804,18,3
804,19,"Quiet evening, no issues."
805,1,Yes
805,2,Yes
805,3,Yes
805,4,Yes
805,5,Yes
805,6,Yes
805,7,Yes
805,8,Yes
805,9,4
806,10,Yes
806,11,Yes
806,12,No
806,13,Yes
806,14,Yes
806,15,Yes
806,16,No
806,17,Yes
806,18,3
806,19,"All good, nothing to report."
807,1,Yes
807,2,Yes
807,3,Yes
807,4,Yes
807,5,Yes
807,6,Yes
807,7,Yes
807,8,Yes
807,9,2
808,10,Yes
808,11,No
808,12,Yes
808,13,No
808,14,Yes
808,15,No
808,16,Yes
808,17,Yes
808,18,3
808,19,"Busy night, all tasks completed on time."
809,10,Yes
809,11,Yes
809,12,Yes
809,13,Yes
809,14,Yes
809,15,Yes
809,16,Yes
809,17,No
809,18,4
809,19,Everything in order for tomorrow's opening.
810,1,Yes
810,2,Yes
810,3,Yes
810,4,Yes
810,5,Yes
810,6,Yes
810,7,Yes
810,8,Yes
810,9,3
811,10,Yes
811,11,Yes
811,12,Yes
811,13,Yes
811,14,Yes
811,15,Yes
811,16,Yes
811,17,Yes
811,18,4
811,19,"Busy night, all tasks completed on time."
812,1,Yes
812,2,Yes
812,3,Yes
812,4,Yes
812,5,Yes
812,6,Yes
812,7,Yes
812,8,No
812,9,3
813,10,Yes
813,11,Yes
813,12,Yes
813,13,Yes
813,14,Yes
813,15,Yes
813,16,Yes
813,17,Yes
813,18,3
813,19,New crew member trained on register today.
814,1,Yes
814,2,Yes
814,3,No
814,4,Yes
814,5,No
814,6,Yes
814,7,Yes
814,8,No
814,9,3
815,10,Yes
815,11,Yes
815,12,Yes
815,13,Yes
815,14,No
815,15,Yes
815,16,Yes
815,17,Yes
815,18,3
815,19,All checks completed as normal.
816,1,Yes
816,2,Yes
816,3,No
816,4,Yes
816,5,Yes
816,6,Yes
816,7,No
816,8,Yes
816,9,3
817,10,No
817,11,Yes
817,12,No
817,13,Yes
817,14,Yes
817,15,No
817,16,No
817,17,Yes
817,18,4
817,19,"Low stock on napkins, requested restock."
818,1,Yes
818,2,Yes
818,3,No
818,4,Yes
818,5,No
818,6,Yes
818,7,Yes
818,8,No
818,9,2
819,10,Yes
819,11,Yes
819,12,Yes
819,13,Yes
819,14,Yes
819,15,Yes
819,16,Yes
819,17,Yes
819,18,2
819,19,New crew member trained on register today.
820,1,Yes
820,2,Yes
820,3,Yes
820,4,No
820,5,Yes
820,6,Yes
820,7,Yes
820,8,Yes
820,9,3
821,10,Yes
821,11,Yes
821,12,Yes
821,13,Yes
821,14,Yes
821,15,Yes
821,16,Yes
821,17,Yes
821,18,3
821,19,"Low stock on napkins, requested restock."
822,10,Yes
822,11,Yes
822,12,Yes
822,13,Yes
822,14,No
822,15,Yes
822,16,Yes
822,17,Yes
822,18,2
822,19,"Delivery arrived late, adjusted prep schedule."
823,1,Yes
823,2,Yes
823,3,No
823,4,No
823,5,Yes
823,6,Yes
823,7,Yes
823,8,Yes
823,9,3
824,10,No
824,11,No
824,12,No
824,13,No
824,14,Yes
824,15,Yes
824,16,Yes
824,17,No
824,18,3
824,19,"Quiet evening, no issues."
825,1,Yes
825,2,Yes
825,3,Yes
825,4,No
825,5,Yes
825,6,Yes
825,7,Yes
825,8,No
825,9,4
826,10,Yes
826,11,No
826,12,Yes
826,13,Yes
826,14,Yes
826,15,Yes
826,16,Yes
826,17,No
826,18,4
826,19,Slight delay in closing due to late customers.
827,10,Yes
827,11,Yes
827,12,No
827,13,Yes
827,14,Yes
827,15,Yes
827,16,Yes
827,17,Yes
827,18,5
827,19,"Busy night, all tasks completed on time."
828,1,Yes
828,2,Yes
828,3,No
828,4,No
828,5,Yes
828,6,Yes
828,7,Yes
828,8,No
828,9,3
829,10,No
829,11,Yes
829,12,Yes
829,13,Yes
829,14,Yes
829,15,Yes
829,16,Yes
829,17,Yes
829,18,4
829,19,"Minor spill in dining area, cleaned promptly."
830,1,No
830,2,Yes
830,3,Yes
830,4,Yes
830,5,Yes
830,6,Yes
830,7,Yes
830,8,Yes
830,9,3
831,10,Yes
831,11,Yes
831,12,No
831,13,Yes
831,14,No
831,15,No
831,16,Yes
831,17,Yes
831,18,2
831,19,Slight delay in closing due to late customers.
832,1,Yes
832,2,Yes
832,3,Yes
832,4,Yes
832,5,Yes
832,6,Yes
832,7,No
832,8,Yes
832,9,4
833,10,Yes
833,11,No
833,12,Yes
833,13,Yes
833,14,Yes
833,15,Yes
833,16,No
833,17,Yes
833,18,3
833,19,"Low stock on napkins, requested restock."
834,1,No
834,2,Yes
834,3,Yes
834,4,No
834,5,Yes
834,6,Yes
834,7,No
834,8,No
834,9,4
835,10,Yes
835,11,Yes
835,12,Yes
835,13,Yes
835,14,Yes
835,15,Yes
835,16,No
835,17,Yes
835,18,5
835,19,"Low stock on napkins, requested restock."
836,1,Yes
836,2,Yes
836,3,No
836,4,Yes
836,5,No
836,6,Yes
836,7,No
836,8,No
836,9,2
837,10,Yes
837,11,Yes
837,12,Yes
837,13,Yes
837,14,No
837,15,Yes
837,16,Yes
837,17,Yes
837,18,4
837,19,"Delivery arrived late, adjusted prep schedule."
838,1,No
838,2,Yes
838,3,Yes
838,4,Yes
838,5,Yes
838,6,No
838,7,No
838,8,No
838,9,4
839,10,No
839,11,Yes
839,12,Yes
839,13,Yes
839,14,Yes
839,15,Yes
839,16,Yes
839,17,Yes
839,18,4
839,19,All checks completed as normal.
840,1,Yes
840,2,Yes
840,3,Yes
840,4,Yes
840,5,No
840,6,No
840,7,Yes
840,8,Yes
840,9,4
841,1,Yes
841,2,Yes
841,3,No
841,4,Yes
841,5,Yes
841,6,No
841,7,Yes
841,8,Yes
841,9,3
842,10,No
842,11,Yes
842,12,Yes
842,13,Yes
842,14,No
842,15,Yes
842,16,Yes
842,17,Yes
842,18,4
842,19,All checks completed as normal.
843,1,Yes
843,2,Yes
843,3,Yes
843,4,Yes
843,5,Yes
843,6,Yes
843,7,Yes
843,8,No
843,9,2
844,1,Yes
844,2,Yes
844,3,Yes
844,4,Yes
844,5,Yes
844,6,Yes
844,7,Yes
844,8,No
844,9,4
845,10,Yes
845,11,No
845,12,Yes
845,13,Yes
845,14,Yes
845,15,Yes
845,16,Yes
845,17,No
845,18,3
845,19,"Minor spill in dining area, cleaned promptly."
846,1,No
846,2,Yes
846,3,Yes
846,4,Yes
846,5,Yes
846,6,Yes
846,7,Yes
846,8,Yes
846,9,3
847,10,Yes
847,11,Yes
847,12,No
847,13,Yes
847,14,Yes
847,15,Yes
847,16,Yes
847,17,Yes
847,18,3
847,19,"Delivery arrived late, adjusted prep schedule."
848,1,Yes
848,2,Yes
848,3,Yes
848,4,No
848,5,Yes
848,6,No
848,7,Yes
848,8,Yes
848,9,3
849,10,Yes
849,11,Yes
849,12,Yes
849,13,Yes
849,14,Yes
849,15,Yes
849,16,Yes
849,17,Yes
849,18,3
849,19,Everything in order for tomorrow's opening.
850,1,No
850,2,Yes
850,3,No
850,4,No
850,5,Yes
850,6,No
850,7,Yes
850,8,No
850,9,2
851,1,Yes
851,2,Yes
851,3,Yes
851,4,Yes
851,5,No
851,6,Yes
851,7,Yes
851,8,Yes
851,9,3
852,1,Yes
852,2,No
852,3,Yes
852,4,Yes
852,5,No
852,6,No
852,7,Yes
852,8,Yes
852,9,4
853,10,Yes
853,11,No
853,12,Yes
853,13,Yes
853,14,Yes
853,15,Yes
853,16,Yes
853,17,Yes
853,18,3
853,19,All checks completed as normal.
854,1,Yes
854,2,Yes
854,3,Yes
854,4,Yes
854,5,No
854,6,Yes
854,7,Yes
854,8,Yes
854,9,3
855,10,Yes
855,11,Yes
855,12,Yes
855,13,Yes
855,14,No
855,15,No
855,16,Yes
855,17,Yes
855,18,4
855,19,"Minor spill in dining area, cleaned promptly."
856,1,Yes
856,2,Yes
856,3,Yes
856,4,Yes
856,5,No
856,6,Yes
856,7,Yes
856,8,No
856,9,1
857,1,No
857,2,Yes
857,3,Yes
857,4,Yes
857,5,Yes
857,6,Yes
857,7,No
857,8,Yes
857,9,4
858,1,No
858,2,Yes
858,3,Yes
858,4,Yes
858,5,Yes
858,6,Yes
858,7,Yes
858,8,No
858,9,5
859,10,No
859,11,Yes
859,12,Yes
859,13,Yes
859,14,Yes
859,15,Yes
859,16,Yes
859,17,Yes
859,18,4
859,19,Slight delay in closing due to late customers.
860,1,Yes
860,2,Yes
860,3,Yes
860,4,Yes
860,5,Yes
860,6,Yes
860,7,Yes
860,8,Yes
860,9,2
861,1,Yes
861,2,Yes
861,3,Yes
861,4,Yes
861,5,Yes
861,6,Yes
861,7,Yes
861,8,Yes
861,9,5
862,10,Yes
862,11,Yes
862,12,Yes
862,13,Yes
862,14,Yes
862,15,Yes
862,16,Yes
862,17,Yes
862,18,5
862,19,"Low stock on napkins, requested restock."
863,1,Yes
863,2,Yes
863,3,Yes
863,4,Yes
863,5,Yes
863,6,No
863,7,Yes
863,8,No
863,9,5
864,10,Yes
864,11,Yes
864,12,Yes
864,13,Yes
864,14,Yes
864,15,Yes
864,16,Yes
864,17,Yes
864,18,5
864,19,"Delivery arrived late, adjusted prep schedule."
865,1,Yes
865,2,Yes
865,3,Yes
865,4,No
865,5,No
865,6,Yes
865,7,Yes
865,8,No
865,9,4
866,10,Yes
866,11,Yes
866,12,No
866,13,Yes
866,14,Yes
866,15,Yes
866,16,Yes
866,17,No
866,18,5
866,19,Slight delay in closing due to late customers.
867,10,Yes
867,11,Yes
867,12,Yes
867,13,No
867,14,Yes
867,15,Yes
867,16,Yes
867,17,Yes
867,18,4
867,19,All checks completed as normal.
868,1,Yes
868,2,Yes
868,3,No
868,4,Yes
868,5,Yes
868,6,Yes
868,7,Yes
868,8,Yes
868,9,5
869,1,Yes
869,2,No
869,3,Yes
869,4,Yes
869,5,Yes
869,6,Yes
869,7,No
869,8,No
869,9,5
870,10,Yes
870,11,Yes
870,12,Yes
870,13,Yes
870,14,Yes
870,15,Yes
870,16,Yes
870,17,No
870,18,5
870,19,"Busy night, all tasks completed on time."
871,10,Yes
871,11,Yes
871,12,No
871,13,No
871,14,Yes
871,15,Yes
871,16,Yes
871,17,Yes
871,18,5
871,19,"Busy night, all tasks completed on time."
872,1,Yes
872,2,Yes
872,3,Yes
872,4,Yes
872,5,Yes
872,6,No
872,7,Yes
872,8,No
872,9,5
873,10,Yes
873,11,Yes
873,12,Yes
873,13,No
873,14,Yes
873,15,No
873,16,Yes
873,17,Yes
873,18,5
873,19,New crew member trained on register today.
874,1,No
874,2,Yes
874,3,Yes
874,4,No
874,5,Yes
874,6,Yes
874,7,Yes
874,8,Yes
874,9,5
875,10,Yes
875,11,Yes
875,12,Yes
875,13,Yes
875,14,No
875,15,No
875,16,Yes
875,17,Yes
875,18,4
875,19,All checks completed as normal.
876,10,Yes
876,11,Yes
876,12,Yes
876,13,Yes
876,14,Yes
876,15,Yes
876,16,Yes
876,17,Yes
876,18,4
876,19,"All good, nothing to report."
877,10,Yes
877,11,No
877,12,Yes
877,13,Yes
877,14,Yes
877,15,Yes
877,16,Yes
877,17,No
877,18,5
877,19,"Delivery arrived late, adjusted prep schedule."
878,1,Yes
878,2,Yes
878,3,Yes
878,4,Yes
878,5,Yes
878,6,Yes
878,7,No
878,8,Yes
878,9,3
879,10,Yes
879,11,Yes
879,12,Yes
879,13,Yes
879,14,Yes
879,15,Yes
879,16,Yes
879,17,Yes
879,18,3
879,19,Slight delay in closing due to late customers.
880,1,Yes
880,2,Yes
880,3,Yes
880,4,Yes
880,5,Yes
880,6,Yes
880,7,Yes
880,8,Yes
880,9,5
881,1,Yes
881,2,Yes
881,3,Yes
881,4,Yes
881,5,Yes
881,6,No
881,7,Yes
881,8,Yes
881,9,4
882,1,Yes
882,2,Yes
882,3,Yes
882,4,No
882,5,Yes
882,6,Yes
882,7,No
882,8,Yes
882,9,5
883,10,Yes
883,11,Yes
883,12,Yes
883,13,Yes
883,14,Yes
883,15,Yes
883,16,Yes
883,17,Yes
883,18,4
883,19,"Minor spill in dining area, cleaned promptly."
884,1,Yes
884,2,No
884,3,Yes
884,4,No
884,5,No
884,6,Yes
884,7,Yes
884,8,Yes
884,9,5
885,10,No
885,11,Yes
885,12,Yes
885,13,Yes
885,14,Yes
885,15,Yes
885,16,Yes
885,17,Yes
885,18,5
885,19,"Minor spill in dining area, cleaned promptly."
886,1,Yes
886,2,Yes
886,3,No
886,4,No
886,5,Yes
886,6,Yes
886,7,No
886,8,Yes
886,9,3
887,10,Yes
887,11,Yes
887,12,No
887,13,Yes
887,14,Yes
887,15,Yes
887,16,Yes
887,17,Yes
887,18,4
887,19,Everything in order for tomorrow's opening.
888,1,No
888,2,Yes
888,3,No
888,4,Yes
888,5,Yes
888,6,Yes
888,7,Yes
888,8,Yes
888,9,3
889,10,Yes
889,11,Yes
889,12,Yes
889,13,Yes
889,14,Yes
889,15,Yes
889,16,Yes
889,17,Yes
889,18,4
889,19,All checks completed as normal.
890,1,Yes
890,2,Yes
890,3,Yes
890,4,Yes
890,5,No
890,6,No
890,7,Yes
890,8,No
890,9,4
891,10,Yes
891,11,Yes
891,12,Yes
891,13,No
891,14,Yes
891,15,Yes
891,16,Yes
891,17,Yes
891,18,5
891,19,Everything in order for tomorrow's opening.
892,1,Yes
892,2,Yes
892,3,Yes
892,4,Yes
892,5,Yes
892,6,Yes
892,7,Yes
892,8,Yes
892,9,3
893,10,Yes
893,11,Yes
893,12,Yes
893,13,Yes
893,14,Yes
893,15,Yes
893,16,Yes
893,17,Yes
893,18,5
893,19,"Delivery arrived late, adjusted prep schedule."
894,10,Yes
894,11,Yes
894,12,Yes
894,13,Yes
894,14,Yes
894,15,No
894,16,No
894,17,Yes
894,18,4
894,19,"Quiet evening, no issues."
895,1,Yes
895,2,Yes
895,3,Yes
895,4,No
895,5,No
895,6,No
895,7,Yes
895,8,Yes
895,9,4
896,10,Yes
896,11,Yes
896,12,Yes
896,13,Yes
896,14,Yes
896,15,Yes
896,16,Yes
896,17,Yes
896,18,4
896,19,"Busy night, all tasks completed on time."
897,1,Yes
897,2,Yes
897,3,Yes
897,4,No
897,5,Yes
897,6,Yes
897,7,No
897,8,Yes
897,9,3
898,10,Yes
898,11,Yes
898,12,Yes
898,13,Yes
898,14,Yes
898,15,Yes
898,16,Yes
898,17,Yes
898,18,4
898,19,Slight delay in closing due to late customers.
899,10,No
899,11,Yes
899,12,Yes
899,13,No
899,14,Yes
899,15,Yes
899,16,No
899,17,Yes
899,18,5
899,19,Everything in order for tomorrow's opening.
900,1,Yes
900,2,Yes
900,3,Yes
900,4,No
900,5,Yes
900,6,Yes
900,7,Yes
900,8,Yes
900,9,4
901,10,Yes
901,11,No
901,12,No
901,13,No
901,14,Yes
901,15,Yes
901,16,No
901,17,Yes
901,18,5
901,19,Slight delay in closing due to late customers.
902,1,Yes
902,2,No
902,3,Yes
902,4,Yes
902,5,Yes
902,6,Yes
902,7,No
902,8,Yes
902,9,5
903,10,Yes
903,11,Yes
903,12,Yes
903,13,Yes
903,14,Yes
903,15,Yes
903,16,Yes
903,17,No
903,18,3
903,19,All checks completed as normal.
904,1,Yes
904,2,No
904,3,Yes
904,4,Yes
904,5,Yes
904,6,No
904,7,No
904,8,Yes
904,9,3
905,10,Yes
905,11,Yes
905,12,Yes
905,13,Yes
905,14,Yes
905,15,No
905,16,Yes
905,17,Yes
905,18,3
905,19,New crew member trained on register today.
906,1,Yes
906,2,Yes
906,3,Yes
906,4,No
906,5,Yes
906,6,No
906,7,No
906,8,Yes
906,9,3
907,10,Yes
907,11,Yes
907,12,Yes
907,13,Yes
907,14,Yes
907,15,Yes
907,16,Yes
907,17,No
907,18,4
907,19,"Minor spill in dining area, cleaned promptly."
908,1,Yes
908,2,Yes
908,3,No
908,4,Yes
908,5,Yes
908,6,Yes
908,7,Yes
908,8,Yes
908,9,4
909,1,Yes
909,2,No
909,3,Yes
909,4,No
909,5,Yes
909,6,Yes
909,7,Yes
909,8,Yes
909,9,4
910,10,Yes
910,11,Yes
910,12,Yes
910,13,No
910,14,Yes
910,15,Yes
910,16,Yes
910,17,Yes
910,18,4
910,19,"Quiet evening, no issues."
911,1,Yes
911,2,Yes
911,3,No
911,4,Yes
911,5,No
911,6,Yes
911,7,Yes
911,8,Yes
911,9,4
912,1,Yes
912,2,Yes
912,3,No
912,4,Yes
912,5,Yes
912,6,No
912,7,Yes
912,8,Yes
912,9,3
913,10,Yes
913,11,Yes
913,12,Yes
913,13,No
913,14,Yes
913,15,Yes
913,16,Yes
913,17,No
913,18,2
913,19,Slight delay in closing due to late customers.
914,1,No
914,2,Yes
914,3,Yes
914,4,Yes
914,5,Yes
914,6,Yes
914,7,Yes
914,8,Yes
914,9,4
915,10,Yes
915,11,Yes
915,12,Yes
915,13,Yes
915,14,Yes
915,15,Yes
915,16,Yes
915,17,Yes
915,18,3
915,19,Slight delay in closing due to late customers.
916,1,Yes
916,2,Yes
916,3,Yes
916,4,No
916,5,Yes
916,6,Yes
916,7,Yes
916,8,No
916,9,5
917,1,Yes
917,2,Yes
917,3,Yes
917,4,Yes
917,5,Yes
917,6,No
917,7,Yes
917,8,Yes
917,9,5
918,10,No
918,11,Yes
918,12,Yes
918,13,Yes
918,14,Yes
918,15,No
918,16,No
918,17,Yes
918,18,4
918,19,"Quiet evening, no issues."
919,1,Yes
919,2,Yes
919,3,Yes
919,4,Yes
919,5,No
919,6,Yes
919,7,Yes
919,8,No
919,9,3
920,10,Yes
920,11,Yes
920,12,No
920,13,Yes
920,14,Yes
920,15,No
920,16,Yes
920,17,Yes
920,18,5
920,19,All checks completed as normal.
921,1,Yes
921,2,Yes
921,3,Yes
921,4,Yes
921,5,Yes
921,6,Yes
921,7,No
921,8,Yes
921,9,4
922,10,Yes
922,11,Yes
922,12,Yes
922,13,Yes
922,14,Yes
922,15,Yes
922,16,Yes
922,17,Yes
922,18,3
922,19,Everything in order for tomorrow's opening.
923,1,Yes
923,2,Yes
923,3,Yes
923,4,Yes
923,5,Yes
923,6,Yes
923,7,Yes
923,8,Yes
923,9,4
924,10,Yes
924,11,No
924,12,Yes
924,13,Yes
924,14,No
924,15,Yes
924,16,Yes
924,17,Yes
924,18,4
924,19,New crew member trained on register today.
925,10,Yes
925,11,Yes
925,12,Yes
925,13,Yes
925,14,No
925,15,Yes
925,16,Yes
925,17,Yes
925,18,5
925,19,Slight delay in closing due to late customers.
926,10,No
926,11,Yes
926,12,Yes
926,13,Yes
926,14,Yes
926,15,Yes
926,16,Yes
926,17,Yes
926,18,5
926,19,"Delivery arrived late, adjusted prep schedule."
927,1,Yes
927,2,Yes
927,3,Yes
927,4,Yes
927,5,No
927,6,Yes
927,7,Yes
927,8,Yes
927,9,5
928,10,Yes
928,11,Yes
928,12,No
928,13,Yes
928,14,No
928,15,No
928,16,Yes
928,17,Yes
928,18,4
928,19,"Low stock on napkins, requested restock."
929,1,Yes
929,2,Yes
929,3,Yes
929,4,Yes
929,5,Yes
929,6,No
929,7,Yes
929,8,Yes
929,9,5
930,10,Yes
930,11,Yes
930,12,No
930,13,Yes
930,14,Yes
930,15,Yes
930,16,No
930,17,Yes
930,18,3
930,19,"Low stock on napkins, requested restock."
931,1,No
931,2,Yes
931,3,Yes
931,4,Yes
931,5,Yes
931,6,Yes
931,7,No
931,8,Yes
931,9,4
932,10,Yes
932,11,Yes
932,12,Yes
932,13,No
932,14,No
932,15,Yes
932,16,Yes
932,17,Yes
932,18,3
932,19,All checks completed as normal.
933,1,Yes
933,2,Yes
933,3,Yes
933,4,No
933,5,Yes
933,6,Yes
933,7,Yes
933,8,No
933,9,5
934,10,Yes
934,11,Yes
934,12,Yes
934,13,No
934,14,Yes
934,15,Yes
934,16,Yes
934,17,No
934,18,3
934,19,All checks completed as normal.
935,1,Yes
935,2,No
935,3,Yes
935,4,Yes
935,5,Yes
935,6,Yes
935,7,No
935,8,No
935,9,3
936,1,Yes
936,2,No
936,3,Yes
936,4,Yes
936,5,Yes
936,6,Yes
936,7,Yes
936,8,Yes
936,9,5
937,10,Yes
937,11,Yes
937,12,Yes
937,13,Yes
937,14,Yes
937,15,No
937,16,Yes
937,17,No
937,18,3
937,19,All checks completed as normal.
938,1,Yes
938,2,Yes
938,3,Yes
938,4,Yes
938,5,No
938,6,No
938,7,Yes
938,8,No
938,9,4
939,10,Yes
939,11,Yes
939,12,Yes
939,13,Yes
939,14,Yes
939,15,Yes
939,16,Yes
939,17,Yes
939,18,4
939,19,"Delivery arrived late, adjusted prep schedule."
940,1,Yes
940,2,Yes
940,3,Yes
940,4,Yes
940,5,Yes
940,6,Yes
940,7,Yes
940,8,Yes
940,9,3
941,10,Yes
941,11,No
941,12,Yes
941,13,No
941,14,No
941,15,Yes
941,16,Yes
941,17,No
941,18,3
941,19,All checks completed as normal.
942,1,Yes
942,2,Yes
942,3,Yes
942,4,Yes
942,5,Yes
942,6,Yes
942,7,Yes
942,8,Yes
942,9,4
943,10,Yes
943,11,Yes
943,12,No
943,13,Yes
943,14,Yes
943,15,Yes
943,16,Yes
943,17,Yes
943,18,3
943,19,Everything in order for tomorrow's opening.
944,1,Yes
944,2,Yes
944,3,Yes
944,4,Yes
944,5,Yes
944,6,No
944,7,Yes
944,8,Yes
944,9,4
945,10,Yes
945,11,Yes
945,12,Yes
945,13,Yes
945,14,Yes
945,15,No
945,16,No
945,17,Yes
945,18,4
945,19,"All good, nothing to report."
946,1,No
946,2,Yes
946,3,No
946,4,Yes
946,5,No
946,6,Yes
946,7,Yes
946,8,Yes
946,9,4
947,10,No
947,11,Yes
947,12,Yes
947,13,Yes
947,14,Yes
947,15,Yes
947,16,Yes
947,17,Yes
947,18,3
947,19,All checks completed as normal.
948,10,Yes
948,11,Yes
948,12,Yes
948,13,Yes
948,14,Yes
948,15,No
948,16,Yes
948,17,Yes
948,18,4
948,19,New crew member trained on register today.
949,1,Yes
949,2,Yes
949,3,Yes
949,4,Yes
949,5,Yes
949,6,Yes
949,7,Yes
949,8,Yes
949,9,3
950,10,Yes
950,11,Yes
950,12,No
950,13,Yes
950,14,Yes
950,15,Yes
950,16,Yes
950,17,Yes
950,18,3
950,19,"Quiet evening, no issues."
951,10,Yes
951,11,Yes
951,12,Yes
951,13,Yes
951,14,Yes
951,15,Yes
951,16,No
951,17,Yes
951,18,5
951,19,"Quiet evening, no issues."
952,1,Yes
952,2,No
952,3,Yes
952,4,Yes
952,5,Yes
952,6,Yes
952,7,Yes
952,8,No
952,9,5
953,10,Yes
953,11,Yes
953,12,Yes
953,13,Yes
953,14,Yes
953,15,Yes
953,16,Yes
953,17,No
953,18,4
953,19,New crew member trained on register today.
954,10,Yes
954,11,Yes
954,12,Yes
954,13,Yes
954,14,Yes
954,15,No
954,16,Yes
954,17,No
954,18,4
954,19,"Busy night, all tasks completed on time."
955,1,Yes
955,2,No
955,3,Yes
955,4,No
955,5,Yes
955,6,No
955,7,Yes
955,8,No
955,9,4
956,10,No
956,11,Yes
956,12,Yes
956,13,Yes
956,14,Yes
956,15,Yes
956,16,Yes
956,17,Yes
956,18,4
956,19,Slight delay in closing due to late customers.
957,1,Yes
957,2,No
957,3,No
957,4,No
957,5,Yes
957,6,Yes
957,7,Yes
957,8,No
957,9,5
958,10,Yes
958,11,Yes
958,12,Yes
958,13,Yes
958,14,Yes
958,15,Yes
958,16,Yes
958,17,Yes
958,18,4
958,19,"Busy night, all tasks completed on time."
959,1,No
959,2,Yes
959,3,Yes
959,4,Yes
959,5,No
959,6,Yes
959,7,Yes
959,8,Yes
959,9,4
960,10,Yes
960,11,No
960,12,Yes
960,13,Yes
960,14,Yes
960,15,Yes
960,16,Yes
960,17,No
960,18,5
960,19,"Minor spill in dining area, cleaned promptly."
961,1,Yes
961,2,Yes
961,3,No
961,4,Yes
961,5,Yes
961,6,Yes
961,7,Yes
961,8,Yes
961,9,2
962,10,Yes
962,11,Yes
962,12,Yes
962,13,Yes
962,14,No
962,15,No
962,16,Yes
962,17,Yes
962,18,4
962,19,"Quiet evening, no issues."
963,1,Yes
963,2,Yes
963,3,Yes
963,4,Yes
963,5,Yes
963,6,Yes
963,7,Yes
963,8,Yes
963,9,4
964,10,No
964,11,Yes
964,12,Yes
964,13,No
964,14,No
964,15,Yes
964,16,Yes
964,17,Yes
964,18,3
964,19,"Busy night, all tasks completed on time."
965,1,Yes
965,2,Yes
965,3,Yes
965,4,Yes
965,5,Yes
965,6,Yes
965,7,No
965,8,Yes
965,9,5
966,10,Yes
966,11,Yes
966,12,Yes
966,13,Yes
966,14,Yes
966,15,Yes
966,16,Yes
966,17,Yes
966,18,4
966,19,All checks completed as normal.
967,1,Yes
967,2,Yes
967,3,Yes
967,4,Yes
967,5,No
967,6,Yes
967,7,Yes
967,8,No
967,9,5
968,10,Yes
968,11,Yes
968,12,Yes
968,13,No
968,14,Yes
968,15,Yes
968,16,Yes
968,17,Yes
968,18,4
968,19,"Minor spill in dining area, cleaned promptly."
969,10,Yes
969,11,Yes
969,12,Yes
969,13,Yes
969,14,Yes
969,15,Yes
969,16,Yes
969,17,No
969,18,4
969,19,New crew member trained on register today.
970,1,Yes
970,2,Yes
970,3,Yes
970,4,Yes
970,5,Yes
970,6,Yes
970,7,Yes
970,8,No
970,9,5
971,10,Yes
971,11,No
971,12,Yes
971,13,No
971,14,Yes
971,15,No
971,16,Yes
971,17,Yes
971,18,4
971,19,Everything in order for tomorrow's opening.
972,10,No
972,11,Yes
972,12,Yes
972,13,Yes
972,14,No
972,15,Yes
972,16,Yes
972,17,Yes
972,18,4
972,19,"Minor spill in dining area, cleaned promptly."
973,10,Yes
973,11,Yes
973,12,Yes
973,13,Yes
973,14,Yes
973,15,No
973,16,Yes
973,17,Yes
973,18,3
973,19,New crew member trained on register today.
974,1,Yes
974,2,Yes
974,3,Yes
974,4,Yes
974,5,No
974,6,Yes
974,7,Yes
974,8,Yes
974,9,4
975,10,Yes
975,11,Yes
975,12,Yes
975,13,Yes
975,14,No
975,15,Yes
975,16,No
975,17,Yes
975,18,4
975,19,"All good, nothing to report."
976,1,Yes
976,2,No
976,3,Yes
976,4,No
976,5,Yes
976,6,Yes
976,7,Yes
976,8,Yes
976,9,3
977,1,Yes
977,2,Yes
977,3,Yes
977,4,No
977,5,Yes
977,6,Yes
977,7,No
977,8,Yes
977,9,3
978,10,Yes
978,11,Yes
978,12,Yes
978,13,Yes
978,14,No
978,15,Yes
978,16,Yes
978,17,Yes
978,18,4
978,19,"All good, nothing to report."
979,1,Yes
979,2,Yes
979,3,Yes
979,4,Yes
979,5,Yes
979,6,Yes
979,7,Yes
979,8,No
979,9,5
980,10,Yes
980,11,Yes
980,12,Yes
980,13,Yes
980,14,Yes
980,15,Yes
980,16,No
980,17,Yes
980,18,4
980,19,Everything in order for tomorrow's opening.
981,10,Yes
981,11,Yes
981,12,No
981,13,Yes
981,14,Yes
981,15,Yes
981,16,Yes
981,17,Yes
981,18,4
981,19,"Delivery arrived late, adjusted prep schedule."
982,1,Yes
982,2,Yes
982,3,No
982,4,Yes
982,5,Yes
982,6,Yes
982,7,No
982,8,Yes
982,9,3
983,10,Yes
983,11,Yes
983,12,Yes
983,13,Yes
983,14,Yes
983,15,No
983,16,Yes
983,17,Yes
983,18,4
983,19,Slight delay in closing due to late customers.
984,1,Yes
984,2,Yes
984,3,Yes
984,4,Yes
984,5,Yes
984,6,No
984,7,Yes
984,8,No
984,9,3
985,10,Yes
985,11,Yes
985,12,Yes
985,13,Yes
985,14,Yes
985,15,Yes
985,16,Yes
985,17,Yes
985,18,5
985,19,"All good, nothing to report."
986,1,Yes
986,2,Yes
986,3,Yes
986,4,Yes
986,5,Yes
986,6,Yes
986,7,Yes
986,8,Yes
986,9,5
987,10,Yes
987,11,Yes
987,12,No
987,13,Yes
987,14,Yes
987,15,Yes
987,16,Yes
987,17,Yes
987,18,4
987,19,Slight delay in closing due to late customers.
988,1,Yes
988,2,Yes
988,3,Yes
988,4,Yes
988,5,Yes
988,6,Yes
988,7,No
988,8,Yes
988,9,3
989,10,Yes
989,11,No
989,12,Yes
989,13,Yes
989,14,Yes
989,15,Yes
989,16,Yes
989,17,Yes
989,18,3
989,19,"Busy night, all tasks completed on time."
990,1,No
990,2,Yes
990,3,No
990,4,Yes
990,5,No
990,6,Yes
990,7,Yes
990,8,No
990,9,5
991,10,No
991,11,No
991,12,Yes
991,13,Yes
991,14,Yes
991,15,Yes
991,16,Yes
991,17,Yes
991,18,3
991,19,"Busy night, all tasks completed on time."
992,1,Yes
992,2,Yes
992,3,Yes
992,4,Yes
992,5,Yes
992,6,Yes
992,7,Yes
992,8,Yes
992,9,5
993,10,Yes
993,11,Yes
993,12,Yes
993,13,Yes
993,14,Yes
993,15,Yes
993,16,Yes
993,17,No
993,18,5
993,19,"Minor spill in dining area, cleaned promptly."
994,10,Yes
994,11,Yes
994,12,Yes
994,13,No
994,14,Yes
994,15,Yes
994,16,No
994,17,Yes
994,18,5
994,19,"Quiet evening, no issues."
995,1,Yes
995,2,Yes
995,3,Yes
995,4,Yes
995,5,Yes
995,6,Yes
995,7,No
995,8,Yes
995,9,5
996,10,Yes
996,11,Yes
996,12,No
996,13,Yes
996,14,Yes
996,15,Yes
996,16,No
996,17,Yes
996,18,3
996,19,"Minor spill in dining area, cleaned promptly."
997,1,Yes
997,2,No
997,3,Yes
997,4,Yes
997,5,Yes
997,6,Yes
997,7,Yes
997,8,Yes
997,9,4
998,10,Yes
998,11,Yes
998,12,Yes
998,13,Yes
998,14,No
998,15,Yes
998,16,Yes
998,17,Yes
998,18,5
998,19,"Busy night, all tasks completed on time."
999,1,Yes
999,2,Yes
999,3,No
999,4,No
999,5,Yes
999,6,Yes
999,7,No
999,8,Yes
999,9,1
1000,10,Yes
1000,11,Yes
1000,12,Yes
1000,13,Yes
1000,14,No
1000,15,Yes
1000,16,No
1000,17,No
1000,18,4
1000,19,All checks completed as normal.
1001,10,No
1001,11,Yes
1001,12,Yes
1001,13,Yes
1001,14,Yes
1001,15,Yes
1001,16,Yes
1001,17,No
1001,18,1
1001,19,"Low stock on napkins, requested restock."
1002,1,No
1002,2,No
1002,3,No
1002,4,Yes
1002,5,Yes
1002,6,Yes
1002,7,Yes
1002,8,Yes
1002,9,1
1003,1,Yes
1003,2,Yes
1003,3,Yes
1003,4,No
1003,5,No
1003,6,No
1003,7,Yes
1003,8,No
1003,9,3
1004,10,Yes
1004,11,Yes
1004,12,Yes
1004,13,Yes
1004,14,No
1004,15,No
1004,16,Yes
1004,17,Yes
1004,18,3
1004,19,"Quiet evening, no issues."
1005,10,Yes
1005,11,Yes
1005,12,Yes
1005,13,Yes
1005,14,Yes
1005,15,Yes
1005,16,No
1005,17,Yes
1005,18,4
1005,19,"Two crew members called in sick, closing took longer than usual."
1006,1,No
1006,2,Yes
1006,3,No
1006,4,Yes
1006,5,No
1006,6,No
1006,7,No
1006,8,No
1006,9,1
1007,1,No
1007,2,Yes
1007,3,Yes
1007,4,No
1007,5,Yes
1007,6,Yes
1007,7,No
1007,8,No
1007,9,3
1008,10,Yes
1008,11,No
1008,12,Yes
1008,13,Yes
1008,14,Yes
1008,15,Yes
1008,16,Yes
1008,17,No
1008,18,2
1008,19,"Short-staffed again tonight, had to pull crew from other stations."
1009,1,No
1009,2,Yes
1009,3,No
1009,4,Yes
1009,5,Yes
1009,6,Yes
1009,7,Yes
1009,8,No
1009,9,1
1010,1,No
1010,2,No
1010,3,No
1010,4,No
1010,5,Yes
1010,6,No
1010,7,Yes
1010,8,Yes
1010,9,3
1011,1,No
1011,2,Yes
1011,3,No
1011,4,Yes
1011,5,No
1011,6,Yes
1011,7,Yes
1011,8,Yes
1011,9,1
1012,1,No
1012,2,No
1012,3,No
1012,4,Yes
1012,5,No
1012,6,Yes
1012,7,Yes
1012,8,Yes
1012,9,2
1013,10,No
1013,11,Yes
1013,12,Yes
1013,13,Yes
1013,14,Yes
1013,15,No
1013,16,Yes
1013,17,No
1013,18,2
1013,19,"Delivery arrived late, adjusted prep schedule."
1014,1,No
1014,2,Yes
1014,3,No
1014,4,Yes
1014,5,Yes
1014,6,Yes
1014,7,No
1014,8,No
1014,9,3
1015,1,Yes
1015,2,Yes
1015,3,No
1015,4,No
1015,5,No
1015,6,No
1015,7,Yes
1015,8,Yes
1015,9,3
1016,10,No
1016,11,No
1016,12,Yes
1016,13,No
1016,14,Yes
1016,15,No
1016,16,Yes
1016,17,No
1016,18,2
1016,19,"Walk-in freezer temperature crept up again this evening, keeping an eye on it."
1017,1,No
1017,2,No
1017,3,Yes
1017,4,No
1017,5,No
1017,6,Yes
1017,7,No
1017,8,Yes
1017,9,2
1018,10,Yes
1018,11,Yes
1018,12,Yes
1018,13,Yes
1018,14,Yes
1018,15,No
1018,16,Yes
1018,17,Yes
1018,18,1
1018,19,"Ice machine still making noise, might need service."
1019,10,Yes
1019,11,Yes
1019,12,No
1019,13,Yes
1019,14,Yes
1019,15,Yes
1019,16,No
1019,17,No
1019,18,1
1019,19,Slight delay in closing due to late customers.
1020,1,Yes
1020,2,Yes
1020,3,Yes
1020,4,No
1020,5,No
1020,6,Yes
1020,7,Yes
1020,8,Yes
1020,9,2
1021,1,Yes
1021,2,No
1021,3,Yes
1021,4,Yes
1021,5,No
1021,6,Yes
1021,7,Yes
1021,8,No
1021,9,3
1022,1,No
1022,2,Yes
1022,3,No
1022,4,Yes
1022,5,No
1022,6,Yes
1022,7,Yes
1022,8,No
1022,9,3
1023,10,Yes
1023,11,Yes
1023,12,No
1023,13,Yes
1023,14,No
1023,15,Yes
1023,16,Yes
1023,17,No
1023,18,2
1023,19,"Short-staffed again tonight, had to pull crew from other stations."
1024,1,Yes
1024,2,Yes
1024,3,Yes
1024,4,No
1024,5,No
1024,6,Yes
1024,7,No
1024,8,Yes
1024,9,3
1025,10,Yes
1025,11,No
1025,12,Yes
1025,13,No
1025,14,No
1025,15,No
1025,16,No
1025,17,No
1025,18,4
1025,19,"Quiet evening, no issues."
1026,1,Yes
1026,2,No
1026,3,Yes
1026,4,No
1026,5,No
1026,6,Yes
1026,7,No
1026,8,Yes
1026,9,3
1027,1,No
1027,2,Yes
1027,3,Yes
1027,4,No
1027,5,Yes
1027,6,Yes
1027,7,No
1027,8,No
1027,9,2
1028,1,Yes
1028,2,Yes
1028,3,Yes
1028,4,No
1028,5,No
1028,6,Yes
1028,7,Yes
1028,8,No
1028,9,3
1029,1,No
1029,2,No
1029,3,Yes
1029,4,Yes
1029,5,No
1029,6,No
1029,7,No
1029,8,Yes
1029,9,3
1030,10,No
1030,11,Yes
1030,12,Yes
1030,13,No
1030,14,Yes
1030,15,Yes
1030,16,Yes
1030,17,No
1030,18,2
1030,19,"All good, nothing to report."
1031,1,No
1031,2,Yes
1031,3,No
1031,4,No
1031,5,Yes
1031,6,Yes
1031,7,No
1031,8,No
1031,9,3
1032,10,Yes
1032,11,Yes
1032,12,Yes
1032,13,Yes
1032,14,Yes
1032,15,Yes
1032,16,Yes
1032,17,No
1032,18,3
1032,19,"Short-staffed again tonight, had to pull crew from other stations."
1033,1,No
1033,2,No
1033,3,Yes
1033,4,Yes
1033,5,Yes
1033,6,Yes
1033,7,Yes
1033,8,No
1033,9,2
1034,10,Yes
1034,11,Yes
1034,12,No
1034,13,Yes
1034,14,No
1034,15,No
1034,16,Yes
1034,17,Yes
1034,18,3
1034,19,"Busy night, all tasks completed on time."
1035,10,Yes
1035,11,Yes
1035,12,Yes
1035,13,No
1035,14,Yes
1035,15,Yes
1035,16,Yes
1035,17,Yes
1035,18,3
1035,19,"Minor spill in dining area, cleaned promptly."
1036,1,Yes
1036,2,Yes
1036,3,Yes
1036,4,Yes
1036,5,No
1036,6,Yes
1036,7,Yes
1036,8,No
1036,9,2
1037,10,No
1037,11,Yes
1037,12,Yes
1037,13,Yes
1037,14,Yes
1037,15,Yes
1037,16,No
1037,17,Yes
1037,18,3
1037,19,"All good, nothing to report."
1038,1,Yes
1038,2,No
1038,3,No
1038,4,No
1038,5,No
1038,6,No
1038,7,No
1038,8,Yes
1038,9,3
1039,10,Yes
1039,11,Yes
1039,12,No
1039,13,Yes
1039,14,Yes
1039,15,No
1039,16,Yes
1039,17,Yes
1039,18,2
1039,19,All checks completed as normal.
1040,10,Yes
1040,11,No
1040,12,No
1040,13,No
1040,14,Yes
1040,15,No
1040,16,No
1040,17,No
1040,18,2
1040,19,Slight delay in closing due to late customers.
1041,10,No
1041,11,Yes
1041,12,Yes
1041,13,No
1041,14,Yes
1041,15,Yes
1041,16,Yes
1041,17,Yes
1041,18,2
1041,19,"Busy night, all tasks completed on time."
1042,1,Yes
1042,2,Yes
1042,3,Yes
1042,4,Yes
1042,5,No
1042,6,Yes
1042,7,Yes
1042,8,No
1042,9,2
1043,1,Yes
1043,2,Yes
1043,3,No
1043,4,Yes
1043,5,Yes
1043,6,No
1043,7,No
1043,8,No
1043,9,3
1044,1,Yes
1044,2,No
1044,3,No
1044,4,Yes
1044,5,No
1044,6,Yes
1044,7,Yes
1044,8,No
1044,9,2
1045,10,Yes
1045,11,Yes
1045,12,No
1045,13,No
1045,14,Yes
1045,15,Yes
1045,16,No
1045,17,No
1045,18,3
1045,19,"Delivery arrived late, adjusted prep schedule."
1046,1,Yes
1046,2,No
1046,3,Yes
1046,4,Yes
1046,5,No
1046,6,Yes
1046,7,Yes
1046,8,No
1046,9,3
1047,1,Yes
1047,2,Yes
1047,3,No
1047,4,Yes
1047,5,No
1047,6,Yes
1047,7,Yes
1047,8,No
1047,9,3
1048,1,Yes
1048,2,No
1048,3,No
1048,4,Yes
1048,5,No
1048,6,Yes
1048,7,Yes
1048,8,Yes
1048,9,2
1049,10,Yes
1049,11,Yes
1049,12,Yes
1049,13,Yes
1049,14,Yes
1049,15,Yes
1049,16,No
1049,17,Yes
1049,18,3
1049,19,All checks completed as normal.
1050,1,No
1050,2,Yes
1050,3,No
1050,4,No
1050,5,Yes
1050,6,No
1050,7,Yes
1050,8,Yes
1050,9,1
1051,10,No
1051,11,Yes
1051,12,Yes
1051,13,Yes
1051,14,Yes
1051,15,Yes
1051,16,No
1051,17,No
1051,18,1
1051,19,New crew member trained on register today.
1052,10,Yes
1052,11,No
1052,12,Yes
1052,13,Yes
1052,14,Yes
1052,15,Yes
1052,16,No
1052,17,No
1052,18,2
1052,19,"Quiet evening, no issues."
1053,10,Yes
1053,11,Yes
1053,12,Yes
1053,13,No
1053,14,Yes
1053,15,Yes
1053,16,Yes
1053,17,No
1053,18,1
1053,19,"Quiet evening, no issues."
1054,1,No
1054,2,No
1054,3,Yes
1054,4,No
1054,5,No
1054,6,No
1054,7,Yes
1054,8,No
1054,9,3
1055,10,No
1055,11,Yes
1055,12,Yes
1055,13,Yes
1055,14,Yes
1055,15,Yes
1055,16,No
1055,17,Yes
1055,18,2
1055,19,"Low stock on napkins, requested restock."
1056,1,No
1056,2,No
1056,3,Yes
1056,4,Yes
1056,5,Yes
1056,6,Yes
1056,7,Yes
1056,8,No
1056,9,2
1057,1,No
1057,2,No
1057,3,Yes
1057,4,No
1057,5,No
1057,6,No
1057,7,No
1057,8,Yes
1057,9,3
1058,10,No
1058,11,Yes
1058,12,No
1058,13,Yes
1058,14,No
1058,15,Yes
1058,16,No
1058,17,Yes
1058,18,3
1058,19,"Low stock on napkins, requested restock."
1059,10,Yes
1059,11,Yes
1059,12,No
1059,13,No
1059,14,Yes
1059,15,No
1059,16,Yes
1059,17,No
1059,18,1
1059,19,Slight delay in closing due to late customers.
1060,1,No
1060,2,No
1060,3,Yes
1060,4,No
1060,5,Yes
1060,6,No
1060,7,No
1060,8,No
1060,9,2
1061,10,Yes
1061,11,Yes
1061,12,Yes
1061,13,Yes
1061,14,Yes
1061,15,No
1061,16,Yes
1061,17,Yes
1061,18,1
1061,19,"Walk-in freezer temperature crept up again this evening, keeping an eye on it."
1062,10,Yes
1062,11,No
1062,12,Yes
1062,13,No
1062,14,Yes
1062,15,No
1062,16,Yes
1062,17,Yes
1062,18,3
1062,19,"Walk-in freezer temperature crept up again this evening, keeping an eye on it."
1063,10,No
1063,11,Yes
1063,12,No
1063,13,No
1063,14,No
1063,15,No
1063,16,Yes
1063,17,No
1063,18,2
1063,19,"Delivery arrived late, adjusted prep schedule."
1064,1,No
1064,2,No
1064,3,Yes
1064,4,Yes
1064,5,No
1064,6,No
1064,7,Yes
1064,8,Yes
1064,9,2
1065,10,Yes
1065,11,No
1065,12,No
1065,13,Yes
1065,14,Yes
1065,15,Yes
1065,16,No
1065,17,Yes
1065,18,2
1065,19,"Busy night, all tasks completed on time."
1066,1,Yes
1066,2,Yes
1066,3,No
1066,4,No
1066,5,No
1066,6,Yes
1066,7,Yes
1066,8,Yes
1066,9,3
1067,10,Yes
1067,11,No
1067,12,Yes
1067,13,Yes
1067,14,No
1067,15,No
1067,16,No
1067,17,Yes
1067,18,3
1067,19,"Ice machine still making noise, might need service."
1068,1,Yes
1068,2,No
1068,3,Yes
1068,4,Yes
1068,5,No
1068,6,Yes
1068,7,Yes
1068,8,No
1068,9,3
1069,1,No
1069,2,No
1069,3,Yes
1069,4,No
1069,5,No
1069,6,Yes
1069,7,No
1069,8,Yes
1069,9,3
1070,10,Yes
1070,11,Yes
1070,12,Yes
1070,13,No
1070,14,No
1070,15,Yes
1070,16,No
1070,17,Yes
1070,18,2
1070,19,"Compressor on the walk-in cooler sounds off, flagging for maintenance."
1071,1,Yes
1071,2,Yes
1071,3,Yes
1071,4,Yes
1071,5,Yes
1071,6,Yes
1071,7,No
1071,8,No
1071,9,2
1072,10,Yes
1072,11,Yes
1072,12,Yes
1072,13,No
1072,14,Yes
1072,15,No
1072,16,Yes
1072,17,No
1072,18,1
1072,19,"Low stock on napkins, requested restock."
1073,10,Yes
1073,11,No
1073,12,Yes
1073,13,Yes
1073,14,No
1073,15,No
1073,16,Yes
1073,17,No
1073,18,2
1073,19,"Walk-in freezer temperature crept up again this evening, keeping an eye on it."
1074,10,Yes
1074,11,No
1074,12,No
1074,13,Yes
1074,14,Yes
1074,15,Yes
1074,16,No
1074,17,Yes
1074,18,2
1074,19,"Quiet evening, no issues."
1075,1,Yes
1075,2,Yes
1075,3,No
1075,4,Yes
1075,5,Yes
1075,6,No
1075,7,No
1075,8,No
1075,9,3
1076,10,Yes
1076,11,No
1076,12,Yes
1076,13,Yes
1076,14,Yes
1076,15,Yes
1076,16,No
1076,17,No
1076,18,2
1076,19,"Compressor on the walk-in cooler sounds off, flagging for maintenance."
1077,10,Yes
1077,11,Yes
1077,12,No
1077,13,Yes
1077,14,Yes
1077,15,Yes
1077,16,No
1077,17,No
1077,18,2
1077,19,Slight delay in closing due to late customers.
1078,10,Yes
1078,11,Yes
1078,12,No
1078,13,No
1078,14,Yes
1078,15,Yes
1078,16,Yes
1078,17,No
1078,18,2
1078,19,"Compressor on the walk-in cooler sounds off, flagging for maintenance."
1079,1,Yes
1079,2,Yes
1079,3,No
1079,4,Yes
1079,5,Yes
1079,6,Yes
1079,7,Yes
1079,8,No
1079,9,3
1080,1,Yes
1080,2,Yes
1080,3,Yes
1080,4,No
1080,5,Yes
1080,6,Yes
1080,7,Yes
1080,8,No
1080,9,2
1081,10,Yes
1081,11,Yes
1081,12,Yes
1081,13,No
1081,14,Yes
1081,15,Yes
1081,16,Yes
1081,17,Yes
1081,18,3
1081,19,"Minor spill in dining area, cleaned promptly."
1082,1,Yes
1082,2,No
1082,3,No
1082,4,Yes
1082,5,No
1082,6,Yes
1082,7,No
1082,8,No
1082,9,2
1083,10,No
1083,11,Yes
1083,12,No
1083,13,Yes
1083,14,No
1083,15,No
1083,16,Yes
1083,17,No
1083,18,3
1083,19,"All good, nothing to report."
1084,10,No
1084,11,Yes
1084,12,Yes
1084,13,Yes
1084,14,Yes
1084,15,No
1084,16,No
1084,17,Yes
1084,18,2
1084,19,Slight delay in closing due to late customers.
1085,1,Yes
1085,2,No
1085,3,No
1085,4,Yes
1085,5,Yes
1085,6,Yes
1085,7,No
1085,8,No
1085,9,1
1086,1,Yes
1086,2,No
1086,3,No
1086,4,No
1086,5,No
1086,6,Yes
1086,7,No
1086,8,No
1086,9,4
1087,1,Yes
1087,2,No
1087,3,No
1087,4,Yes
1087,5,No
1087,6,Yes
1087,7,No
1087,8,No
1087,9,1
1088,10,Yes
1088,11,Yes
1088,12,Yes
1088,13,Yes
1088,14,No
1088,15,No
1088,16,Yes
1088,17,Yes
1088,18,2
1088,19,New crew member trained on register today.
1089,1,Yes
1089,2,Yes
1089,3,Yes
1089,4,Yes
1089,5,No
1089,6,No
1089,7,No
1089,8,No
1089,9,3
1090,10,No
1090,11,Yes
1090,12,Yes
1090,13,Yes
1090,14,Yes
1090,15,No
1090,16,No
1090,17,Yes
1090,18,1
1090,19,"Low stock on napkins, requested restock."
1091,10,Yes
1091,11,Yes
1091,12,Yes
1091,13,No
1091,14,Yes
1091,15,No
1091,16,Yes
1091,17,Yes
1091,18,4
1091,19,"Delivery arrived late, adjusted prep schedule."
1092,1,Yes
1092,2,No
1092,3,Yes
1092,4,Yes
1092,5,Yes
1092,6,Yes
1092,7,Yes
1092,8,No
1092,9,2
1093,1,Yes
1093,2,Yes
1093,3,Yes
1093,4,Yes
1093,5,Yes
1093,6,Yes
1093,7,Yes
1093,8,Yes
1093,9,3
1094,10,No
1094,11,Yes
1094,12,Yes
1094,13,Yes
1094,14,Yes
1094,15,Yes
1094,16,Yes
1094,17,No
1094,18,3
1094,19,Slight delay in closing due to late customers.
1095,1,Yes
1095,2,Yes
1095,3,Yes
1095,4,No
1095,5,Yes
1095,6,Yes
1095,7,Yes
1095,8,No
1095,9,3
1096,10,Yes
1096,11,Yes
1096,12,Yes
1096,13,Yes
1096,14,No
1096,15,No
1096,16,Yes
1096,17,Yes
1096,18,4
1096,19,New crew member trained on register today.
1097,1,Yes
1097,2,Yes
1097,3,Yes
1097,4,Yes
1097,5,Yes
1097,6,Yes
1097,7,Yes
1097,8,No
1097,9,2
1098,10,No
1098,11,No
1098,12,Yes
1098,13,No
1098,14,Yes
1098,15,Yes
1098,16,Yes
1098,17,Yes
1098,18,3
1098,19,"Delivery arrived late, adjusted prep schedule."
1099,1,Yes
1099,2,Yes
1099,3,Yes
1099,4,Yes
1099,5,Yes
1099,6,Yes
1099,7,No
1099,8,Yes
1099,9,3
1100,10,Yes
1100,11,No
1100,12,No
1100,13,No
1100,14,No
1100,15,No
1100,16,Yes
1100,17,Yes
1100,18,2
1100,19,"Delivery arrived late, adjusted prep schedule."
1101,10,No
1101,11,Yes
1101,12,Yes
1101,13,Yes
1101,14,Yes
1101,15,Yes
1101,16,Yes
1101,17,Yes
1101,18,4
1101,19,Everything in order for tomorrow's opening.
1102,10,Yes
1102,11,Yes
1102,12,Yes
1102,13,No
1102,14,Yes
1102,15,Yes
1102,16,Yes
1102,17,Yes
1102,18,4
1102,19,"Busy night, all tasks completed on time."
1103,1,Yes
1103,2,No
1103,3,Yes
1103,4,No
1103,5,Yes
1103,6,Yes
1103,7,Yes
1103,8,Yes
1103,9,4
1104,10,No
1104,11,No
1104,12,Yes
1104,13,Yes
1104,14,Yes
1104,15,No
1104,16,Yes
1104,17,Yes
1104,18,3
1104,19,Everything in order for tomorrow's opening.
1105,1,Yes
1105,2,Yes
1105,3,Yes
1105,4,Yes
1105,5,Yes
1105,6,Yes
1105,7,Yes
1105,8,Yes
1105,9,3
1106,1,No
1106,2,Yes
1106,3,Yes
1106,4,Yes
1106,5,Yes
1106,6,Yes
1106,7,No
1106,8,Yes
1106,9,2
1107,1,No
1107,2,No
1107,3,Yes
1107,4,Yes
1107,5,Yes
1107,6,Yes
1107,7,No
1107,8,Yes
1107,9,3
1108,1,Yes
1108,2,Yes
1108,3,Yes
1108,4,Yes
1108,5,No
1108,6,Yes
1108,7,Yes
1108,8,Yes
1108,9,4
1109,10,Yes
1109,11,Yes
1109,12,Yes
1109,13,No
1109,14,No
1109,15,No
1109,16,Yes
1109,17,Yes
1109,18,3
1109,19,New crew member trained on register today.
1110,1,Yes
1110,2,Yes
1110,3,Yes
1110,4,Yes
1110,5,Yes
1110,6,Yes
1110,7,Yes
1110,8,Yes
1110,9,3
1111,10,No
1111,11,No
1111,12,Yes
1111,13,No
1111,14,Yes
1111,15,Yes
1111,16,Yes
1111,17,Yes
1111,18,3
1111,19,"Low stock on napkins, requested restock."
1112,1,Yes
1112,2,Yes
1112,3,Yes
1112,4,No
1112,5,Yes
1112,6,Yes
1112,7,No
1112,8,No
1112,9,3
1113,1,Yes
1113,2,Yes
1113,3,Yes
1113,4,Yes
1113,5,Yes
1113,6,Yes
1113,7,No
1113,8,Yes
1113,9,2
1114,1,Yes
1114,2,Yes
1114,3,Yes
1114,4,No
1114,5,Yes
1114,6,Yes
1114,7,Yes
1114,8,No
1114,9,4
1115,10,Yes
1115,11,Yes
1115,12,Yes
1115,13,Yes
1115,14,No
1115,15,No
1115,16,Yes
1115,17,Yes
1115,18,3
1115,19,Everything in order for tomorrow's opening.
1116,1,Yes
1116,2,No
1116,3,No
1116,4,Yes
1116,5,Yes
1116,6,Yes
1116,7,Yes
1116,8,Yes
1116,9,4
1117,10,Yes
1117,11,Yes
1117,12,Yes
1117,13,No
1117,14,No
1117,15,Yes
1117,16,Yes
1117,17,Yes
1117,18,4
1117,19,New crew member trained on register today.
1118,1,Yes
1118,2,Yes
1118,3,Yes
1118,4,Yes
1118,5,No
1118,6,Yes
1118,7,Yes
1118,8,Yes
1118,9,3
1119,10,Yes
1119,11,Yes
1119,12,No
1119,13,Yes
1119,14,Yes
1119,15,Yes
1119,16,No
1119,17,Yes
1119,18,4
1119,19,"Delivery arrived late, adjusted prep schedule."
1120,1,Yes
1120,2,No
1120,3,No
1120,4,Yes
1120,5,No
1120,6,Yes
1120,7,Yes
1120,8,No
1120,9,3
1121,10,Yes
1121,11,Yes
1121,12,No
1121,13,No
1121,14,Yes
1121,15,No
1121,16,Yes
1121,17,No
1121,18,3
1121,19,"Delivery arrived late, adjusted prep schedule."
1122,10,Yes
1122,11,No
1122,12,Yes
1122,13,Yes
1122,14,Yes
1122,15,Yes
1122,16,Yes
1122,17,Yes
1122,18,4
1122,19,"All good, nothing to report."
1123,1,Yes
1123,2,Yes
1123,3,Yes
1123,4,Yes
1123,5,Yes
1123,6,Yes
1123,7,Yes
1123,8,No
1123,9,3
1124,10,Yes
1124,11,Yes
1124,12,Yes
1124,13,Yes
1124,14,Yes
1124,15,No
1124,16,Yes
1124,17,Yes
1124,18,4
1124,19,"Minor spill in dining area, cleaned promptly."
1125,1,Yes
1125,2,Yes
1125,3,Yes
1125,4,Yes
1125,5,Yes
1125,6,Yes
1125,7,Yes
1125,8,No
1125,9,3
1126,10,Yes
1126,11,Yes
1126,12,Yes
1126,13,Yes
1126,14,Yes
1126,15,No
1126,16,Yes
1126,17,Yes
1126,18,4
1126,19,"Busy night, all tasks completed on time."
1127,10,Yes
1127,11,Yes
1127,12,Yes
1127,13,Yes
1127,14,Yes
1127,15,Yes
1127,16,Yes
1127,17,Yes
1127,18,3
1127,19,"Low stock on napkins, requested restock."
1128,1,Yes
1128,2,Yes
1128,3,Yes
1128,4,Yes
1128,5,Yes
1128,6,Yes
1128,7,Yes
1128,8,Yes
1128,9,2
1129,10,No
1129,11,Yes
1129,12,Yes
1129,13,Yes
1129,14,Yes
1129,15,Yes
1129,16,No
1129,17,Yes
1129,18,5
1129,19,"Quiet evening, no issues."
1130,1,Yes
1130,2,No
1130,3,Yes
1130,4,Yes
1130,5,Yes
1130,6,Yes
1130,7,Yes
1130,8,No
1130,9,4
1131,10,No
1131,11,Yes
1131,12,Yes
1131,13,Yes
1131,14,No
1131,15,Yes
1131,16,Yes
1131,17,Yes
1131,18,2
1131,19,"Low stock on napkins, requested restock."
1132,1,Yes
1132,2,Yes
1132,3,Yes
1132,4,Yes
1132,5,No
1132,6,No
1132,7,Yes
1132,8,No
1132,9,3
1133,10,Yes
1133,11,Yes
1133,12,Yes
1133,13,Yes
1133,14,Yes
1133,15,Yes
1133,16,Yes
1133,17,Yes
1133,18,4
1133,19,"All good, nothing to report."
1134,1,Yes
1134,2,Yes
1134,3,Yes
1134,4,Yes
1134,5,Yes
1134,6,Yes
1134,7,No
1134,8,No
1134,9,3
1135,10,Yes
1135,11,Yes
1135,12,No
1135,13,Yes
1135,14,Yes
1135,15,Yes
1135,16,Yes
1135,17,No
1135,18,5
1135,19,"Low stock on napkins, requested restock."
1136,1,No
1136,2,No
1136,3,Yes
1136,4,Yes
1136,5,Yes
1136,6,No
1136,7,Yes
1136,8,Yes
1136,9,3
1137,10,No
1137,11,No
1137,12,Yes
1137,13,No
1137,14,Yes
1137,15,Yes
1137,16,Yes
1137,17,Yes
1137,18,4
1137,19,Slight delay in closing due to late customers.
1138,1,Yes
1138,2,Yes
1138,3,Yes
1138,4,No
1138,5,Yes
1138,6,Yes
1138,7,Yes
1138,8,No
1138,9,2
1139,10,Yes
1139,11,No
1139,12,Yes
1139,13,Yes
1139,14,Yes
1139,15,Yes
1139,16,No
1139,17,Yes
1139,18,4
1139,19,New crew member trained on register today.
1140,1,Yes
1140,2,Yes
1140,3,Yes
1140,4,Yes
1140,5,Yes
1140,6,Yes
1140,7,Yes
1140,8,Yes
1140,9,5
1141,10,Yes
1141,11,Yes
1141,12,Yes
1141,13,Yes
1141,14,No
1141,15,Yes
1141,16,No
1141,17,No
1141,18,3
1141,19,"Low stock on napkins, requested restock."
1142,1,Yes
1142,2,Yes
1142,3,Yes
1142,4,Yes
1142,5,Yes
1142,6,Yes
1142,7,Yes
1142,8,Yes
1142,9,4
1143,10,No
1143,11,Yes
1143,12,No
1143,13,No
1143,14,Yes
1143,15,Yes
1143,16,Yes
1143,17,Yes
1143,18,3
1143,19,Everything in order for tomorrow's opening.
1144,1,Yes
1144,2,Yes
1144,3,Yes
1144,4,No
1144,5,No
1144,6,Yes
1144,7,Yes
1144,8,Yes
1144,9,3
1145,1,Yes
1145,2,No
1145,3,No
1145,4,Yes
1145,5,Yes
1145,6,No
1145,7,No
1145,8,No
1145,9,3
1146,1,Yes
1146,2,Yes
1146,3,Yes
1146,4,Yes
1146,5,Yes
1146,6,Yes
1146,7,Yes
1146,8,Yes
1146,9,3
1147,10,Yes
1147,11,No
1147,12,Yes
1147,13,Yes
1147,14,No
1147,15,Yes
1147,16,Yes
1147,17,No
1147,18,3
1147,19,"Quiet evening, no issues."
1148,1,Yes
1148,2,Yes
1148,3,Yes
1148,4,Yes
1148,5,Yes
1148,6,Yes
1148,7,Yes
1148,8,No
1148,9,4
1149,10,Yes
1149,11,Yes
1149,12,Yes
1149,13,Yes
1149,14,No
1149,15,No
1149,16,Yes
1149,17,Yes
1149,18,3
1149,19,Slight delay in closing due to late customers.
1150,1,Yes
1150,2,Yes
1150,3,Yes
1150,4,No
1150,5,Yes
1150,6,Yes
1150,7,Yes
1150,8,Yes
1150,9,4
1151,10,Yes
1151,11,Yes
1151,12,Yes
1151,13,Yes
1151,14,No
1151,15,Yes
1151,16,Yes
1151,17,Yes
1151,18,2
1151,19,All checks completed as normal.
1152,1,Yes
1152,2,Yes
1152,3,Yes
1152,4,No
1152,5,Yes
1152,6,Yes
1152,7,Yes
1152,8,No
1152,9,2
1153,10,Yes
1153,11,Yes
1153,12,Yes
1153,13,No
1153,14,Yes
1153,15,Yes
1153,16,Yes
1153,17,Yes
1153,18,3
1153,19,"Quiet evening, no issues."
1154,1,Yes
1154,2,Yes
1154,3,No
1154,4,Yes
1154,5,Yes
1154,6,Yes
1154,7,Yes
1154,8,Yes
1154,9,3
1155,1,Yes
1155,2,No
1155,3,Yes
1155,4,Yes
1155,5,Yes
1155,6,Yes
1155,7,Yes
1155,8,Yes
1155,9,4
1156,1,Yes
1156,2,Yes
1156,3,Yes
1156,4,Yes
1156,5,No
1156,6,Yes
1156,7,No
1156,8,Yes
1156,9,3
1157,10,Yes
1157,11,Yes
1157,12,No
1157,13,Yes
1157,14,Yes
1157,15,Yes
1157,16,Yes
1157,17,Yes
1157,18,3
1157,19,Slight delay in closing due to late customers.
1158,1,Yes
1158,2,Yes
1158,3,Yes
1158,4,Yes
1158,5,Yes
1158,6,Yes
1158,7,Yes
1158,8,Yes
1158,9,3
1159,10,Yes
1159,11,Yes
1159,12,Yes
1159,13,Yes
1159,14,Yes
1159,15,Yes
1159,16,Yes
1159,17,Yes
1159,18,2
1159,19,Everything in order for tomorrow's opening.
1160,1,Yes
1160,2,Yes
1160,3,Yes
1160,4,Yes
1160,5,Yes
1160,6,Yes
1160,7,No
1160,8,No
1160,9,4
1161,10,Yes
1161,11,Yes
1161,12,Yes
1161,13,Yes
1161,14,Yes
1161,15,Yes
1161,16,No
1161,17,No
1161,18,3
1161,19,Slight delay in closing due to late customers.
1162,10,Yes
1162,11,Yes
1162,12,No
1162,13,Yes
1162,14,Yes
1162,15,Yes
1162,16,Yes
1162,17,Yes
1162,18,3
1162,19,"Busy night, all tasks completed on time."
1163,1,Yes
1163,2,Yes
1163,3,No
1163,4,Yes
1163,5,Yes
1163,6,Yes
1163,7,Yes
1163,8,Yes
1163,9,2
1164,10,Yes
1164,11,Yes
1164,12,Yes
1164,13,Yes
1164,14,No
1164,15,No
1164,16,Yes
1164,17,Yes
1164,18,3
1164,19,"Low stock on napkins, requested restock."
1165,1,Yes
1165,2,Yes
1165,3,Yes
1165,4,No
1165,5,Yes
1165,6,Yes
1165,7,No
1165,8,No
1165,9,1
1166,10,No
1166,11,Yes
1166,12,Yes
1166,13,Yes
1166,14,Yes
1166,15,Yes
1166,16,Yes
1166,17,No
1166,18,2
1166,19,"Low stock on napkins, requested restock."
1167,1,Yes
1167,2,Yes
1167,3,Yes
1167,4,Yes
1167,5,Yes
1167,6,Yes
1167,7,Yes
1167,8,No
1167,9,2
1168,10,Yes
1168,11,Yes
1168,12,Yes
1168,13,No
1168,14,Yes
1168,15,Yes
1168,16,Yes
1168,17,No
1168,18,3
1168,19,"Busy night, all tasks completed on time."
1169,1,Yes
1169,2,Yes
1169,3,Yes
1169,4,Yes
1169,5,No
1169,6,No
1169,7,Yes
1169,8,Yes
1169,9,5
1170,10,Yes
1170,11,Yes
1170,12,Yes
1170,13,Yes
1170,14,Yes
1170,15,Yes
1170,16,Yes
1170,17,Yes
1170,18,3
1170,19,Slight delay in closing due to late customers.
1171,1,Yes
1171,2,No
1171,3,Yes
1171,4,Yes
1171,5,Yes
1171,6,Yes
1171,7,Yes
1171,8,Yes
1171,9,3
1172,1,Yes
1172,2,No
1172,3,Yes
1172,4,No
1172,5,No
1172,6,Yes
1172,7,Yes
1172,8,No
1172,9,3
1173,10,No
1173,11,Yes
1173,12,No
1173,13,Yes
1173,14,Yes
1173,15,Yes
1173,16,Yes
1173,17,No
1173,18,3
1173,19,"Low stock on napkins, requested restock."
1174,10,Yes
1174,11,No
1174,12,Yes
1174,13,Yes
1174,14,Yes
1174,15,Yes
1174,16,Yes
1174,17,No
1174,18,3
1174,19,"Busy night, all tasks completed on time."
1175,1,Yes
1175,2,Yes
1175,3,Yes
1175,4,Yes
1175,5,Yes
1175,6,Yes
1175,7,Yes
1175,8,Yes
1175,9,4
1176,1,Yes
1176,2,Yes
1176,3,No
1176,4,Yes
1176,5,No
1176,6,Yes
1176,7,Yes
1176,8,No
1176,9,2
1177,10,Yes
1177,11,Yes
1177,12,No
1177,13,Yes
1177,14,Yes
1177,15,No
1177,16,Yes
1177,17,Yes
1177,18,4
1177,19,All checks completed as normal.
1178,1,Yes
1178,2,Yes
1178,3,Yes
1178,4,Yes
1178,5,Yes
1178,6,Yes
1178,7,Yes
1178,8,Yes
1178,9,4
1179,10,No
1179,11,No
1179,12,Yes
1179,13,Yes
1179,14,Yes
1179,15,Yes
1179,16,Yes
1179,17,Yes
1179,18,1
1179,19,"Minor spill in dining area, cleaned promptly."
1180,10,Yes
1180,11,Yes
1180,12,Yes
1180,13,Yes
1180,14,Yes
1180,15,No
1180,16,Yes
1180,17,Yes
1180,18,3
1180,19,"All good, nothing to report."
1181,10,No
1181,11,No
1181,12,No
1181,13,Yes
1181,14,Yes
1181,15,Yes
1181,16,Yes
1181,17,Yes
1181,18,2
1181,19,New crew member trained on register today.
1182,1,Yes
1182,2,Yes
1182,3,Yes
1182,4,Yes
1182,5,No
1182,6,No
1182,7,Yes
1182,8,Yes
1182,9,3
1183,10,Yes
1183,11,Yes
1183,12,Yes
1183,13,Yes
1183,14,Yes
1183,15,Yes
1183,16,Yes
1183,17,Yes
1183,18,2
1183,19,"All good, nothing to report."
1184,1,Yes
1184,2,Yes
1184,3,Yes
1184,4,Yes
1184,5,No
1184,6,Yes
1184,7,Yes
1184,8,No
1184,9,2
1185,10,Yes
1185,11,No
1185,12,Yes
1185,13,Yes
1185,14,Yes
1185,15,Yes
1185,16,Yes
1185,17,Yes
1185,18,2
1185,19,"Busy night, all tasks completed on time."
1186,1,No
1186,2,No
1186,3,No
1186,4,Yes
1186,5,No
1186,6,Yes
1186,7,Yes
1186,8,No
1186,9,3
1187,10,Yes
1187,11,Yes
1187,12,Yes
1187,13,Yes
1187,14,Yes
1187,15,Yes
1187,16,Yes
1187,17,No
1187,18,3
1187,19,"Quiet evening, no issues."
1188,1,Yes
1188,2,Yes
1188,3,Yes
1188,4,Yes
1188,5,Yes
1188,6,No
1188,7,Yes
1188,8,Yes
1188,9,5
1189,10,Yes
1189,11,Yes
1189,12,Yes
1189,13,Yes
1189,14,No
1189,15,Yes
1189,16,Yes
1189,17,Yes
1189,18,2
1189,19,"Minor spill in dining area, cleaned promptly."
1190,1,No
1190,2,Yes
1190,3,Yes
1190,4,No
1190,5,No
1190,6,No
1190,7,Yes
1190,8,Yes
1190,9,3
1191,10,Yes
1191,11,No
1191,12,Yes
1191,13,Yes
1191,14,Yes
1191,15,Yes
1191,16,Yes
1191,17,Yes
1191,18,2
1191,19,"Busy night, all tasks completed on time."
1192,1,Yes
1192,2,Yes
1192,3,No
1192,4,Yes
1192,5,Yes
1192,6,Yes
1192,7,Yes
1192,8,Yes
1192,9,4
1193,1,Yes
1193,2,Yes
1193,3,Yes
1193,4,Yes
1193,5,No
1193,6,No
1193,7,Yes
1193,8,No
1193,9,3
1194,10,No
1194,11,No
1194,12,Yes
1194,13,Yes
1194,14,Yes
1194,15,Yes
1194,16,Yes
1194,17,Yes
1194,18,3
1194,19,"All good, nothing to report."
1195,1,Yes
1195,2,Yes
1195,3,Yes
1195,4,Yes
1195,5,Yes
1195,6,Yes
1195,7,Yes
1195,8,No
1195,9,4
1196,10,No
1196,11,Yes
1196,12,Yes
1196,13,Yes
1196,14,No
1196,15,Yes
1196,16,Yes
1196,17,Yes
1196,18,3
1196,19,New crew member trained on register today.
1197,1,Yes
1197,2,No
1197,3,Yes
1197,4,Yes
1197,5,Yes
1197,6,No
1197,7,Yes
1197,8,Yes
1197,9,2
1198,10,Yes
1198,11,Yes
1198,12,Yes
1198,13,Yes
1198,14,Yes
1198,15,Yes
1198,16,Yes
1198,17,Yes
1198,18,3
1198,19,"All good, nothing to report."
1199,1,No
1199,2,Yes
1199,3,No
1199,4,Yes
1199,5,Yes
1199,6,Yes
1199,7,Yes
1199,8,Yes
1199,9,2
1200,10,Yes
1200,11,No
1200,12,No
1200,13,No
1200,14,Yes
1200,15,Yes
1200,16,Yes
1200,17,Yes
1200,18,4
1200,19,All checks completed as normal.
1201,1,Yes
1201,2,No
1201,3,Yes
1201,4,Yes
1201,5,No
1201,6,Yes
1201,7,No
1201,8,Yes
1201,9,3
1202,10,Yes
1202,11,Yes
1202,12,Yes
1202,13,Yes
1202,14,Yes
1202,15,Yes
1202,16,Yes
1202,17,Yes
1202,18,3
1202,19,"Busy night, all tasks completed on time."
1203,10,Yes
1203,11,No
1203,12,Yes
1203,13,Yes
1203,14,Yes
1203,15,Yes
1203,16,No
1203,17,Yes
1203,18,3
1203,19,"All good, nothing to report."
1204,10,Yes
1204,11,Yes
1204,12,Yes
1204,13,Yes
1204,14,Yes
1204,15,Yes
1204,16,Yes
1204,17,Yes
1204,18,2
1204,19,New crew member trained on register today.
1205,1,Yes
1205,2,Yes
1205,3,Yes
1205,4,Yes
1205,5,No
1205,6,Yes
1205,7,Yes
1205,8,Yes
1205,9,3
1206,10,Yes
1206,11,Yes
1206,12,Yes
1206,13,Yes
1206,14,Yes
1206,15,Yes
1206,16,Yes
1206,17,Yes
1206,18,4
1206,19,Slight delay in closing due to late customers.
1207,1,Yes
1207,2,No
1207,3,No
1207,4,Yes
1207,5,Yes
1207,6,Yes
1207,7,Yes
1207,8,Yes
1207,9,2
1208,1,No
1208,2,Yes
1208,3,Yes
1208,4,Yes
1208,5,No
1208,6,Yes
1208,7,Yes
1208,8,No
1208,9,3
1209,10,Yes
1209,11,Yes
1209,12,Yes
1209,13,Yes
1209,14,Yes
1209,15,Yes
1209,16,Yes
1209,17,No
1209,18,3
1209,19,New crew member trained on register today.
1210,1,Yes
1210,2,No
1210,3,Yes
1210,4,Yes
1210,5,No
1210,6,Yes
1210,7,Yes
1210,8,Yes
1210,9,4
1211,10,Yes
1211,11,Yes
1211,12,Yes
1211,13,Yes
1211,14,Yes
1211,15,Yes
1211,16,Yes
1211,17,Yes
1211,18,4
1211,19,"Minor spill in dining area, cleaned promptly."
1212,1,No
1212,2,No
1212,3,Yes
1212,4,Yes
1212,5,Yes
1212,6,No
1212,7,Yes
1212,8,No
1212,9,4
1213,10,Yes
1213,11,Yes
1213,12,Yes
1213,13,No
1213,14,Yes
1213,15,Yes
1213,16,Yes
1213,17,Yes
1213,18,5
1213,19,All checks completed as normal.
1214,1,Yes
1214,2,No
1214,3,No
1214,4,Yes
1214,5,No
1214,6,No
1214,7,Yes
1214,8,Yes
1214,9,3
1215,1,Yes
1215,2,Yes
1215,3,Yes
1215,4,Yes
1215,5,Yes
1215,6,Yes
1215,7,Yes
1215,8,No
1215,9,3
1216,10,No
1216,11,Yes
1216,12,Yes
1216,13,Yes
1216,14,Yes
1216,15,No
1216,16,Yes
1216,17,No
1216,18,4
1216,19,Slight delay in closing due to late customers.
1217,10,No
1217,11,No
1217,12,Yes
1217,13,Yes
1217,14,Yes
1217,15,Yes
1217,16,Yes
1217,17,No
1217,18,3
1217,19,"Quiet evening, no issues."
1218,1,Yes
1218,2,Yes
1218,3,Yes
1218,4,Yes
1218,5,No
1218,6,Yes
1218,7,Yes
1218,8,Yes
1218,9,4
1219,10,Yes
1219,11,Yes
1219,12,Yes
1219,13,Yes
1219,14,Yes
1219,15,Yes
1219,16,Yes
1219,17,Yes
1219,18,4
1219,19,"Delivery arrived late, adjusted prep schedule."
1220,1,No
1220,2,No
1220,3,Yes
1220,4,Yes
1220,5,Yes
1220,6,Yes
1220,7,Yes
1220,8,Yes
1220,9,4
1221,10,No
1221,11,Yes
1221,12,Yes
1221,13,Yes
1221,14,Yes
1221,15,Yes
1221,16,Yes
1221,17,Yes
1221,18,5
1221,19,"All good, nothing to report."
1222,1,Yes
1222,2,Yes
1222,3,Yes
1222,4,Yes
1222,5,Yes
1222,6,Yes
1222,7,Yes
1222,8,No
1222,9,3
1223,10,Yes
1223,11,No
1223,12,Yes
1223,13,Yes
1223,14,Yes
1223,15,Yes
1223,16,Yes
1223,17,Yes
1223,18,5
1223,19,All checks completed as normal.
1224,1,Yes
1224,2,Yes
1224,3,Yes
1224,4,Yes
1224,5,Yes
1224,6,Yes
1224,7,Yes
1224,8,Yes
1224,9,3
1225,10,Yes
1225,11,Yes
1225,12,Yes
1225,13,Yes
1225,14,Yes
1225,15,Yes
1225,16,Yes
1225,17,Yes
1225,18,4
1225,19,Everything in order for tomorrow's opening.
1226,1,Yes
1226,2,Yes
1226,3,Yes
1226,4,Yes
1226,5,No
1226,6,Yes
1226,7,Yes
1226,8,No
1226,9,4
1227,10,Yes
1227,11,Yes
1227,12,Yes
1227,13,Yes
1227,14,Yes
1227,15,Yes
1227,16,Yes
1227,17,Yes
1227,18,5
1227,19,Slight delay in closing due to late customers.
1228,10,Yes
1228,11,Yes
1228,12,No
1228,13,Yes
1228,14,Yes
1228,15,Yes
1228,16,Yes
1228,17,Yes
1228,18,4
1228,19,"Delivery arrived late, adjusted prep schedule."
1229,10,Yes
1229,11,No
1229,12,No
1229,13,Yes
1229,14,No
1229,15,No
1229,16,Yes
1229,17,Yes
1229,18,3
1229,19,Slight delay in closing due to late customers.
1230,1,Yes
1230,2,Yes
1230,3,Yes
1230,4,Yes
1230,5,Yes
1230,6,Yes
1230,7,No
1230,8,Yes
1230,9,5
1231,10,Yes
1231,11,Yes
1231,12,Yes
1231,13,No
1231,14,No
1231,15,Yes
1231,16,Yes
1231,17,Yes
1231,18,5
1231,19,Slight delay in closing due to late customers.
1232,1,No
1232,2,No
1232,3,Yes
1232,4,Yes
1232,5,No
1232,6,Yes
1232,7,Yes
1232,8,Yes
1232,9,5
1233,10,Yes
1233,11,Yes
1233,12,Yes
1233,13,No
1233,14,Yes
1233,15,No
1233,16,Yes
1233,17,Yes
1233,18,5
1233,19,"Delivery arrived late, adjusted prep schedule."
1234,1,Yes
1234,2,Yes
1234,3,Yes
1234,4,Yes
1234,5,Yes
1234,6,Yes
1234,7,Yes
1234,8,Yes
1234,9,4
1235,10,No
1235,11,No
1235,12,No
1235,13,Yes
1235,14,Yes
1235,15,Yes
1235,16,Yes
1235,17,Yes
1235,18,4
1235,19,"Delivery arrived late, adjusted prep schedule."
1236,1,Yes
1236,2,Yes
1236,3,Yes
1236,4,Yes
1236,5,Yes
1236,6,Yes
1236,7,Yes
1236,8,No
1236,9,5
1237,10,Yes
1237,11,Yes
1237,12,Yes
1237,13,Yes
1237,14,Yes
1237,15,Yes
1237,16,Yes
1237,17,Yes
1237,18,3
1237,19,All checks completed as normal.
1238,1,Yes
1238,2,No
1238,3,Yes
1238,4,Yes
1238,5,Yes
1238,6,Yes
1238,7,Yes
1238,8,Yes
1238,9,4
1239,1,Yes
1239,2,Yes
1239,3,Yes
1239,4,Yes
1239,5,Yes
1239,6,No
1239,7,Yes
1239,8,No
1239,9,5
1240,10,Yes
1240,11,Yes
1240,12,Yes
1240,13,Yes
1240,14,Yes
1240,15,Yes
1240,16,Yes
1240,17,No
1240,18,4
1240,19,Slight delay in closing due to late customers.
1241,1,Yes
1241,2,Yes
1241,3,Yes
1241,4,Yes
1241,5,No
1241,6,Yes
1241,7,Yes
1241,8,Yes
1241,9,2
1242,10,Yes
1242,11,Yes
1242,12,No
1242,13,Yes
1242,14,No
1242,15,Yes
1242,16,Yes
1242,17,Yes
1242,18,3
1242,19,"Delivery arrived late, adjusted prep schedule."
1243,1,Yes
1243,2,Yes
1243,3,Yes
1243,4,No
1243,5,Yes
1243,6,Yes
1243,7,Yes
1243,8,No
1243,9,3
1244,10,Yes
1244,11,Yes
1244,12,Yes
1244,13,Yes
1244,14,Yes
1244,15,Yes
1244,16,Yes
1244,17,No
1244,18,4
1244,19,"Busy night, all tasks completed on time."
1245,1,Yes
1245,2,Yes
1245,3,Yes
1245,4,Yes
1245,5,Yes
1245,6,Yes
1245,7,Yes
1245,8,Yes
1245,9,4
1246,10,Yes
1246,11,Yes
1246,12,Yes
1246,13,Yes
1246,14,Yes
1246,15,No
1246,16,Yes
1246,17,Yes
1246,18,3
1246,19,"All good, nothing to report."
1247,1,Yes
1247,2,Yes
1247,3,Yes
1247,4,Yes
1247,5,Yes
1247,6,Yes
1247,7,Yes
1247,8,Yes
1247,9,3
1248,10,Yes
1248,11,No
1248,12,Yes
1248,13,Yes
1248,14,Yes
1248,15,Yes
1248,16,Yes
1248,17,Yes
1248,18,4
1248,19,All checks completed as normal.
1249,1,Yes
1249,2,Yes
1249,3,No
1249,4,Yes
1249,5,Yes
1249,6,Yes
1249,7,Yes
1249,8,No
1249,9,4
1250,1,Yes
1250,2,Yes
1250,3,Yes
1250,4,Yes
1250,5,Yes
1250,6,Yes
1250,7,No
1250,8,Yes
1250,9,2
1251,10,Yes
1251,11,Yes
1251,12,Yes
1251,13,Yes
1251,14,Yes
1251,15,Yes
1251,16,Yes
1251,17,Yes
1251,18,4
1251,19,"All good, nothing to report."
1252,1,Yes
1252,2,No
1252,3,Yes
1252,4,Yes
1252,5,Yes
1252,6,Yes
1252,7,Yes
1252,8,Yes
1252,9,5
1253,10,Yes
1253,11,Yes
1253,12,Yes
1253,13,Yes
1253,14,Yes
1253,15,Yes
1253,16,Yes
1253,17,Yes
1253,18,4
1253,19,"Delivery arrived late, adjusted prep schedule."
1254,1,Yes
1254,2,Yes
1254,3,Yes
1254,4,Yes
1254,5,Yes
1254,6,No
1254,7,Yes
1254,8,Yes
1254,9,4
1255,10,Yes
1255,11,Yes
1255,12,Yes
1255,13,Yes
1255,14,Yes
1255,15,Yes
1255,16,No
1255,17,Yes
1255,18,4
1255,19,New crew member trained on register today.
1256,1,Yes
1256,2,Yes
1256,3,Yes
1256,4,No
1256,5,No
1256,6,Yes
1256,7,Yes
1256,8,Yes
1256,9,4
1257,10,Yes
1257,11,Yes
1257,12,Yes
1257,13,Yes
1257,14,Yes
1257,15,Yes
1257,16,No
1257,17,Yes
1257,18,4
1257,19,"Minor spill in dining area, cleaned promptly."
1258,1,Yes
1258,2,Yes
1258,3,Yes
1258,4,Yes
1258,5,Yes
1258,6,Yes
1258,7,Yes
1258,8,Yes
1258,9,5
1259,10,Yes
1259,11,Yes
1259,12,Yes
1259,13,Yes
1259,14,No
1259,15,Yes
1259,16,Yes
1259,17,Yes
1259,18,4
1259,19,"Quiet evening, no issues."
1260,1,Yes
1260,2,Yes
1260,3,Yes
1260,4,Yes
1260,5,Yes
1260,6,Yes
1260,7,Yes
1260,8,No
1260,9,4
1261,1,Yes
1261,2,Yes
1261,3,Yes
1261,4,Yes
1261,5,Yes
1261,6,Yes
1261,7,Yes
1261,8,Yes
1261,9,4
1262,10,Yes
1262,11,Yes
1262,12,Yes
1262,13,Yes
1262,14,Yes
1262,15,Yes
1262,16,Yes
1262,17,Yes
1262,18,3
1262,19,"Delivery arrived late, adjusted prep schedule."
1263,1,Yes
1263,2,Yes
1263,3,No
1263,4,No
1263,5,Yes
1263,6,Yes
1263,7,Yes
1263,8,Yes
1263,9,4
1264,1,Yes
1264,2,Yes
1264,3,Yes
1264,4,Yes
1264,5,No
1264,6,Yes
1264,7,Yes
1264,8,Yes
1264,9,4
1265,10,Yes
1265,11,No
1265,12,Yes
1265,13,Yes
1265,14,Yes
1265,15,Yes
1265,16,Yes
1265,17,No
1265,18,5
1265,19,"All good, nothing to report."
1266,1,Yes
1266,2,Yes
1266,3,Yes
1266,4,Yes
1266,5,Yes
1266,6,No
1266,7,Yes
1266,8,Yes
1266,9,4
1267,1,Yes
1267,2,Yes
1267,3,Yes
1267,4,Yes
1267,5,Yes
1267,6,Yes
1267,7,Yes
1267,8,Yes
1267,9,4
1268,10,Yes
1268,11,Yes
1268,12,Yes
1268,13,Yes
1268,14,Yes
1268,15,Yes
1268,16,Yes
1268,17,Yes
1268,18,3
1268,19,Slight delay in closing due to late customers.
1269,1,Yes
1269,2,Yes
1269,3,Yes
1269,4,No
1269,5,Yes
1269,6,Yes
1269,7,Yes
1269,8,Yes
1269,9,5
1270,10,Yes
1270,11,Yes
1270,12,Yes
1270,13,Yes
1270,14,Yes
1270,15,Yes
1270,16,Yes
1270,17,Yes
1270,18,4
1270,19,"All good, nothing to report."
1271,1,Yes
1271,2,No
1271,3,Yes
1271,4,Yes
1271,5,Yes
1271,6,Yes
1271,7,Yes
1271,8,No
1271,9,4
1272,10,Yes
1272,11,No
1272,12,Yes
1272,13,Yes
1272,14,Yes
1272,15,Yes
1272,16,Yes
1272,17,Yes
1272,18,4
1272,19,Slight delay in closing due to late customers.
1273,10,Yes
1273,11,Yes
1273,12,Yes
1273,13,Yes
1273,14,Yes
1273,15,No
1273,16,Yes
1273,17,Yes
1273,18,4
1273,19,New crew member trained on register today.
1274,1,Yes
1274,2,Yes
1274,3,Yes
1274,4,No
1274,5,Yes
1274,6,Yes
1274,7,Yes
1274,8,Yes
1274,9,3
1275,10,No
1275,11,Yes
1275,12,Yes
1275,13,Yes
1275,14,Yes
1275,15,Yes
1275,16,Yes
1275,17,Yes
1275,18,3
1275,19,Slight delay in closing due to late customers.
1276,1,Yes
1276,2,No
1276,3,Yes
1276,4,No
1276,5,No
1276,6,Yes
1276,7,Yes
1276,8,Yes
1276,9,4
1277,10,Yes
1277,11,Yes
1277,12,Yes
1277,13,No
1277,14,Yes
1277,15,Yes
1277,16,Yes
1277,17,No
1277,18,4
1277,19,Slight delay in closing due to late customers.
1278,1,Yes
1278,2,Yes
1278,3,Yes
1278,4,Yes
1278,5,Yes
1278,6,Yes
1278,7,Yes
1278,8,Yes
1278,9,3
1279,10,Yes
1279,11,Yes
1279,12,Yes
1279,13,Yes
1279,14,Yes
1279,15,Yes
1279,16,Yes
1279,17,Yes
1279,18,4
1279,19,All checks completed as normal.
1280,1,Yes
1280,2,Yes
1280,3,No
1280,4,Yes
1280,5,Yes
1280,6,Yes
1280,7,Yes
1280,8,Yes
1280,9,4
1281,1,Yes
1281,2,Yes
1281,3,Yes
1281,4,Yes
1281,5,No
1281,6,No
1281,7,Yes
1281,8,Yes
1281,9,2
1282,1,Yes
1282,2,Yes
1282,3,Yes
1282,4,Yes
1282,5,Yes
1282,6,Yes
1282,7,Yes
1282,8,Yes
1282,9,5
1283,1,Yes
1283,2,Yes
1283,3,No
1283,4,Yes
1283,5,No
1283,6,Yes
1283,7,No
1283,8,Yes
1283,9,3
1284,10,Yes
1284,11,Yes
1284,12,Yes
1284,13,Yes
1284,14,Yes
1284,15,No
1284,16,Yes
1284,17,Yes
1284,18,3
1284,19,All checks completed as normal.
1285,10,Yes
1285,11,Yes
1285,12,Yes
1285,13,No
1285,14,Yes
1285,15,Yes
1285,16,Yes
1285,17,Yes
1285,18,4
1285,19,"All good, nothing to report."
1286,1,Yes
1286,2,Yes
1286,3,Yes
1286,4,Yes
1286,5,Yes
1286,6,Yes
1286,7,Yes
1286,8,No
1286,9,4
1287,10,Yes
1287,11,Yes
1287,12,Yes
1287,13,Yes
1287,14,Yes
1287,15,Yes
1287,16,Yes
1287,17,Yes
1287,18,4
1287,19,"Low stock on napkins, requested restock."
1288,1,Yes
1288,2,No
1288,3,Yes
1288,4,Yes
1288,5,Yes
1288,6,Yes
1288,7,Yes
1288,8,No
1288,9,4
1289,10,Yes
1289,11,Yes
1289,12,Yes
1289,13,Yes
1289,14,Yes
1289,15,Yes
1289,16,Yes
1289,17,Yes
1289,18,4
1289,19,"Quiet evening, no issues."
1290,1,Yes
1290,2,Yes
1290,3,Yes
1290,4,No
1290,5,Yes
1290,6,Yes
1290,7,Yes
1290,8,Yes
1290,9,4
1291,10,Yes
1291,11,Yes
1291,12,Yes
1291,13,Yes
1291,14,Yes
1291,15,Yes
1291,16,Yes
1291,17,Yes
1291,18,3
1291,19,"All good, nothing to report."
1292,1,Yes
1292,2,Yes
1292,3,No
1292,4,Yes
1292,5,Yes
1292,6,Yes
1292,7,Yes
1292,8,Yes
1292,9,3
1293,10,Yes
1293,11,Yes
1293,12,Yes
1293,13,Yes
1293,14,Yes
1293,15,Yes
1293,16,Yes
1293,17,No
1293,18,4
1293,19,"Delivery arrived late, adjusted prep schedule."
1294,1,Yes
1294,2,Yes
1294,3,Yes
1294,4,Yes
1294,5,No
1294,6,Yes
1294,7,No
1294,8,Yes
1294,9,4
1295,10,Yes
1295,11,Yes
1295,12,Yes
1295,13,Yes
1295,14,Yes
1295,15,No
1295,16,Yes
1295,17,Yes
1295,18,4
1295,19,"All good, nothing to report."
1296,1,Yes
1296,2,Yes
1296,3,No
1296,4,No
1296,5,Yes
1296,6,Yes
1296,7,Yes
1296,8,Yes
1296,9,4
1297,1,Yes
1297,2,Yes
1297,3,Yes
1297,4,Yes
1297,5,Yes
1297,6,Yes
1297,7,Yes
1297,8,Yes
1297,9,4
1298,10,Yes
1298,11,Yes
1298,12,Yes
1298,13,Yes
1298,14,Yes
1298,15,Yes
1298,16,Yes
1298,17,No
1298,18,3
1298,19,Everything in order for tomorrow's opening.
1299,1,Yes
1299,2,No
1299,3,Yes
1299,4,Yes
1299,5,Yes
1299,6,Yes
1299,7,Yes
1299,8,Yes
1299,9,4
1300,10,Yes
1300,11,Yes
1300,12,Yes
1300,13,Yes
1300,14,Yes
1300,15,Yes
1300,16,Yes
1300,17,Yes
1300,18,4
1300,19,"Low stock on napkins, requested restock."
1301,1,No
1301,2,Yes
1301,3,Yes
1301,4,Yes
1301,5,Yes
1301,6,Yes
1301,7,Yes
1301,8,Yes
1301,9,4
1302,1,No
1302,2,Yes
1302,3,Yes
1302,4,Yes
1302,5,Yes
1302,6,Yes
1302,7,Yes
1302,8,Yes
1302,9,4
1303,10,Yes
1303,11,No
1303,12,Yes
1303,13,No
1303,14,Yes
1303,15,Yes
1303,16,Yes
1303,17,Yes
1303,18,2
1303,19,"Minor spill in dining area, cleaned promptly."
1304,10,Yes
1304,11,Yes
1304,12,Yes
1304,13,Yes
1304,14,Yes
1304,15,Yes
1304,16,Yes
1304,17,Yes
1304,18,4
1304,19,"Busy night, all tasks completed on time."
1305,1,Yes
1305,2,Yes
1305,3,Yes
1305,4,Yes
1305,5,No
1305,6,Yes
1305,7,Yes
1305,8,Yes
1305,9,3
1306,1,Yes
1306,2,Yes
1306,3,Yes
1306,4,Yes
1306,5,Yes
1306,6,Yes
1306,7,Yes
1306,8,No
1306,9,5
1307,10,No
1307,11,Yes
1307,12,Yes
1307,13,Yes
1307,14,No
1307,15,Yes
1307,16,Yes
1307,17,Yes
1307,18,4
1307,19,"Low stock on napkins, requested restock."
1308,1,Yes
1308,2,Yes
1308,3,Yes
1308,4,Yes
1308,5,No
1308,6,Yes
1308,7,Yes
1308,8,Yes
1308,9,3
1309,1,Yes
1309,2,Yes
1309,3,Yes
1309,4,Yes
1309,5,Yes
1309,6,Yes
1309,7,Yes
1309,8,Yes
1309,9,4
1310,10,Yes
1310,11,Yes
1310,12,Yes
1310,13,Yes
1310,14,No
1310,15,Yes
1310,16,No
1310,17,No
1310,18,4
1310,19,"Busy night, all tasks completed on time."
1311,1,Yes
1311,2,Yes
1311,3,Yes
1311,4,Yes
1311,5,Yes
1311,6,Yes
1311,7,Yes
1311,8,Yes
1311,9,4
1312,10,Yes
1312,11,Yes
1312,12,Yes
1312,13,Yes
1312,14,Yes
1312,15,Yes
1312,16,Yes
1312,17,Yes
1312,18,4
1312,19,"All good, nothing to report."
1313,1,Yes
1313,2,Yes
1313,3,Yes
1313,4,Yes
1313,5,Yes
1313,6,Yes
1313,7,No
1313,8,Yes
1313,9,4
1314,10,Yes
1314,11,Yes
1314,12,Yes
1314,13,Yes
1314,14,Yes
1314,15,No
1314,16,No
1314,17,No
1314,18,4
1314,19,Slight delay in closing due to late customers.
1315,1,Yes
1315,2,Yes
1315,3,Yes
1315,4,Yes
1315,5,Yes
1315,6,Yes
1315,7,Yes
1315,8,Yes
1315,9,4
1316,10,Yes
1316,11,Yes
1316,12,No
1316,13,Yes
1316,14,Yes
1316,15,No
1316,16,Yes
1316,17,Yes
1316,18,3
1316,19,All checks completed as normal.
1317,1,Yes
1317,2,Yes
1317,3,Yes
1317,4,Yes
1317,5,Yes
1317,6,Yes
1317,7,Yes
1317,8,Yes
1317,9,4
1318,10,Yes
1318,11,Yes
1318,12,Yes
1318,13,Yes
1318,14,Yes
1318,15,Yes
1318,16,Yes
1318,17,Yes
1318,18,4
1318,19,"All good, nothing to report."
1319,1,Yes
1319,2,Yes
1319,3,Yes
1319,4,Yes
1319,5,No
1319,6,Yes
1319,7,Yes
1319,8,No
1319,9,4
1320,10,Yes
1320,11,Yes
1320,12,No
1320,13,Yes
1320,14,Yes
1320,15,Yes
1320,16,Yes
1320,17,Yes
1320,18,4
1320,19,All checks completed as normal.
1321,1,Yes
1321,2,Yes
1321,3,Yes
1321,4,Yes
1321,5,Yes
1321,6,Yes
1321,7,Yes
1321,8,Yes
1321,9,5
1322,10,Yes
1322,11,Yes
1322,12,Yes
1322,13,No
1322,14,Yes
1322,15,Yes
1322,16,Yes
1322,17,Yes
1322,18,3
1322,19,"Quiet evening, no issues."
1323,1,Yes
1323,2,Yes
1323,3,No
1323,4,Yes
1323,5,No
1323,6,Yes
1323,7,Yes
1323,8,Yes
1323,9,5
1324,10,Yes
1324,11,No
1324,12,Yes
1324,13,Yes
1324,14,No
1324,15,Yes
1324,16,Yes
1324,17,Yes
1324,18,3
1324,19,"Minor spill in dining area, cleaned promptly."
1325,1,Yes
1325,2,Yes
1325,3,No
1325,4,Yes
1325,5,Yes
1325,6,Yes
1325,7,Yes
1325,8,Yes
1325,9,5
1326,10,Yes
1326,11,Yes
1326,12,Yes
1326,13,Yes
1326,14,Yes
1326,15,Yes
1326,16,Yes
1326,17,Yes
1326,18,2
1326,19,"Busy night, all tasks completed on time."
1327,1,Yes
1327,2,Yes
1327,3,Yes
1327,4,Yes
1327,5,No
1327,6,No
1327,7,No
1327,8,Yes
1327,9,4
1328,10,Yes
1328,11,Yes
1328,12,Yes
1328,13,Yes
1328,14,Yes
1328,15,No
1328,16,Yes
1328,17,Yes
1328,18,3
1328,19,"Busy night, all tasks completed on time."
1329,1,Yes
1329,2,No
1329,3,Yes
1329,4,No
1329,5,Yes
1329,6,Yes
1329,7,Yes
1329,8,Yes
1329,9,3
1330,1,Yes
1330,2,Yes
1330,3,No
1330,4,Yes
1330,5,Yes
1330,6,No
1330,7,No
1330,8,No
1330,9,2
1331,10,Yes
1331,11,Yes
1331,12,Yes
1331,13,Yes
1331,14,Yes
1331,15,Yes
1331,16,Yes
1331,17,Yes
1331,18,5
1331,19,Slight delay in closing due to late customers.
1332,10,No
1332,11,Yes
1332,12,Yes
1332,13,Yes
1332,14,Yes
1332,15,No
1332,16,No
1332,17,Yes
1332,18,4
1332,19,"Delivery arrived late, adjusted prep schedule."
1333,1,Yes
1333,2,Yes
1333,3,Yes
1333,4,Yes
1333,5,Yes
1333,6,Yes
1333,7,Yes
1333,8,Yes
1333,9,3
1334,10,Yes
1334,11,Yes
1334,12,Yes
1334,13,Yes
1334,14,Yes
1334,15,Yes
1334,16,Yes
1334,17,No
1334,18,5
1334,19,"Delivery arrived late, adjusted prep schedule."
1335,1,Yes
1335,2,Yes
1335,3,Yes
1335,4,No
1335,5,Yes
1335,6,Yes
1335,7,Yes
1335,8,Yes
1335,9,4
1336,1,No
1336,2,Yes
1336,3,Yes
1336,4,Yes
1336,5,Yes
1336,6,Yes
1336,7,Yes
1336,8,Yes
1336,9,4
1337,10,Yes
1337,11,Yes
1337,12,Yes
1337,13,Yes
1337,14,Yes
1337,15,Yes
1337,16,Yes
1337,17,Yes
1337,18,4
1337,19,"Busy night, all tasks completed on time."
1338,1,Yes
1338,2,Yes
1338,3,Yes
1338,4,Yes
1338,5,Yes
1338,6,Yes
1338,7,Yes
1338,8,No
1338,9,3
1339,10,Yes
1339,11,Yes
1339,12,Yes
1339,13,No
1339,14,Yes
1339,15,No
1339,16,Yes
1339,17,Yes
1339,18,5
1339,19,Slight delay in closing due to late customers.
1340,1,Yes
1340,2,No
1340,3,Yes
1340,4,Yes
1340,5,Yes
1340,6,Yes
1340,7,Yes
1340,8,No
1340,9,4
1341,10,Yes
1341,11,Yes
1341,12,Yes
1341,13,Yes
1341,14,Yes
1341,15,Yes
1341,16,Yes
1341,17,No
1341,18,5
1341,19,All checks completed as normal.
1342,1,Yes
1342,2,Yes
1342,3,Yes
1342,4,Yes
1342,5,No
1342,6,No
1342,7,Yes
1342,8,Yes
1342,9,5
1343,1,Yes
1343,2,Yes
1343,3,Yes
1343,4,Yes
1343,5,No
1343,6,Yes
1343,7,Yes
1343,8,Yes
1343,9,3
1344,10,Yes
1344,11,Yes
1344,12,Yes
1344,13,Yes
1344,14,No
1344,15,Yes
1344,16,Yes
1344,17,Yes
1344,18,4
1344,19,New crew member trained on register today.
1345,10,Yes
1345,11,Yes
1345,12,Yes
1345,13,Yes
1345,14,No
1345,15,Yes
1345,16,Yes
1345,17,Yes
1345,18,4
1345,19,"Delivery arrived late, adjusted prep schedule."
1346,1,Yes
1346,2,Yes
1346,3,Yes
1346,4,Yes
1346,5,Yes
1346,6,Yes
1346,7,No
1346,8,Yes
1346,9,5
1347,10,Yes
1347,11,Yes
1347,12,Yes
1347,13,Yes
1347,14,Yes
1347,15,Yes
1347,16,Yes
1347,17,Yes
1347,18,4
1347,19,All checks completed as normal.
1348,1,Yes
1348,2,Yes
1348,3,No
1348,4,Yes
1348,5,No
1348,6,No
1348,7,Yes
1348,8,No
1348,9,3
1349,10,Yes
1349,11,No
1349,12,No
1349,13,Yes
1349,14,Yes
1349,15,Yes
1349,16,Yes
1349,17,Yes
1349,18,3
1349,19,Slight delay in closing due to late customers.
1350,1,Yes
1350,2,Yes
1350,3,Yes
1350,4,Yes
1350,5,No
1350,6,Yes
1350,7,Yes
1350,8,Yes
1350,9,4
1351,10,Yes
1351,11,Yes
1351,12,Yes
1351,13,No
1351,14,Yes
1351,15,No
1351,16,Yes
1351,17,Yes
1351,18,4
1351,19,Everything in order for tomorrow's opening.
1352,1,Yes
1352,2,Yes
1352,3,Yes
1352,4,Yes
1352,5,Yes
1352,6,Yes
1352,7,Yes
1352,8,Yes
1352,9,5
1353,10,Yes
1353,11,Yes
1353,12,Yes
1353,13,Yes
1353,14,Yes
1353,15,Yes
1353,16,Yes
1353,17,Yes
1353,18,3
1353,19,Slight delay in closing due to late customers.
1354,1,No
1354,2,Yes
1354,3,Yes
1354,4,Yes
1354,5,Yes
1354,6,Yes
1354,7,No
1354,8,Yes
1354,9,3
1355,10,Yes
1355,11,Yes
1355,12,Yes
1355,13,Yes
1355,14,Yes
1355,15,Yes
1355,16,No
1355,17,Yes
1355,18,4
1355,19,"Quiet evening, no issues."
1356,1,Yes
1356,2,No
1356,3,Yes
1356,4,No
1356,5,Yes
1356,6,No
1356,7,Yes
1356,8,No
1356,9,2
1357,10,Yes
1357,11,Yes
1357,12,Yes
1357,13,Yes
1357,14,Yes
1357,15,No
1357,16,Yes
1357,17,Yes
1357,18,4
1357,19,Slight delay in closing due to late customers.
1358,1,Yes
1358,2,Yes
1358,3,Yes
1358,4,No
1358,5,Yes
1358,6,No
1358,7,Yes
1358,8,Yes
1358,9,5
1359,10,Yes
1359,11,Yes
1359,12,Yes
1359,13,Yes
1359,14,No
1359,15,Yes
1359,16,Yes
1359,17,Yes
1359,18,1
1359,19,"Delivery arrived late, adjusted prep schedule."
1360,10,Yes
1360,11,Yes
1360,12,Yes
1360,13,Yes
1360,14,Yes
1360,15,Yes
1360,16,Yes
1360,17,Yes
1360,18,4
1360,19,Slight delay in closing due to late customers.
1361,1,Yes
1361,2,Yes
1361,3,Yes
1361,4,No
1361,5,Yes
1361,6,Yes
1361,7,Yes
1361,8,Yes
1361,9,4
1362,10,Yes
1362,11,Yes
1362,12,Yes
1362,13,Yes
1362,14,Yes
1362,15,Yes
1362,16,Yes
1362,17,Yes
1362,18,4
1362,19,Slight delay in closing due to late customers.
1363,1,Yes
1363,2,Yes
1363,3,Yes
1363,4,Yes
1363,5,Yes
1363,6,Yes
1363,7,Yes
1363,8,Yes
1363,9,5
1364,10,Yes
1364,11,No
1364,12,Yes
1364,13,Yes
1364,14,Yes
1364,15,Yes
1364,16,Yes
1364,17,Yes
1364,18,4
1364,19,"Minor spill in dining area, cleaned promptly."
1365,10,No
1365,11,Yes
1365,12,Yes
1365,13,Yes
1365,14,Yes
1365,15,Yes
1365,16,Yes
1365,17,Yes
1365,18,3
1365,19,"All good, nothing to report."
1366,1,No
1366,2,Yes
1366,3,Yes
1366,4,Yes
1366,5,Yes
1366,6,Yes
1366,7,Yes
1366,8,Yes
1366,9,3
1367,10,Yes
1367,11,Yes
1367,12,Yes
1367,13,Yes
1367,14,Yes
1367,15,Yes
1367,16,Yes
1367,17,Yes
1367,18,3
1367,19,"Quiet evening, no issues."
1368,1,Yes
1368,2,Yes
1368,3,Yes
1368,4,Yes
1368,5,Yes
1368,6,Yes
1368,7,Yes
1368,8,Yes
1368,9,3
1369,1,Yes
1369,2,Yes
1369,3,Yes
1369,4,Yes
1369,5,Yes
1369,6,Yes
1369,7,Yes
1369,8,Yes
1369,9,2
1370,1,Yes
1370,2,Yes
1370,3,Yes
1370,4,Yes
1370,5,No
1370,6,Yes
1370,7,Yes
1370,8,No
1370,9,2
1371,10,Yes
1371,11,Yes
1371,12,Yes
1371,13,Yes
1371,14,Yes
1371,15,Yes
1371,16,Yes
1371,17,Yes
1371,18,4
1371,19,"Delivery arrived late, adjusted prep schedule."
1372,10,Yes
1372,11,Yes
1372,12,Yes
1372,13,Yes
1372,14,Yes
1372,15,Yes
1372,16,Yes
1372,17,Yes
1372,18,4
1372,19,Slight delay in closing due to late customers.
1373,1,Yes
1373,2,Yes
1373,3,Yes
1373,4,Yes
1373,5,Yes
1373,6,Yes
1373,7,Yes
1373,8,Yes
1373,9,2
1374,10,No
1374,11,Yes
1374,12,Yes
1374,13,Yes
1374,14,Yes
1374,15,Yes
1374,16,No
1374,17,Yes
1374,18,3
1374,19,"Minor spill in dining area, cleaned promptly."
1375,1,No
1375,2,Yes
1375,3,Yes
1375,4,Yes
1375,5,Yes
1375,6,Yes
1375,7,No
1375,8,Yes
1375,9,3
1376,10,No
1376,11,Yes
1376,12,Yes
1376,13,Yes
1376,14,Yes
1376,15,Yes
1376,16,Yes
1376,17,Yes
1376,18,3
1376,19,"Quiet evening, no issues."
1377,1,Yes
1377,2,No
1377,3,Yes
1377,4,Yes
1377,5,Yes
1377,6,Yes
1377,7,No
1377,8,Yes
1377,9,4
1378,10,Yes
1378,11,Yes
1378,12,Yes
1378,13,No
1378,14,Yes
1378,15,No
1378,16,Yes
1378,17,Yes
1378,18,3
1378,19,Everything in order for tomorrow's opening.
1379,1,No
1379,2,Yes
1379,3,Yes
1379,4,Yes
1379,5,Yes
1379,6,Yes
1379,7,No
1379,8,Yes
1379,9,4
1380,1,Yes
1380,2,Yes
1380,3,Yes
1380,4,Yes
1380,5,No
1380,6,No
1380,7,Yes
1380,8,Yes
1380,9,3
1381,10,No
1381,11,Yes
1381,12,Yes
1381,13,Yes
1381,14,Yes
1381,15,Yes
1381,16,Yes
1381,17,Yes
1381,18,3
1381,19,"Low stock on napkins, requested restock."
1382,1,Yes
1382,2,No
1382,3,Yes
1382,4,Yes
1382,5,No
1382,6,Yes
1382,7,Yes
1382,8,Yes
1382,9,3
1383,1,Yes
1383,2,Yes
1383,3,No
1383,4,Yes
1383,5,Yes
1383,6,No
1383,7,Yes
1383,8,Yes
1383,9,3
1384,1,No
1384,2,Yes
1384,3,Yes
1384,4,Yes
1384,5,Yes
1384,6,Yes
1384,7,Yes
1384,8,No
1384,9,2
1385,10,Yes
1385,11,Yes
1385,12,Yes
1385,13,Yes
1385,14,Yes
1385,15,Yes
1385,16,Yes
1385,17,Yes
1385,18,4
1385,19,"All good, nothing to report."
1386,1,Yes
1386,2,Yes
1386,3,Yes
1386,4,Yes
1386,5,Yes
1386,6,Yes
1386,7,Yes
1386,8,No
1386,9,5
1387,10,Yes
1387,11,Yes
1387,12,Yes
1387,13,Yes
1387,14,Yes
1387,15,No
1387,16,No
1387,17,Yes
1387,18,4
1387,19,Everything in order for tomorrow's opening.
1388,1,Yes
1388,2,Yes
1388,3,Yes
1388,4,Yes
1388,5,No
1388,6,Yes
1388,7,Yes
1388,8,Yes
1388,9,3
1389,10,No
1389,11,Yes
1389,12,Yes
1389,13,No
1389,14,Yes
1389,15,Yes
1389,16,Yes
1389,17,No
1389,18,5
1389,19,"Busy night, all tasks completed on time."
1390,1,Yes
1390,2,Yes
1390,3,Yes
1390,4,Yes
1390,5,Yes
1390,6,Yes
1390,7,Yes
1390,8,Yes
1390,9,3
1391,1,Yes
1391,2,Yes
1391,3,Yes
1391,4,Yes
1391,5,Yes
1391,6,Yes
1391,7,Yes
1391,8,Yes
1391,9,3
1392,10,Yes
1392,11,Yes
1392,12,Yes
1392,13,Yes
1392,14,Yes
1392,15,Yes
1392,16,Yes
1392,17,Yes
1392,18,3
1392,19,Slight delay in closing due to late customers.
1393,1,Yes
1393,2,Yes
1393,3,Yes
1393,4,No
1393,5,Yes
1393,6,Yes
1393,7,No
1393,8,Yes
1393,9,3
1394,10,No
1394,11,Yes
1394,12,Yes
1394,13,Yes
1394,14,Yes
1394,15,Yes
1394,16,No
1394,17,Yes
1394,18,3
1394,19,"Delivery arrived late, adjusted prep schedule."
1395,1,No
1395,2,Yes
1395,3,Yes
1395,4,Yes
1395,5,Yes
1395,6,Yes
1395,7,Yes
1395,8,Yes
1395,9,3
1396,10,No
1396,11,Yes
1396,12,No
1396,13,No
1396,14,Yes
1396,15,No
1396,16,No
1396,17,Yes
1396,18,4
1396,19,Slight delay in closing due to late customers.
1397,1,No
1397,2,No
1397,3,Yes
1397,4,Yes
1397,5,Yes
1397,6,Yes
1397,7,Yes
1397,8,No
1397,9,3
1398,10,Yes
1398,11,Yes
1398,12,Yes
1398,13,No
1398,14,Yes
1398,15,Yes
1398,16,Yes
1398,17,Yes
1398,18,3
1398,19,New crew member trained on register today.
1399,10,Yes
1399,11,Yes
1399,12,Yes
1399,13,Yes
1399,14,No
1399,15,Yes
1399,16,No
1399,17,Yes
1399,18,2
1399,19,"All good, nothing to report."
1400,1,Yes
1400,2,Yes
1400,3,Yes
1400,4,Yes
1400,5,Yes
1400,6,Yes
1400,7,Yes
1400,8,No
1400,9,4
1401,10,No
1401,11,Yes
1401,12,No
1401,13,Yes
1401,14,Yes
1401,15,Yes
1401,16,Yes
1401,17,No
1401,18,3
1401,19,"Minor spill in dining area, cleaned promptly."
1402,1,Yes
1402,2,Yes
1402,3,Yes
1402,4,Yes
1402,5,Yes
1402,6,Yes
1402,7,Yes
1402,8,Yes
1402,9,4
1403,10,Yes
1403,11,Yes
1403,12,Yes
1403,13,Yes
1403,14,Yes
1403,15,Yes
1403,16,Yes
1403,17,Yes
1403,18,3
1403,19,Slight delay in closing due to late customers.
1404,1,Yes
1404,2,Yes
1404,3,Yes
1404,4,Yes
1404,5,Yes
1404,6,Yes
1404,7,Yes
1404,8,Yes
1404,9,3
1405,10,Yes
1405,11,Yes
1405,12,Yes
1405,13,Yes
1405,14,Yes
1405,15,Yes
1405,16,Yes
1405,17,Yes
1405,18,3
1405,19,"Delivery arrived late, adjusted prep schedule."
1406,10,No
1406,11,No
1406,12,Yes
1406,13,Yes
1406,14,Yes
1406,15,Yes
1406,16,Yes
1406,17,No
1406,18,2
1406,19,"Low stock on napkins, requested restock."
1407,1,Yes
1407,2,Yes
1407,3,Yes
1407,4,Yes
1407,5,No
1407,6,No
1407,7,No
1407,8,Yes
1407,9,4
1408,1,Yes
1408,2,Yes
1408,3,Yes
1408,4,Yes
1408,5,Yes
1408,6,No
1408,7,Yes
1408,8,No
1408,9,3
1409,1,Yes
1409,2,Yes
1409,3,Yes
1409,4,Yes
1409,5,Yes
1409,6,No
1409,7,Yes
1409,8,Yes
1409,9,3
1410,10,Yes
1410,11,Yes
1410,12,Yes
1410,13,No
1410,14,No
1410,15,Yes
1410,16,Yes
1410,17,Yes
1410,18,4
1410,19,New crew member trained on register today.
1411,1,Yes
1411,2,Yes
1411,3,Yes
1411,4,Yes
1411,5,Yes
1411,6,No
1411,7,Yes
1411,8,Yes
1411,9,3
1412,10,No
1412,11,Yes
1412,12,No
1412,13,No
1412,14,No
1412,15,Yes
1412,16,No
1412,17,Yes
1412,18,4
1412,19,"Low stock on napkins, requested restock."
1413,1,Yes
1413,2,No
1413,3,Yes
1413,4,Yes
1413,5,No
1413,6,Yes
1413,7,No
1413,8,Yes
1413,9,3
1414,10,No
1414,11,Yes
1414,12,Yes
1414,13,Yes
1414,14,Yes
1414,15,No
1414,16,Yes
1414,17,No
1414,18,3
1414,19,"All good, nothing to report."
1415,10,Yes
1415,11,Yes
1415,12,Yes
1415,13,Yes
1415,14,Yes
1415,15,Yes
1415,16,Yes
1415,17,Yes
1415,18,4
1415,19,Slight delay in closing due to late customers.
1416,1,No
1416,2,Yes
1416,3,No
1416,4,Yes
1416,5,Yes
1416,6,Yes
1416,7,Yes
1416,8,No
1416,9,2
1417,10,Yes
1417,11,No
1417,12,Yes
1417,13,Yes
1417,14,Yes
1417,15,No
1417,16,Yes
1417,17,Yes
1417,18,4
1417,19,All checks completed as normal.
1418,1,Yes
1418,2,Yes
1418,3,No
1418,4,Yes
1418,5,Yes
1418,6,Yes
1418,7,Yes
1418,8,Yes
1418,9,4
1419,10,Yes
1419,11,Yes
1419,12,Yes
1419,13,Yes
1419,14,Yes
1419,15,No
1419,16,Yes
1419,17,No
1419,18,4
1419,19,"Busy night, all tasks completed on time."
1420,10,Yes
1420,11,Yes
1420,12,Yes
1420,13,Yes
1420,14,Yes
1420,15,No
1420,16,Yes
1420,17,Yes
1420,18,3
1420,19,Everything in order for tomorrow's opening.
1421,10,Yes
1421,11,Yes
1421,12,Yes
1421,13,Yes
1421,14,Yes
1421,15,Yes
1421,16,Yes
1421,17,Yes
1421,18,3
1421,19,"Delivery arrived late, adjusted prep schedule."
1422,1,No
1422,2,No
1422,3,Yes
1422,4,Yes
1422,5,Yes
1422,6,No
1422,7,No
1422,8,Yes
1422,9,1
1423,10,Yes
1423,11,Yes
1423,12,Yes
1423,13,Yes
1423,14,Yes
1423,15,No
1423,16,No
1423,17,No
1423,18,3
1423,19,"Quiet evening, no issues."
1424,1,Yes
1424,2,Yes
1424,3,Yes
1424,4,Yes
1424,5,Yes
1424,6,Yes
1424,7,No
1424,8,No
1424,9,5
1425,10,No
1425,11,Yes
1425,12,Yes
1425,13,Yes
1425,14,Yes
1425,15,Yes
1425,16,Yes
1425,17,Yes
1425,18,2
1425,19,"Low stock on napkins, requested restock."
1426,1,Yes
1426,2,Yes
1426,3,Yes
1426,4,No
1426,5,No
1426,6,Yes
1426,7,Yes
1426,8,Yes
1426,9,3
1427,10,Yes
1427,11,Yes
1427,12,Yes
1427,13,No
1427,14,Yes
1427,15,Yes
1427,16,Yes
1427,17,Yes
1427,18,3
1427,19,"Low stock on napkins, requested restock."
1428,1,Yes
1428,2,Yes
1428,3,Yes
1428,4,No
1428,5,Yes
1428,6,Yes
1428,7,Yes
1428,8,Yes
1428,9,3
1429,10,Yes
1429,11,Yes
1429,12,Yes
1429,13,Yes
1429,14,No
1429,15,Yes
1429,16,Yes
1429,17,Yes
1429,18,3
1429,19,"Busy night, all tasks completed on time."
1430,1,Yes
1430,2,Yes
1430,3,Yes
1430,4,Yes
1430,5,Yes
1430,6,Yes
1430,7,Yes
1430,8,Yes
1430,9,4
1431,10,Yes
1431,11,Yes
1431,12,Yes
1431,13,Yes
1431,14,Yes
1431,15,Yes
1431,16,Yes
1431,17,Yes
1431,18,3
1431,19,"Quiet evening, no issues."
1432,1,Yes
1432,2,Yes
1432,3,Yes
1432,4,Yes
1432,5,Yes
1432,6,Yes
1432,7,Yes
1432,8,Yes
1432,9,3
1433,10,Yes
1433,11,Yes
1433,12,Yes
1433,13,Yes
1433,14,Yes
1433,15,Yes
1433,16,Yes
1433,17,Yes
1433,18,4
1433,19,"Low stock on napkins, requested restock."
1434,1,Yes
1434,2,Yes
1434,3,Yes
1434,4,Yes
1434,5,Yes
1434,6,Yes
1434,7,Yes
1434,8,No
1434,9,4
1435,10,Yes
1435,11,No
1435,12,Yes
1435,13,Yes
1435,14,Yes
1435,15,No
1435,16,Yes
1435,17,Yes
1435,18,4
1435,19,Everything in order for tomorrow's opening.
1436,1,Yes
1436,2,Yes
1436,3,Yes
1436,4,Yes
1436,5,Yes
1436,6,No
1436,7,Yes
1436,8,No
1436,9,3
1437,10,Yes
1437,11,No
1437,12,Yes
1437,13,Yes
1437,14,No
1437,15,Yes
1437,16,Yes
1437,17,Yes
1437,18,4
1437,19,"Quiet evening, no issues."
1438,1,Yes
1438,2,Yes
1438,3,No
1438,4,Yes
1438,5,Yes
1438,6,Yes
1438,7,No
1438,8,Yes
1438,9,3
1439,1,Yes
1439,2,Yes
1439,3,Yes
1439,4,No
1439,5,Yes
1439,6,Yes
1439,7,Yes
1439,8,Yes
1439,9,4
1440,1,Yes
1440,2,Yes
1440,3,No
1440,4,No
1440,5,No
1440,6,Yes
1440,7,No
1440,8,Yes
1440,9,4
1441,10,No
1441,11,Yes
1441,12,Yes
1441,13,Yes
1441,14,Yes
1441,15,Yes
1441,16,No
1441,17,Yes
1441,18,4
1441,19,"Busy night, all tasks completed on time."
1442,10,Yes
1442,11,Yes
1442,12,No
1442,13,Yes
1442,14,Yes
1442,15,Yes
1442,16,Yes
1442,17,Yes
1442,18,4
1442,19,New crew member trained on register today.
1443,1,Yes
1443,2,No
1443,3,Yes
1443,4,Yes
1443,5,Yes
1443,6,Yes
1443,7,Yes
1443,8,Yes
1443,9,3
1444,10,Yes
1444,11,No
1444,12,Yes
1444,13,Yes
1444,14,Yes
1444,15,Yes
1444,16,Yes
1444,17,Yes
1444,18,4
1444,19,Everything in order for tomorrow's opening.
1445,1,Yes
1445,2,Yes
1445,3,Yes
1445,4,Yes
1445,5,Yes
1445,6,Yes
1445,7,Yes
1445,8,No
1445,9,3
1446,10,No
1446,11,Yes
1446,12,Yes
1446,13,Yes
1446,14,Yes
1446,15,Yes
1446,16,Yes
1446,17,No
1446,18,1
1446,19,"All good, nothing to report."
1447,10,Yes
1447,11,Yes
1447,12,Yes
1447,13,Yes
1447,14,Yes
1447,15,No
1447,16,Yes
1447,17,No
1447,18,3
1447,19,"Minor spill in dining area, cleaned promptly."
1448,1,Yes
1448,2,Yes
1448,3,Yes
1448,4,Yes
1448,5,Yes
1448,6,Yes
1448,7,Yes
1448,8,Yes
1448,9,3
1449,10,Yes
1449,11,Yes
1449,12,Yes
1449,13,Yes
1449,14,Yes
1449,15,No
1449,16,Yes
1449,17,Yes
1449,18,4
1449,19,All checks completed as normal.
1450,1,Yes
1450,2,Yes
1450,3,Yes
1450,4,Yes
1450,5,Yes
1450,6,Yes
1450,7,Yes
1450,8,No
1450,9,3
1451,1,No
1451,2,Yes
1451,3,No
1451,4,Yes
1451,5,Yes
1451,6,Yes
1451,7,Yes
1451,8,Yes
1451,9,4
1452,10,No
1452,11,Yes
1452,12,Yes
1452,13,Yes
1452,14,Yes
1452,15,Yes
1452,16,Yes
1452,17,Yes
1452,18,2
1452,19,"Quiet evening, no issues."
1453,1,No
1453,2,No
1453,3,Yes
1453,4,Yes
1453,5,Yes
1453,6,Yes
1453,7,Yes
1453,8,Yes
1453,9,4
1454,10,Yes
1454,11,Yes
1454,12,Yes
1454,13,Yes
1454,14,Yes
1454,15,Yes
1454,16,Yes
1454,17,No
1454,18,4
1454,19,"Busy night, all tasks completed on time."
1455,1,Yes
1455,2,Yes
1455,3,Yes
1455,4,No
1455,5,Yes
1455,6,Yes
1455,7,Yes
1455,8,Yes
1455,9,4
1456,1,Yes
1456,2,No
1456,3,Yes
1456,4,Yes
1456,5,No
1456,6,Yes
1456,7,Yes
1456,8,No
1456,9,3
1457,10,Yes
1457,11,Yes
1457,12,Yes
1457,13,Yes
1457,14,No
1457,15,Yes
1457,16,Yes
1457,17,Yes
1457,18,2
1457,19,Slight delay in closing due to late customers.
1458,1,Yes
1458,2,Yes
1458,3,Yes
1458,4,No
1458,5,No
1458,6,Yes
1458,7,Yes
1458,8,Yes
1458,9,4
1459,1,Yes
1459,2,Yes
1459,3,Yes
1459,4,Yes
1459,5,No
1459,6,Yes
1459,7,Yes
1459,8,No
1459,9,4
1460,10,Yes
1460,11,Yes
1460,12,No
1460,13,Yes
1460,14,Yes
1460,15,Yes
1460,16,Yes
1460,17,Yes
1460,18,3
1460,19,Everything in order for tomorrow's opening.
1461,10,No
1461,11,Yes
1461,12,No
1461,13,Yes
1461,14,Yes
1461,15,Yes
1461,16,No
1461,17,No
1461,18,4
1461,19,"Low stock on napkins, requested restock."
1462,10,No
1462,11,Yes
1462,12,No
1462,13,Yes
1462,14,Yes
1462,15,Yes
1462,16,Yes
1462,17,Yes
1462,18,5
1462,19,"Minor spill in dining area, cleaned promptly."
1463,1,Yes
1463,2,Yes
1463,3,Yes
1463,4,Yes
1463,5,Yes
1463,6,Yes
1463,7,Yes
1463,8,Yes
1463,9,3
1464,10,Yes
1464,11,Yes
1464,12,Yes
1464,13,Yes
1464,14,Yes
1464,15,Yes
1464,16,Yes
1464,17,Yes
1464,18,4
1464,19,Slight delay in closing due to late customers.
1465,1,Yes
1465,2,Yes
1465,3,Yes
1465,4,Yes
1465,5,No
1465,6,Yes
1465,7,Yes
1465,8,Yes
1465,9,3
1466,10,Yes
1466,11,No
1466,12,Yes
1466,13,Yes
1466,14,Yes
1466,15,Yes
1466,16,Yes
1466,17,Yes
1466,18,5
1466,19,All checks completed as normal.
1467,1,Yes
1467,2,Yes
1467,3,Yes
1467,4,Yes
1467,5,No
1467,6,No
1467,7,Yes
1467,8,Yes
1467,9,4
1468,10,Yes
1468,11,Yes
1468,12,Yes
1468,13,Yes
1468,14,Yes
1468,15,No
1468,16,Yes
1468,17,Yes
1468,18,3
1468,19,"Quiet evening, no issues."
1469,1,Yes
1469,2,Yes
1469,3,No
1469,4,Yes
1469,5,No
1469,6,Yes
1469,7,Yes
1469,8,No
1469,9,3
1470,10,Yes
1470,11,Yes
1470,12,Yes
1470,13,No
1470,14,No
1470,15,Yes
1470,16,Yes
1470,17,Yes
1470,18,4
1470,19,"Minor spill in dining area, cleaned promptly."
1471,10,No
1471,11,Yes
1471,12,No
1471,13,Yes
1471,14,Yes
1471,15,No
1471,16,Yes
1471,17,Yes
1471,18,4
1471,19,"All good, nothing to report."
1472,1,Yes
1472,2,Yes
1472,3,No
1472,4,Yes
1472,5,No
1472,6,Yes
1472,7,Yes
1472,8,Yes
1472,9,4
1473,10,Yes
1473,11,Yes
1473,12,No
1473,13,Yes
1473,14,No
1473,15,Yes
1473,16,No
1473,17,Yes
1473,18,4
1473,19,"Quiet evening, no issues."
1474,1,No
1474,2,Yes
1474,3,No
1474,4,Yes
1474,5,No
1474,6,Yes
1474,7,Yes
1474,8,Yes
1474,9,3
1475,10,Yes
1475,11,Yes
1475,12,Yes
1475,13,Yes
1475,14,Yes
1475,15,Yes
1475,16,Yes
1475,17,Yes
1475,18,3
1475,19,"Delivery arrived late, adjusted prep schedule."
1476,1,Yes
1476,2,Yes
1476,3,Yes
1476,4,Yes
1476,5,Yes
1476,6,Yes
1476,7,No
1476,8,No
1476,9,2
1477,10,Yes
1477,11,Yes
1477,12,Yes
1477,13,Yes
1477,14,Yes
1477,15,Yes
1477,16,Yes
1477,17,Yes
1477,18,3
1477,19,New crew member trained on register today.
1478,1,No
1478,2,No
1478,3,Yes
1478,4,Yes
1478,5,Yes
1478,6,Yes
1478,7,Yes
1478,8,Yes
1478,9,3
1479,10,No
1479,11,Yes
1479,12,Yes
1479,13,Yes
1479,14,Yes
1479,15,Yes
1479,16,No
1479,17,Yes
1479,18,4
1479,19,Everything in order for tomorrow's opening.
1480,1,Yes
1480,2,Yes
1480,3,Yes
1480,4,Yes
1480,5,Yes
1480,6,Yes
1480,7,Yes
1480,8,Yes
1480,9,3
1481,10,No
1481,11,Yes
1481,12,No
1481,13,Yes
1481,14,Yes
1481,15,Yes
1481,16,No
1481,17,No
1481,18,2
1481,19,"Busy night, all tasks completed on time."
1482,1,Yes
1482,2,Yes
1482,3,No
1482,4,No
1482,5,Yes
1482,6,Yes
1482,7,Yes
1482,8,No
1482,9,3
1483,10,Yes
1483,11,Yes
1483,12,Yes
1483,13,Yes
1483,14,Yes
1483,15,Yes
1483,16,No
1483,17,Yes
1483,18,4
1483,19,"Low stock on napkins, requested restock."
1484,1,Yes
1484,2,Yes
1484,3,Yes
1484,4,Yes
1484,5,No
1484,6,Yes
1484,7,Yes
1484,8,Yes
1484,9,4
1485,10,Yes
1485,11,Yes
1485,12,Yes
1485,13,Yes
1485,14,Yes
1485,15,Yes
1485,16,Yes
1485,17,Yes
1485,18,2
1485,19,"Delivery arrived late, adjusted prep schedule."
1486,1,Yes
1486,2,Yes
1486,3,Yes
1486,4,No
1486,5,Yes
1486,6,No
1486,7,Yes
1486,8,No
1486,9,2
1487,1,Yes
1487,2,Yes
1487,3,Yes
1487,4,No
1487,5,Yes
1487,6,No
1487,7,Yes
1487,8,Yes
1487,9,4
1488,10,Yes
1488,11,Yes
1488,12,Yes
1488,13,Yes
1488,14,Yes
1488,15,No
1488,16,Yes
1488,17,Yes
1488,18,2
1488,19,"Minor spill in dining area, cleaned promptly."
1489,1,Yes
1489,2,No
1489,3,No
1489,4,No
1489,5,No
1489,6,No
1489,7,Yes
1489,8,No
1489,9,4
1490,10,Yes
1490,11,Yes
1490,12,Yes
1490,13,Yes
1490,14,No
1490,15,Yes
1490,16,Yes
1490,17,Yes
1490,18,3
1490,19,"Low stock on napkins, requested restock."
1491,1,Yes
1491,2,Yes
1491,3,Yes
1491,4,No
1491,5,No
1491,6,Yes
1491,7,Yes
1491,8,No
1491,9,3
1492,10,Yes
1492,11,No
1492,12,Yes
1492,13,Yes
1492,14,Yes
1492,15,Yes
1492,16,Yes
1492,17,No
1492,18,3
1492,19,"Low stock on napkins, requested restock."
1493,10,No
1493,11,Yes
1493,12,Yes
1493,13,Yes
1493,14,Yes
1493,15,Yes
1493,16,Yes
1493,17,Yes
1493,18,3
1493,19,Slight delay in closing due to late customers.
1494,1,Yes
1494,2,No
1494,3,Yes
1494,4,Yes
1494,5,No
1494,6,Yes
1494,7,No
1494,8,Yes
1494,9,3
1495,10,No
1495,11,Yes
1495,12,Yes
1495,13,Yes
1495,14,Yes
1495,15,No
1495,16,Yes
1495,17,Yes
1495,18,4
1495,19,"Busy night, all tasks completed on time."
1496,1,Yes
1496,2,Yes
1496,3,No
1496,4,Yes
1496,5,Yes
1496,6,No
1496,7,Yes
1496,8,Yes
1496,9,2
1497,10,Yes
1497,11,No
1497,12,Yes
1497,13,Yes
1497,14,Yes
1497,15,Yes
1497,16,Yes
1497,17,Yes
1497,18,3
1497,19,"Minor spill in dining area, cleaned promptly."
1498,1,Yes
1498,2,Yes
1498,3,No
1498,4,Yes
1498,5,Yes
1498,6,Yes
1498,7,Yes
1498,8,Yes
1498,9,5
1499,1,No
1499,2,Yes
1499,3,Yes
1499,4,Yes
1499,5,Yes
1499,6,Yes
1499,7,Yes
1499,8,Yes
1499,9,4
1500,10,Yes
1500,11,Yes
1500,12,Yes
1500,13,Yes
1500,14,Yes
1500,15,No
1500,16,Yes
1500,17,Yes
1500,18,3
1500,19,All checks completed as normal.
1501,1,Yes
1501,2,No
1501,3,No
1501,4,Yes
1501,5,No
1501,6,Yes
1501,7,Yes
1501,8,Yes
1501,9,4
1502,10,No
1502,11,Yes
1502,12,Yes
1502,13,Yes
1502,14,Yes
1502,15,Yes
1502,16,Yes
1502,17,Yes
1502,18,3
1502,19,"Low stock on napkins, requested restock."
1503,10,Yes
1503,11,Yes
1503,12,Yes
1503,13,Yes
1503,14,Yes
1503,15,Yes
1503,16,Yes
1503,17,Yes
1503,18,4
1503,19,Slight delay in closing due to late customers.
1504,1,Yes
1504,2,Yes
1504,3,Yes
1504,4,Yes
1504,5,Yes
1504,6,Yes
1504,7,Yes
1504,8,Yes
1504,9,4
1505,10,Yes
1505,11,Yes
1505,12,No
1505,13,Yes
1505,14,Yes
1505,15,Yes
1505,16,Yes
1505,17,Yes
1505,18,5
1505,19,"Low stock on napkins, requested restock."
1506,1,Yes
1506,2,Yes
1506,3,Yes
1506,4,Yes
1506,5,Yes
1506,6,Yes
1506,7,Yes
1506,8,Yes
1506,9,4
1507,10,Yes
1507,11,Yes
1507,12,Yes
1507,13,Yes
1507,14,No
1507,15,Yes
1507,16,No
1507,17,Yes
1507,18,4
1507,19,"Busy night, all tasks completed on time."
1508,1,Yes
1508,2,Yes
1508,3,Yes
1508,4,Yes
1508,5,No
1508,6,Yes
1508,7,No
1508,8,Yes
1508,9,3
1509,10,Yes
1509,11,Yes
1509,12,Yes
1509,13,Yes
1509,14,Yes
1509,15,Yes
1509,16,Yes
1509,17,Yes
1509,18,5
1509,19,"Minor spill in dining area, cleaned promptly."
1510,1,Yes
1510,2,Yes
1510,3,Yes
1510,4,Yes
1510,5,Yes
1510,6,Yes
1510,7,Yes
1510,8,Yes
1510,9,3
1511,10,Yes
1511,11,No
1511,12,Yes
1511,13,Yes
1511,14,Yes
1511,15,Yes
1511,16,No
1511,17,Yes
1511,18,3
1511,19,New crew member trained on register today.
1512,1,Yes
1512,2,Yes
1512,3,Yes
1512,4,Yes
1512,5,Yes
1512,6,Yes
1512,7,Yes
1512,8,Yes
1512,9,4
1513,10,Yes
1513,11,Yes
1513,12,Yes
1513,13,Yes
1513,14,Yes
1513,15,Yes
1513,16,Yes
1513,17,Yes
1513,18,4
1513,19,"Minor spill in dining area, cleaned promptly."
1514,1,No
1514,2,Yes
1514,3,Yes
1514,4,Yes
1514,5,Yes
1514,6,Yes
1514,7,Yes
1514,8,Yes
1514,9,4
1515,10,Yes
1515,11,Yes
1515,12,Yes
1515,13,Yes
1515,14,Yes
1515,15,Yes
1515,16,Yes
1515,17,Yes
1515,18,4
1515,19,"Quiet evening, no issues."
1516,1,Yes
1516,2,Yes
1516,3,Yes
1516,4,Yes
1516,5,No
1516,6,Yes
1516,7,Yes
1516,8,Yes
1516,9,4
1517,10,Yes
1517,11,Yes
1517,12,Yes
1517,13,Yes
1517,14,Yes
1517,15,Yes
1517,16,Yes
1517,17,Yes
1517,18,4
1517,19,"All good, nothing to report."
1518,1,Yes
1518,2,Yes
1518,3,Yes
1518,4,Yes
1518,5,Yes
1518,6,Yes
1518,7,Yes
1518,8,Yes
1518,9,4
1519,10,Yes
1519,11,Yes
1519,12,Yes
1519,13,Yes
1519,14,Yes
1519,15,Yes
1519,16,Yes
1519,17,Yes
1519,18,4
1519,19,New crew member trained on register today.
1520,1,Yes
1520,2,Yes
1520,3,Yes
1520,4,Yes
1520,5,No
1520,6,Yes
1520,7,Yes
1520,8,Yes
1520,9,4
1521,10,Yes
1521,11,Yes
1521,12,Yes
1521,13,No
1521,14,Yes
1521,15,Yes
1521,16,Yes
1521,17,Yes
1521,18,2
1521,19,"Low stock on napkins, requested restock."
1522,1,Yes
1522,2,Yes
1522,3,Yes
1522,4,Yes
1522,5,Yes
1522,6,Yes
1522,7,Yes
1522,8,Yes
1522,9,4
1523,10,No
1523,11,Yes
1523,12,Yes
1523,13,Yes
1523,14,Yes
1523,15,Yes
1523,16,Yes
1523,17,No
1523,18,3
1523,19,Everything in order for tomorrow's opening.
1524,1,Yes
1524,2,Yes
1524,3,Yes
1524,4,Yes
1524,5,Yes
1524,6,Yes
1524,7,Yes
1524,8,Yes
1524,9,5
1525,10,Yes
1525,11,Yes
1525,12,Yes
1525,13,Yes
1525,14,Yes
1525,15,No
1525,16,Yes
1525,17,Yes
1525,18,4
1525,19,"Minor spill in dining area, cleaned promptly."
1526,1,Yes
1526,2,Yes
1526,3,Yes
1526,4,No
1526,5,Yes
1526,6,Yes
1526,7,Yes
1526,8,Yes
1526,9,4
1527,10,Yes
1527,11,Yes
1527,12,Yes
1527,13,Yes
1527,14,Yes
1527,15,Yes
1527,16,Yes
1527,17,Yes
1527,18,4
1527,19,"Quiet evening, no issues."
1528,1,Yes
1528,2,Yes
1528,3,Yes
1528,4,Yes
1528,5,Yes
1528,6,Yes
1528,7,Yes
1528,8,Yes
1528,9,5
1529,10,Yes
1529,11,Yes
1529,12,Yes
1529,13,Yes
1529,14,No
1529,15,No
1529,16,Yes
1529,17,Yes
1529,18,4
1529,19,"Busy night, all tasks completed on time."
1530,1,Yes
1530,2,Yes
1530,3,Yes
1530,4,Yes
1530,5,Yes
1530,6,Yes
1530,7,Yes
1530,8,Yes
1530,9,4
1531,10,Yes
1531,11,Yes
1531,12,Yes
1531,13,Yes
1531,14,Yes
1531,15,Yes
1531,16,Yes
1531,17,Yes
1531,18,4
1531,19,New crew member trained on register today.
1532,1,Yes
1532,2,Yes
1532,3,Yes
1532,4,Yes
1532,5,Yes
1532,6,Yes
1532,7,Yes
1532,8,Yes
1532,9,3
1533,10,Yes
1533,11,No
1533,12,Yes
1533,13,Yes
1533,14,Yes
1533,15,Yes
1533,16,Yes
1533,17,Yes
1533,18,4
1533,19,"Low stock on napkins, requested restock."
1534,1,Yes
1534,2,Yes
1534,3,Yes
1534,4,No
1534,5,Yes
1534,6,Yes
1534,7,Yes
1534,8,Yes
1534,9,4
1535,10,Yes
1535,11,No
1535,12,Yes
1535,13,Yes
1535,14,Yes
1535,15,Yes
1535,16,No
1535,17,Yes
1535,18,4
1535,19,All checks completed as normal.
1536,1,Yes
1536,2,Yes
1536,3,Yes
1536,4,Yes
1536,5,Yes
1536,6,Yes
1536,7,Yes
1536,8,No
1536,9,4
1537,10,Yes
1537,11,Yes
1537,12,Yes
1537,13,No
1537,14,Yes
1537,15,Yes
1537,16,Yes
1537,17,Yes
1537,18,4
1537,19,"Delivery arrived late, adjusted prep schedule."
1538,1,Yes
1538,2,No
1538,3,Yes
1538,4,Yes
1538,5,Yes
1538,6,Yes
1538,7,Yes
1538,8,No
1538,9,3
1539,10,Yes
1539,11,No
1539,12,Yes
1539,13,Yes
1539,14,Yes
1539,15,Yes
1539,16,Yes
1539,17,Yes
1539,18,4
1539,19,Everything in order for tomorrow's opening.
1540,1,Yes
1540,2,Yes
1540,3,Yes
1540,4,Yes
1540,5,Yes
1540,6,Yes
1540,7,Yes
1540,8,Yes
1540,9,4
1541,10,Yes
1541,11,Yes
1541,12,Yes
1541,13,Yes
1541,14,Yes
1541,15,Yes
1541,16,Yes
1541,17,Yes
1541,18,4
1541,19,"Low stock on napkins, requested restock."
1542,1,Yes
1542,2,Yes
1542,3,Yes
1542,4,Yes
1542,5,Yes
1542,6,Yes
1542,7,Yes
1542,8,Yes
1542,9,4
1543,10,Yes
1543,11,Yes
1543,12,Yes
1543,13,Yes
1543,14,Yes
1543,15,Yes
1543,16,Yes
1543,17,Yes
1543,18,5
1543,19,New crew member trained on register today.
1544,1,Yes
1544,2,Yes
1544,3,Yes
1544,4,Yes
1544,5,Yes
1544,6,Yes
1544,7,Yes
1544,8,Yes
1544,9,5
1545,10,Yes
1545,11,Yes
1545,12,Yes
1545,13,Yes
1545,14,No
1545,15,Yes
1545,16,No
1545,17,Yes
1545,18,5
1545,19,"Delivery arrived late, adjusted prep schedule."
1546,1,Yes
1546,2,No
1546,3,Yes
1546,4,Yes
1546,5,Yes
1546,6,Yes
1546,7,No
1546,8,Yes
1546,9,5
1547,10,Yes
1547,11,Yes
1547,12,Yes
1547,13,Yes
1547,14,Yes
1547,15,Yes
1547,16,Yes
1547,17,Yes
1547,18,4
1547,19,"Minor spill in dining area, cleaned promptly."
1548,1,Yes
1548,2,Yes
1548,3,Yes
1548,4,No
1548,5,Yes
1548,6,Yes
1548,7,Yes
1548,8,Yes
1548,9,4
1549,10,Yes
1549,11,Yes
1549,12,No
1549,13,Yes
1549,14,Yes
1549,15,Yes
1549,16,Yes
1549,17,Yes
1549,18,3
1549,19,Slight delay in closing due to late customers.
1550,1,Yes
1550,2,Yes
1550,3,Yes
1550,4,Yes
1550,5,Yes
1550,6,Yes
1550,7,Yes
1550,8,Yes
1550,9,4
1551,10,Yes
1551,11,Yes
1551,12,Yes
1551,13,Yes
1551,14,Yes
1551,15,Yes
1551,16,Yes
1551,17,Yes
1551,18,5
1551,19,Slight delay in closing due to late customers.
1552,1,Yes
1552,2,Yes
1552,3,Yes
1552,4,Yes
1552,5,Yes
1552,6,Yes
1552,7,Yes
1552,8,Yes
1552,9,4
1553,10,Yes
1553,11,Yes
1553,12,Yes
1553,13,Yes
1553,14,Yes
1553,15,Yes
1553,16,Yes
1553,17,Yes
1553,18,3
1553,19,All checks completed as normal.
1554,1,Yes
1554,2,No
1554,3,Yes
1554,4,Yes
1554,5,Yes
1554,6,Yes
1554,7,Yes
1554,8,Yes
1554,9,5
1555,10,Yes
1555,11,Yes
1555,12,Yes
1555,13,Yes
1555,14,Yes
1555,15,Yes
1555,16,Yes
1555,17,Yes
1555,18,4
1555,19,Slight delay in closing due to late customers.
1556,1,Yes
1556,2,No
1556,3,Yes
1556,4,Yes
1556,5,Yes
1556,6,Yes
1556,7,Yes
1556,8,Yes
1556,9,5
1557,10,Yes
1557,11,Yes
1557,12,Yes
1557,13,Yes
1557,14,Yes
1557,15,Yes
1557,16,Yes
1557,17,Yes
1557,18,5
1557,19,"Busy night, all tasks completed on time."
1558,1,Yes
1558,2,Yes
1558,3,Yes
1558,4,Yes
1558,5,Yes
1558,6,Yes
1558,7,Yes
1558,8,No
1558,9,4
1559,10,No
1559,11,Yes
1559,12,Yes
1559,13,Yes
1559,14,Yes
1559,15,Yes
1559,16,Yes
1559,17,No
1559,18,4
1559,19,Everything in order for tomorrow's opening.
1560,1,Yes
1560,2,Yes
1560,3,Yes
1560,4,Yes
1560,5,Yes
1560,6,Yes
1560,7,Yes
1560,8,Yes
1560,9,3
1561,1,Yes
1561,2,Yes
1561,3,Yes
1561,4,Yes
1561,5,No
1561,6,Yes
1561,7,Yes
1561,8,No
1561,9,4
1562,10,Yes
1562,11,Yes
1562,12,Yes
1562,13,Yes
1562,14,Yes
1562,15,Yes
1562,16,Yes
1562,17,Yes
1562,18,4
1562,19,All checks completed as normal.
1563,1,Yes
1563,2,Yes
1563,3,Yes
1563,4,Yes
1563,5,No
1563,6,Yes
1563,7,Yes
1563,8,Yes
1563,9,4
1564,10,Yes
1564,11,Yes
1564,12,Yes
1564,13,Yes
1564,14,Yes
1564,15,Yes
1564,16,Yes
1564,17,Yes
1564,18,4
1564,19,New crew member trained on register today.
1565,1,Yes
1565,2,No
1565,3,No
1565,4,Yes
1565,5,Yes
1565,6,Yes
1565,7,Yes
1565,8,Yes
1565,9,3
1566,10,Yes
1566,11,Yes
1566,12,Yes
1566,13,Yes
1566,14,Yes
1566,15,Yes
1566,16,Yes
1566,17,Yes
1566,18,5
1566,19,"Quiet evening, no issues."
1567,1,Yes
1567,2,Yes
1567,3,Yes
1567,4,No
1567,5,Yes
1567,6,Yes
1567,7,Yes
1567,8,No
1567,9,4
1568,10,Yes
1568,11,Yes
1568,12,Yes
1568,13,Yes
1568,14,Yes
1568,15,Yes
1568,16,Yes
1568,17,Yes
1568,18,4
1568,19,"Busy night, all tasks completed on time."
1569,1,Yes
1569,2,Yes
1569,3,Yes
1569,4,Yes
1569,5,No
1569,6,Yes
1569,7,No
1569,8,No
1569,9,5
1570,10,Yes
1570,11,Yes
1570,12,Yes
1570,13,Yes
1570,14,Yes
1570,15,Yes
1570,16,Yes
1570,17,Yes
1570,18,4
1570,19,New crew member trained on register today.
1571,1,Yes
1571,2,Yes
1571,3,Yes
1571,4,Yes
1571,5,Yes
1571,6,Yes
1571,7,Yes
1571,8,Yes
1571,9,5
1572,10,No
1572,11,No
1572,12,Yes
1572,13,Yes
1572,14,Yes
1572,15,No
1572,16,Yes
1572,17,Yes
1572,18,5
1572,19,All checks completed as normal.
1573,1,Yes
1573,2,Yes
1573,3,Yes
1573,4,Yes
1573,5,Yes
1573,6,Yes
1573,7,Yes
1573,8,Yes
1573,9,4
1574,10,Yes
1574,11,Yes
1574,12,Yes
1574,13,Yes
1574,14,Yes
1574,15,Yes
1574,16,Yes
1574,17,Yes
1574,18,4
1574,19,New crew member trained on register today.
1575,1,Yes
1575,2,Yes
1575,3,Yes
1575,4,Yes
1575,5,Yes
1575,6,No
1575,7,Yes
1575,8,No
1575,9,5
1576,10,Yes
1576,11,Yes
1576,12,Yes
1576,13,Yes
1576,14,Yes
1576,15,Yes
1576,16,Yes
1576,17,Yes
1576,18,4
1576,19,"Busy night, all tasks completed on time."
1577,1,Yes
1577,2,Yes
1577,3,Yes
1577,4,Yes
1577,5,Yes
1577,6,Yes
1577,7,Yes
1577,8,No
1577,9,1
1578,10,Yes
1578,11,Yes
1578,12,Yes
1578,13,Yes
1578,14,Yes
1578,15,No
1578,16,Yes
1578,17,Yes
1578,18,3
1578,19,Everything in order for tomorrow's opening.
1579,1,Yes
1579,2,Yes
1579,3,Yes
1579,4,No
1579,5,Yes
1579,6,Yes
1579,7,Yes
1579,8,Yes
1579,9,4
1580,10,Yes
1580,11,Yes
1580,12,Yes
1580,13,No
1580,14,Yes
1580,15,Yes
1580,16,Yes
1580,17,Yes
1580,18,4
1580,19,All checks completed as normal.
1581,1,No
1581,2,Yes
1581,3,No
1581,4,Yes
1581,5,Yes
1581,6,Yes
1581,7,Yes
1581,8,No
1581,9,4
1582,10,Yes
1582,11,No
1582,12,Yes
1582,13,Yes
1582,14,Yes
1582,15,No
1582,16,Yes
1582,17,Yes
1582,18,3
1582,19,"Minor spill in dining area, cleaned promptly."
1583,1,Yes
1583,2,Yes
1583,3,Yes
1583,4,No
1583,5,Yes
1583,6,Yes
1583,7,Yes
1583,8,Yes
1583,9,5
1584,10,Yes
1584,11,Yes
1584,12,Yes
1584,13,Yes
1584,14,Yes
1584,15,No
1584,16,Yes
1584,17,Yes
1584,18,5
1584,19,All checks completed as normal.
1585,1,Yes
1585,2,Yes
1585,3,No
1585,4,Yes
1585,5,Yes
1585,6,Yes
1585,7,Yes
1585,8,Yes
1585,9,2
1586,10,Yes
1586,11,Yes
1586,12,Yes
1586,13,Yes
1586,14,Yes
1586,15,Yes
1586,16,No
1586,17,Yes
1586,18,3
1586,19,All checks completed as normal.
1587,1,Yes
1587,2,Yes
1587,3,Yes
1587,4,Yes
1587,5,Yes
1587,6,Yes
1587,7,Yes
1587,8,Yes
1587,9,5
1588,10,Yes
1588,11,Yes
1588,12,Yes
1588,13,Yes
1588,14,Yes
1588,15,Yes
1588,16,No
1588,17,Yes
1588,18,5
1588,19,"All good, nothing to report."
1589,1,Yes
1589,2,No
1589,3,Yes
1589,4,Yes
1589,5,Yes
1589,6,Yes
1589,7,Yes
1589,8,Yes
1589,9,5
1590,10,Yes
1590,11,No
1590,12,Yes
1590,13,No
1590,14,Yes
1590,15,Yes
1590,16,Yes
1590,17,Yes
1590,18,3
1590,19,"Delivery arrived late, adjusted prep schedule."
1591,1,Yes
1591,2,Yes
1591,3,Yes
1591,4,Yes
1591,5,Yes
1591,6,Yes
1591,7,Yes
1591,8,Yes
1591,9,4
1592,10,Yes
1592,11,Yes
1592,12,No
1592,13,Yes
1592,14,Yes
1592,15,Yes
1592,16,Yes
1592,17,No
1592,18,5
1592,19,New crew member trained on register today.
1593,1,Yes
1593,2,Yes
1593,3,Yes
1593,4,Yes
1593,5,Yes
1593,6,Yes
1593,7,No
1593,8,Yes
1593,9,3
1594,10,Yes
1594,11,Yes
1594,12,No
1594,13,Yes
1594,14,Yes
1594,15,Yes
1594,16,Yes
1594,17,Yes
1594,18,4
1594,19,"Minor spill in dining area, cleaned promptly."
1595,1,Yes
1595,2,Yes
1595,3,Yes
1595,4,Yes
1595,5,Yes
1595,6,Yes
1595,7,Yes
1595,8,Yes
1595,9,5
1596,10,Yes
1596,11,Yes
1596,12,Yes
1596,13,Yes
1596,14,Yes
1596,15,Yes
1596,16,Yes
1596,17,Yes
1596,18,4
1596,19,"Quiet evening, no issues."
1597,1,Yes
1597,2,Yes
1597,3,Yes
1597,4,Yes
1597,5,Yes
1597,6,Yes
1597,7,Yes
1597,8,Yes
1597,9,4
1598,10,Yes
1598,11,Yes
1598,12,Yes
1598,13,Yes
1598,14,No
1598,15,Yes
1598,16,Yes
1598,17,Yes
1598,18,5
1598,19,"Busy night, all tasks completed on time."
1599,1,Yes
1599,2,Yes
1599,3,Yes
1599,4,Yes
1599,5,No
1599,6,Yes
1599,7,Yes
1599,8,Yes
1599,9,5
1600,10,Yes
1600,11,Yes
1600,12,Yes
1600,13,Yes
1600,14,Yes
1600,15,Yes
1600,16,Yes
1600,17,Yes
1600,18,4
1600,19,New crew member trained on register today.
1601,1,Yes
1601,2,Yes
1601,3,Yes
1601,4,Yes
1601,5,Yes
1601,6,Yes
1601,7,Yes
1601,8,Yes
1601,9,5
1602,10,Yes
1602,11,Yes
1602,12,Yes
1602,13,Yes
1602,14,Yes
1602,15,Yes
1602,16,Yes
1602,17,Yes
1602,18,4
1602,19,"Low stock on napkins, requested restock."
1603,1,Yes
1603,2,Yes
1603,3,Yes
1603,4,Yes
1603,5,Yes
1603,6,Yes
1603,7,Yes
1603,8,No
1603,9,5
1604,10,Yes
1604,11,Yes
1604,12,Yes
1604,13,Yes
1604,14,Yes
1604,15,No
1604,16,Yes
1604,17,Yes
1604,18,5
1604,19,All checks completed as normal.
1605,1,Yes
1605,2,Yes
1605,3,No
1605,4,Yes
1605,5,Yes
1605,6,Yes
1605,7,No
1605,8,Yes
1605,9,5
1606,10,Yes
1606,11,Yes
1606,12,Yes
1606,13,Yes
1606,14,Yes
1606,15,Yes
1606,16,Yes
1606,17,Yes
1606,18,5
1606,19,"All good, nothing to report."
1607,1,Yes
1607,2,Yes
1607,3,Yes
1607,4,Yes
1607,5,Yes
1607,6,Yes
1607,7,Yes
1607,8,Yes
1607,9,5
1608,10,Yes
1608,11,Yes
1608,12,Yes
1608,13,Yes
1608,14,Yes
1608,15,Yes
1608,16,Yes
1608,17,Yes
1608,18,5
1608,19,All checks completed as normal.
1609,1,Yes
1609,2,Yes
1609,3,No
1609,4,Yes
1609,5,Yes
1609,6,Yes
1609,7,Yes
1609,8,No
1609,9,5
1610,10,Yes
1610,11,Yes
1610,12,Yes
1610,13,Yes
1610,14,Yes
1610,15,Yes
1610,16,Yes
1610,17,Yes
1610,18,5
1610,19,"Delivery arrived late, adjusted prep schedule."
1611,1,Yes
1611,2,Yes
1611,3,Yes
1611,4,Yes
1611,5,Yes
1611,6,Yes
1611,7,Yes
1611,8,Yes
1611,9,3
1612,10,Yes
1612,11,Yes
1612,12,Yes
1612,13,Yes
1612,14,Yes
1612,15,Yes
1612,16,Yes
1612,17,Yes
1612,18,4
1612,19,Everything in order for tomorrow's opening.
1613,1,Yes
1613,2,Yes
1613,3,Yes
1613,4,Yes
1613,5,Yes
1613,6,Yes
1613,7,Yes
1613,8,Yes
1613,9,5
1614,10,Yes
1614,11,Yes
1614,12,Yes
1614,13,Yes
1614,14,Yes
1614,15,Yes
1614,16,Yes
1614,17,Yes
1614,18,5
1614,19,Slight delay in closing due to late customers.
1615,1,Yes
1615,2,Yes
1615,3,Yes
1615,4,Yes
1615,5,Yes
1615,6,Yes
1615,7,Yes
1615,8,Yes
1615,9,4
1616,10,Yes
1616,11,Yes
1616,12,Yes
1616,13,Yes
1616,14,No
1616,15,Yes
1616,16,No
1616,17,Yes
1616,18,4
1616,19,All checks completed as normal.
1617,1,Yes
1617,2,Yes
1617,3,Yes
1617,4,Yes
1617,5,Yes
1617,6,Yes
1617,7,Yes
1617,8,No
1617,9,4
1618,1,Yes
1618,2,Yes
1618,3,Yes
1618,4,Yes
1618,5,Yes
1618,6,Yes
1618,7,Yes
1618,8,No
1618,9,3
1619,10,Yes
1619,11,Yes
1619,12,Yes
1619,13,Yes
1619,14,Yes
1619,15,Yes
1619,16,Yes
1619,17,Yes
1619,18,2
1619,19,"Busy night, all tasks completed on time."
1620,1,Yes
1620,2,Yes
1620,3,Yes
1620,4,Yes
1620,5,No
1620,6,Yes
1620,7,Yes
1620,8,No
1620,9,5
1621,10,Yes
1621,11,Yes
1621,12,No
1621,13,Yes
1621,14,Yes
1621,15,Yes
1621,16,Yes
1621,17,Yes
1621,18,5
1621,19,"Quiet evening, no issues."
1622,1,Yes
1622,2,Yes
1622,3,Yes
1622,4,Yes
1622,5,Yes
1622,6,Yes
1622,7,Yes
1622,8,No
1622,9,4
1623,10,Yes
1623,11,Yes
1623,12,No
1623,13,Yes
1623,14,Yes
1623,15,Yes
1623,16,Yes
1623,17,Yes
1623,18,4
1623,19,"Delivery arrived late, adjusted prep schedule."
1624,1,Yes
1624,2,Yes
1624,3,Yes
1624,4,No
1624,5,Yes
1624,6,Yes
1624,7,Yes
1624,8,Yes
1624,9,3
1625,10,Yes
1625,11,Yes
1625,12,Yes
1625,13,Yes
1625,14,Yes
1625,15,Yes
1625,16,Yes
1625,17,Yes
1625,18,5
1625,19,"All good, nothing to report."
1626,1,Yes
1626,2,Yes
1626,3,Yes
1626,4,Yes
1626,5,Yes
1626,6,Yes
1626,7,Yes
1626,8,Yes
1626,9,4
1627,10,Yes
1627,11,Yes
1627,12,Yes
1627,13,Yes
1627,14,Yes
1627,15,Yes
1627,16,Yes
1627,17,Yes
1627,18,5
1627,19,New crew member trained on register today.
1628,1,Yes
1628,2,Yes
1628,3,Yes
1628,4,Yes
1628,5,Yes
1628,6,Yes
1628,7,Yes
1628,8,Yes
1628,9,4
1629,10,No
1629,11,Yes
1629,12,Yes
1629,13,No
1629,14,Yes
1629,15,Yes
1629,16,No
1629,17,Yes
1629,18,5
1629,19,Slight delay in closing due to late customers.
1630,1,Yes
1630,2,Yes
1630,3,Yes
1630,4,Yes
1630,5,Yes
1630,6,Yes
1630,7,Yes
1630,8,Yes
1630,9,5
1631,10,Yes
1631,11,No
1631,12,Yes
1631,13,Yes
1631,14,Yes
1631,15,Yes
1631,16,Yes
1631,17,Yes
1631,18,5
1631,19,"Busy night, all tasks completed on time."
1632,1,Yes
1632,2,Yes
1632,3,Yes
1632,4,No
1632,5,Yes
1632,6,Yes
1632,7,No
1632,8,Yes
1632,9,5
1633,10,Yes
1633,11,Yes
1633,12,Yes
1633,13,Yes
1633,14,Yes
1633,15,Yes
1633,16,Yes
1633,17,Yes
1633,18,5
1633,19,"Quiet evening, no issues."
1634,1,Yes
1634,2,Yes
1634,3,Yes
1634,4,Yes
1634,5,Yes
1634,6,Yes
1634,7,Yes
1634,8,Yes
1634,9,5
1635,10,Yes
1635,11,Yes
1635,12,Yes
1635,13,Yes
1635,14,Yes
1635,15,Yes
1635,16,Yes
1635,17,Yes
1635,18,4
1635,19,"Low stock on napkins, requested restock."
1636,1,Yes
1636,2,Yes
1636,3,Yes
1636,4,Yes
1636,5,Yes
1636,6,Yes
1636,7,Yes
1636,8,Yes
1636,9,3
1637,10,Yes
1637,11,Yes
1637,12,Yes
1637,13,Yes
1637,14,Yes
1637,15,Yes
1637,16,Yes
1637,17,Yes
1637,18,4
1637,19,"Delivery arrived late, adjusted prep schedule."
1638,1,Yes
1638,2,Yes
1638,3,Yes
1638,4,Yes
1638,5,Yes
1638,6,Yes
1638,7,Yes
1638,8,Yes
1638,9,4
1639,10,No
1639,11,Yes
1639,12,Yes
1639,13,Yes
1639,14,Yes
1639,15,Yes
1639,16,Yes
1639,17,Yes
1639,18,3
1639,19,Slight delay in closing due to late customers.
1640,1,Yes
1640,2,No
1640,3,Yes
1640,4,Yes
1640,5,Yes
1640,6,Yes
1640,7,Yes
1640,8,Yes
1640,9,3
1641,10,Yes
1641,11,Yes
1641,12,Yes
1641,13,No
1641,14,Yes
1641,15,No
1641,16,Yes
1641,17,Yes
1641,18,4
1641,19,Slight delay in closing due to late customers.
1642,1,Yes
1642,2,Yes
1642,3,Yes
1642,4,Yes
1642,5,Yes
1642,6,Yes
1642,7,Yes
1642,8,Yes
1642,9,4
1643,10,Yes
1643,11,Yes
1643,12,Yes
1643,13,Yes
1643,14,Yes
1643,15,Yes
1643,16,Yes
1643,17,Yes
1643,18,3
1643,19,"Busy night, all tasks completed on time."
1644,1,Yes
1644,2,Yes
1644,3,Yes
1644,4,No
1644,5,Yes
1644,6,Yes
1644,7,Yes
1644,8,Yes
1644,9,4
1645,10,Yes
1645,11,Yes
1645,12,Yes
1645,13,No
1645,14,Yes
1645,15,Yes
1645,16,Yes
1645,17,Yes
1645,18,2
1645,19,"Quiet evening, no issues."
1646,1,No
1646,2,Yes
1646,3,Yes
1646,4,Yes
1646,5,No
1646,6,Yes
1646,7,Yes
1646,8,Yes
1646,9,4
1647,10,Yes
1647,11,Yes
1647,12,Yes
1647,13,Yes
1647,14,Yes
1647,15,Yes
1647,16,Yes
1647,17,No
1647,18,4
1647,19,Slight delay in closing due to late customers.
1648,1,Yes
1648,2,Yes
1648,3,Yes
1648,4,Yes
1648,5,Yes
1648,6,Yes
1648,7,No
1648,8,Yes
1648,9,3
1649,10,Yes
1649,11,Yes
1649,12,Yes
1649,13,Yes
1649,14,Yes
1649,15,Yes
1649,16,No
1649,17,Yes
1649,18,4
1649,19,"Minor spill in dining area, cleaned promptly."
1650,1,Yes
1650,2,Yes
1650,3,Yes
1650,4,Yes
1650,5,Yes
1650,6,Yes
1650,7,Yes
1650,8,No
1650,9,4
1651,10,Yes
1651,11,Yes
1651,12,Yes
1651,13,Yes
1651,14,Yes
1651,15,Yes
1651,16,Yes
1651,17,Yes
1651,18,4
1651,19,New crew member trained on register today.
1652,1,Yes
1652,2,Yes
1652,3,Yes
1652,4,Yes
1652,5,Yes
1652,6,Yes
1652,7,Yes
1652,8,Yes
1652,9,4
1653,10,Yes
1653,11,Yes
1653,12,Yes
1653,13,Yes
1653,14,Yes
1653,15,Yes
1653,16,Yes
1653,17,Yes
1653,18,4
1653,19,"Minor spill in dining area, cleaned promptly."
1654,1,Yes
1654,2,Yes
1654,3,Yes
1654,4,Yes
1654,5,Yes
1654,6,Yes
1654,7,Yes
1654,8,Yes
1654,9,4
1655,10,Yes
1655,11,Yes
1655,12,Yes
1655,13,Yes
1655,14,Yes
1655,15,Yes
1655,16,No
1655,17,No
1655,18,4
1655,19,Slight delay in closing due to late customers.
1656,1,Yes
1656,2,Yes
1656,3,Yes
1656,4,Yes
1656,5,Yes
1656,6,Yes
1656,7,Yes
1656,8,Yes
1656,9,4
1657,10,Yes
1657,11,Yes
1657,12,Yes
1657,13,Yes
1657,14,Yes
1657,15,Yes
1657,16,Yes
1657,17,Yes
1657,18,4
1657,19,"Minor spill in dining area, cleaned promptly."
1658,1,Yes
1658,2,Yes
1658,3,Yes
1658,4,No
1658,5,Yes
1658,6,No
1658,7,Yes
1658,8,Yes
1658,9,4
1659,10,No
1659,11,Yes
1659,12,Yes
1659,13,Yes
1659,14,Yes
1659,15,Yes
1659,16,Yes
1659,17,Yes
1659,18,4
1659,19,"Busy night, all tasks completed on time."
1660,1,Yes
1660,2,Yes
1660,3,Yes
1660,4,Yes
1660,5,Yes
1660,6,Yes
1660,7,Yes
1660,8,Yes
1660,9,4
1661,10,Yes
1661,11,Yes
1661,12,Yes
1661,13,Yes
1661,14,No
1661,15,Yes
1661,16,Yes
1661,17,Yes
1661,18,4
1661,19,New crew member trained on register today.
1662,1,Yes
1662,2,Yes
1662,3,Yes
1662,4,No
1662,5,Yes
1662,6,Yes
1662,7,Yes
1662,8,Yes
1662,9,3
1663,10,Yes
1663,11,Yes
1663,12,Yes
1663,13,Yes
1663,14,No
1663,15,Yes
1663,16,Yes
1663,17,Yes
1663,18,2
1663,19,"Low stock on napkins, requested restock."
1664,1,Yes
1664,2,Yes
1664,3,Yes
1664,4,Yes
1664,5,Yes
1664,6,Yes
1664,7,Yes
1664,8,No
1664,9,4
1665,10,Yes
1665,11,Yes
1665,12,Yes
1665,13,Yes
1665,14,Yes
1665,15,Yes
1665,16,Yes
1665,17,Yes
1665,18,5
1665,19,"All good, nothing to report."
1666,1,Yes
1666,2,Yes
1666,3,Yes
1666,4,Yes
1666,5,Yes
1666,6,Yes
1666,7,Yes
1666,8,Yes
1666,9,4
1667,10,Yes
1667,11,Yes
1667,12,No
1667,13,Yes
1667,14,Yes
1667,15,Yes
1667,16,Yes
1667,17,Yes
1667,18,4
1667,19,"Delivery arrived late, adjusted prep schedule."
1668,1,Yes
1668,2,Yes
1668,3,Yes
1668,4,Yes
1668,5,No
1668,6,Yes
1668,7,Yes
1668,8,No
1668,9,4
1669,10,Yes
1669,11,Yes
1669,12,Yes
1669,13,Yes
1669,14,Yes
1669,15,Yes
1669,16,Yes
1669,17,Yes
1669,18,4
1669,19,"Delivery arrived late, adjusted prep schedule."
1670,1,Yes
1670,2,Yes
1670,3,Yes
1670,4,Yes
1670,5,No
1670,6,Yes
1670,7,Yes
1670,8,Yes
1670,9,4
1671,10,Yes
1671,11,Yes
1671,12,Yes
1671,13,Yes
1671,14,Yes
1671,15,Yes
1671,16,Yes
1671,17,Yes
1671,18,4
1671,19,"Busy night, all tasks completed on time."
1672,1,Yes
1672,2,Yes
1672,3,No
1672,4,Yes
1672,5,Yes
1672,6,Yes
1672,7,Yes
1672,8,Yes
1672,9,4
1673,10,Yes
1673,11,Yes
1673,12,Yes
1673,13,Yes
1673,14,Yes
1673,15,Yes
1673,16,Yes
1673,17,Yes
1673,18,5
1673,19,"Minor spill in dining area, cleaned promptly."
1674,1,Yes
1674,2,Yes
1674,3,Yes
1674,4,No
1674,5,Yes
1674,6,Yes
1674,7,Yes
1674,8,Yes
1674,9,4
1675,10,Yes
1675,11,Yes
1675,12,Yes
1675,13,Yes
1675,14,Yes
1675,15,No
1675,16,Yes
1675,17,Yes
1675,18,4
1675,19,New crew member trained on register today.
1676,1,No
1676,2,Yes
1676,3,Yes
1676,4,Yes
1676,5,Yes
1676,6,Yes
1676,7,Yes
1676,8,Yes
1676,9,3
1677,10,Yes
1677,11,Yes
1677,12,Yes
1677,13,No
1677,14,Yes
1677,15,Yes
1677,16,Yes
1677,17,Yes
1677,18,3
1677,19,Slight delay in closing due to late customers.
1678,1,Yes
1678,2,Yes
1678,3,Yes
1678,4,Yes
1678,5,Yes
1678,6,Yes
1678,7,Yes
1678,8,No
1678,9,3
1679,10,Yes
1679,11,Yes
1679,12,Yes
1679,13,Yes
1679,14,Yes
1679,15,Yes
1679,16,Yes
1679,17,Yes
1679,18,3
1679,19,"Delivery arrived late, adjusted prep schedule."
1680,1,Yes
1680,2,Yes
1680,3,Yes
1680,4,Yes
1680,5,Yes
1680,6,Yes
1680,7,Yes
1680,8,No
1680,9,5
1681,10,Yes
1681,11,Yes
1681,12,No
1681,13,Yes
1681,14,Yes
1681,15,Yes
1681,16,Yes
1681,17,No
1681,18,4
1681,19,"Quiet evening, no issues."
1682,10,Yes
1682,11,Yes
1682,12,Yes
1682,13,Yes
1682,14,Yes
1682,15,Yes
1682,16,Yes
1682,17,Yes
1682,18,4
1682,19,New crew member trained on register today.
1683,1,Yes
1683,2,Yes
1683,3,Yes
1683,4,Yes
1683,5,Yes
1683,6,Yes
1683,7,Yes
1683,8,Yes
1683,9,4
1684,10,No
1684,11,Yes
1684,12,Yes
1684,13,Yes
1684,14,No
1684,15,Yes
1684,16,Yes
1684,17,Yes
1684,18,4
1684,19,New crew member trained on register today.
1685,1,Yes
1685,2,Yes
1685,3,Yes
1685,4,Yes
1685,5,Yes
1685,6,Yes
1685,7,Yes
1685,8,Yes
1685,9,3
1686,10,Yes
1686,11,Yes
1686,12,Yes
1686,13,Yes
1686,14,Yes
1686,15,Yes
1686,16,Yes
1686,17,Yes
1686,18,4
1686,19,Everything in order for tomorrow's opening.
1687,1,Yes
1687,2,No
1687,3,Yes
1687,4,Yes
1687,5,Yes
1687,6,No
1687,7,Yes
1687,8,Yes
1687,9,4
1688,1,Yes
1688,2,Yes
1688,3,Yes
1688,4,Yes
1688,5,No
1688,6,Yes
1688,7,Yes
1688,8,No
1688,9,4
1689,10,Yes
1689,11,Yes
1689,12,Yes
1689,13,Yes
1689,14,No
1689,15,Yes
1689,16,Yes
1689,17,Yes
1689,18,5
1689,19,"Delivery arrived late, adjusted prep schedule."
1690,1,No
1690,2,Yes
1690,3,Yes
1690,4,Yes
1690,5,Yes
1690,6,Yes
1690,7,Yes
1690,8,Yes
1690,9,4
1691,10,Yes
1691,11,Yes
1691,12,Yes
1691,13,Yes
1691,14,Yes
1691,15,Yes
1691,16,Yes
1691,17,Yes
1691,18,3
1691,19,"All good, nothing to report."
1692,1,Yes
1692,2,Yes
1692,3,Yes
1692,4,Yes
1692,5,Yes
1692,6,No
1692,7,Yes
1692,8,Yes
1692,9,3
1693,10,Yes
1693,11,Yes
1693,12,No
1693,13,Yes
1693,14,Yes
1693,15,No
1693,16,Yes
1693,17,Yes
1693,18,5
1693,19,"Low stock on napkins, requested restock."
1694,1,Yes
1694,2,Yes
1694,3,Yes
1694,4,No
1694,5,Yes
1694,6,No
1694,7,Yes
1694,8,Yes
1694,9,4
1695,10,Yes
1695,11,Yes
1695,12,Yes
1695,13,Yes
1695,14,Yes
1695,15,Yes
1695,16,Yes
1695,17,Yes
1695,18,4
1695,19,All checks completed as normal.
1696,1,Yes
1696,2,Yes
1696,3,No
1696,4,Yes
1696,5,Yes
1696,6,No
1696,7,Yes
1696,8,Yes
1696,9,5
1697,10,Yes
1697,11,Yes
1697,12,Yes
1697,13,Yes
1697,14,Yes
1697,15,Yes
1697,16,Yes
1697,17,Yes
1697,18,4
1697,19,"Low stock on napkins, requested restock."
1698,1,Yes
1698,2,Yes
1698,3,Yes
1698,4,Yes
1698,5,Yes
1698,6,Yes
1698,7,Yes
1698,8,No
1698,9,4
1699,10,Yes
1699,11,Yes
1699,12,Yes
1699,13,No
1699,14,Yes
1699,15,Yes
1699,16,Yes
1699,17,Yes
1699,18,5
1699,19,Slight delay in closing due to late customers.
1700,1,Yes
1700,2,Yes
1700,3,Yes
1700,4,Yes
1700,5,Yes
1700,6,Yes
1700,7,Yes
1700,8,Yes
1700,9,4
1701,1,Yes
1701,2,Yes
1701,3,Yes
1701,4,Yes
1701,5,Yes
1701,6,Yes
1701,7,No
1701,8,Yes
1701,9,5
1702,10,No
1702,11,Yes
1702,12,Yes
1702,13,Yes
1702,14,Yes
1702,15,Yes
1702,16,Yes
1702,17,Yes
1702,18,4
1702,19,All checks completed as normal.
1703,10,Yes
1703,11,Yes
1703,12,No
1703,13,Yes
1703,14,Yes
1703,15,Yes
1703,16,Yes
1703,17,Yes
1703,18,4
1703,19,"Busy night, all tasks completed on time."
1704,1,Yes
1704,2,Yes
1704,3,Yes
1704,4,Yes
1704,5,Yes
1704,6,No
1704,7,Yes
1704,8,Yes
1704,9,3
1705,10,No
1705,11,Yes
1705,12,Yes
1705,13,Yes
1705,14,Yes
1705,15,Yes
1705,16,Yes
1705,17,Yes
1705,18,3
1705,19,Slight delay in closing due to late customers.
1706,1,Yes
1706,2,Yes
1706,3,Yes
1706,4,Yes
1706,5,Yes
1706,6,Yes
1706,7,Yes
1706,8,No
1706,9,4
1707,1,No
1707,2,No
1707,3,Yes
1707,4,Yes
1707,5,No
1707,6,Yes
1707,7,Yes
1707,8,No
1707,9,3
1708,10,Yes
1708,11,No
1708,12,No
1708,13,Yes
1708,14,Yes
1708,15,No
1708,16,Yes
1708,17,Yes
1708,18,3
1708,19,Everything in order for tomorrow's opening.
1709,1,Yes
1709,2,Yes
1709,3,Yes
1709,4,Yes
1709,5,Yes
1709,6,Yes
1709,7,Yes
1709,8,Yes
1709,9,4
1710,10,Yes
1710,11,Yes
1710,12,Yes
1710,13,Yes
1710,14,Yes
1710,15,Yes
1710,16,Yes
1710,17,Yes
1710,18,4
1710,19,Slight delay in closing due to late customers.
1711,1,Yes
1711,2,Yes
1711,3,Yes
1711,4,Yes
1711,5,Yes
1711,6,No
1711,7,Yes
1711,8,Yes
1711,9,5
1712,10,Yes
1712,11,Yes
1712,12,Yes
1712,13,Yes
1712,14,Yes
1712,15,Yes
1712,16,Yes
1712,17,No
1712,18,3
1712,19,"Delivery arrived late, adjusted prep schedule."
1713,1,Yes
1713,2,Yes
1713,3,Yes
1713,4,Yes
1713,5,Yes
1713,6,Yes
1713,7,Yes
1713,8,Yes
1713,9,3
1714,10,Yes
1714,11,Yes
1714,12,Yes
1714,13,No
1714,14,Yes
1714,15,Yes
1714,16,Yes
1714,17,Yes
1714,18,4
1714,19,"All good, nothing to report."
1715,1,Yes
1715,2,Yes
1715,3,No
1715,4,No
1715,5,Yes
1715,6,Yes
1715,7,Yes
1715,8,No
1715,9,3
1716,1,Yes
1716,2,Yes
1716,3,Yes
1716,4,Yes
1716,5,Yes
1716,6,Yes
1716,7,Yes
1716,8,Yes
1716,9,4
1717,10,Yes
1717,11,Yes
1717,12,Yes
1717,13,Yes
1717,14,No
1717,15,Yes
1717,16,Yes
1717,17,Yes
1717,18,5
1717,19,Everything in order for tomorrow's opening.
1718,1,Yes
1718,2,No
1718,3,Yes
1718,4,Yes
1718,5,Yes
1718,6,Yes
1718,7,No
1718,8,No
1718,9,4
1719,10,Yes
1719,11,Yes
1719,12,Yes
1719,13,Yes
1719,14,Yes
1719,15,Yes
1719,16,Yes
1719,17,Yes
1719,18,3
1719,19,"All good, nothing to report."
1720,1,Yes
1720,2,Yes
1720,3,Yes
1720,4,No
1720,5,Yes
1720,6,Yes
1720,7,Yes
1720,8,No
1720,9,5
1721,10,Yes
1721,11,Yes
1721,12,No
1721,13,No
1721,14,Yes
1721,15,Yes
1721,16,No
1721,17,Yes
1721,18,4
1721,19,All checks completed as normal.
1722,1,No
1722,2,Yes
1722,3,Yes
1722,4,Yes
1722,5,No
1722,6,Yes
1722,7,Yes
1722,8,Yes
1722,9,4
1723,10,Yes
1723,11,Yes
1723,12,No
1723,13,Yes
1723,14,Yes
1723,15,Yes
1723,16,Yes
1723,17,Yes
1723,18,4
1723,19,"Delivery arrived late, adjusted prep schedule."
1724,1,Yes
1724,2,Yes
1724,3,Yes
1724,4,Yes
1724,5,Yes
1724,6,Yes
1724,7,Yes
1724,8,No
1724,9,3
1725,10,Yes
1725,11,Yes
1725,12,No
1725,13,Yes
1725,14,Yes
1725,15,Yes
1725,16,No
1725,17,Yes
1725,18,4
1725,19,"Quiet evening, no issues."
1726,10,Yes
1726,11,Yes
1726,12,Yes
1726,13,Yes
1726,14,No
1726,15,Yes
1726,16,Yes
1726,17,Yes
1726,18,4
1726,19,"Busy night, all tasks completed on time."
1727,1,Yes
1727,2,Yes
1727,3,Yes
1727,4,Yes
1727,5,Yes
1727,6,Yes
1727,7,Yes
1727,8,Yes
1727,9,3
1728,10,Yes
1728,11,Yes
1728,12,Yes
1728,13,Yes
1728,14,No
1728,15,Yes
1728,16,Yes
1728,17,Yes
1728,18,3
1728,19,Everything in order for tomorrow's opening.
1729,1,Yes
1729,2,Yes
1729,3,Yes
1729,4,Yes
1729,5,Yes
1729,6,Yes
1729,7,Yes
1729,8,No
1729,9,5
1730,10,Yes
1730,11,Yes
1730,12,Yes
1730,13,Yes
1730,14,Yes
1730,15,Yes
1730,16,Yes
1730,17,Yes
1730,18,5
1730,19,All checks completed as normal.
1731,1,Yes
1731,2,Yes
1731,3,Yes
1731,4,Yes
1731,5,Yes
1731,6,Yes
1731,7,Yes
1731,8,Yes
1731,9,3
1732,1,Yes
1732,2,No
1732,3,Yes
1732,4,Yes
1732,5,Yes
1732,6,Yes
1732,7,Yes
1732,8,No
1732,9,3
1733,10,Yes
1733,11,No
1733,12,Yes
1733,13,Yes
1733,14,Yes
1733,15,Yes
1733,16,Yes
1733,17,Yes
1733,18,5
1733,19,"Low stock on napkins, requested restock."
1734,1,Yes
1734,2,Yes
1734,3,Yes
1734,4,Yes
1734,5,Yes
1734,6,Yes
1734,7,Yes
1734,8,No
1734,9,5
1735,10,Yes
1735,11,Yes
1735,12,Yes
1735,13,Yes
1735,14,Yes
1735,15,No
1735,16,Yes
1735,17,Yes
1735,18,4
1735,19,Slight delay in closing due to late customers.
1736,1,Yes
1736,2,Yes
1736,3,Yes
1736,4,Yes
1736,5,No
1736,6,Yes
1736,7,Yes
1736,8,Yes
1736,9,3
1737,10,No
1737,11,No
1737,12,Yes
1737,13,Yes
1737,14,Yes
1737,15,Yes
1737,16,Yes
1737,17,Yes
1737,18,4
1737,19,"Delivery arrived late, adjusted prep schedule."
1738,1,Yes
1738,2,Yes
1738,3,No
1738,4,Yes
1738,5,Yes
1738,6,Yes
1738,7,Yes
1738,8,Yes
1738,9,4
1739,10,Yes
1739,11,Yes
1739,12,Yes
1739,13,Yes
1739,14,No
1739,15,Yes
1739,16,Yes
1739,17,No
1739,18,5
1739,19,"Delivery arrived late, adjusted prep schedule."
1740,1,Yes
1740,2,Yes
1740,3,Yes
1740,4,Yes
1740,5,Yes
1740,6,Yes
1740,7,Yes
1740,8,Yes
1740,9,3
1741,10,Yes
1741,11,Yes
1741,12,Yes
1741,13,Yes
1741,14,Yes
1741,15,No
1741,16,Yes
1741,17,Yes
1741,18,5
1741,19,"Quiet evening, no issues."
1742,1,Yes
1742,2,Yes
1742,3,Yes
1742,4,Yes
1742,5,No
1742,6,Yes
1742,7,Yes
1742,8,Yes
1742,9,3
1743,10,Yes
1743,11,Yes
1743,12,Yes
1743,13,Yes
1743,14,Yes
1743,15,Yes
1743,16,Yes
1743,17,Yes
1743,18,3
1743,19,New crew member trained on register today.
1744,1,Yes
1744,2,Yes
1744,3,Yes
1744,4,Yes
1744,5,Yes
1744,6,Yes
1744,7,Yes
1744,8,No
1744,9,4
1745,10,Yes
1745,11,Yes
1745,12,Yes
1745,13,Yes
1745,14,Yes
1745,15,Yes
1745,16,Yes
1745,17,Yes
1745,18,3
1745,19,Slight delay in closing due to late customers.
1746,1,Yes
1746,2,Yes
1746,3,Yes
1746,4,Yes
1746,5,Yes
1746,6,No
1746,7,Yes
1746,8,Yes
1746,9,5
1747,10,Yes
1747,11,Yes
1747,12,Yes
1747,13,Yes
1747,14,Yes
1747,15,Yes
1747,16,Yes
1747,17,Yes
1747,18,4
1747,19,"Delivery arrived late, adjusted prep schedule."
1748,1,Yes
1748,2,Yes
1748,3,Yes
1748,4,Yes
1748,5,Yes
1748,6,Yes
1748,7,Yes
1748,8,No
1748,9,4
1749,10,Yes
1749,11,Yes
1749,12,Yes
1749,13,Yes
1749,14,Yes
1749,15,Yes
1749,16,Yes
1749,17,Yes
1749,18,5
1749,19,New crew member trained on register today.
1750,1,Yes
1750,2,Yes
1750,3,Yes
1750,4,Yes
1750,5,No
1750,6,Yes
1750,7,Yes
1750,8,Yes
1750,9,4
1751,10,Yes
1751,11,Yes
1751,12,Yes
1751,13,Yes
1751,14,Yes
1751,15,Yes
1751,16,Yes
1751,17,Yes
1751,18,4
1751,19,Everything in order for tomorrow's opening.
1752,1,Yes
1752,2,Yes
1752,3,Yes
1752,4,Yes
1752,5,Yes
1752,6,Yes
1752,7,Yes
1752,8,No
1752,9,3
1753,10,Yes
1753,11,Yes
1753,12,Yes
1753,13,Yes
1753,14,Yes
1753,15,Yes
1753,16,Yes
1753,17,Yes
1753,18,3
1753,19,"Low stock on napkins, requested restock."
1754,1,Yes
1754,2,Yes
1754,3,Yes
1754,4,Yes
1754,5,Yes
1754,6,Yes
1754,7,Yes
1754,8,Yes
1754,9,4
1755,1,No
1755,2,Yes
1755,3,Yes
1755,4,Yes
1755,5,Yes
1755,6,No
1755,7,Yes
1755,8,Yes
1755,9,5
1756,10,Yes
1756,11,Yes
1756,12,Yes
1756,13,Yes
1756,14,Yes
1756,15,Yes
1756,16,Yes
1756,17,Yes
1756,18,4
1756,19,"Busy night, all tasks completed on time."
1757,1,Yes
1757,2,Yes
1757,3,Yes
1757,4,Yes
1757,5,Yes
1757,6,Yes
1757,7,Yes
1757,8,Yes
1757,9,4
1758,10,Yes
1758,11,Yes
1758,12,Yes
1758,13,Yes
1758,14,Yes
1758,15,Yes
1758,16,Yes
1758,17,Yes
1758,18,4
1758,19,"Minor spill in dining area, cleaned promptly."
1759,1,Yes
1759,2,Yes
1759,3,Yes
1759,4,Yes
1759,5,Yes
1759,6,Yes
1759,7,Yes
1759,8,Yes
1759,9,3
1760,10,Yes
1760,11,Yes
1760,12,Yes
1760,13,Yes
1760,14,Yes
1760,15,Yes
1760,16,Yes
1760,17,Yes
1760,18,4
1760,19,"Minor spill in dining area, cleaned promptly."
1761,1,Yes
1761,2,Yes
1761,3,Yes
1761,4,Yes
1761,5,Yes
1761,6,Yes
1761,7,Yes
1761,8,No
1761,9,5
1762,1,Yes
1762,2,Yes
1762,3,Yes
1762,4,Yes
1762,5,Yes
1762,6,Yes
1762,7,Yes
1762,8,Yes
1762,9,5
1763,10,Yes
1763,11,Yes
1763,12,Yes
1763,13,No
1763,14,Yes
1763,15,No
1763,16,Yes
1763,17,Yes
1763,18,2
1763,19,"Low stock on napkins, requested restock."
1764,1,Yes
1764,2,Yes
1764,3,Yes
1764,4,Yes
1764,5,Yes
1764,6,Yes
1764,7,Yes
1764,8,No
1764,9,4
1765,10,Yes
1765,11,Yes
1765,12,Yes
1765,13,Yes
1765,14,No
1765,15,Yes
1765,16,Yes
1765,17,Yes
1765,18,4
1765,19,New crew member trained on register today.
1766,1,Yes
1766,2,Yes
1766,3,Yes
1766,4,No
1766,5,Yes
1766,6,Yes
1766,7,No
1766,8,No
1766,9,4
1767,10,Yes
1767,11,Yes
1767,12,No
1767,13,Yes
1767,14,No
1767,15,No
1767,16,Yes
1767,17,Yes
1767,18,5
1767,19,"Busy night, all tasks completed on time."
1768,1,Yes
1768,2,Yes
1768,3,Yes
1768,4,Yes
1768,5,Yes
1768,6,Yes
1768,7,Yes
1768,8,Yes
1768,9,4
1769,1,Yes
1769,2,No
1769,3,Yes
1769,4,Yes
1769,5,Yes
1769,6,No
1769,7,Yes
1769,8,Yes
1769,9,4
1770,10,Yes
1770,11,Yes
1770,12,Yes
1770,13,Yes
1770,14,No
1770,15,Yes
1770,16,Yes
1770,17,Yes
1770,18,4
1770,19,"Low stock on napkins, requested restock."
1771,10,Yes
1771,11,Yes
1771,12,Yes
1771,13,Yes
1771,14,Yes
1771,15,Yes
1771,16,Yes
1771,17,Yes
1771,18,5
1771,19,All checks completed as normal.
1772,1,Yes
1772,2,Yes
1772,3,Yes
1772,4,Yes
1772,5,Yes
1772,6,No
1772,7,Yes
1772,8,Yes
1772,9,3
1773,10,Yes
1773,11,Yes
1773,12,Yes
1773,13,Yes
1773,14,Yes
1773,15,Yes
1773,16,Yes
1773,17,Yes
1773,18,4
1773,19,New crew member trained on register today.
1774,1,Yes
1774,2,Yes
1774,3,Yes
1774,4,Yes
1774,5,Yes
1774,6,Yes
1774,7,Yes
1774,8,No
1774,9,3
1775,10,Yes
1775,11,Yes
1775,12,No
1775,13,Yes
1775,14,Yes
1775,15,Yes
1775,16,Yes
1775,17,No
1775,18,3
1775,19,"Busy night, all tasks completed on time."
1776,1,Yes
1776,2,Yes
1776,3,No
1776,4,Yes
1776,5,Yes
1776,6,Yes
1776,7,Yes
1776,8,Yes
1776,9,4
1777,10,Yes
1777,11,Yes
1777,12,Yes
1777,13,Yes
1777,14,Yes
1777,15,Yes
1777,16,Yes
1777,17,Yes
1777,18,5
1777,19,"Delivery arrived late, adjusted prep schedule."
1778,1,Yes
1778,2,Yes
1778,3,Yes
1778,4,Yes
1778,5,Yes
1778,6,Yes
1778,7,Yes
1778,8,Yes
1778,9,4
1779,10,Yes
1779,11,Yes
1779,12,Yes
1779,13,Yes
1779,14,Yes
1779,15,No
1779,16,Yes
1779,17,Yes
1779,18,5
1779,19,Everything in order for tomorrow's opening.
1780,1,Yes
1780,2,Yes
1780,3,Yes
1780,4,Yes
1780,5,Yes
1780,6,No
1780,7,Yes
1780,8,Yes
1780,9,4
1781,10,Yes
1781,11,Yes
1781,12,No
1781,13,Yes
1781,14,No
1781,15,Yes
1781,16,Yes
1781,17,No
1781,18,4
1781,19,New crew member trained on register today.
1782,1,Yes
1782,2,Yes
1782,3,Yes
1782,4,Yes
1782,5,Yes
1782,6,Yes
1782,7,Yes
1782,8,Yes
1782,9,4
1783,10,Yes
1783,11,Yes
1783,12,Yes
1783,13,Yes
1783,14,Yes
1783,15,Yes
1783,16,Yes
1783,17,Yes
1783,18,4
1783,19,"Busy night, all tasks completed on time."
1784,1,Yes
1784,2,Yes
1784,3,Yes
1784,4,No
1784,5,Yes
1784,6,Yes
1784,7,Yes
1784,8,Yes
1784,9,3
1785,10,Yes
1785,11,Yes
1785,12,Yes
1785,13,Yes
1785,14,Yes
1785,15,Yes
1785,16,Yes
1785,17,Yes
1785,18,4
1785,19,"Quiet evening, no issues."
1786,1,No
1786,2,Yes
1786,3,No
1786,4,Yes
1786,5,Yes
1786,6,Yes
1786,7,Yes
1786,8,No
1786,9,4
1787,10,Yes
1787,11,Yes
1787,12,Yes
1787,13,Yes
1787,14,Yes
1787,15,Yes
1787,16,Yes
1787,17,Yes
1787,18,4
1787,19,"All good, nothing to report."
1788,1,No
1788,2,Yes
1788,3,Yes
1788,4,Yes
1788,5,Yes
1788,6,No
1788,7,Yes
1788,8,Yes
1788,9,4
1789,10,Yes
1789,11,Yes
1789,12,Yes
1789,13,Yes
1789,14,Yes
1789,15,Yes
1789,16,Yes
1789,17,Yes
1789,18,5
1789,19,Slight delay in closing due to late customers.
1790,1,Yes
1790,2,Yes
1790,3,Yes
1790,4,Yes
1790,5,No
1790,6,No
1790,7,Yes
1790,8,Yes
1790,9,4
1791,10,Yes
1791,11,Yes
1791,12,Yes
1791,13,Yes
1791,14,Yes
1791,15,Yes
1791,16,Yes
1791,17,Yes
1791,18,4
1791,19,"Minor spill in dining area, cleaned promptly."
1792,1,Yes
1792,2,Yes
1792,3,Yes
1792,4,Yes
1792,5,No
1792,6,Yes
1792,7,No
1792,8,Yes
1792,9,4
1793,10,Yes
1793,11,Yes
1793,12,Yes
1793,13,No
1793,14,Yes
1793,15,Yes
1793,16,Yes
1793,17,Yes
1793,18,3
1793,19,"Quiet evening, no issues."
1794,1,No
1794,2,Yes
1794,3,Yes
1794,4,Yes
1794,5,Yes
1794,6,Yes
1794,7,Yes
1794,8,Yes
1794,9,4
1795,10,Yes
1795,11,No
1795,12,No
1795,13,Yes
1795,14,No
1795,15,Yes
1795,16,Yes
1795,17,Yes
1795,18,5
1795,19,"Busy night, all tasks completed on time."
1796,1,Yes
1796,2,Yes
1796,3,Yes
1796,4,Yes
1796,5,No
1796,6,Yes
1796,7,Yes
1796,8,Yes
1796,9,4
1797,10,Yes
1797,11,Yes
1797,12,Yes
1797,13,Yes
1797,14,Yes
1797,15,No
1797,16,Yes
1797,17,Yes
1797,18,4
1797,19,"Busy night, all tasks completed on time."
1798,1,Yes
1798,2,Yes
1798,3,Yes
1798,4,Yes
1798,5,Yes
1798,6,Yes
1798,7,No
1798,8,Yes
1798,9,3
1799,1,Yes
1799,2,Yes
1799,3,No
1799,4,Yes
1799,5,Yes
1799,6,Yes
1799,7,Yes
1799,8,Yes
1799,9,4
1800,10,No
1800,11,Yes
1800,12,Yes
1800,13,Yes
1800,14,Yes
1800,15,Yes
1800,16,Yes
1800,17,Yes
1800,18,4
1800,19,"Low stock on napkins, requested restock."
1801,1,Yes
1801,2,Yes
1801,3,No
1801,4,No
1801,5,Yes
1801,6,Yes
1801,7,Yes
1801,8,No
1801,9,3
1802,1,Yes
1802,2,No
1802,3,Yes
1802,4,Yes
1802,5,Yes
1802,6,Yes
1802,7,Yes
1802,8,Yes
1802,9,4
1803,10,No
1803,11,Yes
1803,12,Yes
1803,13,Yes
1803,14,Yes
1803,15,Yes
1803,16,Yes
1803,17,Yes
1803,18,4
1803,19,"Delivery arrived late, adjusted prep schedule."
1804,10,Yes
1804,11,Yes
1804,12,Yes
1804,13,Yes
1804,14,Yes
1804,15,Yes
1804,16,Yes
1804,17,Yes
1804,18,4
1804,19,"All good, nothing to report."
1805,1,Yes
1805,2,Yes
1805,3,No
1805,4,Yes
1805,5,Yes
1805,6,Yes
1805,7,Yes
1805,8,Yes
1805,9,4
1806,10,Yes
1806,11,Yes
1806,12,Yes
1806,13,Yes
1806,14,Yes
1806,15,Yes
1806,16,Yes
1806,17,No
1806,18,4
1806,19,New crew member trained on register today.
1807,10,Yes
1807,11,Yes
1807,12,Yes
1807,13,Yes
1807,14,Yes
1807,15,Yes
1807,16,Yes
1807,17,Yes
1807,18,5
1807,19,"Quiet evening, no issues."
1808,1,Yes
1808,2,Yes
1808,3,Yes
1808,4,Yes
1808,5,Yes
1808,6,Yes
1808,7,Yes
1808,8,Yes
1808,9,4
1809,10,Yes
1809,11,Yes
1809,12,Yes
1809,13,Yes
1809,14,No
1809,15,Yes
1809,16,No
1809,17,Yes
1809,18,4
1809,19,"Low stock on napkins, requested restock."
1810,1,Yes
1810,2,Yes
1810,3,Yes
1810,4,Yes
1810,5,No
1810,6,Yes
1810,7,Yes
1810,8,Yes
1810,9,4
1811,10,Yes
1811,11,Yes
1811,12,Yes
1811,13,Yes
1811,14,Yes
1811,15,Yes
1811,16,Yes
1811,17,Yes
1811,18,3
1811,19,"Minor spill in dining area, cleaned promptly."
1812,1,Yes
1812,2,Yes
1812,3,Yes
1812,4,Yes
1812,5,No
1812,6,No
1812,7,Yes
1812,8,Yes
1812,9,4
1813,10,Yes
1813,11,Yes
1813,12,Yes
1813,13,Yes
1813,14,Yes
1813,15,Yes
1813,16,No
1813,17,Yes
1813,18,3
1813,19,"Minor spill in dining area, cleaned promptly."
1814,1,Yes
1814,2,Yes
1814,3,Yes
1814,4,Yes
1814,5,No
1814,6,Yes
1814,7,Yes
1814,8,Yes
1814,9,5
1815,1,Yes
1815,2,Yes
1815,3,Yes
1815,4,Yes
1815,5,Yes
1815,6,Yes
1815,7,Yes
1815,8,Yes
1815,9,5
1816,10,Yes
1816,11,Yes
1816,12,Yes
1816,13,Yes
1816,14,Yes
1816,15,No
1816,16,Yes
1816,17,Yes
1816,18,4
1816,19,Everything in order for tomorrow's opening.
1817,1,No
1817,2,Yes
1817,3,Yes
1817,4,Yes
1817,5,Yes
1817,6,Yes
1817,7,Yes
1817,8,No
1817,9,5
1818,10,Yes
1818,11,Yes
1818,12,Yes
1818,13,Yes
1818,14,Yes
1818,15,Yes
1818,16,Yes
1818,17,Yes
1818,18,4
1818,19,"Minor spill in dining area, cleaned promptly."
1819,1,Yes
1819,2,Yes
1819,3,Yes
1819,4,Yes
1819,5,Yes
1819,6,No
1819,7,Yes
1819,8,Yes
1819,9,5
1820,10,No
1820,11,Yes
1820,12,Yes
1820,13,Yes
1820,14,Yes
1820,15,Yes
1820,16,Yes
1820,17,Yes
1820,18,4
1820,19,"Low stock on napkins, requested restock."
1821,1,Yes
1821,2,Yes
1821,3,Yes
1821,4,Yes
1821,5,Yes
1821,6,Yes
1821,7,Yes
1821,8,Yes
1821,9,4
1822,10,Yes
1822,11,Yes
1822,12,Yes
1822,13,Yes
1822,14,Yes
1822,15,Yes
1822,16,Yes
1822,17,Yes
1822,18,3
1822,19,"Minor spill in dining area, cleaned promptly."
1823,1,Yes
1823,2,Yes
1823,3,Yes
1823,4,Yes
1823,5,Yes
1823,6,Yes
1823,7,Yes
1823,8,Yes
1823,9,4
1824,1,No
1824,2,Yes
1824,3,Yes
1824,4,No
1824,5,Yes
1824,6,No
1824,7,Yes
1824,8,No
1824,9,4
1825,10,Yes
1825,11,Yes
1825,12,Yes
1825,13,Yes
1825,14,Yes
1825,15,Yes
1825,16,Yes
1825,17,Yes
1825,18,4
1825,19,"Busy night, all tasks completed on time."
1826,1,Yes
1826,2,Yes
1826,3,Yes
1826,4,Yes
1826,5,Yes
1826,6,Yes
1826,7,Yes
1826,8,No
1826,9,5
1827,10,No
1827,11,Yes
1827,12,Yes
1827,13,Yes
1827,14,Yes
1827,15,Yes
1827,16,Yes
1827,17,No
1827,18,5
1827,19,Everything in order for tomorrow's opening.
1828,1,Yes
1828,2,Yes
1828,3,No
1828,4,Yes
1828,5,Yes
1828,6,No
1828,7,Yes
1828,8,Yes
1828,9,5
1829,10,Yes
1829,11,Yes
1829,12,Yes
1829,13,Yes
1829,14,Yes
1829,15,Yes
1829,16,Yes
1829,17,No
1829,18,4
1829,19,"All good, nothing to report."
1830,1,Yes
1830,2,Yes
1830,3,Yes
1830,4,Yes
1830,5,Yes
1830,6,Yes
1830,7,Yes
1830,8,No
1830,9,5
1831,10,Yes
1831,11,Yes
1831,12,Yes
1831,13,Yes
1831,14,Yes
1831,15,Yes
1831,16,Yes
1831,17,Yes
1831,18,5
1831,19,"Delivery arrived late, adjusted prep schedule."
1832,1,Yes
1832,2,Yes
1832,3,Yes
1832,4,Yes
1832,5,Yes
1832,6,Yes
1832,7,No
1832,8,Yes
1832,9,4
1833,10,Yes
1833,11,Yes
1833,12,Yes
1833,13,Yes
1833,14,Yes
1833,15,Yes
1833,16,Yes
1833,17,Yes
1833,18,2
1833,19,"Low stock on napkins, requested restock."
1834,1,Yes
1834,2,Yes
1834,3,Yes
1834,4,Yes
1834,5,No
1834,6,Yes
1834,7,Yes
1834,8,Yes
1834,9,4
1835,10,Yes
1835,11,No
1835,12,Yes
1835,13,Yes
1835,14,Yes
1835,15,Yes
1835,16,Yes
1835,17,Yes
1835,18,4
1835,19,"Quiet evening, no issues."
1836,1,Yes
1836,2,Yes
1836,3,Yes
1836,4,Yes
1836,5,Yes
1836,6,Yes
1836,7,Yes
1836,8,No
1836,9,3
1837,10,Yes
1837,11,No
1837,12,Yes
1837,13,Yes
1837,14,Yes
1837,15,Yes
1837,16,Yes
1837,17,Yes
1837,18,4
1837,19,All checks completed as normal.
1838,1,No
1838,2,Yes
1838,3,No
1838,4,Yes
1838,5,Yes
1838,6,No
1838,7,No
1838,8,No
1838,9,5
1839,10,Yes
1839,11,Yes
1839,12,No
1839,13,Yes
1839,14,Yes
1839,15,Yes
1839,16,Yes
1839,17,Yes
1839,18,4
1839,19,"Compressor on the walk-in cooler sounds off, flagging for maintenance."
1840,10,Yes
1840,11,Yes
1840,12,Yes
1840,13,Yes
1840,14,Yes
1840,15,Yes
1840,16,No
1840,17,Yes
1840,18,3
1840,19,Everything in order for tomorrow's opening.
1841,1,Yes
1841,2,No
1841,3,Yes
1841,4,Yes
1841,5,Yes
1841,6,Yes
1841,7,Yes
1841,8,No
1841,9,5
1842,1,Yes
1842,2,Yes
1842,3,Yes
1842,4,Yes
1842,5,Yes
1842,6,Yes
1842,7,Yes
1842,8,Yes
1842,9,5
1843,1,Yes
1843,2,Yes
1843,3,Yes
1843,4,Yes
1843,5,Yes
1843,6,Yes
1843,7,No
1843,8,Yes
1843,9,5
1844,10,Yes
1844,11,Yes
1844,12,Yes
1844,13,No
1844,14,No
1844,15,Yes
1844,16,No
1844,17,Yes
1844,18,4
1844,19,All checks completed as normal.
1845,10,Yes
1845,11,Yes
1845,12,Yes
1845,13,Yes
1845,14,Yes
1845,15,No
1845,16,Yes
1845,17,Yes
1845,18,3
1845,19,"Two crew members called in sick, closing took longer than usual."
1846,1,Yes
1846,2,Yes
1846,3,Yes
1846,4,Yes
1846,5,No
1846,6,Yes
1846,7,Yes
1846,8,Yes
1846,9,4
1847,1,Yes
1847,2,No
1847,3,Yes
1847,4,No
1847,5,Yes
1847,6,Yes
1847,7,Yes
1847,8,Yes
1847,9,4
1848,1,No
1848,2,No
1848,3,Yes
1848,4,Yes
1848,5,Yes
1848,6,Yes
1848,7,Yes
1848,8,Yes
1848,9,3
1849,10,No
1849,11,Yes
1849,12,Yes
1849,13,Yes
1849,14,Yes
1849,15,Yes
1849,16,Yes
1849,17,Yes
1849,18,3
1849,19,"Short-staffed again tonight, had to pull crew from other stations."
1850,1,Yes
1850,2,Yes
1850,3,No
1850,4,Yes
1850,5,No
1850,6,Yes
1850,7,Yes
1850,8,Yes
1850,9,4
1851,1,Yes
1851,2,No
1851,3,Yes
1851,4,No
1851,5,Yes
1851,6,Yes
1851,7,Yes
1851,8,Yes
1851,9,2
1852,1,No
1852,2,Yes
1852,3,No
1852,4,No
1852,5,Yes
1852,6,Yes
1852,7,Yes
1852,8,Yes
1852,9,4
1853,1,Yes
1853,2,Yes
1853,3,No
1853,4,Yes
1853,5,Yes
1853,6,Yes
1853,7,No
1853,8,Yes
1853,9,3
1854,10,No
1854,11,Yes
1854,12,Yes
1854,13,Yes
1854,14,Yes
1854,15,No
1854,16,No
1854,17,Yes
1854,18,5
1854,19,"Low stock on napkins, requested restock."
1855,10,Yes
1855,11,Yes
1855,12,Yes
1855,13,No
1855,14,Yes
1855,15,Yes
1855,16,No
1855,17,Yes
1855,18,1
1855,19,"Minor spill in dining area, cleaned promptly."
1856,10,No
1856,11,No
1856,12,No
1856,13,Yes
1856,14,Yes
1856,15,No
1856,16,Yes
1856,17,Yes
1856,18,4
1856,19,"Ice machine still making noise, might need service."
1857,10,Yes
1857,11,Yes
1857,12,Yes
1857,13,Yes
1857,14,Yes
1857,15,No
1857,16,Yes
1857,17,Yes
1857,18,3
1857,19,"Compressor on the walk-in cooler sounds off, flagging for maintenance."
1858,1,No
1858,2,No
1858,3,Yes
1858,4,Yes
1858,5,No
1858,6,Yes
1858,7,No
1858,8,Yes
1858,9,3
1859,1,Yes
1859,2,No
1859,3,No
1859,4,Yes
1859,5,Yes
1859,6,Yes
1859,7,Yes
1859,8,Yes
1859,9,2
1860,10,Yes
1860,11,Yes
1860,12,Yes
1860,13,Yes
1860,14,Yes
1860,15,Yes
1860,16,Yes
1860,17,Yes
1860,18,2
1860,19,"Busy night, all tasks completed on time."
1861,1,No
1861,2,Yes
1861,3,Yes
1861,4,Yes
1861,5,No
1861,6,Yes
1861,7,Yes
1861,8,No
1861,9,3
1862,10,Yes
1862,11,Yes
1862,12,No
1862,13,Yes
1862,14,Yes
1862,15,Yes
1862,16,Yes
1862,17,No
1862,18,4
1862,19,Slight delay in closing due to late customers.
1863,1,Yes
1863,2,Yes
1863,3,Yes
1863,4,No
1863,5,Yes
1863,6,No
1863,7,No
1863,8,Yes
1863,9,2
1864,10,Yes
1864,11,Yes
1864,12,No
1864,13,Yes
1864,14,Yes
1864,15,No
1864,16,Yes
1864,17,Yes
1864,18,5
1864,19,"All good, nothing to report."
1865,1,Yes
1865,2,Yes
1865,3,Yes
1865,4,No
1865,5,Yes
1865,6,Yes
1865,7,No
1865,8,Yes
1865,9,3
1866,10,Yes
1866,11,Yes
1866,12,No
1866,13,Yes
1866,14,No
1866,15,Yes
1866,16,Yes
1866,17,Yes
1866,18,3
1866,19,"Low stock on napkins, requested restock."
1867,10,Yes
1867,11,Yes
1867,12,Yes
1867,13,Yes
1867,14,No
1867,15,No
1867,16,Yes
1867,17,Yes
1867,18,3
1867,19,"Minor spill in dining area, cleaned promptly."
1868,10,No
1868,11,Yes
1868,12,Yes
1868,13,No
1868,14,Yes
1868,15,Yes
1868,16,Yes
1868,17,Yes
1868,18,4
1868,19,"Quiet evening, no issues."
1869,10,No
1869,11,No
1869,12,No
1869,13,No
1869,14,Yes
1869,15,No
1869,16,No
1869,17,Yes
1869,18,4
1869,19,"Walk-in freezer temperature crept up again this evening, keeping an eye on it."
1870,10,Yes
1870,11,Yes
1870,12,Yes
1870,13,Yes
1870,14,Yes
1870,15,Yes
1870,16,Yes
1870,17,Yes
1870,18,3
1870,19,"Ice machine still making noise, might need service."
1871,1,Yes
1871,2,No
1871,3,No
1871,4,No
1871,5,No
1871,6,Yes
1871,7,No
1871,8,Yes
1871,9,4
1872,10,Yes
1872,11,Yes
1872,12,Yes
1872,13,Yes
1872,14,Yes
1872,15,Yes
1872,16,No
1872,17,No
1872,18,4
1872,19,Everything in order for tomorrow's opening.
1873,1,No
1873,2,Yes
1873,3,No
1873,4,Yes
1873,5,Yes
1873,6,No
1873,7,No
1873,8,No
1873,9,3
1874,10,Yes
1874,11,Yes
1874,12,Yes
1874,13,Yes
1874,14,No
1874,15,Yes
1874,16,Yes
1874,17,No
1874,18,2
1874,19,All checks completed as normal.
1875,1,No
1875,2,Yes
1875,3,Yes
1875,4,No
1875,5,No
1875,6,Yes
1875,7,Yes
1875,8,No
1875,9,4
1876,10,Yes
1876,11,Yes
1876,12,No
1876,13,Yes
1876,14,No
1876,15,Yes
1876,16,Yes
1876,17,No
1876,18,3
1876,19,New crew member trained on register today.
1877,10,No
1877,11,No
1877,12,Yes
1877,13,Yes
1877,14,Yes
1877,15,Yes
1877,16,Yes
1877,17,No
1877,18,3
1877,19,"All good, nothing to report."
1878,1,Yes
1878,2,Yes
1878,3,Yes
1878,4,Yes
1878,5,Yes
1878,6,Yes
1878,7,No
1878,8,Yes
1878,9,2
1879,1,No
1879,2,Yes
1879,3,No
1879,4,Yes
1879,5,Yes
1879,6,No
1879,7,Yes
1879,8,Yes
1879,9,3
1880,1,No
1880,2,No
1880,3,Yes
1880,4,Yes
1880,5,No
1880,6,Yes
1880,7,No
1880,8,No
1880,9,3
1881,1,Yes
1881,2,No
1881,3,Yes
1881,4,Yes
1881,5,Yes
1881,6,No
1881,7,Yes
1881,8,Yes
1881,9,3
1882,10,Yes
1882,11,No
1882,12,No
1882,13,Yes
1882,14,Yes
1882,15,Yes
1882,16,Yes
1882,17,No
1882,18,2
1882,19,"All good, nothing to report."
1883,1,Yes
1883,2,No
1883,3,No
1883,4,No
1883,5,No
1883,6,Yes
1883,7,Yes
1883,8,Yes
1883,9,2
1884,10,No
1884,11,No
1884,12,Yes
1884,13,Yes
1884,14,No
1884,15,No
1884,16,No
1884,17,No
1884,18,3
1884,19,"Two crew members called in sick, closing took longer than usual."
1885,10,Yes
1885,11,No
1885,12,No
1885,13,Yes
1885,14,Yes
1885,15,No
1885,16,Yes
1885,17,No
1885,18,3
1885,19,All checks completed as normal.
1886,1,No
1886,2,Yes
1886,3,No
1886,4,No
1886,5,Yes
1886,6,Yes
1886,7,No
1886,8,Yes
1886,9,2
1887,1,Yes
1887,2,Yes
1887,3,No
1887,4,No
1887,5,Yes
1887,6,Yes
1887,7,Yes
1887,8,Yes
1887,9,4
1888,1,No
1888,2,Yes
1888,3,Yes
1888,4,Yes
1888,5,No
1888,6,No
1888,7,Yes
1888,8,Yes
1888,9,3
1889,10,No
1889,11,Yes
1889,12,No
1889,13,Yes
1889,14,Yes
1889,15,No
1889,16,Yes
1889,17,No
1889,18,2
1889,19,"Two crew members called in sick, closing took longer than usual."
1890,10,Yes
1890,11,Yes
1890,12,No
1890,13,Yes
1890,14,Yes
1890,15,No
1890,16,Yes
1890,17,No
1890,18,3
1890,19,"Walk-in freezer temperature crept up again this evening, keeping an eye on it."
1891,1,Yes
1891,2,No
1891,3,Yes
1891,4,Yes
1891,5,Yes
1891,6,Yes
1891,7,Yes
1891,8,Yes
1891,9,4
1892,10,Yes
1892,11,No
1892,12,No
1892,13,Yes
1892,14,Yes
1892,15,Yes
1892,16,Yes
1892,17,Yes
1892,18,3
1892,19,"Two crew members called in sick, closing took longer than usual."
1893,10,No
1893,11,Yes
1893,12,No
1893,13,No
1893,14,Yes
1893,15,No
1893,16,No
1893,17,No
1893,18,2
1893,19,Everything in order for tomorrow's opening.
1894,1,Yes
1894,2,No
1894,3,Yes
1894,4,Yes
1894,5,Yes
1894,6,Yes
1894,7,Yes
1894,8,No
1894,9,2
1895,10,No
1895,11,No
1895,12,Yes
1895,13,No
1895,14,No
1895,15,Yes
1895,16,Yes
1895,17,No
1895,18,3
1895,19,"Minor spill in dining area, cleaned promptly."
1896,1,No
1896,2,No
1896,3,Yes
1896,4,No
1896,5,Yes
1896,6,Yes
1896,7,No
1896,8,No
1896,9,1
1897,10,No
1897,11,No
1897,12,Yes
1897,13,No
1897,14,No
1897,15,No
1897,16,Yes
1897,17,Yes
1897,18,1
1897,19,"Walk-in freezer temperature crept up again this evening, keeping an eye on it."
1898,1,Yes
1898,2,No
1898,3,No
1898,4,Yes
1898,5,Yes
1898,6,Yes
1898,7,No
1898,8,Yes
1898,9,3
1899,1,Yes
1899,2,Yes
1899,3,No
1899,4,No
1899,5,No
1899,6,No
1899,7,Yes
1899,8,No
1899,9,3
1900,1,No
1900,2,No
1900,3,No
1900,4,No
1900,5,Yes
1900,6,No
1900,7,Yes
1900,8,No
1900,9,3
1901,10,Yes
1901,11,Yes
1901,12,Yes
1901,13,Yes
1901,14,No
1901,15,No
1901,16,No
1901,17,Yes
1901,18,3
1901,19,New crew member trained on register today.
1902,1,No
1902,2,No
1902,3,Yes
1902,4,Yes
1902,5,No
1902,6,No
1902,7,Yes
1902,8,Yes
1902,9,2
1903,10,Yes
1903,11,No
1903,12,Yes
1903,13,No
1903,14,Yes
1903,15,No
1903,16,Yes
1903,17,No
1903,18,4
1903,19,"Walk-in freezer temperature crept up again this evening, keeping an eye on it."
1904,10,No
1904,11,Yes
1904,12,No
1904,13,No
1904,14,No
1904,15,No
1904,16,Yes
1904,17,Yes
1904,18,2
1904,19,"All good, nothing to report."
1905,10,No
1905,11,No
1905,12,Yes
1905,13,No
1905,14,No
1905,15,Yes
1905,16,Yes
1905,17,No
1905,18,3
1905,19,"All good, nothing to report."
1906,1,No
1906,2,Yes
1906,3,Yes
1906,4,Yes
1906,5,No
1906,6,Yes
1906,7,No
1906,8,No
1906,9,2
1907,1,Yes
1907,2,No
1907,3,Yes
1907,4,No
1907,5,Yes
1907,6,Yes
1907,7,No
1907,8,No
1907,9,3
1908,10,No
1908,11,No
1908,12,Yes
1908,13,No
1908,14,No
1908,15,Yes
1908,16,Yes
1908,17,No
1908,18,2
1908,19,"All good, nothing to report."
1909,1,Yes
1909,2,No
1909,3,No
1909,4,No
1909,5,Yes
1909,6,Yes
1909,7,Yes
1909,8,No
1909,9,3
1910,10,Yes
1910,11,No
1910,12,Yes
1910,13,No
1910,14,Yes
1910,15,Yes
1910,16,Yes
1910,17,No
1910,18,3
1910,19,"Low stock on napkins, requested restock."
1911,1,Yes
1911,2,Yes
1911,3,No
1911,4,No
1911,5,Yes
1911,6,Yes
1911,7,No
1911,8,No
1911,9,3
1912,10,No
1912,11,Yes
1912,12,No
1912,13,No
1912,14,Yes
1912,15,No
1912,16,Yes
1912,17,Yes
1912,18,1
1912,19,"All good, nothing to report."
1913,1,No
1913,2,No
1913,3,No
1913,4,Yes
1913,5,No
1913,6,No
1913,7,Yes
1913,8,No
1913,9,2
1914,10,No
1914,11,No
1914,12,Yes
1914,13,No
1914,14,Yes
1914,15,Yes
1914,16,Yes
1914,17,No
1914,18,3
1914,19,"Two crew members called in sick, closing took longer than usual."
1915,1,No
1915,2,Yes
1915,3,No
1915,4,No
1915,5,No
1915,6,No
1915,7,Yes
1915,8,No
1915,9,2
1916,1,Yes
1916,2,Yes
1916,3,Yes
1916,4,Yes
1916,5,Yes
1916,6,Yes
1916,7,Yes
1916,8,Yes
1916,9,5
1917,10,Yes
1917,11,Yes
1917,12,Yes
1917,13,Yes
1917,14,Yes
1917,15,Yes
1917,16,Yes
1917,17,Yes
1917,18,4
1917,19,Slight delay in closing due to late customers.
1918,1,Yes
1918,2,Yes
1918,3,Yes
1918,4,Yes
1918,5,No
1918,6,No
1918,7,Yes
1918,8,Yes
1918,9,5
1919,10,Yes
1919,11,Yes
1919,12,Yes
1919,13,Yes
1919,14,Yes
1919,15,Yes
1919,16,Yes
1919,17,Yes
1919,18,3
1919,19,"Delivery arrived late, adjusted prep schedule."
1920,1,Yes
1920,2,Yes
1920,3,Yes
1920,4,Yes
1920,5,Yes
1920,6,Yes
1920,7,Yes
1920,8,Yes
1920,9,3
1921,10,Yes
1921,11,Yes
1921,12,Yes
1921,13,Yes
1921,14,Yes
1921,15,Yes
1921,16,Yes
1921,17,Yes
1921,18,4
1921,19,Slight delay in closing due to late customers.
1922,1,Yes
1922,2,Yes
1922,3,Yes
1922,4,Yes
1922,5,Yes
1922,6,Yes
1922,7,Yes
1922,8,No
1922,9,3
1923,10,Yes
1923,11,Yes
1923,12,Yes
1923,13,Yes
1923,14,Yes
1923,15,Yes
1923,16,Yes
1923,17,Yes
1923,18,5
1923,19,"Quiet evening, no issues."
1924,1,Yes
1924,2,Yes
1924,3,Yes
1924,4,Yes
1924,5,Yes
1924,6,Yes
1924,7,Yes
1924,8,Yes
1924,9,4
1925,10,Yes
1925,11,Yes
1925,12,No
1925,13,Yes
1925,14,Yes
1925,15,Yes
1925,16,Yes
1925,17,Yes
1925,18,2
1925,19,"Minor spill in dining area, cleaned promptly."
1926,1,Yes
1926,2,Yes
1926,3,Yes
1926,4,Yes
1926,5,Yes
1926,6,Yes
1926,7,Yes
1926,8,Yes
1926,9,4
1927,10,Yes
1927,11,Yes
1927,12,Yes
1927,13,Yes
1927,14,Yes
1927,15,Yes
1927,16,Yes
1927,17,Yes
1927,18,5
1927,19,New crew member trained on register today.
1928,1,Yes
1928,2,Yes
1928,3,Yes
1928,4,Yes
1928,5,Yes
1928,6,Yes
1928,7,Yes
1928,8,Yes
1928,9,4
1929,10,Yes
1929,11,Yes
1929,12,Yes
1929,13,No
1929,14,Yes
1929,15,Yes
1929,16,Yes
1929,17,Yes
1929,18,4
1929,19,New crew member trained on register today.
1930,1,Yes
1930,2,Yes
1930,3,Yes
1930,4,Yes
1930,5,Yes
1930,6,Yes
1930,7,Yes
1930,8,Yes
1930,9,4
1931,10,Yes
1931,11,Yes
1931,12,Yes
1931,13,Yes
1931,14,Yes
1931,15,Yes
1931,16,Yes
1931,17,Yes
1931,18,4
1931,19,New crew member trained on register today.
1932,1,Yes
1932,2,Yes
1932,3,Yes
1932,4,Yes
1932,5,Yes
1932,6,Yes
1932,7,No
1932,8,Yes
1932,9,5
1933,1,Yes
1933,2,Yes
1933,3,Yes
1933,4,Yes
1933,5,Yes
1933,6,Yes
1933,7,Yes
1933,8,Yes
1933,9,5
1934,10,Yes
1934,11,Yes
1934,12,Yes
1934,13,Yes
1934,14,Yes
1934,15,Yes
1934,16,Yes
1934,17,Yes
1934,18,4
1934,19,Slight delay in closing due to late customers.
1935,1,Yes
1935,2,Yes
1935,3,Yes
1935,4,Yes
1935,5,Yes
1935,6,Yes
1935,7,Yes
1935,8,Yes
1935,9,5
1936,10,Yes
1936,11,Yes
1936,12,Yes
1936,13,Yes
1936,14,Yes
1936,15,Yes
1936,16,Yes
1936,17,Yes
1936,18,3
1936,19,"Minor spill in dining area, cleaned promptly."
1937,1,Yes
1937,2,Yes
1937,3,Yes
1937,4,Yes
1937,5,Yes
1937,6,Yes
1937,7,Yes
1937,8,Yes
1937,9,4
1938,10,Yes
1938,11,Yes
1938,12,Yes
1938,13,Yes
1938,14,Yes
1938,15,Yes
1938,16,Yes
1938,17,Yes
1938,18,4
1938,19,Everything in order for tomorrow's opening.
1939,1,Yes
1939,2,Yes
1939,3,Yes
1939,4,Yes
1939,5,Yes
1939,6,Yes
1939,7,Yes
1939,8,Yes
1939,9,5
1940,10,Yes
1940,11,Yes
1940,12,Yes
1940,13,Yes
1940,14,Yes
1940,15,Yes
1940,16,Yes
1940,17,Yes
1940,18,5
1940,19,"All good, nothing to report."
1941,1,Yes
1941,2,Yes
1941,3,Yes
1941,4,Yes
1941,5,Yes
1941,6,Yes
1941,7,Yes
1941,8,Yes
1941,9,4
1942,10,Yes
1942,11,Yes
1942,12,Yes
1942,13,Yes
1942,14,Yes
1942,15,Yes
1942,16,Yes
1942,17,Yes
1942,18,3
1942,19,"Delivery arrived late, adjusted prep schedule."
1943,1,Yes
1943,2,Yes
1943,3,Yes
1943,4,Yes
1943,5,Yes
1943,6,Yes
1943,7,Yes
1943,8,Yes
1943,9,4
1944,10,Yes
1944,11,Yes
1944,12,Yes
1944,13,Yes
1944,14,Yes
1944,15,Yes
1944,16,Yes
1944,17,Yes
1944,18,4
1944,19,All checks completed as normal.
1945,1,Yes
1945,2,Yes
1945,3,Yes
1945,4,Yes
1945,5,Yes
1945,6,Yes
1945,7,Yes
1945,8,Yes
1945,9,3
1946,10,Yes
1946,11,Yes
1946,12,Yes
1946,13,Yes
1946,14,Yes
1946,15,Yes
1946,16,Yes
1946,17,Yes
1946,18,4
1946,19,"Busy night, all tasks completed on time."
1947,1,Yes
1947,2,Yes
1947,3,Yes
1947,4,Yes
1947,5,Yes
1947,6,Yes
1947,7,Yes
1947,8,Yes
1947,9,4
1948,10,Yes
1948,11,Yes
1948,12,Yes
1948,13,Yes
1948,14,Yes
1948,15,Yes
1948,16,Yes
1948,17,Yes
1948,18,5
1948,19,Slight delay in closing due to late customers.
1949,1,Yes
1949,2,Yes
1949,3,Yes
1949,4,Yes
1949,5,Yes
1949,6,Yes
1949,7,Yes
1949,8,Yes
1949,9,4
1950,10,Yes
1950,11,Yes
1950,12,Yes
1950,13,Yes
1950,14,Yes
1950,15,Yes
1950,16,Yes
1950,17,Yes
1950,18,5
1950,19,Everything in order for tomorrow's opening.
1951,1,Yes
1951,2,Yes
1951,3,Yes
1951,4,Yes
1951,5,Yes
1951,6,Yes
1951,7,Yes
1951,8,No
1951,9,3
1952,10,Yes
1952,11,Yes
1952,12,Yes
1952,13,Yes
1952,14,Yes
1952,15,Yes
1952,16,Yes
1952,17,Yes
1952,18,4
1952,19,Slight delay in closing due to late customers.
1953,1,Yes
1953,2,Yes
1953,3,Yes
1953,4,Yes
1953,5,Yes
1953,6,Yes
1953,7,Yes
1953,8,Yes
1953,9,3
1954,10,Yes
1954,11,Yes
1954,12,Yes
1954,13,Yes
1954,14,Yes
1954,15,Yes
1954,16,Yes
1954,17,No
1954,18,5
1954,19,"Busy night, all tasks completed on time."
1955,1,Yes
1955,2,Yes
1955,3,Yes
1955,4,Yes
1955,5,Yes
1955,6,Yes
1955,7,Yes
1955,8,Yes
1955,9,4
1956,10,Yes
1956,11,Yes
1956,12,Yes
1956,13,Yes
1956,14,Yes
1956,15,Yes
1956,16,Yes
1956,17,Yes
1956,18,3
1956,19,Everything in order for tomorrow's opening.
1957,1,Yes
1957,2,Yes
1957,3,Yes
1957,4,Yes
1957,5,Yes
1957,6,Yes
1957,7,Yes
1957,8,Yes
1957,9,4
1958,10,Yes
1958,11,Yes
1958,12,Yes
1958,13,Yes
1958,14,Yes
1958,15,Yes
1958,16,Yes
1958,17,Yes
1958,18,3
1958,19,"Delivery arrived late, adjusted prep schedule."
1959,10,Yes
1959,11,Yes
1959,12,Yes
1959,13,Yes
1959,14,Yes
1959,15,Yes
1959,16,Yes
1959,17,Yes
1959,18,4
1959,19,All checks completed as normal.
1960,1,Yes
1960,2,Yes
1960,3,Yes
1960,4,Yes
1960,5,Yes
1960,6,Yes
1960,7,Yes
1960,8,No
1960,9,2
1961,10,Yes
1961,11,Yes
1961,12,Yes
1961,13,Yes
1961,14,Yes
1961,15,Yes
1961,16,Yes
1961,17,No
1961,18,4
1961,19,All checks completed as normal.
1962,1,Yes
1962,2,Yes
1962,3,Yes
1962,4,Yes
1962,5,Yes
1962,6,Yes
1962,7,Yes
1962,8,No
1962,9,4
1963,10,Yes
1963,11,Yes
1963,12,Yes
1963,13,Yes
1963,14,Yes
1963,15,Yes
1963,16,Yes
1963,17,Yes
1963,18,5
1963,19,"Low stock on napkins, requested restock."
1964,1,Yes
1964,2,Yes
1964,3,Yes
1964,4,Yes
1964,5,Yes
1964,6,Yes
1964,7,Yes
1964,8,Yes
1964,9,4
1965,10,Yes
1965,11,Yes
1965,12,Yes
1965,13,Yes
1965,14,Yes
1965,15,Yes
1965,16,No
1965,17,Yes
1965,18,5
1965,19,"Delivery arrived late, adjusted prep schedule."
1966,1,Yes
1966,2,Yes
1966,3,Yes
1966,4,Yes
1966,5,Yes
1966,6,Yes
1966,7,Yes
1966,8,Yes
1966,9,5
1967,10,Yes
1967,11,Yes
1967,12,Yes
1967,13,Yes
1967,14,Yes
1967,15,Yes
1967,16,Yes
1967,17,No
1967,18,4
1967,19,"Delivery arrived late, adjusted prep schedule."
1968,1,Yes
1968,2,Yes
1968,3,Yes
1968,4,Yes
1968,5,Yes
1968,6,Yes
1968,7,Yes
1968,8,Yes
1968,9,3
1969,1,Yes
1969,2,Yes
1969,3,Yes
1969,4,Yes
1969,5,Yes
1969,6,Yes
1969,7,Yes
1969,8,Yes
1969,9,4
1970,10,Yes
1970,11,Yes
1970,12,Yes
1970,13,Yes
1970,14,Yes
1970,15,Yes
1970,16,Yes
1970,17,Yes
1970,18,4
1970,19,Slight delay in closing due to late customers.
1971,1,Yes
1971,2,Yes
1971,3,Yes
1971,4,Yes
1971,5,Yes
1971,6,Yes
1971,7,Yes
1971,8,Yes
1971,9,3
1972,10,Yes
1972,11,Yes
1972,12,Yes
1972,13,Yes
1972,14,Yes
1972,15,Yes
1972,16,Yes
1972,17,Yes
1972,18,3
1972,19,"Quiet evening, no issues."
1973,1,Yes
1973,2,Yes
1973,3,Yes
1973,4,Yes
1973,5,Yes
1973,6,Yes
1973,7,Yes
1973,8,Yes
1973,9,2
1974,10,Yes
1974,11,Yes
1974,12,Yes
1974,13,Yes
1974,14,Yes
1974,15,Yes
1974,16,Yes
1974,17,Yes
1974,18,3
1974,19,Everything in order for tomorrow's opening.
1975,1,Yes
1975,2,Yes
1975,3,Yes
1975,4,Yes
1975,5,Yes
1975,6,Yes
1975,7,Yes
1975,8,Yes
1975,9,5
1976,10,Yes
1976,11,Yes
1976,12,Yes
1976,13,Yes
1976,14,Yes
1976,15,Yes
1976,16,Yes
1976,17,Yes
1976,18,3
1976,19,"Delivery arrived late, adjusted prep schedule."
1977,1,Yes
1977,2,No
1977,3,Yes
1977,4,Yes
1977,5,Yes
1977,6,Yes
1977,7,Yes
1977,8,Yes
1977,9,5
1978,10,Yes
1978,11,Yes
1978,12,Yes
1978,13,Yes
1978,14,No
1978,15,Yes
1978,16,Yes
1978,17,Yes
1978,18,5
1978,19,Slight delay in closing due to late customers.
1979,1,Yes
1979,2,Yes
1979,3,Yes
1979,4,Yes
1979,5,Yes
1979,6,Yes
1979,7,Yes
1979,8,Yes
1979,9,3
1980,10,Yes
1980,11,Yes
1980,12,Yes
1980,13,Yes
1980,14,Yes
1980,15,Yes
1980,16,Yes
1980,17,Yes
1980,18,3
1980,19,Everything in order for tomorrow's opening.
1981,1,Yes
1981,2,No
1981,3,Yes
1981,4,Yes
1981,5,No
1981,6,Yes
1981,7,Yes
1981,8,Yes
1981,9,4
1982,10,Yes
1982,11,Yes
1982,12,Yes
1982,13,Yes
1982,14,Yes
1982,15,Yes
1982,16,Yes
1982,17,Yes
1982,18,4
1982,19,All checks completed as normal.
1983,1,Yes
1983,2,No
1983,3,Yes
1983,4,Yes
1983,5,Yes
1983,6,Yes
1983,7,Yes
1983,8,No
1983,9,5
1984,10,Yes
1984,11,Yes
1984,12,Yes
1984,13,Yes
1984,14,Yes
1984,15,Yes
1984,16,No
1984,17,Yes
1984,18,3
1984,19,Everything in order for tomorrow's opening.
1985,1,No
1985,2,Yes
1985,3,Yes
1985,4,Yes
1985,5,Yes
1985,6,Yes
1985,7,Yes
1985,8,Yes
1985,9,5
1986,10,Yes
1986,11,Yes
1986,12,Yes
1986,13,Yes
1986,14,Yes
1986,15,Yes
1986,16,No
1986,17,Yes
1986,18,4
1986,19,"Busy night, all tasks completed on time."
1987,1,Yes
1987,2,Yes
1987,3,Yes
1987,4,Yes
1987,5,Yes
1987,6,No
1987,7,Yes
1987,8,No
1987,9,4
1988,10,Yes
1988,11,Yes
1988,12,Yes
1988,13,Yes
1988,14,Yes
1988,15,Yes
1988,16,Yes
1988,17,Yes
1988,18,3
1988,19,"Low stock on napkins, requested restock."
1989,1,Yes
1989,2,Yes
1989,3,Yes
1989,4,Yes
1989,5,Yes
1989,6,Yes
1989,7,Yes
1989,8,No
1989,9,4
1990,10,Yes
1990,11,Yes
1990,12,Yes
1990,13,Yes
1990,14,Yes
1990,15,Yes
1990,16,Yes
1990,17,Yes
1990,18,4
1990,19,Everything in order for tomorrow's opening.
1991,1,Yes
1991,2,Yes
1991,3,Yes
1991,4,Yes
1991,5,Yes
1991,6,Yes
1991,7,Yes
1991,8,Yes
1991,9,4
1992,10,Yes
1992,11,Yes
1992,12,No
1992,13,Yes
1992,14,Yes
1992,15,Yes
1992,16,Yes
1992,17,Yes
1992,18,4
1992,19,"Quiet evening, no issues."
1993,1,Yes
1993,2,Yes
1993,3,Yes
1993,4,Yes
1993,5,Yes
1993,6,Yes
1993,7,No
1993,8,Yes
1993,9,4
1994,10,Yes
1994,11,Yes
1994,12,Yes
1994,13,Yes
1994,14,No
1994,15,Yes
1994,16,Yes
1994,17,Yes
1994,18,5
1994,19,"Busy night, all tasks completed on time."
1995,1,Yes
1995,2,Yes
1995,3,Yes
1995,4,Yes
1995,5,Yes
1995,6,Yes
1995,7,Yes
1995,8,Yes
1995,9,4
1996,10,Yes
1996,11,Yes
1996,12,Yes
1996,13,Yes
1996,14,Yes
1996,15,Yes
1996,16,Yes
1996,17,Yes
1996,18,5
1996,19,"All good, nothing to report."
1997,1,Yes
1997,2,Yes
1997,3,Yes
1997,4,No
1997,5,Yes
1997,6,Yes
1997,7,Yes
1997,8,Yes
1997,9,5
1998,1,Yes
1998,2,Yes
1998,3,Yes
1998,4,No
1998,5,Yes
1998,6,Yes
1998,7,Yes
1998,8,No
1998,9,4
1999,10,Yes
1999,11,Yes
1999,12,Yes
1999,13,Yes
1999,14,Yes
1999,15,Yes
1999,16,Yes
1999,17,Yes
1999,18,4
1999,19,"All good, nothing to report."
2000,1,Yes
2000,2,Yes
2000,3,Yes
2000,4,Yes
2000,5,Yes
2000,6,Yes
2000,7,Yes
2000,8,No
2000,9,4
2001,10,Yes
2001,11,Yes
2001,12,Yes
2001,13,Yes
2001,14,Yes
2001,15,Yes
2001,16,Yes
2001,17,Yes
2001,18,4
2001,19,"Minor spill in dining area, cleaned promptly."
2002,1,Yes
2002,2,Yes
2002,3,Yes
2002,4,Yes
2002,5,Yes
2002,6,Yes
2002,7,Yes
2002,8,Yes
2002,9,4
2003,10,Yes
2003,11,Yes
2003,12,Yes
2003,13,Yes
2003,14,Yes
2003,15,Yes
2003,16,Yes
2003,17,Yes
2003,18,4
2003,19,"Low stock on napkins, requested restock."
2004,1,Yes
2004,2,Yes
2004,3,Yes
2004,4,Yes
2004,5,Yes
2004,6,Yes
2004,7,Yes
2004,8,Yes
2004,9,4
2005,10,Yes
2005,11,Yes
2005,12,Yes
2005,13,Yes
2005,14,Yes
2005,15,Yes
2005,16,Yes
2005,17,Yes
2005,18,4
2005,19,"Low stock on napkins, requested restock."
2006,1,Yes
2006,2,Yes
2006,3,Yes
2006,4,Yes
2006,5,Yes
2006,6,Yes
2006,7,Yes
2006,8,Yes
2006,9,4
2007,10,No
2007,11,Yes
2007,12,Yes
2007,13,Yes
2007,14,Yes
2007,15,Yes
2007,16,Yes
2007,17,Yes
2007,18,5
2007,19,"All good, nothing to report."
2008,10,Yes
2008,11,Yes
2008,12,Yes
2008,13,Yes
2008,14,Yes
2008,15,Yes
2008,16,Yes
2008,17,Yes
2008,18,4
2008,19,"Minor spill in dining area, cleaned promptly."
2009,1,Yes
2009,2,Yes
2009,3,Yes
2009,4,Yes
2009,5,Yes
2009,6,Yes
2009,7,Yes
2009,8,Yes
2009,9,5
2010,10,Yes
2010,11,Yes
2010,12,Yes
2010,13,Yes
2010,14,Yes
2010,15,Yes
2010,16,Yes
2010,17,Yes
2010,18,4
2010,19,All checks completed as normal.
2011,1,Yes
2011,2,Yes
2011,3,Yes
2011,4,Yes
2011,5,No
2011,6,Yes
2011,7,Yes
2011,8,Yes
2011,9,3
2012,10,Yes
2012,11,Yes
2012,12,Yes
2012,13,Yes
2012,14,Yes
2012,15,Yes
2012,16,No
2012,17,Yes
2012,18,4
2012,19,Slight delay in closing due to late customers.
2013,1,Yes
2013,2,Yes
2013,3,Yes
2013,4,Yes
2013,5,Yes
2013,6,Yes
2013,7,Yes
2013,8,Yes
2013,9,4
2014,10,Yes
2014,11,Yes
2014,12,Yes
2014,13,No
2014,14,Yes
2014,15,No
2014,16,Yes
2014,17,Yes
2014,18,4
2014,19,"Low stock on napkins, requested restock."
2015,1,Yes
2015,2,Yes
2015,3,Yes
2015,4,Yes
2015,5,Yes
2015,6,Yes
2015,7,Yes
2015,8,Yes
2015,9,2
2016,10,Yes
2016,11,Yes
2016,12,Yes
2016,13,Yes
2016,14,Yes
2016,15,Yes
2016,16,Yes
2016,17,Yes
2016,18,5
2016,19,Slight delay in closing due to late customers.
2017,1,Yes
2017,2,Yes
2017,3,Yes
2017,4,Yes
2017,5,Yes
2017,6,Yes
2017,7,Yes
2017,8,No
2017,9,4
2018,10,Yes
2018,11,Yes
2018,12,Yes
2018,13,Yes
2018,14,Yes
2018,15,Yes
2018,16,Yes
2018,17,Yes
2018,18,5
2018,19,"Delivery arrived late, adjusted prep schedule."
2019,1,Yes
2019,2,Yes
2019,3,Yes
2019,4,Yes
2019,5,Yes
2019,6,Yes
2019,7,No
2019,8,Yes
2019,9,4
2020,10,Yes
2020,11,Yes
2020,12,Yes
2020,13,Yes
2020,14,Yes
2020,15,Yes
2020,16,Yes
2020,17,No
2020,18,5
2020,19,Slight delay in closing due to late customers.
2021,1,Yes
2021,2,Yes
2021,3,Yes
2021,4,Yes
2021,5,Yes
2021,6,Yes
2021,7,Yes
2021,8,No
2021,9,4
2022,10,Yes
2022,11,Yes
2022,12,Yes
2022,13,Yes
2022,14,Yes
2022,15,Yes
2022,16,Yes
2022,17,Yes
2022,18,4
2022,19,New crew member trained on register today.
2023,1,Yes
2023,2,Yes
2023,3,Yes
2023,4,No
2023,5,Yes
2023,6,Yes
2023,7,Yes
2023,8,Yes
2023,9,3
2024,10,Yes
2024,11,Yes
2024,12,Yes
2024,13,Yes
2024,14,Yes
2024,15,Yes
2024,16,Yes
2024,17,Yes
2024,18,5
2024,19,Everything in order for tomorrow's opening.
2025,1,Yes
2025,2,Yes
2025,3,Yes
2025,4,Yes
2025,5,Yes
2025,6,Yes
2025,7,Yes
2025,8,Yes
2025,9,3
2026,10,Yes
2026,11,Yes
2026,12,Yes
2026,13,Yes
2026,14,Yes
2026,15,Yes
2026,16,Yes
2026,17,Yes
2026,18,4
2026,19,All checks completed as normal.
2027,1,Yes
2027,2,Yes
2027,3,Yes
2027,4,Yes
2027,5,Yes
2027,6,Yes
2027,7,Yes
2027,8,Yes
2027,9,2
2028,10,Yes
2028,11,Yes
2028,12,Yes
2028,13,Yes
2028,14,Yes
2028,15,Yes
2028,16,Yes
2028,17,Yes
2028,18,5
2028,19,"Minor spill in dining area, cleaned promptly."
2029,1,Yes
2029,2,Yes
2029,3,Yes
2029,4,Yes
2029,5,Yes
2029,6,Yes
2029,7,Yes
2029,8,Yes
2029,9,4
2030,1,Yes
2030,2,Yes
2030,3,Yes
2030,4,Yes
2030,5,Yes
2030,6,Yes
2030,7,Yes
2030,8,Yes
2030,9,4
2031,10,No
2031,11,Yes
2031,12,Yes
2031,13,Yes
2031,14,Yes
2031,15,Yes
2031,16,Yes
2031,17,Yes
2031,18,5
2031,19,Everything in order for tomorrow's opening.
2032,1,Yes
2032,2,Yes
2032,3,Yes
2032,4,Yes
2032,5,Yes
2032,6,Yes
2032,7,Yes
2032,8,No
2032,9,5
2033,10,Yes
2033,11,Yes
2033,12,Yes
2033,13,Yes
2033,14,Yes
2033,15,Yes
2033,16,Yes
2033,17,Yes
2033,18,4
2033,19,"Quiet evening, no issues."
2034,1,Yes
2034,2,Yes
2034,3,No
2034,4,Yes
2034,5,No
2034,6,Yes
2034,7,Yes
2034,8,Yes
2034,9,4
2035,10,Yes
2035,11,Yes
2035,12,Yes
2035,13,Yes
2035,14,Yes
2035,15,Yes
2035,16,Yes
2035,17,Yes
2035,18,4
2035,19,"Low stock on napkins, requested restock."
2036,1,No
2036,2,Yes
2036,3,Yes
2036,4,Yes
2036,5,Yes
2036,6,Yes
2036,7,Yes
2036,8,Yes
2036,9,4
2037,10,Yes
2037,11,Yes
2037,12,No
2037,13,Yes
2037,14,Yes
2037,15,Yes
2037,16,Yes
2037,17,Yes
2037,18,5
2037,19,"Quiet evening, no issues."
2038,1,Yes
2038,2,No
2038,3,Yes
2038,4,Yes
2038,5,Yes
2038,6,Yes
2038,7,Yes
2038,8,Yes
2038,9,3
2039,10,Yes
2039,11,Yes
2039,12,Yes
2039,13,Yes
2039,14,Yes
2039,15,Yes
2039,16,Yes
2039,17,Yes
2039,18,2
2039,19,All checks completed as normal.
2040,1,Yes
2040,2,Yes
2040,3,Yes
2040,4,Yes
2040,5,Yes
2040,6,Yes
2040,7,Yes
2040,8,No
2040,9,5
2041,10,Yes
2041,11,Yes
2041,12,Yes
2041,13,Yes
2041,14,Yes
2041,15,Yes
2041,16,Yes
2041,17,Yes
2041,18,3
2041,19,All checks completed as normal.
2042,10,Yes
2042,11,Yes
2042,12,Yes
2042,13,Yes
2042,14,Yes
2042,15,Yes
2042,16,Yes
2042,17,Yes
2042,18,4
2042,19,"Delivery arrived late, adjusted prep schedule."
2043,1,Yes
2043,2,Yes
2043,3,Yes
2043,4,Yes
2043,5,Yes
2043,6,Yes
2043,7,Yes
2043,8,No
2043,9,3
2044,10,Yes
2044,11,Yes
2044,12,Yes
2044,13,Yes
2044,14,Yes
2044,15,Yes
2044,16,Yes
2044,17,Yes
2044,18,5
2044,19,"Minor spill in dining area, cleaned promptly."
2045,1,Yes
2045,2,Yes
2045,3,Yes
2045,4,Yes
2045,5,Yes
2045,6,Yes
2045,7,Yes
2045,8,Yes
2045,9,3
2046,10,Yes
2046,11,Yes
2046,12,Yes
2046,13,No
2046,14,Yes
2046,15,Yes
2046,16,Yes
2046,17,Yes
2046,18,5
2046,19,New crew member trained on register today.
2047,10,Yes
2047,11,Yes
2047,12,Yes
2047,13,Yes
2047,14,Yes
2047,15,Yes
2047,16,Yes
2047,17,Yes
2047,18,4
2047,19,"All good, nothing to report."
2048,1,Yes
2048,2,Yes
2048,3,Yes
2048,4,Yes
2048,5,Yes
2048,6,Yes
2048,7,Yes
2048,8,Yes
2048,9,4
2049,10,Yes
2049,11,Yes
2049,12,Yes
2049,13,No
2049,14,Yes
2049,15,Yes
2049,16,Yes
2049,17,Yes
2049,18,4
2049,19,"Minor spill in dining area, cleaned promptly."
2050,1,Yes
2050,2,Yes
2050,3,Yes
2050,4,Yes
2050,5,Yes
2050,6,Yes
2050,7,Yes
2050,8,Yes
2050,9,4
2051,10,Yes
2051,11,Yes
2051,12,Yes
2051,13,Yes
2051,14,Yes
2051,15,Yes
2051,16,Yes
2051,17,Yes
2051,18,5
2051,19,"Minor spill in dining area, cleaned promptly."
2052,1,Yes
2052,2,Yes
2052,3,Yes
2052,4,Yes
2052,5,No
2052,6,Yes
2052,7,Yes
2052,8,Yes
2052,9,3
2053,10,Yes
2053,11,Yes
2053,12,Yes
2053,13,Yes
2053,14,Yes
2053,15,Yes
2053,16,Yes
2053,17,Yes
2053,18,4
2053,19,Slight delay in closing due to late customers.
2054,1,Yes
2054,2,Yes
2054,3,Yes
2054,4,Yes
2054,5,Yes
2054,6,Yes
2054,7,Yes
2054,8,Yes
2054,9,5
2055,10,Yes
2055,11,Yes
2055,12,Yes
2055,13,Yes
2055,14,Yes
2055,15,Yes
2055,16,Yes
2055,17,Yes
2055,18,4
2055,19,Slight delay in closing due to late customers.
2056,1,Yes
2056,2,Yes
2056,3,Yes
2056,4,Yes
2056,5,No
2056,6,Yes
2056,7,Yes
2056,8,No
2056,9,5
2057,10,Yes
2057,11,Yes
2057,12,Yes
2057,13,Yes
2057,14,Yes
2057,15,Yes
2057,16,Yes
2057,17,Yes
2057,18,4
2057,19,"Minor spill in dining area, cleaned promptly."
2058,1,Yes
2058,2,Yes
2058,3,Yes
2058,4,Yes
2058,5,Yes
2058,6,Yes
2058,7,Yes
2058,8,Yes
2058,9,5
2059,10,Yes
2059,11,Yes
2059,12,Yes
2059,13,Yes
2059,14,Yes
2059,15,Yes
2059,16,Yes
2059,17,Yes
2059,18,5
2059,19,"Busy night, all tasks completed on time."
2060,1,Yes
2060,2,Yes
2060,3,Yes
2060,4,Yes
2060,5,Yes
2060,6,Yes
2060,7,Yes
2060,8,No
2060,9,4
2061,1,Yes
2061,2,Yes
2061,3,Yes
2061,4,Yes
2061,5,No
2061,6,Yes
2061,7,Yes
2061,8,Yes
2061,9,4
2062,10,Yes
2062,11,Yes
2062,12,Yes
2062,13,Yes
2062,14,Yes
2062,15,Yes
2062,16,Yes
2062,17,Yes
2062,18,5
2062,19,Slight delay in closing due to late customers.
2063,1,Yes
2063,2,Yes
2063,3,Yes
2063,4,Yes
2063,5,Yes
2063,6,Yes
2063,7,Yes
2063,8,Yes
2063,9,3
2064,10,Yes
2064,11,Yes
2064,12,Yes
2064,13,Yes
2064,14,Yes
2064,15,Yes
2064,16,Yes
2064,17,No
2064,18,4
2064,19,"All good, nothing to report."
2065,1,Yes
2065,2,Yes
2065,3,Yes
2065,4,Yes
2065,5,Yes
2065,6,Yes
2065,7,Yes
2065,8,Yes
2065,9,3
2066,10,No
2066,11,Yes
2066,12,Yes
2066,13,Yes
2066,14,Yes
2066,15,Yes
2066,16,Yes
2066,17,Yes
2066,18,5
2066,19,All checks completed as normal.
2067,1,Yes
2067,2,Yes
2067,3,Yes
2067,4,Yes
2067,5,Yes
2067,6,Yes
2067,7,Yes
2067,8,Yes
2067,9,5
2068,10,Yes
2068,11,Yes
2068,12,Yes
2068,13,Yes
2068,14,Yes
2068,15,Yes
2068,16,Yes
2068,17,Yes
2068,18,3
2068,19,"All good, nothing to report."
2069,10,Yes
2069,11,Yes
2069,12,Yes
2069,13,Yes
2069,14,Yes
2069,15,Yes
2069,16,Yes
2069,17,Yes
2069,18,3
2069,19,Everything in order for tomorrow's opening.
2070,1,Yes
2070,2,Yes
2070,3,Yes
2070,4,Yes
2070,5,Yes
2070,6,Yes
2070,7,Yes
2070,8,Yes
2070,9,5
2071,10,Yes
2071,11,Yes
2071,12,Yes
2071,13,Yes
2071,14,Yes
2071,15,Yes
2071,16,No
2071,17,Yes
2071,18,4
2071,19,"Busy night, all tasks completed on time."
2072,1,Yes
2072,2,Yes
2072,3,Yes
2072,4,Yes
2072,5,Yes
2072,6,Yes
2072,7,Yes
2072,8,No
2072,9,5
2073,10,Yes
2073,11,Yes
2073,12,Yes
2073,13,Yes
2073,14,Yes
2073,15,Yes
2073,16,Yes
2073,17,Yes
2073,18,3
2073,19,"Busy night, all tasks completed on time."
2074,1,Yes
2074,2,Yes
2074,3,Yes
2074,4,Yes
2074,5,No
2074,6,Yes
2074,7,Yes
2074,8,Yes
2074,9,5
2075,1,Yes
2075,2,Yes
2075,3,Yes
2075,4,Yes
2075,5,Yes
2075,6,Yes
2075,7,Yes
2075,8,Yes
2075,9,3
2076,10,Yes
2076,11,Yes
2076,12,Yes
2076,13,Yes
2076,14,Yes
2076,15,Yes
2076,16,Yes
2076,17,Yes
2076,18,4
2076,19,"Minor spill in dining area, cleaned promptly."
2077,1,Yes
2077,2,Yes
2077,3,Yes
2077,4,Yes
2077,5,Yes
2077,6,Yes
2077,7,Yes
2077,8,Yes
2077,9,3
2078,10,Yes
2078,11,Yes
2078,12,Yes
2078,13,Yes
2078,14,Yes
2078,15,Yes
2078,16,No
2078,17,Yes
2078,18,5
2078,19,"Quiet evening, no issues."
2079,1,Yes
2079,2,Yes
2079,3,Yes
2079,4,Yes
2079,5,Yes
2079,6,Yes
2079,7,Yes
2079,8,Yes
2079,9,5
2080,10,Yes
2080,11,Yes
2080,12,Yes
2080,13,Yes
2080,14,Yes
2080,15,Yes
2080,16,Yes
2080,17,Yes
2080,18,3
2080,19,"Quiet evening, no issues."
2081,1,Yes
2081,2,Yes
2081,3,Yes
2081,4,Yes
2081,5,No
2081,6,Yes
2081,7,No
2081,8,Yes
2081,9,3
2082,10,Yes
2082,11,Yes
2082,12,No
2082,13,Yes
2082,14,Yes
2082,15,Yes
2082,16,Yes
2082,17,Yes
2082,18,3
2082,19,Everything in order for tomorrow's opening.
2083,1,Yes
2083,2,Yes
2083,3,Yes
2083,4,No
2083,5,Yes
2083,6,Yes
2083,7,Yes
2083,8,No
2083,9,1
2084,1,Yes
2084,2,Yes
2084,3,Yes
2084,4,Yes
2084,5,No
2084,6,No
2084,7,Yes
2084,8,Yes
2084,9,3
2085,10,Yes
2085,11,No
2085,12,Yes
2085,13,Yes
2085,14,Yes
2085,15,Yes
2085,16,Yes
2085,17,Yes
2085,18,5
2085,19,All checks completed as normal.
2086,1,Yes
2086,2,Yes
2086,3,Yes
2086,4,Yes
2086,5,Yes
2086,6,Yes
2086,7,Yes
2086,8,No
2086,9,3
2087,10,Yes
2087,11,Yes
2087,12,Yes
2087,13,Yes
2087,14,Yes
2087,15,No
2087,16,Yes
2087,17,Yes
2087,18,2
2087,19,Everything in order for tomorrow's opening.
2088,1,Yes
2088,2,Yes
2088,3,Yes
2088,4,No
2088,5,Yes
2088,6,No
2088,7,Yes
2088,8,Yes
2088,9,3
2089,10,Yes
2089,11,Yes
2089,12,Yes
2089,13,Yes
2089,14,Yes
2089,15,Yes
2089,16,Yes
2089,17,Yes
2089,18,3
2089,19,"Low stock on napkins, requested restock."
2090,1,Yes
2090,2,Yes
2090,3,No
2090,4,Yes
2090,5,Yes
2090,6,Yes
2090,7,No
2090,8,No
2090,9,3
2091,10,Yes
2091,11,Yes
2091,12,No
2091,13,Yes
2091,14,Yes
2091,15,Yes
2091,16,Yes
2091,17,Yes
2091,18,3
2091,19,"Quiet evening, no issues."
2092,10,Yes
2092,11,Yes
2092,12,Yes
2092,13,Yes
2092,14,Yes
2092,15,No
2092,16,Yes
2092,17,Yes
2092,18,3
2092,19,"Minor spill in dining area, cleaned promptly."
2093,1,Yes
2093,2,No
2093,3,Yes
2093,4,Yes
2093,5,No
2093,6,Yes
2093,7,No
2093,8,Yes
2093,9,3
2094,1,Yes
2094,2,Yes
2094,3,Yes
2094,4,No
2094,5,Yes
2094,6,Yes
2094,7,Yes
2094,8,No
2094,9,4
2095,1,Yes
2095,2,Yes
2095,3,No
2095,4,No
2095,5,Yes
2095,6,Yes
2095,7,No
2095,8,Yes
2095,9,4
2096,10,No
2096,11,Yes
2096,12,Yes
2096,13,Yes
2096,14,Yes
2096,15,Yes
2096,16,No
2096,17,Yes
2096,18,4
2096,19,"Minor spill in dining area, cleaned promptly."
2097,1,Yes
2097,2,Yes
2097,3,Yes
2097,4,Yes
2097,5,Yes
2097,6,Yes
2097,7,Yes
2097,8,Yes
2097,9,2
2098,1,Yes
2098,2,Yes
2098,3,Yes
2098,4,Yes
2098,5,Yes
2098,6,Yes
2098,7,No
2098,8,Yes
2098,9,4
2099,10,No
2099,11,No
2099,12,No
2099,13,Yes
2099,14,Yes
2099,15,Yes
2099,16,Yes
2099,17,Yes
2099,18,3
2099,19,"Minor spill in dining area, cleaned promptly."
2100,10,Yes
2100,11,Yes
2100,12,No
2100,13,Yes
2100,14,Yes
2100,15,Yes
2100,16,Yes
2100,17,No
2100,18,4
2100,19,"Delivery arrived late, adjusted prep schedule."
2101,1,Yes
2101,2,Yes
2101,3,Yes
2101,4,Yes
2101,5,Yes
2101,6,Yes
2101,7,Yes
2101,8,Yes
2101,9,4
2102,10,Yes
2102,11,Yes
2102,12,Yes
2102,13,No
2102,14,Yes
2102,15,Yes
2102,16,No
2102,17,Yes
2102,18,2
2102,19,"Quiet evening, no issues."
2103,1,Yes
2103,2,Yes
2103,3,Yes
2103,4,Yes
2103,5,Yes
2103,6,Yes
2103,7,Yes
2103,8,No
2103,9,3
2104,10,Yes
2104,11,No
2104,12,Yes
2104,13,Yes
2104,14,Yes
2104,15,Yes
2104,16,No
2104,17,Yes
2104,18,2
2104,19,New crew member trained on register today.
2105,1,Yes
2105,2,Yes
2105,3,Yes
2105,4,Yes
2105,5,Yes
2105,6,Yes
2105,7,Yes
2105,8,Yes
2105,9,3
2106,1,No
2106,2,Yes
2106,3,Yes
2106,4,Yes
2106,5,Yes
2106,6,Yes
2106,7,No
2106,8,No
2106,9,3
2107,10,Yes
2107,11,Yes
2107,12,Yes
2107,13,Yes
2107,14,Yes
2107,15,Yes
2107,16,Yes
2107,17,Yes
2107,18,1
2107,19,New crew member trained on register today.
2108,1,Yes
2108,2,Yes
2108,3,Yes
2108,4,No
2108,5,Yes
2108,6,Yes
2108,7,No
2108,8,No
2108,9,4
2109,10,Yes
2109,11,Yes
2109,12,Yes
2109,13,Yes
2109,14,Yes
2109,15,No
2109,16,Yes
2109,17,Yes
2109,18,4
2109,19,All checks completed as normal.
2110,1,Yes
2110,2,Yes
2110,3,Yes
2110,4,Yes
2110,5,No
2110,6,Yes
2110,7,Yes
2110,8,No
2110,9,3
2111,10,No
2111,11,Yes
2111,12,Yes
2111,13,Yes
2111,14,Yes
2111,15,Yes
2111,16,Yes
2111,17,No
2111,18,3
2111,19,"All good, nothing to report."
2112,10,Yes
2112,11,Yes
2112,12,Yes
2112,13,Yes
2112,14,Yes
2112,15,Yes
2112,16,Yes
2112,17,Yes
2112,18,3
2112,19,"Delivery arrived late, adjusted prep schedule."
2113,10,Yes
2113,11,Yes
2113,12,Yes
2113,13,Yes
2113,14,Yes
2113,15,Yes
2113,16,Yes
2113,17,Yes
2113,18,3
2113,19,"Busy night, all tasks completed on time."
2114,1,Yes
2114,2,No
2114,3,Yes
2114,4,Yes
2114,5,Yes
2114,6,Yes
2114,7,Yes
2114,8,Yes
2114,9,4
2115,1,Yes
2115,2,Yes
2115,3,Yes
2115,4,Yes
2115,5,Yes
2115,6,Yes
2115,7,Yes
2115,8,Yes
2115,9,4
2116,1,Yes
2116,2,Yes
2116,3,Yes
2116,4,Yes
2116,5,Yes
2116,6,Yes
2116,7,Yes
2116,8,Yes
2116,9,4
2117,10,No
2117,11,Yes
2117,12,Yes
2117,13,Yes
2117,14,Yes
2117,15,Yes
2117,16,Yes
2117,17,Yes
2117,18,3
2117,19,All checks completed as normal.
2118,1,Yes
2118,2,Yes
2118,3,Yes
2118,4,Yes
2118,5,Yes
2118,6,Yes
2118,7,Yes
2118,8,Yes
2118,9,2
2119,10,No
2119,11,Yes
2119,12,Yes
2119,13,Yes
2119,14,No
2119,15,Yes
2119,16,Yes
2119,17,Yes
2119,18,3
2119,19,"Low stock on napkins, requested restock."
2120,1,Yes
2120,2,Yes
2120,3,Yes
2120,4,Yes
2120,5,Yes
2120,6,Yes
2120,7,Yes
2120,8,No
2120,9,4
2121,1,Yes
2121,2,Yes
2121,3,Yes
2121,4,Yes
2121,5,Yes
2121,6,Yes
2121,7,Yes
2121,8,Yes
2121,9,3
2122,1,Yes
2122,2,Yes
2122,3,No
2122,4,Yes
2122,5,Yes
2122,6,Yes
2122,7,Yes
2122,8,Yes
2122,9,2
2123,10,Yes
2123,11,No
2123,12,No
2123,13,No
2123,14,Yes
2123,15,Yes
2123,16,Yes
2123,17,Yes
2123,18,2
2123,19,"Busy night, all tasks completed on time."
2124,1,Yes
2124,2,Yes
2124,3,Yes
2124,4,Yes
2124,5,Yes
2124,6,Yes
2124,7,No
2124,8,Yes
2124,9,4
2125,10,Yes
2125,11,Yes
2125,12,Yes
2125,13,Yes
2125,14,Yes
2125,15,Yes
2125,16,Yes
2125,17,Yes
2125,18,3
2125,19,"Minor spill in dining area, cleaned promptly."
2126,1,Yes
2126,2,Yes
2126,3,Yes
2126,4,Yes
2126,5,Yes
2126,6,Yes
2126,7,Yes
2126,8,Yes
2126,9,2
2127,10,Yes
2127,11,Yes
2127,12,Yes
2127,13,Yes
2127,14,Yes
2127,15,Yes
2127,16,Yes
2127,17,Yes
2127,18,3
2127,19,"Delivery arrived late, adjusted prep schedule."
2128,1,Yes
2128,2,No
2128,3,Yes
2128,4,Yes
2128,5,Yes
2128,6,Yes
2128,7,Yes
2128,8,No
2128,9,3
2129,10,Yes
2129,11,Yes
2129,12,Yes
2129,13,Yes
2129,14,No
2129,15,Yes
2129,16,Yes
2129,17,Yes
2129,18,3
2129,19,"Busy night, all tasks completed on time."
2130,1,Yes
2130,2,No
2130,3,Yes
2130,4,No
2130,5,Yes
2130,6,Yes
2130,7,Yes
2130,8,No
2130,9,4
2131,1,Yes
2131,2,Yes
2131,3,Yes
2131,4,Yes
2131,5,No
2131,6,Yes
2131,7,Yes
2131,8,Yes
2131,9,3
2132,10,Yes
2132,11,No
2132,12,Yes
2132,13,Yes
2132,14,Yes
2132,15,Yes
2132,16,Yes
2132,17,Yes
2132,18,3
2132,19,New crew member trained on register today.
2133,1,Yes
2133,2,Yes
2133,3,No
2133,4,Yes
2133,5,Yes
2133,6,Yes
2133,7,Yes
2133,8,Yes
2133,9,3
2134,10,Yes
2134,11,Yes
2134,12,Yes
2134,13,Yes
2134,14,No
2134,15,Yes
2134,16,Yes
2134,17,Yes
2134,18,1
2134,19,"Low stock on napkins, requested restock."
2135,10,Yes
2135,11,No
2135,12,Yes
2135,13,Yes
2135,14,Yes
2135,15,Yes
2135,16,Yes
2135,17,Yes
2135,18,3
2135,19,"Busy night, all tasks completed on time."
2136,10,Yes
2136,11,Yes
2136,12,Yes
2136,13,Yes
2136,14,Yes
2136,15,Yes
2136,16,Yes
2136,17,Yes
2136,18,4
2136,19,"Busy night, all tasks completed on time."
2137,1,Yes
2137,2,Yes
2137,3,Yes
2137,4,Yes
2137,5,No
2137,6,No
2137,7,Yes
2137,8,No
2137,9,3
2138,10,Yes
2138,11,Yes
2138,12,Yes
2138,13,Yes
2138,14,Yes
2138,15,Yes
2138,16,No
2138,17,Yes
2138,18,3
2138,19,"Low stock on napkins, requested restock."
2139,1,Yes
2139,2,No
2139,3,Yes
2139,4,Yes
2139,5,Yes
2139,6,No
2139,7,Yes
2139,8,No
2139,9,3
2140,10,Yes
2140,11,Yes
2140,12,Yes
2140,13,Yes
2140,14,Yes
2140,15,Yes
2140,16,Yes
2140,17,Yes
2140,18,4
2140,19,New crew member trained on register today.
2141,10,Yes
2141,11,Yes
2141,12,Yes
2141,13,Yes
2141,14,Yes
2141,15,Yes
2141,16,Yes
2141,17,No
2141,18,3
2141,19,Everything in order for tomorrow's opening.
2142,1,Yes
2142,2,Yes
2142,3,Yes
2142,4,Yes
2142,5,Yes
2142,6,Yes
2142,7,Yes
2142,8,Yes
2142,9,3
2143,10,No
2143,11,Yes
2143,12,No
2143,13,Yes
2143,14,Yes
2143,15,Yes
2143,16,Yes
2143,17,Yes
2143,18,3
2143,19,"Delivery arrived late, adjusted prep schedule."
2144,1,Yes
2144,2,Yes
2144,3,Yes
2144,4,No
2144,5,Yes
2144,6,Yes
2144,7,No
2144,8,Yes
2144,9,5
2145,10,Yes
2145,11,Yes
2145,12,Yes
2145,13,Yes
2145,14,Yes
2145,15,Yes
2145,16,Yes
2145,17,Yes
2145,18,1
2145,19,Everything in order for tomorrow's opening.
2146,1,Yes
2146,2,No
2146,3,Yes
2146,4,Yes
2146,5,No
2146,6,Yes
2146,7,Yes
2146,8,Yes
2146,9,2
2147,10,Yes
2147,11,Yes
2147,12,Yes
2147,13,Yes
2147,14,Yes
2147,15,Yes
2147,16,Yes
2147,17,Yes
2147,18,3
2147,19,"Quiet evening, no issues."
2148,10,Yes
2148,11,Yes
2148,12,No
2148,13,Yes
2148,14,Yes
2148,15,Yes
2148,16,Yes
2148,17,Yes
2148,18,4
2148,19,"Low stock on napkins, requested restock."
2149,1,Yes
2149,2,Yes
2149,3,Yes
2149,4,Yes
2149,5,Yes
2149,6,No
2149,7,Yes
2149,8,Yes
2149,9,4
2150,10,Yes
2150,11,No
2150,12,Yes
2150,13,Yes
2150,14,No
2150,15,Yes
2150,16,Yes
2150,17,No
2150,18,3
2150,19,"All good, nothing to report."
2151,1,Yes
2151,2,Yes
2151,3,Yes
2151,4,No
2151,5,Yes
2151,6,Yes
2151,7,Yes
2151,8,Yes
2151,9,4
2152,10,Yes
2152,11,Yes
2152,12,Yes
2152,13,Yes
2152,14,Yes
2152,15,Yes
2152,16,Yes
2152,17,Yes
2152,18,4
2152,19,"Quiet evening, no issues."
2153,10,No
2153,11,Yes
2153,12,Yes
2153,13,Yes
2153,14,No
2153,15,Yes
2153,16,Yes
2153,17,Yes
2153,18,4
2153,19,"All good, nothing to report."
2154,1,No
2154,2,Yes
2154,3,No
2154,4,Yes
2154,5,Yes
2154,6,Yes
2154,7,Yes
2154,8,Yes
2154,9,2
2155,10,Yes
2155,11,Yes
2155,12,No
2155,13,Yes
2155,14,Yes
2155,15,Yes
2155,16,Yes
2155,17,Yes
2155,18,4
2155,19,"All good, nothing to report."
2156,10,Yes
2156,11,Yes
2156,12,Yes
2156,13,No
2156,14,Yes
2156,15,Yes
2156,16,Yes
2156,17,No
2156,18,3
2156,19,"Busy night, all tasks completed on time."
2157,1,Yes
2157,2,Yes
2157,3,Yes
2157,4,No
2157,5,Yes
2157,6,Yes
2157,7,Yes
2157,8,Yes
2157,9,4
2158,10,Yes
2158,11,Yes
2158,12,Yes
2158,13,Yes
2158,14,Yes
2158,15,Yes
2158,16,Yes
2158,17,Yes
2158,18,3
2158,19,"Minor spill in dining area, cleaned promptly."
2159,1,Yes
2159,2,Yes
2159,3,Yes
2159,4,Yes
2159,5,Yes
2159,6,Yes
2159,7,Yes
2159,8,Yes
2159,9,3
2160,10,Yes
2160,11,Yes
2160,12,Yes
2160,13,Yes
2160,14,Yes
2160,15,No
2160,16,No
2160,17,Yes
2160,18,3
2160,19,"Delivery arrived late, adjusted prep schedule."
2161,1,Yes
2161,2,Yes
2161,3,Yes
2161,4,Yes
2161,5,No
2161,6,Yes
2161,7,Yes
2161,8,Yes
2161,9,3
2162,1,No
2162,2,Yes
2162,3,Yes
2162,4,No
2162,5,Yes
2162,6,Yes
2162,7,No
2162,8,Yes
2162,9,4
2163,10,No
2163,11,Yes
2163,12,No
2163,13,Yes
2163,14,Yes
2163,15,Yes
2163,16,Yes
2163,17,Yes
2163,18,3
2163,19,"Busy night, all tasks completed on time."
2164,1,Yes
2164,2,No
2164,3,Yes
2164,4,Yes
2164,5,Yes
2164,6,Yes
2164,7,Yes
2164,8,Yes
2164,9,3
2165,10,Yes
2165,11,No
2165,12,Yes
2165,13,Yes
2165,14,Yes
2165,15,Yes
2165,16,Yes
2165,17,Yes
2165,18,3
2165,19,"Low stock on napkins, requested restock."
2166,1,Yes
2166,2,Yes
2166,3,Yes
2166,4,Yes
2166,5,No
2166,6,No
2166,7,Yes
2166,8,No
2166,9,3
2167,10,Yes
2167,11,No
2167,12,Yes
2167,13,Yes
2167,14,Yes
2167,15,No
2167,16,Yes
2167,17,Yes
2167,18,4
2167,19,"Low stock on napkins, requested restock."
2168,10,Yes
2168,11,Yes
2168,12,Yes
2168,13,Yes
2168,14,Yes
2168,15,Yes
2168,16,Yes
2168,17,Yes
2168,18,3
2168,19,"Delivery arrived late, adjusted prep schedule."
2169,10,Yes
2169,11,Yes
2169,12,Yes
2169,13,Yes
2169,14,No
2169,15,Yes
2169,16,Yes
2169,17,Yes
2169,18,3
2169,19,"Low stock on napkins, requested restock."
2170,1,Yes
2170,2,No
2170,3,Yes
2170,4,No
2170,5,Yes
2170,6,Yes
2170,7,Yes
2170,8,Yes
2170,9,3
2171,10,Yes
2171,11,Yes
2171,12,Yes
2171,13,Yes
2171,14,Yes
2171,15,Yes
2171,16,Yes
2171,17,Yes
2171,18,4
2171,19,All checks completed as normal.
2172,1,Yes
2172,2,Yes
2172,3,Yes
2172,4,Yes
2172,5,Yes
2172,6,No
2172,7,Yes
2172,8,Yes
2172,9,2
2173,10,No
2173,11,Yes
2173,12,Yes
2173,13,Yes
2173,14,Yes
2173,15,Yes
2173,16,Yes
2173,17,Yes
2173,18,3
2173,19,Everything in order for tomorrow's opening.
2174,1,Yes
2174,2,Yes
2174,3,Yes
2174,4,Yes
2174,5,No
2174,6,Yes
2174,7,Yes
2174,8,Yes
2174,9,2
2175,1,Yes
2175,2,Yes
2175,3,Yes
2175,4,Yes
2175,5,Yes
2175,6,Yes
2175,7,Yes
2175,8,No
2175,9,3
2176,10,Yes
2176,11,Yes
2176,12,Yes
2176,13,No
2176,14,Yes
2176,15,Yes
2176,16,Yes
2176,17,Yes
2176,18,3
2176,19,New crew member trained on register today.
2177,10,Yes
2177,11,Yes
2177,12,Yes
2177,13,Yes
2177,14,Yes
2177,15,Yes
2177,16,Yes
2177,17,Yes
2177,18,4
2177,19,"Quiet evening, no issues."
2178,1,Yes
2178,2,Yes
2178,3,Yes
2178,4,Yes
2178,5,Yes
2178,6,Yes
2178,7,Yes
2178,8,Yes
2178,9,3
2179,10,Yes
2179,11,Yes
2179,12,Yes
2179,13,Yes
2179,14,Yes
2179,15,Yes
2179,16,Yes
2179,17,Yes
2179,18,4
2179,19,New crew member trained on register today.
2180,1,Yes
2180,2,Yes
2180,3,Yes
2180,4,Yes
2180,5,Yes
2180,6,Yes
2180,7,Yes
2180,8,Yes
2180,9,4
2181,10,Yes
2181,11,No
2181,12,Yes
2181,13,No
2181,14,Yes
2181,15,Yes
2181,16,No
2181,17,No
2181,18,5
2181,19,"Minor spill in dining area, cleaned promptly."
2182,1,Yes
2182,2,Yes
2182,3,Yes
2182,4,Yes
2182,5,Yes
2182,6,Yes
2182,7,Yes
2182,8,No
2182,9,3
2183,10,Yes
2183,11,Yes
2183,12,Yes
2183,13,Yes
2183,14,Yes
2183,15,Yes
2183,16,Yes
2183,17,Yes
2183,18,3
2183,19,"Minor spill in dining area, cleaned promptly."
2184,1,Yes
2184,2,Yes
2184,3,Yes
2184,4,Yes
2184,5,Yes
2184,6,Yes
2184,7,No
2184,8,Yes
2184,9,4
2185,10,Yes
2185,11,No
2185,12,Yes
2185,13,Yes
2185,14,Yes
2185,15,Yes
2185,16,No
2185,17,No
2185,18,3
2185,19,All checks completed as normal.
2186,1,Yes
2186,2,Yes
2186,3,Yes
2186,4,Yes
2186,5,Yes
2186,6,Yes
2186,7,Yes
2186,8,Yes
2186,9,3
2187,10,Yes
2187,11,Yes
2187,12,Yes
2187,13,Yes
2187,14,Yes
2187,15,Yes
2187,16,Yes
2187,17,Yes
2187,18,3
2187,19,"Minor spill in dining area, cleaned promptly."
2188,10,No
2188,11,No
2188,12,Yes
2188,13,Yes
2188,14,No
2188,15,Yes
2188,16,Yes
2188,17,Yes
2188,18,3
2188,19,"Quiet evening, no issues."
2189,1,Yes
2189,2,Yes
2189,3,Yes
2189,4,Yes
2189,5,Yes
2189,6,No
2189,7,Yes
2189,8,Yes
2189,9,4
2190,10,Yes
2190,11,Yes
2190,12,Yes
2190,13,Yes
2190,14,Yes
2190,15,Yes
2190,16,Yes
2190,17,No
2190,18,3
2190,19,"Low stock on napkins, requested restock."
2191,1,Yes
2191,2,Yes
2191,3,Yes
2191,4,Yes
2191,5,Yes
2191,6,Yes
2191,7,Yes
2191,8,Yes
2191,9,3
2192,10,Yes
2192,11,Yes
2192,12,Yes
2192,13,Yes
2192,14,Yes
2192,15,Yes
2192,16,No
2192,17,Yes
2192,18,3
2192,19,"Minor spill in dining area, cleaned promptly."
2193,1,No
2193,2,Yes
2193,3,No
2193,4,No
2193,5,No
2193,6,Yes
2193,7,Yes
2193,8,Yes
2193,9,2
2194,10,Yes
2194,11,No
2194,12,Yes
2194,13,No
2194,14,Yes
2194,15,Yes
2194,16,Yes
2194,17,Yes
2194,18,4
2194,19,"Busy night, all tasks completed on time."
2195,1,Yes
2195,2,Yes
2195,3,Yes
2195,4,Yes
2195,5,Yes
2195,6,Yes
2195,7,Yes
2195,8,Yes
2195,9,4
2196,10,Yes
2196,11,Yes
2196,12,Yes
2196,13,Yes
2196,14,No
2196,15,Yes
2196,16,Yes
2196,17,Yes
2196,18,5
2196,19,"Minor spill in dining area, cleaned promptly."
2197,1,Yes
2197,2,Yes
2197,3,Yes
2197,4,Yes
2197,5,No
2197,6,Yes
2197,7,No
2197,8,No
2197,9,4
2198,10,No
2198,11,No
2198,12,Yes
2198,13,No
2198,14,Yes
2198,15,Yes
2198,16,Yes
2198,17,No
2198,18,4
2198,19,"All good, nothing to report."
2199,1,Yes
2199,2,Yes
2199,3,Yes
2199,4,Yes
2199,5,Yes
2199,6,Yes
2199,7,Yes
2199,8,Yes
2199,9,3
2200,10,Yes
2200,11,Yes
2200,12,Yes
2200,13,Yes
2200,14,Yes
2200,15,Yes
2200,16,Yes
2200,17,Yes
2200,18,4
2200,19,"Delivery arrived late, adjusted prep schedule."
2201,1,Yes
2201,2,Yes
2201,3,Yes
2201,4,Yes
2201,5,Yes
2201,6,Yes
2201,7,Yes
2201,8,Yes
2201,9,5
2202,10,Yes
2202,11,Yes
2202,12,Yes
2202,13,Yes
2202,14,Yes
2202,15,Yes
2202,16,Yes
2202,17,Yes
2202,18,3
2202,19,Slight delay in closing due to late customers.
2203,1,Yes
2203,2,Yes
2203,3,Yes
2203,4,Yes
2203,5,Yes
2203,6,Yes
2203,7,No
2203,8,Yes
2203,9,4
2204,1,Yes
2204,2,Yes
2204,3,Yes
2204,4,Yes
2204,5,No
2204,6,Yes
2204,7,Yes
2204,8,Yes
2204,9,4
2205,1,Yes
2205,2,Yes
2205,3,Yes
2205,4,Yes
2205,5,Yes
2205,6,Yes
2205,7,Yes
2205,8,No
2205,9,3
2206,10,Yes
2206,11,Yes
2206,12,Yes
2206,13,Yes
2206,14,Yes
2206,15,No
2206,16,Yes
2206,17,Yes
2206,18,5
2206,19,New crew member trained on register today.
2207,1,Yes
2207,2,Yes
2207,3,Yes
2207,4,Yes
2207,5,Yes
2207,6,Yes
2207,7,Yes
2207,8,Yes
2207,9,5
2208,10,Yes
2208,11,Yes
2208,12,Yes
2208,13,No
2208,14,Yes
2208,15,Yes
2208,16,Yes
2208,17,Yes
2208,18,4
2208,19,"Quiet evening, no issues."
2209,1,Yes
2209,2,Yes
2209,3,Yes
2209,4,Yes
2209,5,Yes
2209,6,Yes
2209,7,Yes
2209,8,Yes
2209,9,4
2210,10,Yes
2210,11,Yes
2210,12,Yes
2210,13,Yes
2210,14,Yes
2210,15,Yes
2210,16,Yes
2210,17,Yes
2210,18,5
2210,19,Slight delay in closing due to late customers.
2211,1,Yes
2211,2,Yes
2211,3,No
2211,4,Yes
2211,5,Yes
2211,6,Yes
2211,7,Yes
2211,8,Yes
2211,9,3
2212,10,Yes
2212,11,Yes
2212,12,Yes
2212,13,Yes
2212,14,Yes
2212,15,Yes
2212,16,Yes
2212,17,Yes
2212,18,4
2212,19,All checks completed as normal.
2213,1,Yes
2213,2,Yes
2213,3,No
2213,4,Yes
2213,5,Yes
2213,6,Yes
2213,7,Yes
2213,8,Yes
2213,9,4
2214,10,Yes
2214,11,Yes
2214,12,Yes
2214,13,Yes
2214,14,Yes
2214,15,Yes
2214,16,Yes
2214,17,Yes
2214,18,5
2214,19,"Busy night, all tasks completed on time."
2215,1,Yes
2215,2,Yes
2215,3,Yes
2215,4,Yes
2215,5,Yes
2215,6,Yes
2215,7,Yes
2215,8,Yes
2215,9,5
2216,10,Yes
2216,11,Yes
2216,12,Yes
2216,13,Yes
2216,14,Yes
2216,15,Yes
2216,16,Yes
2216,17,Yes
2216,18,4
2216,19,"Low stock on napkins, requested restock."
2217,1,Yes
2217,2,Yes
2217,3,Yes
2217,4,Yes
2217,5,Yes
2217,6,Yes
2217,7,Yes
2217,8,Yes
2217,9,4
2218,10,Yes
2218,11,Yes
2218,12,Yes
2218,13,Yes
2218,14,Yes
2218,15,Yes
2218,16,Yes
2218,17,Yes
2218,18,5
2218,19,Slight delay in closing due to late customers.
2219,1,Yes
2219,2,Yes
2219,3,No
2219,4,Yes
2219,5,Yes
2219,6,Yes
2219,7,Yes
2219,8,Yes
2219,9,5
2220,10,Yes
2220,11,Yes
2220,12,Yes
2220,13,Yes
2220,14,Yes
2220,15,No
2220,16,Yes
2220,17,Yes
2220,18,4
2220,19,All checks completed as normal.
2221,1,Yes
2221,2,Yes
2221,3,Yes
2221,4,Yes
2221,5,Yes
2221,6,Yes
2221,7,Yes
2221,8,Yes
2221,9,3
2222,10,Yes
2222,11,Yes
2222,12,Yes
2222,13,Yes
2222,14,Yes
2222,15,Yes
2222,16,Yes
2222,17,Yes
2222,18,4
2222,19,"Quiet evening, no issues."
2223,1,Yes
2223,2,Yes
2223,3,Yes
2223,4,Yes
2223,5,Yes
2223,6,Yes
2223,7,Yes
2223,8,Yes
2223,9,4
2224,1,Yes
2224,2,Yes
2224,3,Yes
2224,4,Yes
2224,5,Yes
2224,6,Yes
2224,7,Yes
2224,8,Yes
2224,9,4
2225,10,Yes
2225,11,Yes
2225,12,Yes
2225,13,Yes
2225,14,Yes
2225,15,Yes
2225,16,No
2225,17,Yes
2225,18,4
2225,19,"Delivery arrived late, adjusted prep schedule."
2226,1,Yes
2226,2,Yes
2226,3,No
2226,4,Yes
2226,5,Yes
2226,6,Yes
2226,7,Yes
2226,8,Yes
2226,9,4
2227,10,Yes
2227,11,Yes
2227,12,Yes
2227,13,Yes
2227,14,No
2227,15,Yes
2227,16,Yes
2227,17,Yes
2227,18,3
2227,19,"Quiet evening, no issues."
2228,1,No
2228,2,Yes
2228,3,Yes
2228,4,Yes
2228,5,Yes
2228,6,Yes
2228,7,Yes
2228,8,Yes
2228,9,3
2229,10,Yes
2229,11,Yes
2229,12,Yes
2229,13,Yes
2229,14,Yes
2229,15,Yes
2229,16,Yes
2229,17,Yes
2229,18,4
2229,19,"Quiet evening, no issues."
2230,10,Yes
2230,11,Yes
2230,12,Yes
2230,13,Yes
2230,14,Yes
2230,15,Yes
2230,16,Yes
2230,17,Yes
2230,18,4
2230,19,"Quiet evening, no issues."
2231,10,Yes
2231,11,Yes
2231,12,Yes
2231,13,Yes
2231,14,Yes
2231,15,Yes
2231,16,Yes
2231,17,Yes
2231,18,2
2231,19,Slight delay in closing due to late customers.
2232,1,Yes
2232,2,Yes
2232,3,Yes
2232,4,Yes
2232,5,Yes
2232,6,Yes
2232,7,Yes
2232,8,Yes
2232,9,5
2233,1,Yes
2233,2,Yes
2233,3,Yes
2233,4,Yes
2233,5,Yes
2233,6,Yes
2233,7,Yes
2233,8,No
2233,9,4
2234,10,Yes
2234,11,Yes
2234,12,Yes
2234,13,Yes
2234,14,Yes
2234,15,Yes
2234,16,No
2234,17,Yes
2234,18,5
2234,19,"All good, nothing to report."
2235,1,Yes
2235,2,Yes
2235,3,Yes
2235,4,Yes
2235,5,Yes
2235,6,Yes
2235,7,Yes
2235,8,Yes
2235,9,4
2236,10,Yes
2236,11,Yes
2236,12,Yes
2236,13,Yes
2236,14,Yes
2236,15,Yes
2236,16,Yes
2236,17,Yes
2236,18,5
2236,19,"Low stock on napkins, requested restock."
2237,1,Yes
2237,2,Yes
2237,3,Yes
2237,4,Yes
2237,5,Yes
2237,6,Yes
2237,7,Yes
2237,8,Yes
2237,9,4
2238,10,Yes
2238,11,Yes
2238,12,Yes
2238,13,Yes
2238,14,Yes
2238,15,Yes
2238,16,Yes
2238,17,Yes
2238,18,3
2238,19,"Low stock on napkins, requested restock."
2239,1,Yes
2239,2,Yes
2239,3,Yes
2239,4,Yes
2239,5,Yes
2239,6,Yes
2239,7,Yes
2239,8,No
2239,9,3
2240,10,Yes
2240,11,Yes
2240,12,Yes
2240,13,Yes
2240,14,Yes
2240,15,Yes
2240,16,Yes
2240,17,Yes
2240,18,3
2240,19,"All good, nothing to report."
2241,1,Yes
2241,2,Yes
2241,3,Yes
2241,4,Yes
2241,5,No
2241,6,Yes
2241,7,Yes
2241,8,Yes
2241,9,3
2242,10,No
2242,11,Yes
2242,12,Yes
2242,13,Yes
2242,14,Yes
2242,15,Yes
2242,16,Yes
2242,17,Yes
2242,18,4
2242,19,"Low stock on napkins, requested restock."
2243,1,Yes
2243,2,Yes
2243,3,Yes
2243,4,Yes
2243,5,Yes
2243,6,Yes
2243,7,Yes
2243,8,Yes
2243,9,3
2244,10,Yes
2244,11,Yes
2244,12,Yes
2244,13,Yes
2244,14,Yes
2244,15,Yes
2244,16,Yes
2244,17,No
2244,18,4
2244,19,All checks completed as normal.
2245,1,Yes
2245,2,Yes
2245,3,Yes
2245,4,Yes
2245,5,Yes
2245,6,Yes
2245,7,Yes
2245,8,Yes
2245,9,5
2246,10,Yes
2246,11,Yes
2246,12,Yes
2246,13,Yes
2246,14,Yes
2246,15,Yes
2246,16,Yes
2246,17,Yes
2246,18,4
2246,19,"Delivery arrived late, adjusted prep schedule."
2247,1,Yes
2247,2,Yes
2247,3,Yes
2247,4,Yes
2247,5,Yes
2247,6,Yes
2247,7,Yes
2247,8,Yes
2247,9,4
2248,10,Yes
2248,11,Yes
2248,12,Yes
2248,13,Yes
2248,14,Yes
2248,15,Yes
2248,16,Yes
2248,17,Yes
2248,18,5
2248,19,"Quiet evening, no issues."
2249,10,Yes
2249,11,Yes
2249,12,Yes
2249,13,Yes
2249,14,Yes
2249,15,Yes
2249,16,Yes
2249,17,Yes
2249,18,3
2249,19,All checks completed as normal.
2250,1,Yes
2250,2,Yes
2250,3,Yes
2250,4,Yes
2250,5,Yes
2250,6,No
2250,7,Yes
2250,8,Yes
2250,9,3
2251,10,Yes
2251,11,Yes
2251,12,Yes
2251,13,Yes
2251,14,Yes
2251,15,Yes
2251,16,Yes
2251,17,No
2251,18,5
2251,19,Everything in order for tomorrow's opening.
2252,1,Yes
2252,2,Yes
2252,3,Yes
2252,4,Yes
2252,5,Yes
2252,6,No
2252,7,No
2252,8,Yes
2252,9,3
2253,10,Yes
2253,11,Yes
2253,12,Yes
2253,13,Yes
2253,14,Yes
2253,15,Yes
2253,16,Yes
2253,17,Yes
2253,18,5
2253,19,Slight delay in closing due to late customers.
2254,1,Yes
2254,2,Yes
2254,3,Yes
2254,4,Yes
2254,5,Yes
2254,6,Yes
2254,7,Yes
2254,8,Yes
2254,9,4
2255,10,No
2255,11,Yes
2255,12,Yes
2255,13,Yes
2255,14,Yes
2255,15,Yes
2255,16,Yes
2255,17,Yes
2255,18,4
2255,19,All checks completed as normal.
2256,10,Yes
2256,11,Yes
2256,12,Yes
2256,13,Yes
2256,14,Yes
2256,15,Yes
2256,16,Yes
2256,17,Yes
2256,18,5
2256,19,"Delivery arrived late, adjusted prep schedule."
2257,1,Yes
2257,2,Yes
2257,3,Yes
2257,4,Yes
2257,5,Yes
2257,6,Yes
2257,7,Yes
2257,8,Yes
2257,9,2
2258,10,Yes
2258,11,Yes
2258,12,Yes
2258,13,Yes
2258,14,Yes
2258,15,Yes
2258,16,Yes
2258,17,Yes
2258,18,3
2258,19,"All good, nothing to report."
2259,1,Yes
2259,2,Yes
2259,3,Yes
2259,4,Yes
2259,5,No
2259,6,Yes
2259,7,Yes
2259,8,Yes
2259,9,4
2260,10,Yes
2260,11,Yes
2260,12,Yes
2260,13,Yes
2260,14,Yes
2260,15,Yes
2260,16,Yes
2260,17,Yes
2260,18,3
2260,19,New crew member trained on register today.
2261,1,Yes
2261,2,Yes
2261,3,Yes
2261,4,Yes
2261,5,Yes
2261,6,Yes
2261,7,No
2261,8,Yes
2261,9,4
2262,10,Yes
2262,11,Yes
2262,12,Yes
2262,13,Yes
2262,14,Yes
2262,15,Yes
2262,16,Yes
2262,17,Yes
2262,18,4
2262,19,"Quiet evening, no issues."
2263,1,Yes
2263,2,Yes
2263,3,Yes
2263,4,Yes
2263,5,Yes
2263,6,Yes
2263,7,Yes
2263,8,No
2263,9,4
2264,10,Yes
2264,11,Yes
2264,12,Yes
2264,13,Yes
2264,14,Yes
2264,15,Yes
2264,16,Yes
2264,17,Yes
2264,18,4
2264,19,"Low stock on napkins, requested restock."
2265,1,Yes
2265,2,Yes
2265,3,Yes
2265,4,Yes
2265,5,Yes
2265,6,Yes
2265,7,Yes
2265,8,Yes
2265,9,3
2266,10,Yes
2266,11,No
2266,12,Yes
2266,13,Yes
2266,14,Yes
2266,15,Yes
2266,16,Yes
2266,17,Yes
2266,18,4
2266,19,All checks completed as normal.
2267,1,Yes
2267,2,Yes
2267,3,Yes
2267,4,Yes
2267,5,Yes
2267,6,Yes
2267,7,Yes
2267,8,Yes
2267,9,3
2268,10,Yes
2268,11,No
2268,12,Yes
2268,13,Yes
2268,14,Yes
2268,15,Yes
2268,16,Yes
2268,17,No
2268,18,3
2268,19,"Busy night, all tasks completed on time."
2269,1,Yes
2269,2,Yes
2269,3,Yes
2269,4,Yes
2269,5,Yes
2269,6,Yes
2269,7,Yes
2269,8,Yes
2269,9,4
2270,10,Yes
2270,11,Yes
2270,12,Yes
2270,13,Yes
2270,14,Yes
2270,15,Yes
2270,16,No
2270,17,Yes
2270,18,4
2270,19,Everything in order for tomorrow's opening.
2271,10,Yes
2271,11,Yes
2271,12,Yes
2271,13,Yes
2271,14,Yes
2271,15,Yes
2271,16,Yes
2271,17,Yes
2271,18,5
2271,19,"Minor spill in dining area, cleaned promptly."
2272,10,Yes
2272,11,Yes
2272,12,Yes
2272,13,Yes
2272,14,No
2272,15,Yes
2272,16,Yes
2272,17,Yes
2272,18,5
2272,19,"All good, nothing to report."
2273,1,Yes
2273,2,Yes
2273,3,Yes
2273,4,Yes
2273,5,Yes
2273,6,Yes
2273,7,Yes
2273,8,Yes
2273,9,3
2274,1,Yes
2274,2,Yes
2274,3,Yes
2274,4,Yes
2274,5,Yes
2274,6,Yes
2274,7,Yes
2274,8,Yes
2274,9,4
2275,10,Yes
2275,11,Yes
2275,12,Yes
2275,13,Yes
2275,14,Yes
2275,15,Yes
2275,16,Yes
2275,17,Yes
2275,18,5
2275,19,"Low stock on napkins, requested restock."
2276,1,Yes
2276,2,Yes
2276,3,Yes
2276,4,Yes
2276,5,Yes
2276,6,Yes
2276,7,Yes
2276,8,Yes
2276,9,4
2277,10,Yes
2277,11,Yes
2277,12,Yes
2277,13,Yes
2277,14,Yes
2277,15,Yes
2277,16,Yes
2277,17,Yes
2277,18,3
2277,19,"Minor spill in dining area, cleaned promptly."
2278,1,Yes
2278,2,Yes
2278,3,Yes
2278,4,Yes
2278,5,Yes
2278,6,Yes
2278,7,Yes
2278,8,No
2278,9,4
2279,10,Yes
2279,11,Yes
2279,12,Yes
2279,13,Yes
2279,14,Yes
2279,15,Yes
2279,16,Yes
2279,17,Yes
2279,18,3
2279,19,All checks completed as normal.
2280,1,Yes
2280,2,Yes
2280,3,Yes
2280,4,Yes
2280,5,Yes
2280,6,Yes
2280,7,Yes
2280,8,Yes
2280,9,5
2281,1,Yes
2281,2,Yes
2281,3,Yes
2281,4,Yes
2281,5,Yes
2281,6,Yes
2281,7,Yes
2281,8,Yes
2281,9,5
2282,10,Yes
2282,11,Yes
2282,12,Yes
2282,13,Yes
2282,14,Yes
2282,15,Yes
2282,16,Yes
2282,17,Yes
2282,18,3
2282,19,"Busy night, all tasks completed on time."
2283,1,Yes
2283,2,Yes
2283,3,Yes
2283,4,Yes
2283,5,Yes
2283,6,Yes
2283,7,Yes
2283,8,Yes
2283,9,4
2284,10,No
2284,11,Yes
2284,12,Yes
2284,13,Yes
2284,14,Yes
2284,15,Yes
2284,16,Yes
2284,17,Yes
2284,18,4
2284,19,"Low stock on napkins, requested restock."
2285,1,Yes
2285,2,Yes
2285,3,Yes
2285,4,Yes
2285,5,Yes
2285,6,Yes
2285,7,Yes
2285,8,Yes
2285,9,3
2286,10,Yes
2286,11,Yes
2286,12,Yes
2286,13,Yes
2286,14,Yes
2286,15,Yes
2286,16,Yes
2286,17,Yes
2286,18,3
2286,19,"Quiet evening, no issues."
2287,1,Yes
2287,2,Yes
2287,3,Yes
2287,4,No
2287,5,Yes
2287,6,Yes
2287,7,Yes
2287,8,Yes
2287,9,4
2288,10,Yes
2288,11,Yes
2288,12,Yes
2288,13,Yes
2288,14,Yes
2288,15,Yes
2288,16,Yes
2288,17,Yes
2288,18,5
2288,19,Slight delay in closing due to late customers.
2289,1,Yes
2289,2,Yes
2289,3,Yes
2289,4,Yes
2289,5,Yes
2289,6,Yes
2289,7,Yes
2289,8,No
2289,9,3
2290,10,Yes
2290,11,Yes
2290,12,Yes
2290,13,Yes
2290,14,Yes
2290,15,Yes
2290,16,Yes
2290,17,Yes
2290,18,5
2290,19,"Busy night, all tasks completed on time."
2291,1,Yes
2291,2,Yes
2291,3,Yes
2291,4,Yes
2291,5,Yes
2291,6,Yes
2291,7,Yes
2291,8,No
2291,9,5
2292,10,Yes
2292,11,Yes
2292,12,Yes
2292,13,Yes
2292,14,Yes
2292,15,Yes
2292,16,Yes
2292,17,Yes
2292,18,5
2292,19,"Quiet evening, no issues."
2293,1,Yes
2293,2,Yes
2293,3,Yes
2293,4,Yes
2293,5,Yes
2293,6,No
2293,7,Yes
2293,8,Yes
2293,9,4
2294,10,Yes
2294,11,No
2294,12,Yes
2294,13,Yes
2294,14,Yes
2294,15,Yes
2294,16,Yes
2294,17,No
2294,18,4
2294,19,"Low stock on napkins, requested restock."
2295,1,Yes
2295,2,Yes
2295,3,Yes
2295,4,Yes
2295,5,Yes
2295,6,Yes
2295,7,Yes
2295,8,Yes
2295,9,4
2296,10,Yes
2296,11,Yes
2296,12,No
2296,13,Yes
2296,14,Yes
2296,15,Yes
2296,16,Yes
2296,17,Yes
2296,18,5
2296,19,"Minor spill in dining area, cleaned promptly."
2297,1,Yes
2297,2,Yes
2297,3,Yes
2297,4,Yes
2297,5,Yes
2297,6,Yes
2297,7,Yes
2297,8,Yes
2297,9,3
2298,10,Yes
2298,11,Yes
2298,12,Yes
2298,13,Yes
2298,14,Yes
2298,15,Yes
2298,16,Yes
2298,17,Yes
2298,18,5
2298,19,Slight delay in closing due to late customers.
2299,1,Yes
2299,2,Yes
2299,3,Yes
2299,4,Yes
2299,5,Yes
2299,6,Yes
2299,7,Yes
2299,8,Yes
2299,9,3
2300,10,Yes
2300,11,Yes
2300,12,Yes
2300,13,Yes
2300,14,Yes
2300,15,No
2300,16,Yes
2300,17,Yes
2300,18,5
2300,19,"Minor spill in dining area, cleaned promptly."
2301,1,Yes
2301,2,Yes
2301,3,Yes
2301,4,Yes
2301,5,Yes
2301,6,Yes
2301,7,Yes
2301,8,Yes
2301,9,4
2302,10,Yes
2302,11,Yes
2302,12,No
2302,13,Yes
2302,14,Yes
2302,15,No
2302,16,Yes
2302,17,Yes
2302,18,5
2302,19,"All good, nothing to report."
2303,1,Yes
2303,2,Yes
2303,3,Yes
2303,4,Yes
2303,5,Yes
2303,6,Yes
2303,7,Yes
2303,8,Yes
2303,9,5
2304,10,Yes
2304,11,Yes
2304,12,Yes
2304,13,Yes
2304,14,Yes
2304,15,Yes
2304,16,Yes
2304,17,Yes
2304,18,4
2304,19,All checks completed as normal.
2305,1,Yes
2305,2,Yes
2305,3,Yes
2305,4,Yes
2305,5,Yes
2305,6,Yes
2305,7,Yes
2305,8,Yes
2305,9,4
2306,10,Yes
2306,11,Yes
2306,12,Yes
2306,13,Yes
2306,14,Yes
2306,15,Yes
2306,16,Yes
2306,17,Yes
2306,18,3
2306,19,"All good, nothing to report."
2307,1,Yes
2307,2,Yes
2307,3,Yes
2307,4,Yes
2307,5,Yes
2307,6,Yes
2307,7,Yes
2307,8,Yes
2307,9,3
2308,10,Yes
2308,11,Yes
2308,12,Yes
2308,13,Yes
2308,14,Yes
2308,15,Yes
2308,16,Yes
2308,17,Yes
2308,18,4
2308,19,New crew member trained on register today.
2309,1,Yes
2309,2,No
2309,3,Yes
2309,4,Yes
2309,5,Yes
2309,6,Yes
2309,7,Yes
2309,8,Yes
2309,9,5
2310,10,Yes
2310,11,Yes
2310,12,Yes
2310,13,Yes
2310,14,Yes
2310,15,Yes
2310,16,Yes
2310,17,Yes
2310,18,3
2310,19,"Busy night, all tasks completed on time."
2311,1,Yes
2311,2,No
2311,3,No
2311,4,Yes
2311,5,Yes
2311,6,Yes
2311,7,Yes
2311,8,No
2311,9,4
2312,10,Yes
2312,11,Yes
2312,12,Yes
2312,13,Yes
2312,14,Yes
2312,15,Yes
2312,16,Yes
2312,17,Yes
2312,18,3
2312,19,"Busy night, all tasks completed on time."
2313,1,Yes
2313,2,Yes
2313,3,Yes
2313,4,Yes
2313,5,Yes
2313,6,Yes
2313,7,Yes
2313,8,Yes
2313,9,3
2314,10,Yes
2314,11,Yes
2314,12,Yes
2314,13,Yes
2314,14,No
2314,15,Yes
2314,16,Yes
2314,17,Yes
2314,18,4
2314,19,"All good, nothing to report."
2315,1,Yes
2315,2,Yes
2315,3,Yes
2315,4,Yes
2315,5,Yes
2315,6,Yes
2315,7,Yes
2315,8,No
2315,9,4
2316,10,Yes
2316,11,Yes
2316,12,Yes
2316,13,Yes
2316,14,Yes
2316,15,Yes
2316,16,Yes
2316,17,Yes
2316,18,5
2316,19,Everything in order for tomorrow's opening.
2317,1,Yes
2317,2,Yes
2317,3,Yes
2317,4,Yes
2317,5,Yes
2317,6,No
2317,7,Yes
2317,8,Yes
2317,9,5
2318,10,Yes
2318,11,Yes
2318,12,Yes
2318,13,Yes
2318,14,No
2318,15,Yes
2318,16,Yes
2318,17,Yes
2318,18,4
2318,19,"All good, nothing to report."
2319,1,Yes
2319,2,Yes
2319,3,Yes
2319,4,Yes
2319,5,Yes
2319,6,Yes
2319,7,No
2319,8,No
2319,9,5
2320,10,Yes
2320,11,Yes
2320,12,Yes
2320,13,Yes
2320,14,Yes
2320,15,Yes
2320,16,Yes
2320,17,Yes
2320,18,3
2320,19,"Low stock on napkins, requested restock."
2321,1,Yes
2321,2,Yes
2321,3,Yes
2321,4,Yes
2321,5,No
2321,6,Yes
2321,7,Yes
2321,8,Yes
2321,9,4
2322,10,Yes
2322,11,Yes
2322,12,Yes
2322,13,Yes
2322,14,Yes
2322,15,No
2322,16,Yes
2322,17,Yes
2322,18,4
2322,19,"Busy night, all tasks completed on time."
2323,1,Yes
2323,2,Yes
2323,3,Yes
2323,4,Yes
2323,5,Yes
2323,6,Yes
2323,7,Yes
2323,8,Yes
2323,9,4
2324,10,Yes
2324,11,Yes
2324,12,Yes
2324,13,Yes
2324,14,Yes
2324,15,Yes
2324,16,Yes
2324,17,Yes
2324,18,5
2324,19,"Quiet evening, no issues."
2325,1,Yes
2325,2,Yes
2325,3,Yes
2325,4,Yes
2325,5,Yes
2325,6,Yes
2325,7,Yes
2325,8,Yes
2325,9,4
2326,10,Yes
2326,11,Yes
2326,12,Yes
2326,13,Yes
2326,14,Yes
2326,15,Yes
2326,16,Yes
2326,17,Yes
2326,18,4
2326,19,Slight delay in closing due to late customers.
2327,1,Yes
2327,2,No
2327,3,Yes
2327,4,Yes
2327,5,Yes
2327,6,No
2327,7,Yes
2327,8,Yes
2327,9,2
2328,1,Yes
2328,2,Yes
2328,3,Yes
2328,4,Yes
2328,5,Yes
2328,6,No
2328,7,Yes
2328,8,No
2328,9,4
2329,10,Yes
2329,11,Yes
2329,12,Yes
2329,13,Yes
2329,14,Yes
2329,15,Yes
2329,16,Yes
2329,17,Yes
2329,18,5
2329,19,"Low stock on napkins, requested restock."
2330,1,No
2330,2,Yes
2330,3,Yes
2330,4,Yes
2330,5,Yes
2330,6,Yes
2330,7,Yes
2330,8,No
2330,9,5
2331,10,Yes
2331,11,Yes
2331,12,Yes
2331,13,Yes
2331,14,Yes
2331,15,Yes
2331,16,Yes
2331,17,Yes
2331,18,5
2331,19,"Minor spill in dining area, cleaned promptly."
2332,1,Yes
2332,2,Yes
2332,3,Yes
2332,4,Yes
2332,5,Yes
2332,6,No
2332,7,Yes
2332,8,No
2332,9,3
2333,10,Yes
2333,11,Yes
2333,12,Yes
2333,13,Yes
2333,14,Yes
2333,15,Yes
2333,16,Yes
2333,17,Yes
2333,18,3
2333,19,Slight delay in closing due to late customers.
2334,1,Yes
2334,2,Yes
2334,3,Yes
2334,4,Yes
2334,5,Yes
2334,6,Yes
2334,7,Yes
2334,8,Yes
2334,9,3
2335,10,Yes
2335,11,Yes
2335,12,Yes
2335,13,Yes
2335,14,Yes
2335,15,Yes
2335,16,Yes
2335,17,Yes
2335,18,4
2335,19,"Busy night, all tasks completed on time."
2336,1,Yes
2336,2,Yes
2336,3,Yes
2336,4,Yes
2336,5,Yes
2336,6,Yes
2336,7,Yes
2336,8,Yes
2336,9,5
2337,10,Yes
2337,11,Yes
2337,12,Yes
2337,13,Yes
2337,14,Yes
2337,15,Yes
2337,16,Yes
2337,17,Yes
2337,18,3
2337,19,Everything in order for tomorrow's opening.
2338,1,Yes
2338,2,Yes
2338,3,No
2338,4,Yes
2338,5,Yes
2338,6,Yes
2338,7,Yes
2338,8,No
2338,9,3
2339,10,Yes
2339,11,Yes
2339,12,Yes
2339,13,Yes
2339,14,Yes
2339,15,Yes
2339,16,Yes
2339,17,No
2339,18,5
2339,19,"Quiet evening, no issues."
2340,1,No
2340,2,Yes
2340,3,Yes
2340,4,Yes
2340,5,Yes
2340,6,Yes
2340,7,Yes
2340,8,Yes
2340,9,4
2341,10,Yes
2341,11,Yes
2341,12,Yes
2341,13,Yes
2341,14,Yes
2341,15,Yes
2341,16,Yes
2341,17,Yes
2341,18,4
2341,19,"Low stock on napkins, requested restock."
2342,10,Yes
2342,11,Yes
2342,12,Yes
2342,13,Yes
2342,14,Yes
2342,15,Yes
2342,16,Yes
2342,17,Yes
2342,18,3
2342,19,"Busy night, all tasks completed on time."
2343,1,Yes
2343,2,No
2343,3,Yes
2343,4,Yes
2343,5,No
2343,6,Yes
2343,7,Yes
2343,8,No
2343,9,4
2344,10,Yes
2344,11,Yes
2344,12,Yes
2344,13,Yes
2344,14,Yes
2344,15,Yes
2344,16,Yes
2344,17,Yes
2344,18,4
2344,19,"Minor spill in dining area, cleaned promptly."
2345,1,Yes
2345,2,Yes
2345,3,Yes
2345,4,Yes
2345,5,Yes
2345,6,Yes
2345,7,Yes
2345,8,Yes
2345,9,3
2346,10,Yes
2346,11,Yes
2346,12,Yes
2346,13,Yes
2346,14,Yes
2346,15,Yes
2346,16,Yes
2346,17,Yes
2346,18,4
2346,19,"Busy night, all tasks completed on time."
2347,1,Yes
2347,2,Yes
2347,3,Yes
2347,4,Yes
2347,5,No
2347,6,Yes
2347,7,Yes
2347,8,Yes
2347,9,3
2348,10,Yes
2348,11,Yes
2348,12,Yes
2348,13,Yes
2348,14,Yes
2348,15,Yes
2348,16,Yes
2348,17,Yes
2348,18,4
2348,19,"Busy night, all tasks completed on time."
2349,1,Yes
2349,2,Yes
2349,3,Yes
2349,4,Yes
2349,5,Yes
2349,6,Yes
2349,7,No
2349,8,Yes
2349,9,3
2350,10,Yes
2350,11,Yes
2350,12,Yes
2350,13,Yes
2350,14,Yes
2350,15,Yes
2350,16,Yes
2350,17,Yes
2350,18,3
2350,19,Everything in order for tomorrow's opening.
2351,1,Yes
2351,2,Yes
2351,3,Yes
2351,4,Yes
2351,5,Yes
2351,6,Yes
2351,7,Yes
2351,8,No
2351,9,4
2352,10,Yes
2352,11,Yes
2352,12,Yes
2352,13,Yes
2352,14,Yes
2352,15,Yes
2352,16,Yes
2352,17,Yes
2352,18,3
2352,19,All checks completed as normal.
2353,1,Yes
2353,2,Yes
2353,3,Yes
2353,4,Yes
2353,5,Yes
2353,6,Yes
2353,7,No
2353,8,Yes
2353,9,4
2354,10,Yes
2354,11,Yes
2354,12,Yes
2354,13,Yes
2354,14,Yes
2354,15,Yes
2354,16,No
2354,17,Yes
2354,18,4
2354,19,"Quiet evening, no issues."
2355,1,Yes
2355,2,No
2355,3,Yes
2355,4,Yes
2355,5,Yes
2355,6,Yes
2355,7,No
2355,8,Yes
2355,9,4
2356,10,Yes
2356,11,Yes
2356,12,Yes
2356,13,Yes
2356,14,Yes
2356,15,Yes
2356,16,Yes
2356,17,Yes
2356,18,5
2356,19,"Busy night, all tasks completed on time."
2357,10,Yes
2357,11,Yes
2357,12,Yes
2357,13,Yes
2357,14,Yes
2357,15,Yes
2357,16,Yes
2357,17,Yes
2357,18,5
2357,19,All checks completed as normal.
2358,1,Yes
2358,2,Yes
2358,3,Yes
2358,4,No
2358,5,No
2358,6,Yes
2358,7,Yes
2358,8,Yes
2358,9,4
2359,10,Yes
2359,11,Yes
2359,12,Yes
2359,13,Yes
2359,14,Yes
2359,15,Yes
2359,16,Yes
2359,17,Yes
2359,18,4
2359,19,"Low stock on napkins, requested restock."
2360,1,Yes
2360,2,Yes
2360,3,Yes
2360,4,Yes
2360,5,Yes
2360,6,Yes
2360,7,Yes
2360,8,Yes
2360,9,2
2361,10,Yes
2361,11,Yes
2361,12,Yes
2361,13,Yes
2361,14,Yes
2361,15,Yes
2361,16,Yes
2361,17,Yes
2361,18,3
2361,19,All checks completed as normal.
2362,1,Yes
2362,2,Yes
2362,3,Yes
2362,4,Yes
2362,5,Yes
2362,6,Yes
2362,7,Yes
2362,8,Yes
2362,9,3
2363,10,Yes
2363,11,Yes
2363,12,Yes
2363,13,Yes
2363,14,Yes
2363,15,Yes
2363,16,Yes
2363,17,Yes
2363,18,4
2363,19,Slight delay in closing due to late customers.
2364,10,Yes
2364,11,Yes
2364,12,No
2364,13,Yes
2364,14,Yes
2364,15,No
2364,16,Yes
2364,17,Yes
2364,18,4
2364,19,"All good, nothing to report."
2365,1,Yes
2365,2,Yes
2365,3,Yes
2365,4,Yes
2365,5,No
2365,6,Yes
2365,7,No
2365,8,No
2365,9,1
2366,10,Yes
2366,11,Yes
2366,12,Yes
2366,13,Yes
2366,14,Yes
2366,15,Yes
2366,16,Yes
2366,17,Yes
2366,18,3
2366,19,"Minor spill in dining area, cleaned promptly."
2367,1,Yes
2367,2,Yes
2367,3,Yes
2367,4,Yes
2367,5,No
2367,6,No
2367,7,Yes
2367,8,Yes
2367,9,4
2368,10,Yes
2368,11,Yes
2368,12,Yes
2368,13,No
2368,14,No
2368,15,Yes
2368,16,Yes
2368,17,No
2368,18,3
2368,19,"Low stock on napkins, requested restock."
2369,1,Yes
2369,2,Yes
2369,3,Yes
2369,4,Yes
2369,5,Yes
2369,6,Yes
2369,7,Yes
2369,8,No
2369,9,3
2370,10,Yes
2370,11,Yes
2370,12,No
2370,13,Yes
2370,14,Yes
2370,15,Yes
2370,16,Yes
2370,17,Yes
2370,18,4
2370,19,All checks completed as normal.
2371,1,Yes
2371,2,Yes
2371,3,No
2371,4,Yes
2371,5,Yes
2371,6,Yes
2371,7,Yes
2371,8,Yes
2371,9,5
2372,1,Yes
2372,2,Yes
2372,3,Yes
2372,4,Yes
2372,5,Yes
2372,6,Yes
2372,7,Yes
2372,8,Yes
2372,9,3
2373,10,No
2373,11,Yes
2373,12,Yes
2373,13,No
2373,14,Yes
2373,15,Yes
2373,16,Yes
2373,17,Yes
2373,18,5
2373,19,Slight delay in closing due to late customers.
2374,1,Yes
2374,2,No
2374,3,Yes
2374,4,Yes
2374,5,Yes
2374,6,Yes
2374,7,Yes
2374,8,No
2374,9,3
2375,10,Yes
2375,11,No
2375,12,No
2375,13,Yes
2375,14,Yes
2375,15,Yes
2375,16,Yes
2375,17,Yes
2375,18,3
2375,19,Everything in order for tomorrow's opening.
2376,10,Yes
2376,11,Yes
2376,12,Yes
2376,13,Yes
2376,14,Yes
2376,15,Yes
2376,16,Yes
2376,17,No
2376,18,4
2376,19,"Delivery arrived late, adjusted prep schedule."
2377,1,Yes
2377,2,Yes
2377,3,Yes
2377,4,Yes
2377,5,No
2377,6,Yes
2377,7,Yes
2377,8,Yes
2377,9,3
2378,10,Yes
2378,11,Yes
2378,12,Yes
2378,13,Yes
2378,14,Yes
2378,15,Yes
2378,16,Yes
2378,17,Yes
2378,18,2
2378,19,"Delivery arrived late, adjusted prep schedule."
2379,10,Yes
2379,11,Yes
2379,12,Yes
2379,13,No
2379,14,Yes
2379,15,Yes
2379,16,Yes
2379,17,Yes
2379,18,5
2379,19,"Delivery arrived late, adjusted prep schedule."
2380,1,Yes
2380,2,No
2380,3,No
2380,4,Yes
2380,5,Yes
2380,6,Yes
2380,7,Yes
2380,8,Yes
2380,9,4
2381,10,Yes
2381,11,Yes
2381,12,Yes
2381,13,Yes
2381,14,Yes
2381,15,Yes
2381,16,Yes
2381,17,Yes
2381,18,4
2381,19,"Delivery arrived late, adjusted prep schedule."
2382,10,Yes
2382,11,No
2382,12,Yes
2382,13,Yes
2382,14,Yes
2382,15,No
2382,16,Yes
2382,17,Yes
2382,18,3
2382,19,New crew member trained on register today.
2383,1,Yes
2383,2,Yes
2383,3,Yes
2383,4,Yes
2383,5,Yes
2383,6,Yes
2383,7,Yes
2383,8,No
2383,9,4
2384,10,Yes
2384,11,Yes
2384,12,No
2384,13,Yes
2384,14,Yes
2384,15,Yes
2384,16,No
2384,17,No
2384,18,4
2384,19,"Quiet evening, no issues."
2385,1,No
2385,2,Yes
2385,3,No
2385,4,Yes
2385,5,Yes
2385,6,Yes
2385,7,Yes
2385,8,Yes
2385,9,3
2386,10,Yes
2386,11,Yes
2386,12,Yes
2386,13,Yes
2386,14,Yes
2386,15,Yes
2386,16,Yes
2386,17,Yes
2386,18,3
2386,19,"All good, nothing to report."
2387,10,Yes
2387,11,Yes
2387,12,Yes
2387,13,Yes
2387,14,Yes
2387,15,Yes
2387,16,No
2387,17,Yes
2387,18,4
2387,19,Everything in order for tomorrow's opening.
2388,10,No
2388,11,No
2388,12,Yes
2388,13,Yes
2388,14,Yes
2388,15,Yes
2388,16,Yes
2388,17,Yes
2388,18,2
2388,19,"Quiet evening, no issues."
2389,1,Yes
2389,2,Yes
2389,3,Yes
2389,4,Yes
2389,5,Yes
2389,6,Yes
2389,7,No
2389,8,Yes
2389,9,4
2390,1,No
2390,2,Yes
2390,3,Yes
2390,4,Yes
2390,5,Yes
2390,6,Yes
2390,7,Yes
2390,8,Yes
2390,9,4
2391,10,Yes
2391,11,Yes
2391,12,Yes
2391,13,Yes
2391,14,Yes
2391,15,Yes
2391,16,Yes
2391,17,Yes
2391,18,3
2391,19,"Delivery arrived late, adjusted prep schedule."
2392,10,Yes
2392,11,Yes
2392,12,Yes
2392,13,Yes
2392,14,Yes
2392,15,Yes
2392,16,Yes
2392,17,No
2392,18,4
2392,19,"Busy night, all tasks completed on time."
2393,1,Yes
2393,2,Yes
2393,3,Yes
2393,4,No
2393,5,Yes
2393,6,Yes
2393,7,Yes
2393,8,Yes
2393,9,4
2394,10,No
2394,11,Yes
2394,12,Yes
2394,13,Yes
2394,14,Yes
2394,15,Yes
2394,16,Yes
2394,17,Yes
2394,18,2
2394,19,"Low stock on napkins, requested restock."
2395,1,Yes
2395,2,Yes
2395,3,Yes
2395,4,Yes
2395,5,Yes
2395,6,Yes
2395,7,Yes
2395,8,Yes
2395,9,4
2396,10,Yes
2396,11,Yes
2396,12,No
2396,13,Yes
2396,14,Yes
2396,15,No
2396,16,Yes
2396,17,Yes
2396,18,4
2396,19,"Busy night, all tasks completed on time."
2397,1,Yes
2397,2,Yes
2397,3,Yes
2397,4,Yes
2397,5,No
2397,6,Yes
2397,7,Yes
2397,8,Yes
2397,9,3
2398,1,Yes
2398,2,Yes
2398,3,No
2398,4,Yes
2398,5,Yes
2398,6,No
2398,7,Yes
2398,8,No
2398,9,2
2399,10,Yes
2399,11,No
2399,12,Yes
2399,13,Yes
2399,14,Yes
2399,15,Yes
2399,16,Yes
2399,17,Yes
2399,18,3
2399,19,Everything in order for tomorrow's opening.
2400,1,Yes
2400,2,Yes
2400,3,Yes
2400,4,Yes
2400,5,Yes
2400,6,Yes
2400,7,Yes
2400,8,No
2400,9,3
2401,10,Yes
2401,11,Yes
2401,12,No
2401,13,No
2401,14,Yes
2401,15,Yes
2401,16,Yes
2401,17,Yes
2401,18,3
2401,19,"Busy night, all tasks completed on time."
2402,1,Yes
2402,2,Yes
2402,3,Yes
2402,4,Yes
2402,5,Yes
2402,6,Yes
2402,7,No
2402,8,Yes
2402,9,4
2403,1,Yes
2403,2,Yes
2403,3,No
2403,4,Yes
2403,5,No
2403,6,Yes
2403,7,Yes
2403,8,No
2403,9,5
2404,10,Yes
2404,11,Yes
2404,12,Yes
2404,13,Yes
2404,14,Yes
2404,15,No
2404,16,No
2404,17,Yes
2404,18,4
2404,19,Slight delay in closing due to late customers.
2405,1,Yes
2405,2,No
2405,3,Yes
2405,4,Yes
2405,5,No
2405,6,Yes
2405,7,Yes
2405,8,No
2405,9,4
2406,1,Yes
2406,2,Yes
2406,3,Yes
2406,4,Yes
2406,5,No
2406,6,Yes
2406,7,Yes
2406,8,Yes
2406,9,4
2407,10,Yes
2407,11,No
2407,12,Yes
2407,13,No
2407,14,No
2407,15,Yes
2407,16,No
2407,17,Yes
2407,18,3
2407,19,Slight delay in closing due to late customers.
2408,10,Yes
2408,11,No
2408,12,Yes
2408,13,Yes
2408,14,Yes
2408,15,Yes
2408,16,Yes
2408,17,Yes
2408,18,3
2408,19,Slight delay in closing due to late customers.
2409,1,No
2409,2,Yes
2409,3,Yes
2409,4,No
2409,5,No
2409,6,Yes
2409,7,Yes
2409,8,No
2409,9,4
2410,1,Yes
2410,2,Yes
2410,3,Yes
2410,4,Yes
2410,5,Yes
2410,6,No
2410,7,Yes
2410,8,Yes
2410,9,4
2411,10,No
2411,11,Yes
2411,12,Yes
2411,13,Yes
2411,14,Yes
2411,15,Yes
2411,16,Yes
2411,17,No
2411,18,4
2411,19,Everything in order for tomorrow's opening.
2412,1,Yes
2412,2,Yes
2412,3,No
2412,4,Yes
2412,5,Yes
2412,6,Yes
2412,7,Yes
2412,8,Yes
2412,9,3
2413,10,No
2413,11,No
2413,12,Yes
2413,13,Yes
2413,14,Yes
2413,15,Yes
2413,16,Yes
2413,17,Yes
2413,18,3
2413,19,All checks completed as normal.
2414,1,Yes
2414,2,Yes
2414,3,No
2414,4,Yes
2414,5,Yes
2414,6,Yes
2414,7,Yes
2414,8,Yes
2414,9,3
2415,10,No
2415,11,Yes
2415,12,No
2415,13,Yes
2415,14,Yes
2415,15,Yes
2415,16,Yes
2415,17,No
2415,18,1
2415,19,"Minor spill in dining area, cleaned promptly."
2416,1,Yes
2416,2,No
2416,3,Yes
2416,4,Yes
2416,5,Yes
2416,6,Yes
2416,7,Yes
2416,8,No
2416,9,2
2417,10,Yes
2417,11,No
2417,12,Yes
2417,13,Yes
2417,14,Yes
2417,15,Yes
2417,16,Yes
2417,17,No
2417,18,4
2417,19,"Quiet evening, no issues."
2418,1,Yes
2418,2,Yes
2418,3,Yes
2418,4,No
2418,5,Yes
2418,6,Yes
2418,7,Yes
2418,8,Yes
2418,9,3
2419,1,Yes
2419,2,Yes
2419,3,Yes
2419,4,Yes
2419,5,Yes
2419,6,No
2419,7,Yes
2419,8,No
2419,9,3
2420,10,No
2420,11,Yes
2420,12,Yes
2420,13,No
2420,14,Yes
2420,15,Yes
2420,16,Yes
2420,17,No
2420,18,3
2420,19,"Low stock on napkins, requested restock."
2421,1,No
2421,2,Yes
2421,3,Yes
2421,4,No
2421,5,No
2421,6,No
2421,7,No
2421,8,Yes
2421,9,5
2422,10,Yes
2422,11,Yes
2422,12,Yes
2422,13,Yes
2422,14,No
2422,15,Yes
2422,16,Yes
2422,17,No
2422,18,3
2422,19,Slight delay in closing due to late customers.
2423,10,Yes
2423,11,Yes
2423,12,Yes
2423,13,No
2423,14,Yes
2423,15,Yes
2423,16,No
2423,17,Yes
2423,18,4
2423,19,New crew member trained on register today.
2424,1,Yes
2424,2,No
2424,3,Yes
2424,4,Yes
2424,5,Yes
2424,6,No
2424,7,Yes
2424,8,Yes
2424,9,3
2425,10,Yes
2425,11,Yes
2425,12,Yes
2425,13,No
2425,14,Yes
2425,15,Yes
2425,16,Yes
2425,17,No
2425,18,3
2425,19,Slight delay in closing due to late customers.
2426,1,Yes
2426,2,Yes
2426,3,Yes
2426,4,Yes
2426,5,Yes
2426,6,Yes
2426,7,No
2426,8,Yes
2426,9,4
2427,10,Yes
2427,11,No
2427,12,Yes
2427,13,Yes
2427,14,No
2427,15,Yes
2427,16,Yes
2427,17,Yes
2427,18,2
2427,19,"All good, nothing to report."
2428,1,Yes
2428,2,Yes
2428,3,No
2428,4,Yes
2428,5,Yes
2428,6,Yes
2428,7,Yes
2428,8,Yes
2428,9,4
2429,10,Yes
2429,11,Yes
2429,12,No
2429,13,Yes
2429,14,Yes
2429,15,Yes
2429,16,Yes
2429,17,Yes
2429,18,4
2429,19,"Delivery arrived late, adjusted prep schedule."
2430,1,Yes
2430,2,No
2430,3,Yes
2430,4,Yes
2430,5,No
2430,6,Yes
2430,7,Yes
2430,8,No
2430,9,3
2431,1,Yes
2431,2,Yes
2431,3,Yes
2431,4,Yes
2431,5,Yes
2431,6,Yes
2431,7,Yes
2431,8,No
2431,9,3
2432,1,Yes
2432,2,Yes
2432,3,Yes
2432,4,Yes
2432,5,Yes
2432,6,No
2432,7,Yes
2432,8,Yes
2432,9,3
2433,10,No
2433,11,Yes
2433,12,Yes
2433,13,Yes
2433,14,Yes
2433,15,Yes
2433,16,Yes
2433,17,Yes
2433,18,4
2433,19,All checks completed as normal.
2434,1,Yes
2434,2,Yes
2434,3,Yes
2434,4,No
2434,5,Yes
2434,6,No
2434,7,Yes
2434,8,No
2434,9,1
2435,10,Yes
2435,11,Yes
2435,12,Yes
2435,13,Yes
2435,14,Yes
2435,15,Yes
2435,16,Yes
2435,17,Yes
2435,18,4
2435,19,New crew member trained on register today.
2436,1,Yes
2436,2,Yes
2436,3,Yes
2436,4,Yes
2436,5,Yes
2436,6,No
2436,7,Yes
2436,8,Yes
2436,9,3
2437,10,Yes
2437,11,No
2437,12,Yes
2437,13,Yes
2437,14,Yes
2437,15,Yes
2437,16,Yes
2437,17,No
2437,18,3
2437,19,"Quiet evening, no issues."
2438,10,No
2438,11,Yes
2438,12,Yes
2438,13,Yes
2438,14,No
2438,15,Yes
2438,16,No
2438,17,Yes
2438,18,4
2438,19,Everything in order for tomorrow's opening.
2439,10,No
2439,11,Yes
2439,12,No
2439,13,No
2439,14,Yes
2439,15,Yes
2439,16,Yes
2439,17,Yes
2439,18,3
2439,19,"Busy night, all tasks completed on time."
2440,1,Yes
2440,2,Yes
2440,3,Yes
2440,4,No
2440,5,Yes
2440,6,No
2440,7,Yes
2440,8,Yes
2440,9,3
2441,10,Yes
2441,11,Yes
2441,12,Yes
2441,13,No
2441,14,Yes
2441,15,Yes
2441,16,Yes
2441,17,Yes
2441,18,4
2441,19,"Quiet evening, no issues."
2442,1,Yes
2442,2,Yes
2442,3,Yes
2442,4,Yes
2442,5,Yes
2442,6,Yes
2442,7,Yes
2442,8,Yes
2442,9,5
2443,10,Yes
2443,11,Yes
2443,12,Yes
2443,13,No
2443,14,Yes
2443,15,Yes
2443,16,Yes
2443,17,Yes
2443,18,4
2443,19,"All good, nothing to report."
2444,10,Yes
2444,11,No
2444,12,Yes
2444,13,No
2444,14,Yes
2444,15,Yes
2444,16,Yes
2444,17,Yes
2444,18,3
2444,19,"All good, nothing to report."
2445,10,Yes
2445,11,Yes
2445,12,Yes
2445,13,Yes
2445,14,Yes
2445,15,Yes
2445,16,Yes
2445,17,Yes
2445,18,2
2445,19,"Quiet evening, no issues."
2446,10,Yes
2446,11,Yes
2446,12,No
2446,13,Yes
2446,14,Yes
2446,15,Yes
2446,16,Yes
2446,17,No
2446,18,3
2446,19,"Delivery arrived late, adjusted prep schedule."
2447,1,Yes
2447,2,Yes
2447,3,Yes
2447,4,Yes
2447,5,No
2447,6,No
2447,7,Yes
2447,8,Yes
2447,9,4
2448,10,Yes
2448,11,No
2448,12,No
2448,13,Yes
2448,14,Yes
2448,15,No
2448,16,Yes
2448,17,Yes
2448,18,3
2448,19,"Minor spill in dining area, cleaned promptly."
2449,1,Yes
2449,2,Yes
2449,3,Yes
2449,4,No
2449,5,Yes
2449,6,Yes
2449,7,No
2449,8,No
2449,9,3
2450,10,Yes
2450,11,Yes
2450,12,Yes
2450,13,Yes
2450,14,No
2450,15,Yes
2450,16,Yes
2450,17,No
2450,18,2
2450,19,"Low stock on napkins, requested restock."
2451,1,Yes
2451,2,Yes
2451,3,Yes
2451,4,No
2451,5,No
2451,6,Yes
2451,7,Yes
2451,8,Yes
2451,9,5
2452,10,Yes
2452,11,No
2452,12,Yes
2452,13,Yes
2452,14,No
2452,15,Yes
2452,16,Yes
2452,17,No
2452,18,5
2452,19,"Quiet evening, no issues."
2453,1,Yes
2453,2,Yes
2453,3,Yes
2453,4,Yes
2453,5,Yes
2453,6,Yes
2453,7,Yes
2453,8,Yes
2453,9,4
2454,10,Yes
2454,11,Yes
2454,12,Yes
2454,13,Yes
2454,14,No
2454,15,Yes
2454,16,Yes
2454,17,Yes
2454,18,4
2454,19,"Delivery arrived late, adjusted prep schedule."
2455,1,No
2455,2,Yes
2455,3,Yes
2455,4,No
2455,5,No
2455,6,Yes
2455,7,Yes
2455,8,No
2455,9,4
2456,10,Yes
2456,11,Yes
2456,12,Yes
2456,13,Yes
2456,14,Yes
2456,15,Yes
2456,16,Yes
2456,17,Yes
2456,18,3
2456,19,Slight delay in closing due to late customers.
2457,10,Yes
2457,11,Yes
2457,12,No
2457,13,No
2457,14,Yes
2457,15,Yes
2457,16,Yes
2457,17,Yes
2457,18,3
2457,19,Everything in order for tomorrow's opening.
2458,10,No
2458,11,No
2458,12,Yes
2458,13,No
2458,14,Yes
2458,15,Yes
2458,16,Yes
2458,17,Yes
2458,18,4
2458,19,All checks completed as normal.
2459,1,No
2459,2,No
2459,3,Yes
2459,4,No
2459,5,Yes
2459,6,Yes
2459,7,Yes
2459,8,Yes
2459,9,3
2460,10,Yes
2460,11,Yes
2460,12,Yes
2460,13,Yes
2460,14,No
2460,15,Yes
2460,16,Yes
2460,17,Yes
2460,18,4
2460,19,All checks completed as normal.
2461,10,No
2461,11,Yes
2461,12,No
2461,13,Yes
2461,14,Yes
2461,15,Yes
2461,16,Yes
2461,17,Yes
2461,18,3
2461,19,"Minor spill in dining area, cleaned promptly."
2462,1,Yes
2462,2,No
2462,3,Yes
2462,4,Yes
2462,5,Yes
2462,6,Yes
2462,7,Yes
2462,8,Yes
2462,9,3
2463,10,Yes
2463,11,Yes
2463,12,Yes
2463,13,Yes
2463,14,Yes
2463,15,No
2463,16,No
2463,17,No
2463,18,3
2463,19,"Busy night, all tasks completed on time."
2464,1,Yes
2464,2,Yes
2464,3,Yes
2464,4,Yes
2464,5,Yes
2464,6,No
2464,7,Yes
2464,8,No
2464,9,5
2465,10,Yes
2465,11,Yes
2465,12,Yes
2465,13,Yes
2465,14,Yes
2465,15,Yes
2465,16,Yes
2465,17,No
2465,18,4
2465,19,"Delivery arrived late, adjusted prep schedule."
2466,1,Yes
2466,2,Yes
2466,3,Yes
2466,4,Yes
2466,5,Yes
2466,6,Yes
2466,7,Yes
2466,8,Yes
2466,9,4
2467,10,Yes
2467,11,No
2467,12,Yes
2467,13,Yes
2467,14,Yes
2467,15,Yes
2467,16,No
2467,17,Yes
2467,18,2
2467,19,"Quiet evening, no issues."
2468,1,Yes
2468,2,Yes
2468,3,Yes
2468,4,Yes
2468,5,Yes
2468,6,Yes
2468,7,Yes
2468,8,No
2468,9,2
2469,1,Yes
2469,2,Yes
2469,3,Yes
2469,4,Yes
2469,5,Yes
2469,6,Yes
2469,7,No
2469,8,Yes
2469,9,4
2470,10,Yes
2470,11,No
2470,12,Yes
2470,13,Yes
2470,14,Yes
2470,15,No
2470,16,Yes
2470,17,No
2470,18,2
2470,19,"All good, nothing to report."
2471,10,Yes
2471,11,Yes
2471,12,Yes
2471,13,Yes
2471,14,Yes
2471,15,Yes
2471,16,Yes
2471,17,Yes
2471,18,4
2471,19,"Busy night, all tasks completed on time."
2472,1,Yes
2472,2,Yes
2472,3,No
2472,4,Yes
2472,5,No
2472,6,No
2472,7,Yes
2472,8,No
2472,9,5
2473,10,Yes
2473,11,Yes
2473,12,Yes
2473,13,Yes
2473,14,No
2473,15,Yes
2473,16,Yes
2473,17,Yes
2473,18,2
2473,19,"All good, nothing to report."
2474,10,Yes
2474,11,Yes
2474,12,Yes
2474,13,Yes
2474,14,Yes
2474,15,Yes
2474,16,Yes
2474,17,Yes
2474,18,3
2474,19,Everything in order for tomorrow's opening.
2475,1,Yes
2475,2,No
2475,3,Yes
2475,4,Yes
2475,5,Yes
2475,6,Yes
2475,7,No
2475,8,No
2475,9,4
2476,10,Yes
2476,11,Yes
2476,12,Yes
2476,13,Yes
2476,14,Yes
2476,15,Yes
2476,16,Yes
2476,17,Yes
2476,18,2
2476,19,"All good, nothing to report."
2477,10,Yes
2477,11,Yes
2477,12,Yes
2477,13,Yes
2477,14,Yes
2477,15,Yes
2477,16,Yes
2477,17,Yes
2477,18,3
2477,19,All checks completed as normal.
2478,1,Yes
2478,2,No
2478,3,Yes
2478,4,Yes
2478,5,Yes
2478,6,Yes
2478,7,Yes
2478,8,Yes
2478,9,2
2479,10,Yes
2479,11,Yes
2479,12,No
2479,13,Yes
2479,14,No
2479,15,No
2479,16,Yes
2479,17,Yes
2479,18,3
2479,19,New crew member trained on register today.
2480,1,Yes
2480,2,Yes
2480,3,Yes
2480,4,No
2480,5,No
2480,6,No
2480,7,Yes
2480,8,No
2480,9,3
2481,10,Yes
2481,11,Yes
2481,12,Yes
2481,13,Yes
2481,14,Yes
2481,15,Yes
2481,16,Yes
2481,17,Yes
2481,18,3
2481,19,New crew member trained on register today.
2482,1,No
2482,2,Yes
2482,3,Yes
2482,4,Yes
2482,5,Yes
2482,6,No
2482,7,No
2482,8,Yes
2482,9,1
2483,1,No
2483,2,No
2483,3,Yes
2483,4,No
2483,5,Yes
2483,6,No
2483,7,Yes
2483,8,Yes
2483,9,4
2484,1,No
2484,2,Yes
2484,3,Yes
2484,4,Yes
2484,5,Yes
2484,6,Yes
2484,7,Yes
2484,8,No
2484,9,2
2485,1,Yes
2485,2,No
2485,3,Yes
2485,4,No
2485,5,No
2485,6,Yes
2485,7,Yes
2485,8,Yes
2485,9,2
2486,10,Yes
2486,11,Yes
2486,12,Yes
2486,13,Yes
2486,14,Yes
2486,15,No
2486,16,Yes
2486,17,Yes
2486,18,2
2486,19,"Walk-in freezer temperature crept up again this evening, keeping an eye on it."
2487,1,No
2487,2,Yes
2487,3,Yes
2487,4,Yes
2487,5,Yes
2487,6,Yes
2487,7,Yes
2487,8,Yes
2487,9,2
2488,10,No
2488,11,Yes
2488,12,Yes
2488,13,No
2488,14,Yes
2488,15,No
2488,16,Yes
2488,17,Yes
2488,18,2
2488,19,"Walk-in freezer temperature crept up again this evening, keeping an eye on it."
2489,1,No
2489,2,Yes
2489,3,Yes
2489,4,No
2489,5,Yes
2489,6,Yes
2489,7,No
2489,8,No
2489,9,2
2490,10,Yes
2490,11,Yes
2490,12,No
2490,13,Yes
2490,14,Yes
2490,15,Yes
2490,16,Yes
2490,17,Yes
2490,18,1
2490,19,"Minor spill in dining area, cleaned promptly."
2491,1,No
2491,2,Yes
2491,3,No
2491,4,Yes
2491,5,No
2491,6,Yes
2491,7,Yes
2491,8,Yes
2491,9,2
2492,1,No
2492,2,Yes
2492,3,Yes
2492,4,Yes
2492,5,Yes
2492,6,Yes
2492,7,Yes
2492,8,Yes
2492,9,2
2493,10,Yes
2493,11,No
2493,12,Yes
2493,13,Yes
2493,14,No
2493,15,Yes
2493,16,No
2493,17,Yes
2493,18,3
2493,19,All checks completed as normal.
2494,1,No
2494,2,Yes
2494,3,Yes
2494,4,No
2494,5,No
2494,6,Yes
2494,7,Yes
2494,8,Yes
2494,9,2
2495,10,Yes
2495,11,No
2495,12,Yes
2495,13,Yes
2495,14,Yes
2495,15,Yes
2495,16,No
2495,17,Yes
2495,18,3
2495,19,"Quiet evening, no issues."
2496,10,Yes
2496,11,Yes
2496,12,Yes
2496,13,Yes
2496,14,Yes
2496,15,No
2496,16,Yes
2496,17,Yes
2496,18,2
2496,19,"Walk-in freezer temperature crept up again this evening, keeping an eye on it."
2497,1,Yes
2497,2,Yes
2497,3,Yes
2497,4,Yes
2497,5,No
2497,6,Yes
2497,7,No
2497,8,No
2497,9,3
2498,1,Yes
2498,2,Yes
2498,3,No
2498,4,Yes
2498,5,Yes
2498,6,No
2498,7,Yes
2498,8,No
2498,9,3
2499,1,Yes
2499,2,Yes
2499,3,Yes
2499,4,No
2499,5,No
2499,6,No
2499,7,Yes
2499,8,No
2499,9,3
2500,1,Yes
2500,2,No
2500,3,Yes
2500,4,Yes
2500,5,No
2500,6,No
2500,7,Yes
2500,8,No
2500,9,3
2501,1,Yes
2501,2,Yes
2501,3,Yes
2501,4,Yes
2501,5,Yes
2501,6,No
2501,7,Yes
2501,8,No
2501,9,3
2502,1,Yes
2502,2,Yes
2502,3,No
2502,4,Yes
2502,5,Yes
2502,6,No
2502,7,Yes
2502,8,Yes
2502,9,1
2503,1,Yes
2503,2,No
2503,3,Yes
2503,4,No
2503,5,Yes
2503,6,Yes
2503,7,No
2503,8,No
2503,9,2
2504,1,Yes
2504,2,Yes
2504,3,Yes
2504,4,Yes
2504,5,Yes
2504,6,Yes
2504,7,No
2504,8,No
2504,9,2
2505,10,Yes
2505,11,Yes
2505,12,Yes
2505,13,No
2505,14,Yes
2505,15,Yes
2505,16,No
2505,17,Yes
2505,18,3
2505,19,"Short-staffed again tonight, had to pull crew from other stations."
2506,10,Yes
2506,11,Yes
2506,12,Yes
2506,13,Yes
2506,14,Yes
2506,15,Yes
2506,16,Yes
2506,17,No
2506,18,3
2506,19,"Two crew members called in sick, closing took longer than usual."
2507,1,Yes
2507,2,Yes
2507,3,Yes
2507,4,No
2507,5,Yes
2507,6,No
2507,7,Yes
2507,8,No
2507,9,2
2508,10,Yes
2508,11,Yes
2508,12,Yes
2508,13,Yes
2508,14,Yes
2508,15,Yes
2508,16,Yes
2508,17,Yes
2508,18,2
2508,19,"Walk-in freezer temperature crept up again this evening, keeping an eye on it."
2509,10,No
2509,11,No
2509,12,No
2509,13,No
2509,14,No
2509,15,Yes
2509,16,No
2509,17,No
2509,18,1
2509,19,"Ice machine still making noise, might need service."
2510,1,No
2510,2,No
2510,3,Yes
2510,4,Yes
2510,5,Yes
2510,6,Yes
2510,7,Yes
2510,8,No
2510,9,3
2511,10,Yes
2511,11,No
2511,12,Yes
2511,13,Yes
2511,14,Yes
2511,15,Yes
2511,16,Yes
2511,17,No
2511,18,3
2511,19,All checks completed as normal.
2512,1,Yes
2512,2,Yes
2512,3,No
2512,4,Yes
2512,5,Yes
2512,6,Yes
2512,7,Yes
2512,8,No
2512,9,2
2513,1,No
2513,2,Yes
2513,3,Yes
2513,4,Yes
2513,5,No
2513,6,Yes
2513,7,Yes
2513,8,Yes
2513,9,3
2514,10,Yes
2514,11,Yes
2514,12,Yes
2514,13,Yes
2514,14,Yes
2514,15,No
2514,16,No
2514,17,Yes
2514,18,3
2514,19,Slight delay in closing due to late customers.
2515,10,Yes
2515,11,Yes
2515,12,Yes
2515,13,No
2515,14,Yes
2515,15,Yes
2515,16,Yes
2515,17,Yes
2515,18,4
2515,19,"Busy night, all tasks completed on time."
2516,10,Yes
2516,11,No
2516,12,No
2516,13,Yes
2516,14,No
2516,15,No
2516,16,Yes
2516,17,Yes
2516,18,1
2516,19,"Ice machine still making noise, might need service."
2517,10,No
2517,11,Yes
2517,12,No
2517,13,Yes
2517,14,No
2517,15,Yes
2517,16,Yes
2517,17,Yes
2517,18,3
2517,19,"Quiet evening, no issues."
2518,1,Yes
2518,2,No
2518,3,Yes
2518,4,Yes
2518,5,No
2518,6,Yes
2518,7,No
2518,8,Yes
2518,9,2
2519,10,Yes
2519,11,No
2519,12,No
2519,13,Yes
2519,14,No
2519,15,Yes
2519,16,Yes
2519,17,No
2519,18,4
2519,19,Everything in order for tomorrow's opening.
2520,1,No
2520,2,Yes
2520,3,Yes
2520,4,Yes
2520,5,No
2520,6,No
2520,7,Yes
2520,8,No
2520,9,1
2521,1,Yes
2521,2,Yes
2521,3,No
2521,4,No
2521,5,Yes
2521,6,No
2521,7,Yes
2521,8,Yes
2521,9,2
2522,10,Yes
2522,11,Yes
2522,12,Yes
2522,13,No
2522,14,No
2522,15,Yes
2522,16,Yes
2522,17,Yes
2522,18,1
2522,19,"Walk-in freezer temperature crept up again this evening, keeping an eye on it."
2523,1,No
2523,2,Yes
2523,3,Yes
2523,4,No
2523,5,Yes
2523,6,Yes
2523,7,Yes
2523,8,Yes
2523,9,2
2524,10,Yes
2524,11,No
2524,12,Yes
2524,13,Yes
2524,14,No
2524,15,Yes
2524,16,Yes
2524,17,No
2524,18,3
2524,19,"Busy night, all tasks completed on time."
2525,10,No
2525,11,No
2525,12,Yes
2525,13,Yes
2525,14,No
2525,15,Yes
2525,16,No
2525,17,No
2525,18,1
2525,19,"Delivery arrived late, adjusted prep schedule."
2526,1,Yes
2526,2,Yes
2526,3,Yes
2526,4,Yes
2526,5,Yes
2526,6,Yes
2526,7,Yes
2526,8,Yes
2526,9,2
2527,10,Yes
2527,11,Yes
2527,12,Yes
2527,13,No
2527,14,No
2527,15,No
2527,16,Yes
2527,17,No
2527,18,1
2527,19,"Compressor on the walk-in cooler sounds off, flagging for maintenance."
2528,1,Yes
2528,2,No
2528,3,No
2528,4,Yes
2528,5,Yes
2528,6,Yes
2528,7,Yes
2528,8,Yes
2528,9,2
2529,10,No
2529,11,No
2529,12,Yes
2529,13,No
2529,14,No
2529,15,Yes
2529,16,No
2529,17,No
2529,18,3
2529,19,"Short-staffed again tonight, had to pull crew from other stations."
2530,1,Yes
2530,2,Yes
2530,3,Yes
2530,4,Yes
2530,5,No
2530,6,Yes
2530,7,Yes
2530,8,No
2530,9,4
2531,10,No
2531,11,No
2531,12,Yes
2531,13,Yes
2531,14,No
2531,15,Yes
2531,16,Yes
2531,17,No
2531,18,4
2531,19,"Quiet evening, no issues."
2532,10,Yes
2532,11,No
2532,12,No
2532,13,No
2532,14,Yes
2532,15,No
2532,16,Yes
2532,17,Yes
2532,18,3
2532,19,"Ice machine still making noise, might need service."
2533,10,Yes
2533,11,Yes
2533,12,Yes
2533,13,No
2533,14,Yes
2533,15,Yes
2533,16,No
2533,17,No
2533,18,2
2533,19,"Busy night, all tasks completed on time."
2534,1,Yes
2534,2,Yes
2534,3,Yes
2534,4,Yes
2534,5,No
2534,6,No
2534,7,Yes
2534,8,Yes
2534,9,3
2535,1,Yes
2535,2,Yes
2535,3,No
2535,4,Yes
2535,5,Yes
2535,6,Yes
2535,7,No
2535,8,No
2535,9,4
2536,10,Yes
2536,11,Yes
2536,12,No
2536,13,No
2536,14,Yes
2536,15,No
2536,16,No
2536,17,Yes
2536,18,1
2536,19,"Low stock on napkins, requested restock."
2537,1,Yes
2537,2,Yes
2537,3,Yes
2537,4,Yes
2537,5,No
2537,6,Yes
2537,7,No
2537,8,Yes
2537,9,1
2538,10,Yes
2538,11,Yes
2538,12,Yes
2538,13,Yes
2538,14,No
2538,15,Yes
2538,16,Yes
2538,17,Yes
2538,18,1
2538,19,"Busy night, all tasks completed on time."
2539,10,Yes
2539,11,Yes
2539,12,No
2539,13,Yes
2539,14,Yes
2539,15,Yes
2539,16,Yes
2539,17,No
2539,18,2
2539,19,"Short-staffed again tonight, had to pull crew from other stations."
2540,10,No
2540,11,Yes
2540,12,Yes
2540,13,Yes
2540,14,Yes
2540,15,Yes
2540,16,No
2540,17,Yes
2540,18,2
2540,19,"Delivery arrived late, adjusted prep schedule."
2541,1,Yes
2541,2,Yes
2541,3,No
2541,4,No
2541,5,No
2541,6,Yes
2541,7,Yes
2541,8,Yes
2541,9,4
2542,1,Yes
2542,2,Yes
2542,3,Yes
2542,4,Yes
2542,5,No
2542,6,No
2542,7,No
2542,8,Yes
2542,9,2
2543,10,Yes
2543,11,Yes
2543,12,Yes
2543,13,Yes
2543,14,Yes
2543,15,Yes
2543,16,Yes
2543,17,Yes
2543,18,2
2543,19,All checks completed as normal.
2544,10,Yes
2544,11,No
2544,12,Yes
2544,13,Yes
2544,14,Yes
2544,15,Yes
2544,16,Yes
2544,17,Yes
2544,18,2
2544,19,"Busy night, all tasks completed on time."
2545,1,No
2545,2,Yes
2545,3,Yes
2545,4,Yes
2545,5,Yes
2545,6,Yes
2545,7,Yes
2545,8,No
2545,9,4
2546,10,No
2546,11,Yes
2546,12,Yes
2546,13,Yes
2546,14,Yes
2546,15,Yes
2546,16,Yes
2546,17,Yes
2546,18,1
2546,19,"Minor spill in dining area, cleaned promptly."
2547,1,Yes
2547,2,Yes
2547,3,Yes
2547,4,Yes
2547,5,No
2547,6,No
2547,7,Yes
2547,8,Yes
2547,9,2
2548,1,Yes
2548,2,No
2548,3,Yes
2548,4,Yes
2548,5,Yes
2548,6,No
2548,7,Yes
2548,8,Yes
2548,9,2
2549,10,Yes
2549,11,Yes
2549,12,Yes
2549,13,No
2549,14,Yes
2549,15,Yes
2549,16,Yes
2549,17,No
2549,18,2
2549,19,"Compressor on the walk-in cooler sounds off, flagging for maintenance."
2550,1,Yes
2550,2,Yes
2550,3,No
2550,4,No
2550,5,Yes
2550,6,Yes
2550,7,No
2550,8,Yes
2550,9,4
2551,1,Yes
2551,2,Yes
2551,3,No
2551,4,Yes
2551,5,Yes
2551,6,No
2551,7,No
2551,8,No
2551,9,2
2552,10,Yes
2552,11,No
2552,12,No
2552,13,No
2552,14,Yes
2552,15,Yes
2552,16,Yes
2552,17,Yes
2552,18,2
2552,19,"Short-staffed again tonight, had to pull crew from other stations."
2553,1,Yes
2553,2,No
2553,3,Yes
2553,4,No
2553,5,Yes
2553,6,Yes
2553,7,No
2553,8,No
2553,9,2
2554,10,No
2554,11,Yes
2554,12,No
2554,13,No
2554,14,Yes
2554,15,Yes
2554,16,Yes
2554,17,No
2554,18,2
2554,19,"Quiet evening, no issues."
2555,10,No
2555,11,Yes
2555,12,Yes
2555,13,No
2555,14,No
2555,15,No
2555,16,Yes
2555,17,Yes
2555,18,2
2555,19,"All good, nothing to report."
2556,10,Yes
2556,11,Yes
2556,12,Yes
2556,13,Yes
2556,14,No
2556,15,Yes
2556,16,No
2556,17,Yes
2556,18,2
2556,19,"Minor spill in dining area, cleaned promptly."
2557,1,Yes
2557,2,Yes
2557,3,Yes
2557,4,Yes
2557,5,No
2557,6,Yes
2557,7,Yes
2557,8,Yes
2557,9,3
2558,1,Yes
2558,2,No
2558,3,Yes
2558,4,Yes
2558,5,No
2558,6,Yes
2558,7,Yes
2558,8,Yes
2558,9,3
2559,10,Yes
2559,11,Yes
2559,12,Yes
2559,13,Yes
2559,14,Yes
2559,15,Yes
2559,16,Yes
2559,17,Yes
2559,18,4
2559,19,All checks completed as normal.
2560,10,Yes
2560,11,Yes
2560,12,Yes
2560,13,Yes
2560,14,Yes
2560,15,Yes
2560,16,Yes
2560,17,Yes
2560,18,4
2560,19,"Minor spill in dining area, cleaned promptly."
2561,1,Yes
2561,2,Yes
2561,3,Yes
2561,4,Yes
2561,5,Yes
2561,6,Yes
2561,7,Yes
2561,8,Yes
2561,9,4
2562,10,Yes
2562,11,Yes
2562,12,Yes
2562,13,Yes
2562,14,Yes
2562,15,Yes
2562,16,No
2562,17,Yes
2562,18,3
2562,19,Everything in order for tomorrow's opening.
2563,1,Yes
2563,2,Yes
2563,3,Yes
2563,4,Yes
2563,5,Yes
2563,6,Yes
2563,7,Yes
2563,8,Yes
2563,9,5
2564,10,Yes
2564,11,Yes
2564,12,Yes
2564,13,No
2564,14,Yes
2564,15,Yes
2564,16,Yes
2564,17,Yes
2564,18,5
2564,19,"Delivery arrived late, adjusted prep schedule."
2565,1,Yes
2565,2,Yes
2565,3,Yes
2565,4,Yes
2565,5,Yes
2565,6,Yes
2565,7,Yes
2565,8,Yes
2565,9,3
2566,10,Yes
2566,11,Yes
2566,12,Yes
2566,13,Yes
2566,14,Yes
2566,15,No
2566,16,Yes
2566,17,Yes
2566,18,4
2566,19,"Busy night, all tasks completed on time."
2567,1,Yes
2567,2,Yes
2567,3,Yes
2567,4,Yes
2567,5,Yes
2567,6,Yes
2567,7,Yes
2567,8,Yes
2567,9,4
2568,10,Yes
2568,11,Yes
2568,12,Yes
2568,13,Yes
2568,14,No
2568,15,Yes
2568,16,Yes
2568,17,Yes
2568,18,4
2568,19,"All good, nothing to report."
2569,10,Yes
2569,11,Yes
2569,12,Yes
2569,13,Yes
2569,14,Yes
2569,15,Yes
2569,16,Yes
2569,17,Yes
2569,18,4
2569,19,All checks completed as normal.
2570,1,Yes
2570,2,Yes
2570,3,Yes
2570,4,Yes
2570,5,Yes
2570,6,Yes
2570,7,Yes
2570,8,Yes
2570,9,4
2571,10,Yes
2571,11,Yes
2571,12,Yes
2571,13,Yes
2571,14,Yes
2571,15,Yes
2571,16,Yes
2571,17,No
2571,18,4
2571,19,"Minor spill in dining area, cleaned promptly."
2572,1,Yes
2572,2,Yes
2572,3,Yes
2572,4,Yes
2572,5,Yes
2572,6,Yes
2572,7,Yes
2572,8,Yes
2572,9,4
2573,10,Yes
2573,11,Yes
2573,12,Yes
2573,13,Yes
2573,14,Yes
2573,15,Yes
2573,16,Yes
2573,17,Yes
2573,18,5
2573,19,"Busy night, all tasks completed on time."
2574,10,Yes
2574,11,No
2574,12,Yes
2574,13,Yes
2574,14,Yes
2574,15,Yes
2574,16,Yes
2574,17,Yes
2574,18,4
2574,19,"All good, nothing to report."
2575,1,Yes
2575,2,Yes
2575,3,Yes
2575,4,Yes
2575,5,Yes
2575,6,Yes
2575,7,Yes
2575,8,Yes
2575,9,5
2576,10,Yes
2576,11,Yes
2576,12,Yes
2576,13,Yes
2576,14,Yes
2576,15,Yes
2576,16,Yes
2576,17,Yes
2576,18,4
2576,19,Slight delay in closing due to late customers.
2577,1,Yes
2577,2,Yes
2577,3,No
2577,4,Yes
2577,5,Yes
2577,6,Yes
2577,7,Yes
2577,8,Yes
2577,9,3
2578,10,Yes
2578,11,Yes
2578,12,Yes
2578,13,Yes
2578,14,Yes
2578,15,Yes
2578,16,Yes
2578,17,Yes
2578,18,3
2578,19,"Minor spill in dining area, cleaned promptly."
2579,1,Yes
2579,2,Yes
2579,3,Yes
2579,4,Yes
2579,5,Yes
2579,6,Yes
2579,7,Yes
2579,8,Yes
2579,9,4
2580,1,Yes
2580,2,Yes
2580,3,Yes
2580,4,Yes
2580,5,Yes
2580,6,Yes
2580,7,Yes
2580,8,Yes
2580,9,3
2581,10,Yes
2581,11,No
2581,12,Yes
2581,13,Yes
2581,14,Yes
2581,15,Yes
2581,16,Yes
2581,17,Yes
2581,18,5
2581,19,All checks completed as normal.
2582,1,Yes
2582,2,Yes
2582,3,Yes
2582,4,Yes
2582,5,Yes
2582,6,Yes
2582,7,No
2582,8,Yes
2582,9,3
2583,10,Yes
2583,11,Yes
2583,12,Yes
2583,13,Yes
2583,14,Yes
2583,15,Yes
2583,16,Yes
2583,17,Yes
2583,18,5
2583,19,"All good, nothing to report."
2584,1,Yes
2584,2,Yes
2584,3,Yes
2584,4,No
2584,5,Yes
2584,6,Yes
2584,7,Yes
2584,8,Yes
2584,9,4
2585,10,Yes
2585,11,Yes
2585,12,Yes
2585,13,Yes
2585,14,Yes
2585,15,Yes
2585,16,Yes
2585,17,Yes
2585,18,5
2585,19,"Minor spill in dining area, cleaned promptly."
2586,1,Yes
2586,2,Yes
2586,3,Yes
2586,4,Yes
2586,5,Yes
2586,6,No
2586,7,Yes
2586,8,Yes
2586,9,5
2587,1,Yes
2587,2,Yes
2587,3,Yes
2587,4,Yes
2587,5,Yes
2587,6,Yes
2587,7,Yes
2587,8,Yes
2587,9,3
2588,10,Yes
2588,11,No
2588,12,Yes
2588,13,Yes
2588,14,Yes
2588,15,Yes
2588,16,Yes
2588,17,Yes
2588,18,3
2588,19,New crew member trained on register today.
2589,1,Yes
2589,2,Yes
2589,3,No
2589,4,Yes
2589,5,Yes
2589,6,Yes
2589,7,Yes
2589,8,Yes
2589,9,5
2590,10,Yes
2590,11,Yes
2590,12,Yes
2590,13,Yes
2590,14,Yes
2590,15,Yes
2590,16,Yes
2590,17,Yes
2590,18,4
2590,19,Slight delay in closing due to late customers.
2591,1,Yes
2591,2,Yes
2591,3,Yes
2591,4,Yes
2591,5,Yes
2591,6,Yes
2591,7,Yes
2591,8,Yes
2591,9,3
2592,1,Yes
2592,2,Yes
2592,3,Yes
2592,4,Yes
2592,5,Yes
2592,6,Yes
2592,7,Yes
2592,8,Yes
2592,9,4
2593,10,Yes
2593,11,Yes
2593,12,Yes
2593,13,Yes
2593,14,Yes
2593,15,Yes
2593,16,Yes
2593,17,Yes
2593,18,3
2593,19,All checks completed as normal.
2594,1,Yes
2594,2,Yes
2594,3,Yes
2594,4,Yes
2594,5,Yes
2594,6,Yes
2594,7,Yes
2594,8,Yes
2594,9,3
2595,10,Yes
2595,11,Yes
2595,12,Yes
2595,13,Yes
2595,14,Yes
2595,15,Yes
2595,16,Yes
2595,17,Yes
2595,18,4
2595,19,All checks completed as normal.
2596,1,Yes
2596,2,Yes
2596,3,Yes
2596,4,Yes
2596,5,Yes
2596,6,Yes
2596,7,Yes
2596,8,Yes
2596,9,4
2597,10,No
2597,11,Yes
2597,12,Yes
2597,13,Yes
2597,14,Yes
2597,15,Yes
2597,16,Yes
2597,17,Yes
2597,18,4
2597,19,Everything in order for tomorrow's opening.
2598,1,Yes
2598,2,Yes
2598,3,Yes
2598,4,Yes
2598,5,Yes
2598,6,Yes
2598,7,No
2598,8,Yes
2598,9,3
2599,10,Yes
2599,11,Yes
2599,12,Yes
2599,13,Yes
2599,14,Yes
2599,15,Yes
2599,16,Yes
2599,17,Yes
2599,18,5
2599,19,"Minor spill in dining area, cleaned promptly."
2600,1,Yes
2600,2,Yes
2600,3,Yes
2600,4,Yes
2600,5,Yes
2600,6,Yes
2600,7,Yes
2600,8,No
2600,9,4
2601,10,Yes
2601,11,Yes
2601,12,No
2601,13,Yes
2601,14,No
2601,15,Yes
2601,16,Yes
2601,17,Yes
2601,18,3
2601,19,Everything in order for tomorrow's opening.
2602,1,Yes
2602,2,Yes
2602,3,Yes
2602,4,Yes
2602,5,No
2602,6,Yes
2602,7,Yes
2602,8,Yes
2602,9,3
2603,10,Yes
2603,11,Yes
2603,12,Yes
2603,13,Yes
2603,14,Yes
2603,15,Yes
2603,16,Yes
2603,17,Yes
2603,18,5
2603,19,"Low stock on napkins, requested restock."
2604,10,Yes
2604,11,Yes
2604,12,Yes
2604,13,Yes
2604,14,Yes
2604,15,Yes
2604,16,Yes
2604,17,Yes
2604,18,4
2604,19,"Busy night, all tasks completed on time."
2605,1,Yes
2605,2,Yes
2605,3,Yes
2605,4,Yes
2605,5,Yes
2605,6,Yes
2605,7,Yes
2605,8,Yes
2605,9,4
2606,10,Yes
2606,11,Yes
2606,12,Yes
2606,13,Yes
2606,14,No
2606,15,Yes
2606,16,Yes
2606,17,Yes
2606,18,3
2606,19,"All good, nothing to report."
2607,1,Yes
2607,2,Yes
2607,3,Yes
2607,4,Yes
2607,5,Yes
2607,6,Yes
2607,7,Yes
2607,8,Yes
2607,9,4
2608,10,Yes
2608,11,Yes
2608,12,Yes
2608,13,Yes
2608,14,Yes
2608,15,Yes
2608,16,Yes
2608,17,Yes
2608,18,4
2608,19,"Low stock on napkins, requested restock."
2609,10,Yes
2609,11,No
2609,12,Yes
2609,13,Yes
2609,14,Yes
2609,15,Yes
2609,16,Yes
2609,17,Yes
2609,18,3
2609,19,"Delivery arrived late, adjusted prep schedule."
2610,1,No
2610,2,Yes
2610,3,Yes
2610,4,Yes
2610,5,Yes
2610,6,Yes
2610,7,Yes
2610,8,Yes
2610,9,4
2611,1,Yes
2611,2,Yes
2611,3,Yes
2611,4,Yes
2611,5,Yes
2611,6,Yes
2611,7,Yes
2611,8,Yes
2611,9,4
2612,10,Yes
2612,11,Yes
2612,12,Yes
2612,13,Yes
2612,14,Yes
2612,15,Yes
2612,16,Yes
2612,17,Yes
2612,18,4
2612,19,"Delivery arrived late, adjusted prep schedule."
2613,1,Yes
2613,2,Yes
2613,3,Yes
2613,4,Yes
2613,5,Yes
2613,6,Yes
2613,7,Yes
2613,8,Yes
2613,9,3
2614,10,Yes
2614,11,Yes
2614,12,Yes
2614,13,Yes
2614,14,Yes
2614,15,Yes
2614,16,Yes
2614,17,Yes
2614,18,3
2614,19,"All good, nothing to report."
2615,1,Yes
2615,2,Yes
2615,3,Yes
2615,4,Yes
2615,5,Yes
2615,6,Yes
2615,7,Yes
2615,8,Yes
2615,9,4
2616,10,Yes
2616,11,Yes
2616,12,Yes
2616,13,Yes
2616,14,Yes
2616,15,Yes
2616,16,Yes
2616,17,Yes
2616,18,4
2616,19,Slight delay in closing due to late customers.
2617,1,Yes
2617,2,Yes
2617,3,Yes
2617,4,Yes
2617,5,Yes
2617,6,Yes
2617,7,Yes
2617,8,Yes
2617,9,3
2618,1,Yes
2618,2,Yes
2618,3,Yes
2618,4,Yes
2618,5,Yes
2618,6,Yes
2618,7,Yes
2618,8,No
2618,9,3
2619,10,Yes
2619,11,Yes
2619,12,Yes
2619,13,Yes
2619,14,Yes
2619,15,Yes
2619,16,Yes
2619,17,Yes
2619,18,4
2619,19,"Low stock on napkins, requested restock."
2620,1,Yes
2620,2,Yes
2620,3,Yes
2620,4,Yes
2620,5,Yes
2620,6,Yes
2620,7,Yes
2620,8,Yes
2620,9,3
2621,10,Yes
2621,11,Yes
2621,12,Yes
2621,13,No
2621,14,No
2621,15,Yes
2621,16,Yes
2621,17,Yes
2621,18,5
2621,19,"Low stock on napkins, requested restock."
2622,10,Yes
2622,11,Yes
2622,12,Yes
2622,13,Yes
2622,14,Yes
2622,15,Yes
2622,16,Yes
2622,17,Yes
2622,18,3
2622,19,"Low stock on napkins, requested restock."
2623,10,Yes
2623,11,Yes
2623,12,Yes
2623,13,Yes
2623,14,Yes
2623,15,Yes
2623,16,Yes
2623,17,Yes
2623,18,4
2623,19,All checks completed as normal.
2624,1,Yes
2624,2,Yes
2624,3,Yes
2624,4,Yes
2624,5,Yes
2624,6,Yes
2624,7,No
2624,8,No
2624,9,5
2625,10,Yes
2625,11,Yes
2625,12,Yes
2625,13,Yes
2625,14,Yes
2625,15,Yes
2625,16,Yes
2625,17,Yes
2625,18,4
2625,19,"Delivery arrived late, adjusted prep schedule."
2626,1,Yes
2626,2,Yes
2626,3,Yes
2626,4,Yes
2626,5,Yes
2626,6,Yes
2626,7,Yes
2626,8,Yes
2626,9,3
2627,10,Yes
2627,11,Yes
2627,12,Yes
2627,13,Yes
2627,14,Yes
2627,15,Yes
2627,16,Yes
2627,17,Yes
2627,18,4
2627,19,"Minor spill in dining area, cleaned promptly."
2628,1,Yes
2628,2,Yes
2628,3,Yes
2628,4,Yes
2628,5,Yes
2628,6,Yes
2628,7,No
2628,8,Yes
2628,9,5
2629,10,Yes
2629,11,Yes
2629,12,No
2629,13,Yes
2629,14,Yes
2629,15,Yes
2629,16,Yes
2629,17,Yes
2629,18,3
2629,19,New crew member trained on register today.
2630,1,Yes
2630,2,Yes
2630,3,Yes
2630,4,Yes
2630,5,No
2630,6,Yes
2630,7,Yes
2630,8,No
2630,9,4
2631,10,Yes
2631,11,Yes
2631,12,Yes
2631,13,Yes
2631,14,Yes
2631,15,Yes
2631,16,Yes
2631,17,Yes
2631,18,5
2631,19,All checks completed as normal.
2632,1,Yes
2632,2,Yes
2632,3,Yes
2632,4,Yes
2632,5,Yes
2632,6,Yes
2632,7,Yes
2632,8,Yes
2632,9,4
2633,10,Yes
2633,11,Yes
2633,12,Yes
2633,13,Yes
2633,14,Yes
2633,15,Yes
2633,16,Yes
2633,17,Yes
2633,18,3
2633,19,"All good, nothing to report."
2634,1,Yes
2634,2,Yes
2634,3,Yes
2634,4,Yes
2634,5,Yes
2634,6,Yes
2634,7,Yes
2634,8,Yes
2634,9,4
2635,10,Yes
2635,11,Yes
2635,12,No
2635,13,Yes
2635,14,Yes
2635,15,Yes
2635,16,Yes
2635,17,Yes
2635,18,3
2635,19,"Minor spill in dining area, cleaned promptly."
2636,10,Yes
2636,11,Yes
2636,12,Yes
2636,13,Yes
2636,14,Yes
2636,15,Yes
2636,16,Yes
2636,17,No
2636,18,3
2636,19,"Minor spill in dining area, cleaned promptly."
2637,1,Yes
2637,2,Yes
2637,3,Yes
2637,4,Yes
2637,5,Yes
2637,6,Yes
2637,7,Yes
2637,8,No
2637,9,3
2638,10,Yes
2638,11,No
2638,12,Yes
2638,13,Yes
2638,14,Yes
2638,15,Yes
2638,16,Yes
2638,17,Yes
2638,18,4
2638,19,"Minor spill in dining area, cleaned promptly."
2639,1,No
2639,2,Yes
2639,3,Yes
2639,4,Yes
2639,5,Yes
2639,6,Yes
2639,7,Yes
2639,8,No
2639,9,4
2640,10,Yes
2640,11,Yes
2640,12,Yes
2640,13,Yes
2640,14,Yes
2640,15,Yes
2640,16,Yes
2640,17,Yes
2640,18,4
2640,19,"Delivery arrived late, adjusted prep schedule."
2641,10,Yes
2641,11,Yes
2641,12,Yes
2641,13,Yes
2641,14,Yes
2641,15,Yes
2641,16,Yes
2641,17,Yes
2641,18,3
2641,19,Slight delay in closing due to late customers.
2642,1,Yes
2642,2,Yes
2642,3,Yes
2642,4,Yes
2642,5,Yes
2642,6,Yes
2642,7,Yes
2642,8,Yes
2642,9,4
2643,10,Yes
2643,11,Yes
2643,12,Yes
2643,13,Yes
2643,14,Yes
2643,15,Yes
2643,16,Yes
2643,17,Yes
2643,18,5
2643,19,New crew member trained on register today.
2644,1,Yes
2644,2,Yes
2644,3,No
2644,4,Yes
2644,5,Yes
2644,6,Yes
2644,7,Yes
2644,8,No
2644,9,5
2645,10,Yes
2645,11,Yes
2645,12,Yes
2645,13,Yes
2645,14,Yes
2645,15,Yes
2645,16,Yes
2645,17,Yes
2645,18,3
2645,19,New crew member trained on register today.
2646,1,Yes
2646,2,Yes
2646,3,Yes
2646,4,Yes
2646,5,Yes
2646,6,Yes
2646,7,Yes
2646,8,Yes
2646,9,4
2647,10,Yes
2647,11,Yes
2647,12,Yes
2647,13,Yes
2647,14,Yes
2647,15,Yes
2647,16,Yes
2647,17,Yes
2647,18,4
2647,19,"Low stock on napkins, requested restock."
2648,1,Yes
2648,2,Yes
2648,3,Yes
2648,4,Yes
2648,5,Yes
2648,6,Yes
2648,7,Yes
2648,8,Yes
2648,9,4
2649,10,Yes
2649,11,Yes
2649,12,Yes
2649,13,Yes
2649,14,Yes
2649,15,Yes
2649,16,Yes
2649,17,Yes
2649,18,4
2649,19,Slight delay in closing due to late customers.
2650,1,Yes
2650,2,Yes
2650,3,Yes
2650,4,Yes
2650,5,Yes
2650,6,Yes
2650,7,Yes
2650,8,Yes
2650,9,2
2651,10,Yes
2651,11,Yes
2651,12,Yes
2651,13,Yes
2651,14,Yes
2651,15,Yes
2651,16,Yes
2651,17,Yes
2651,18,3
2651,19,New crew member trained on register today.
2652,1,Yes
2652,2,Yes
2652,3,Yes
2652,4,Yes
2652,5,No
2652,6,Yes
2652,7,Yes
2652,8,No
2652,9,4
2653,10,Yes
2653,11,Yes
2653,12,Yes
2653,13,Yes
2653,14,Yes
2653,15,Yes
2653,16,Yes
2653,17,Yes
2653,18,3
2653,19,"Delivery arrived late, adjusted prep schedule."
2654,1,Yes
2654,2,Yes
2654,3,Yes
2654,4,Yes
2654,5,Yes
2654,6,Yes
2654,7,Yes
2654,8,No
2654,9,4
2655,10,Yes
2655,11,No
2655,12,Yes
2655,13,Yes
2655,14,Yes
2655,15,Yes
2655,16,Yes
2655,17,Yes
2655,18,3
2655,19,All checks completed as normal.
2656,1,Yes
2656,2,Yes
2656,3,Yes
2656,4,Yes
2656,5,Yes
2656,6,Yes
2656,7,Yes
2656,8,No
2656,9,4
2657,10,Yes
2657,11,Yes
2657,12,Yes
2657,13,Yes
2657,14,Yes
2657,15,Yes
2657,16,Yes
2657,17,Yes
2657,18,3
2657,19,Everything in order for tomorrow's opening.
2658,1,No
2658,2,Yes
2658,3,Yes
2658,4,Yes
2658,5,Yes
2658,6,Yes
2658,7,Yes
2658,8,Yes
2658,9,5
2659,10,Yes
2659,11,Yes
2659,12,Yes
2659,13,Yes
2659,14,Yes
2659,15,Yes
2659,16,Yes
2659,17,Yes
2659,18,4
2659,19,Everything in order for tomorrow's opening.
2660,10,Yes
2660,11,Yes
2660,12,Yes
2660,13,No
2660,14,Yes
2660,15,Yes
2660,16,Yes
2660,17,Yes
2660,18,4
2660,19,Slight delay in closing due to late customers.
2661,1,Yes
2661,2,Yes
2661,3,Yes
2661,4,Yes
2661,5,Yes
2661,6,Yes
2661,7,Yes
2661,8,Yes
2661,9,4
2662,1,Yes
2662,2,Yes
2662,3,Yes
2662,4,Yes
2662,5,Yes
2662,6,Yes
2662,7,Yes
2662,8,Yes
2662,9,4
2663,10,No
2663,11,Yes
2663,12,Yes
2663,13,Yes
2663,14,Yes
2663,15,Yes
2663,16,Yes
2663,17,Yes
2663,18,4
2663,19,"Low stock on napkins, requested restock."
2664,1,Yes
2664,2,Yes
2664,3,Yes
2664,4,Yes
2664,5,Yes
2664,6,Yes
2664,7,Yes
2664,8,Yes
2664,9,3
2665,10,Yes
2665,11,Yes
2665,12,Yes
2665,13,Yes
2665,14,Yes
2665,15,Yes
2665,16,Yes
2665,17,Yes
2665,18,5
2665,19,"Minor spill in dining area, cleaned promptly."
2666,1,Yes
2666,2,Yes
2666,3,Yes
2666,4,Yes
2666,5,Yes
2666,6,Yes
2666,7,Yes
2666,8,Yes
2666,9,4
2667,10,Yes
2667,11,Yes
2667,12,Yes
2667,13,Yes
2667,14,Yes
2667,15,Yes
2667,16,Yes
2667,17,Yes
2667,18,5
2667,19,Slight delay in closing due to late customers.
2668,1,Yes
2668,2,Yes
2668,3,Yes
2668,4,Yes
2668,5,Yes
2668,6,Yes
2668,7,Yes
2668,8,Yes
2668,9,4
2669,10,Yes
2669,11,Yes
2669,12,Yes
2669,13,Yes
2669,14,Yes
2669,15,Yes
2669,16,No
2669,17,Yes
2669,18,3
2669,19,"Minor spill in dining area, cleaned promptly."
2670,1,Yes
2670,2,No
2670,3,Yes
2670,4,Yes
2670,5,Yes
2670,6,Yes
2670,7,Yes
2670,8,No
2670,9,3
2671,10,Yes
2671,11,Yes
2671,12,Yes
2671,13,Yes
2671,14,Yes
2671,15,Yes
2671,16,Yes
2671,17,Yes
2671,18,5
2671,19,"Low stock on napkins, requested restock."
2672,1,Yes
2672,2,Yes
2672,3,Yes
2672,4,Yes
2672,5,Yes
2672,6,Yes
2672,7,Yes
2672,8,No
2672,9,3
2673,10,Yes
2673,11,Yes
2673,12,Yes
2673,13,Yes
2673,14,Yes
2673,15,Yes
2673,16,Yes
2673,17,Yes
2673,18,4
2673,19,Slight delay in closing due to late customers.
2674,1,Yes
2674,2,Yes
2674,3,Yes
2674,4,Yes
2674,5,Yes
2674,6,Yes
2674,7,Yes
2674,8,Yes
2674,9,4
2675,10,Yes
2675,11,Yes
2675,12,Yes
2675,13,Yes
2675,14,Yes
2675,15,Yes
2675,16,Yes
2675,17,Yes
2675,18,4
2675,19,"Low stock on napkins, requested restock."
2676,1,Yes
2676,2,Yes
2676,3,Yes
2676,4,Yes
2676,5,Yes
2676,6,Yes
2676,7,Yes
2676,8,Yes
2676,9,4
2677,10,Yes
2677,11,Yes
2677,12,Yes
2677,13,Yes
2677,14,Yes
2677,15,Yes
2677,16,Yes
2677,17,Yes
2677,18,4
2677,19,"Busy night, all tasks completed on time."
2678,1,Yes
2678,2,Yes
2678,3,Yes
2678,4,Yes
2678,5,Yes
2678,6,Yes
2678,7,Yes
2678,8,No
2678,9,4
2679,10,Yes
2679,11,Yes
2679,12,Yes
2679,13,Yes
2679,14,No
2679,15,No
2679,16,Yes
2679,17,Yes
2679,18,5
2679,19,"Busy night, all tasks completed on time."
2680,10,Yes
2680,11,Yes
2680,12,Yes
2680,13,Yes
2680,14,Yes
2680,15,Yes
2680,16,Yes
2680,17,Yes
2680,18,5
2680,19,"Quiet evening, no issues."
2681,1,Yes
2681,2,Yes
2681,3,Yes
2681,4,Yes
2681,5,No
2681,6,Yes
2681,7,Yes
2681,8,Yes
2681,9,3
2682,10,Yes
2682,11,Yes
2682,12,Yes
2682,13,Yes
2682,14,Yes
2682,15,Yes
2682,16,Yes
2682,17,Yes
2682,18,5
2682,19,"All good, nothing to report."
2683,1,Yes
2683,2,Yes
2683,3,Yes
2683,4,Yes
2683,5,Yes
2683,6,Yes
2683,7,Yes
2683,8,Yes
2683,9,5
2684,10,No
2684,11,Yes
2684,12,Yes
2684,13,Yes
2684,14,Yes
2684,15,Yes
2684,16,Yes
2684,17,Yes
2684,18,3
2684,19,"All good, nothing to report."
2685,1,Yes
2685,2,Yes
2685,3,Yes
2685,4,Yes
2685,5,Yes
2685,6,Yes
2685,7,Yes
2685,8,No
2685,9,5
2686,1,Yes
2686,2,Yes
2686,3,Yes
2686,4,Yes
2686,5,Yes
2686,6,Yes
2686,7,Yes
2686,8,Yes
2686,9,5
2687,10,Yes
2687,11,Yes
2687,12,Yes
2687,13,Yes
2687,14,Yes
2687,15,Yes
2687,16,Yes
2687,17,Yes
2687,18,5
2687,19,Everything in order for tomorrow's opening.
2688,1,Yes
2688,2,Yes
2688,3,Yes
2688,4,Yes
2688,5,Yes
2688,6,Yes
2688,7,Yes
2688,8,Yes
2688,9,4
2689,10,Yes
2689,11,Yes
2689,12,Yes
2689,13,Yes
2689,14,Yes
2689,15,Yes
2689,16,Yes
2689,17,Yes
2689,18,3
2689,19,"Low stock on napkins, requested restock."
2690,1,Yes
2690,2,Yes
2690,3,Yes
2690,4,Yes
2690,5,Yes
2690,6,No
2690,7,Yes
2690,8,No
2690,9,4
2691,10,Yes
2691,11,Yes
2691,12,Yes
2691,13,Yes
2691,14,Yes
2691,15,Yes
2691,16,Yes
2691,17,Yes
2691,18,4
2691,19,"Low stock on napkins, requested restock."
2692,1,Yes
2692,2,Yes
2692,3,Yes
2692,4,Yes
2692,5,Yes
2692,6,Yes
2692,7,Yes
2692,8,Yes
2692,9,3
2693,10,No
2693,11,Yes
2693,12,Yes
2693,13,Yes
2693,14,Yes
2693,15,Yes
2693,16,Yes
2693,17,Yes
2693,18,5
2693,19,"Minor spill in dining area, cleaned promptly."
2694,1,Yes
2694,2,Yes
2694,3,Yes
2694,4,Yes
2694,5,Yes
2694,6,Yes
2694,7,Yes
2694,8,No
2694,9,4
2695,10,Yes
2695,11,Yes
2695,12,Yes
2695,13,Yes
2695,14,Yes
2695,15,Yes
2695,16,Yes
2695,17,Yes
2695,18,5
2695,19,All checks completed as normal.
2696,1,Yes
2696,2,Yes
2696,3,Yes
2696,4,Yes
2696,5,Yes
2696,6,Yes
2696,7,Yes
2696,8,Yes
2696,9,5
2697,10,Yes
2697,11,Yes
2697,12,Yes
2697,13,Yes
2697,14,Yes
2697,15,Yes
2697,16,Yes
2697,17,Yes
2697,18,4
2697,19,Everything in order for tomorrow's opening.
2698,1,Yes
2698,2,Yes
2698,3,Yes
2698,4,Yes
2698,5,Yes
2698,6,Yes
2698,7,Yes
2698,8,Yes
2698,9,3
2699,10,Yes
2699,11,Yes
2699,12,Yes
2699,13,Yes
2699,14,Yes
2699,15,Yes
2699,16,Yes
2699,17,Yes
2699,18,4
2699,19,Slight delay in closing due to late customers.
2700,1,Yes
2700,2,Yes
2700,3,Yes
2700,4,Yes
2700,5,Yes
2700,6,Yes
2700,7,Yes
2700,8,Yes
2700,9,4
2701,10,Yes
2701,11,Yes
2701,12,Yes
2701,13,Yes
2701,14,Yes
2701,15,Yes
2701,16,Yes
2701,17,Yes
2701,18,5
2701,19,All checks completed as normal.
2702,1,Yes
2702,2,Yes
2702,3,Yes
2702,4,Yes
2702,5,No
2702,6,Yes
2702,7,Yes
2702,8,Yes
2702,9,5
2703,10,Yes
2703,11,Yes
2703,12,Yes
2703,13,Yes
2703,14,Yes
2703,15,Yes
2703,16,Yes
2703,17,Yes
2703,18,4
2703,19,"All good, nothing to report."
2704,1,Yes
2704,2,Yes
2704,3,Yes
2704,4,Yes
2704,5,Yes
2704,6,Yes
2704,7,Yes
2704,8,Yes
2704,9,4
2705,10,Yes
2705,11,Yes
2705,12,Yes
2705,13,Yes
2705,14,Yes
2705,15,Yes
2705,16,Yes
2705,17,Yes
2705,18,5
2705,19,"Busy night, all tasks completed on time."
2706,1,Yes
2706,2,Yes
2706,3,Yes
2706,4,No
2706,5,Yes
2706,6,Yes
2706,7,Yes
2706,8,Yes
2706,9,4
2707,10,Yes
2707,11,Yes
2707,12,Yes
2707,13,Yes
2707,14,Yes
2707,15,Yes
2707,16,Yes
2707,17,Yes
2707,18,3
2707,19,All checks completed as normal.
2708,1,Yes
2708,2,Yes
2708,3,Yes
2708,4,Yes
2708,5,Yes
2708,6,Yes
2708,7,Yes
2708,8,Yes
2708,9,3
2709,10,Yes
2709,11,Yes
2709,12,Yes
2709,13,Yes
2709,14,Yes
2709,15,Yes
2709,16,Yes
2709,17,Yes
2709,18,4
2709,19,Slight delay in closing due to late customers.
2710,1,Yes
2710,2,Yes
2710,3,Yes
2710,4,Yes
2710,5,Yes
2710,6,Yes
2710,7,Yes
2710,8,Yes
2710,9,3
2711,10,No
2711,11,Yes
2711,12,Yes
2711,13,Yes
2711,14,Yes
2711,15,Yes
2711,16,Yes
2711,17,Yes
2711,18,5
2711,19,Slight delay in closing due to late customers.
2712,1,Yes
2712,2,Yes
2712,3,Yes
2712,4,Yes
2712,5,No
2712,6,Yes
2712,7,Yes
2712,8,Yes
2712,9,3
2713,10,Yes
2713,11,Yes
2713,12,Yes
2713,13,Yes
2713,14,Yes
2713,15,Yes
2713,16,No
2713,17,Yes
2713,18,4
2713,19,"Low stock on napkins, requested restock."
2714,1,Yes
2714,2,Yes
2714,3,Yes
2714,4,Yes
2714,5,Yes
2714,6,Yes
2714,7,Yes
2714,8,Yes
2714,9,5
2715,10,Yes
2715,11,Yes
2715,12,Yes
2715,13,Yes
2715,14,Yes
2715,15,Yes
2715,16,Yes
2715,17,Yes
2715,18,3
2715,19,"Low stock on napkins, requested restock."
2716,1,Yes
2716,2,Yes
2716,3,Yes
2716,4,Yes
2716,5,Yes
2716,6,Yes
2716,7,Yes
2716,8,Yes
2716,9,5
2717,10,Yes
2717,11,Yes
2717,12,Yes
2717,13,Yes
2717,14,Yes
2717,15,Yes
2717,16,Yes
2717,17,Yes
2717,18,3
2717,19,"Delivery arrived late, adjusted prep schedule."
2718,1,Yes
2718,2,Yes
2718,3,Yes
2718,4,Yes
2718,5,Yes
2718,6,Yes
2718,7,Yes
2718,8,Yes
2718,9,4
2719,10,Yes
2719,11,Yes
2719,12,Yes
2719,13,Yes
2719,14,Yes
2719,15,No
2719,16,Yes
2719,17,Yes
2719,18,5
2719,19,"All good, nothing to report."
2720,20,No
2720,21,Yes
2720,22,No
2720,23,Yes
2720,24,Yes
2720,25,Yes
2720,26,Yes
2720,27,No
2720,28,Yes
2720,29,Yes
2720,30,Yes
2720,31,No
2720,32,No
2720,33,5
2721,20,Yes
2721,21,Yes
2721,22,Yes
2721,23,Yes
2721,24,Yes
2721,25,Yes
2721,26,No
2721,27,Yes
2721,28,Yes
2721,29,Yes
2721,30,Yes
2721,31,Yes
2721,32,Yes
2721,33,4
2722,20,No
2722,21,Yes
2722,22,Yes
2722,23,Yes
2722,24,Yes
2722,25,Yes
2722,26,Yes
2722,27,Yes
2722,28,Yes
2722,29,Yes
2722,30,Yes
2722,31,Yes
2722,32,Yes
2722,33,4
2723,20,Yes
2723,21,Yes
2723,22,Yes
2723,23,Yes
2723,24,Yes
2723,25,Yes
2723,26,Yes
2723,27,Yes
2723,28,Yes
2723,29,Yes
2723,30,Yes
2723,31,Yes
2723,32,Yes
2723,33,5
2724,20,Yes
2724,21,Yes
2724,22,No
2724,23,Yes
2724,24,Yes
2724,25,Yes
2724,26,Yes
2724,27,No
2724,28,Yes
2724,29,Yes
2724,30,Yes
2724,31,Yes
2724,32,Yes
2724,33,4
2725,20,Yes
2725,21,No
2725,22,Yes
2725,23,Yes
2725,24,Yes
2725,25,Yes
2725,26,Yes
2725,27,Yes
2725,28,Yes
2725,29,Yes
2725,30,Yes
2725,31,Yes
2725,32,Yes
2725,33,4
2726,20,Yes
2726,21,No
2726,22,Yes
2726,23,Yes
2726,24,No
2726,25,Yes
2726,26,Yes
2726,27,Yes
2726,28,Yes
2726,29,Yes
2726,30,Yes
2726,31,Yes
2726,32,Yes
2726,33,4
2727,20,Yes
2727,21,Yes
2727,22,Yes
2727,23,Yes
2727,24,Yes
2727,25,Yes
2727,26,Yes
2727,27,Yes
2727,28,Yes
2727,29,No
2727,30,Yes
2727,31,Yes
2727,32,Yes
2727,33,5
2728,20,Yes
2728,21,Yes
2728,22,Yes
2728,23,Yes
2728,24,Yes
2728,25,Yes
2728,26,Yes
2728,27,No
2728,28,Yes
2728,29,Yes
2728,30,Yes
2728,31,Yes
2728,32,Yes
2728,33,4
2729,20,Yes
2729,21,Yes
2729,22,Yes
2729,23,Yes
2729,24,Yes
2729,25,No
2729,26,Yes
2729,27,Yes
2729,28,Yes
2729,29,Yes
2729,30,Yes
2729,31,Yes
2729,32,Yes
2729,33,4
2730,20,Yes
2730,21,Yes
2730,22,Yes
2730,23,Yes
2730,24,Yes
2730,25,Yes
2730,26,Yes
2730,27,Yes
2730,28,Yes
2730,29,Yes
2730,30,Yes
2730,31,Yes
2730,32,Yes
2730,33,4
2731,20,Yes
2731,21,Yes
2731,22,Yes
2731,23,Yes
2731,24,No
2731,25,Yes
2731,26,Yes
2731,27,Yes
2731,28,No
2731,29,Yes
2731,30,Yes
2731,31,Yes
2731,32,Yes
2731,33,3
2732,20,No
2732,21,Yes
2732,22,Yes
2732,23,Yes
2732,24,Yes
2732,25,Yes
2732,26,Yes
2732,27,Yes
2732,28,Yes
2732,29,Yes
2732,30,Yes
2732,31,No
2732,32,Yes
2732,33,5
2733,20,No
2733,21,Yes
2733,22,Yes
2733,23,Yes
2733,24,No
2733,25,Yes
2733,26,Yes
2733,27,Yes
2733,28,Yes
2733,29,No
2733,30,Yes
2733,31,Yes
2733,32,Yes
2733,33,4
2734,20,Yes
2734,21,Yes
2734,22,Yes
2734,23,Yes
2734,24,Yes
2734,25,Yes
2734,26,Yes
2734,27,Yes
2734,28,Yes
2734,29,Yes
2734,30,Yes
2734,31,Yes
2734,32,No
2734,33,5
2735,20,Yes
2735,21,Yes
2735,22,Yes
2735,23,Yes
2735,24,Yes
2735,25,No
2735,26,Yes
2735,27,Yes
2735,28,Yes
2735,29,Yes
2735,30,No
2735,31,Yes
2735,32,Yes
2735,33,4
2736,20,Yes
2736,21,Yes
2736,22,Yes
2736,23,Yes
2736,24,No
2736,25,Yes
2736,26,Yes
2736,27,Yes
2736,28,Yes
2736,29,No
2736,30,Yes
2736,31,Yes
2736,32,Yes
2736,33,3
2737,20,Yes
2737,21,Yes
2737,22,Yes
2737,23,Yes
2737,24,No
2737,25,Yes
2737,26,Yes
2737,27,Yes
2737,28,No
2737,29,Yes
2737,30,Yes
2737,31,Yes
2737,32,No
2737,33,3
2738,20,Yes
2738,21,Yes
2738,22,Yes
2738,23,No
2738,24,No
2738,25,No
2738,26,Yes
2738,27,Yes
2738,28,Yes
2738,29,Yes
2738,30,Yes
2738,31,Yes
2738,32,No
2738,33,5
2739,20,Yes
2739,21,Yes
2739,22,Yes
2739,23,Yes
2739,24,Yes
2739,25,Yes
2739,26,Yes
2739,27,Yes
2739,28,Yes
2739,29,No
2739,30,Yes
2739,31,Yes
2739,32,Yes
2739,33,5
2740,20,No
2740,21,Yes
2740,22,Yes
2740,23,Yes
2740,24,No
2740,25,Yes
2740,26,Yes
2740,27,No
2740,28,Yes
2740,29,No
2740,30,Yes
2740,31,Yes
2740,32,Yes
2740,33,3
2741,20,Yes
2741,21,Yes
2741,22,Yes
2741,23,Yes
2741,24,Yes
2741,25,Yes
2741,26,Yes
2741,27,Yes
2741,28,Yes
2741,29,Yes
2741,30,Yes
2741,31,No
2741,32,Yes
2741,33,4
2742,20,Yes
2742,21,Yes
2742,22,Yes
2742,23,Yes
2742,24,Yes
2742,25,Yes
2742,26,Yes
2742,27,Yes
2742,28,Yes
2742,29,Yes
2742,30,Yes
2742,31,Yes
2742,32,Yes
2742,33,4
2743,20,Yes
2743,21,Yes
2743,22,Yes
2743,23,Yes
2743,24,Yes
2743,25,Yes
2743,26,Yes
2743,27,Yes
2743,28,No
2743,29,No
2743,30,Yes
2743,31,Yes
2743,32,No
2743,33,5
2744,20,Yes
2744,21,Yes
2744,22,Yes
2744,23,No
2744,24,No
2744,25,Yes
2744,26,Yes
2744,27,No
2744,28,Yes
2744,29,No
2744,30,Yes
2744,31,No
2744,32,No
2744,33,4
2745,20,Yes
2745,21,No
2745,22,Yes
2745,23,Yes
2745,24,No
2745,25,Yes
2745,26,No
2745,27,No
2745,28,No
2745,29,No
2745,30,Yes
2745,31,No
2745,32,Yes
2745,33,3
2746,20,Yes
2746,21,Yes
2746,22,Yes
2746,23,No
2746,24,Yes
2746,25,Yes
2746,26,No
2746,27,Yes
2746,28,Yes
2746,29,No
2746,30,Yes
2746,31,Yes
2746,32,Yes
2746,33,4
2747,20,Yes
2747,21,Yes
2747,22,Yes
2747,23,No
2747,24,Yes
2747,25,No
2747,26,Yes
2747,27,Yes
2747,28,Yes
2747,29,No
2747,30,Yes
2747,31,No
2747,32,Yes
2747,33,4
2748,20,Yes
2748,21,Yes
2748,22,Yes
2748,23,No
2748,24,Yes
2748,25,No
2748,26,No
2748,27,No
2748,28,Yes
2748,29,No
2748,30,Yes
2748,31,No
2748,32,Yes
2748,33,4
2749,20,Yes
2749,21,Yes
2749,22,Yes
2749,23,Yes
2749,24,Yes
2749,25,Yes
2749,26,Yes
2749,27,Yes
2749,28,Yes
2749,29,Yes
2749,30,No
2749,31,No
2749,32,Yes
2749,33,2
2750,20,Yes
2750,21,Yes
2750,22,No
2750,23,Yes
2750,24,Yes
2750,25,Yes
2750,26,Yes
2750,27,No
2750,28,Yes
2750,29,No
2750,30,No
2750,31,Yes
2750,32,No
2750,33,4
2751,20,No
2751,21,Yes
2751,22,No
2751,23,Yes
2751,24,Yes
2751,25,Yes
2751,26,Yes
2751,27,Yes
2751,28,No
2751,29,Yes
2751,30,No
2751,31,No
2751,32,Yes
2751,33,3
2752,20,Yes
2752,21,Yes
2752,22,Yes
2752,23,Yes
2752,24,Yes
2752,25,Yes
2752,26,Yes
2752,27,Yes
2752,28,No
2752,29,Yes
2752,30,Yes
2752,31,Yes
2752,32,Yes
2752,33,3
2753,20,Yes
2753,21,No
2753,22,Yes
2753,23,Yes
2753,24,Yes
2753,25,Yes
2753,26,Yes
2753,27,Yes
2753,28,Yes
2753,29,Yes
2753,30,Yes
2753,31,No
2753,32,Yes
2753,33,3
2754,20,Yes
2754,21,Yes
2754,22,Yes
2754,23,Yes
2754,24,Yes
2754,25,Yes
2754,26,Yes
2754,27,Yes
2754,28,Yes
2754,29,Yes
2754,30,Yes
2754,31,Yes
2754,32,Yes
2754,33,4
2755,20,Yes
2755,21,Yes
2755,22,Yes
2755,23,Yes
2755,24,Yes
2755,25,Yes
2755,26,Yes
2755,27,Yes
2755,28,Yes
2755,29,Yes
2755,30,Yes
2755,31,Yes
2755,32,Yes
2755,33,3
2756,20,Yes
2756,21,Yes
2756,22,Yes
2756,23,Yes
2756,24,Yes
2756,25,Yes
2756,26,Yes
2756,27,Yes
2756,28,Yes
2756,29,Yes
2756,30,Yes
2756,31,Yes
2756,32,Yes
2756,33,3
2757,20,Yes
2757,21,Yes
2757,22,Yes
2757,23,Yes
2757,24,Yes
2757,25,Yes
2757,26,Yes
2757,27,Yes
2757,28,Yes
2757,29,Yes
2757,30,Yes
2757,31,Yes
2757,32,Yes
2757,33,5
2758,20,No
2758,21,Yes
2758,22,Yes
2758,23,Yes
2758,24,Yes
2758,25,Yes
2758,26,Yes
2758,27,Yes
2758,28,Yes
2758,29,Yes
2758,30,Yes
2758,31,Yes
2758,32,No
2758,33,4
2759,20,Yes
2759,21,Yes
2759,22,Yes
2759,23,Yes
2759,24,Yes
2759,25,Yes
2759,26,Yes
2759,27,Yes
2759,28,Yes
2759,29,Yes
2759,30,No
2759,31,Yes
2759,32,Yes
2759,33,5
2760,20,Yes
2760,21,Yes
2760,22,Yes
2760,23,Yes
2760,24,Yes
2760,25,Yes
2760,26,Yes
2760,27,Yes
2760,28,Yes
2760,29,Yes
2760,30,Yes
2760,31,Yes
2760,32,Yes
2760,33,3
2761,20,Yes
2761,21,Yes
2761,22,Yes
2761,23,Yes
2761,24,Yes
2761,25,Yes
2761,26,Yes
2761,27,Yes
2761,28,Yes
2761,29,Yes
2761,30,Yes
2761,31,Yes
2761,32,Yes
2761,33,3
2762,20,Yes
2762,21,Yes
2762,22,Yes
2762,23,Yes
2762,24,Yes
2762,25,Yes
2762,26,Yes
2762,27,No
2762,28,Yes
2762,29,Yes
2762,30,Yes
2762,31,Yes
2762,32,Yes
2762,33,4
2763,20,No
2763,21,Yes
2763,22,No
2763,23,Yes
2763,24,Yes
2763,25,Yes
2763,26,Yes
2763,27,Yes
2763,28,Yes
2763,29,Yes
2763,30,Yes
2763,31,Yes
2763,32,Yes
2763,33,4
2764,20,Yes
2764,21,Yes
2764,22,Yes
2764,23,Yes
2764,24,Yes
2764,25,Yes
2764,26,Yes
2764,27,Yes
2764,28,Yes
2764,29,Yes
2764,30,No
2764,31,Yes
2764,32,Yes
2764,33,3
2765,20,Yes
2765,21,Yes
2765,22,Yes
2765,23,Yes
2765,24,Yes
2765,25,Yes
2765,26,Yes
2765,27,Yes
2765,28,Yes
2765,29,Yes
2765,30,Yes
2765,31,Yes
2765,32,Yes
2765,33,2
2766,20,Yes
2766,21,Yes
2766,22,Yes
2766,23,Yes
2766,24,Yes
2766,25,Yes
2766,26,No
2766,27,Yes
2766,28,No
2766,29,Yes
2766,30,Yes
2766,31,Yes
2766,32,Yes
2766,33,5
2767,20,No
2767,21,Yes
2767,22,Yes
2767,23,No
2767,24,No
2767,25,Yes
2767,26,No
2767,27,Yes
2767,28,Yes
2767,29,Yes
2767,30,No
2767,31,No
2767,32,Yes
2767,33,3
2768,20,Yes
2768,21,Yes
2768,22,Yes
2768,23,Yes
2768,24,Yes
2768,25,Yes
2768,26,Yes
2768,27,Yes
2768,28,Yes
2768,29,Yes
2768,30,No
2768,31,Yes
2768,32,Yes
2768,33,3
2769,20,Yes
2769,21,Yes
2769,22,Yes
2769,23,Yes
2769,24,Yes
2769,25,Yes
2769,26,Yes
2769,27,No
2769,28,Yes
2769,29,Yes
2769,30,Yes
2769,31,Yes
2769,32,Yes
2769,33,4
2770,20,No
2770,21,No
2770,22,Yes
2770,23,Yes
2770,24,Yes
2770,25,Yes
2770,26,Yes
2770,27,Yes
2770,28,Yes
2770,29,No
2770,30,Yes
2770,31,Yes
2770,32,No
2770,33,5
2771,20,No
2771,21,Yes
2771,22,Yes
2771,23,Yes
2771,24,Yes
2771,25,Yes
2771,26,Yes
2771,27,Yes
2771,28,Yes
2771,29,Yes
2771,30,Yes
2771,31,Yes
2771,32,Yes
2771,33,5
2772,20,No
2772,21,Yes
2772,22,Yes
2772,23,Yes
2772,24,Yes
2772,25,No
2772,26,Yes
2772,27,Yes
2772,28,Yes
2772,29,No
2772,30,Yes
2772,31,Yes
2772,32,Yes
2772,33,3
2773,20,Yes
2773,21,Yes
2773,22,Yes
2773,23,Yes
2773,24,Yes
2773,25,Yes
2773,26,Yes
2773,27,Yes
2773,28,No
2773,29,Yes
2773,30,Yes
2773,31,Yes
2773,32,Yes
2773,33,3
2774,20,Yes
2774,21,Yes
2774,22,Yes
2774,23,Yes
2774,24,Yes
2774,25,Yes
2774,26,Yes
2774,27,Yes
2774,28,Yes
2774,29,Yes
2774,30,Yes
2774,31,No
2774,32,Yes
2774,33,3
2775,20,No
2775,21,No
2775,22,Yes
2775,23,Yes
2775,24,Yes
2775,25,No
2775,26,Yes
2775,27,Yes
2775,28,No
2775,29,Yes
2775,30,No
2775,31,Yes
2775,32,Yes
2775,33,3
2776,20,Yes
2776,21,Yes
2776,22,Yes
2776,23,No
2776,24,Yes
2776,25,Yes
2776,26,No
2776,27,Yes
2776,28,No
2776,29,Yes
2776,30,Yes
2776,31,Yes
2776,32,Yes
2776,33,4
2777,20,Yes
2777,21,Yes
2777,22,No
2777,23,Yes
2777,24,No
2777,25,No
2777,26,No
2777,27,Yes
2777,28,Yes
2777,29,No
2777,30,Yes
2777,31,Yes
2777,32,Yes
2777,33,2
2778,20,No
2778,21,Yes
2778,22,Yes
2778,23,Yes
2778,24,Yes
2778,25,Yes
2778,26,No
2778,27,Yes
2778,28,Yes
2778,29,No
2778,30,No
2778,31,No
2778,32,No
2778,33,2
2779,20,No
2779,21,Yes
2779,22,Yes
2779,23,Yes
2779,24,No
2779,25,Yes
2779,26,No
2779,27,Yes
2779,28,No
2779,29,Yes
2779,30,No
2779,31,Yes
2779,32,Yes
2779,33,2
2780,20,Yes
2780,21,Yes
2780,22,Yes
2780,23,No
2780,24,Yes
2780,25,Yes
2780,26,Yes
2780,27,No
2780,28,No
2780,29,Yes
2780,30,Yes
2780,31,No
2780,32,No
2780,33,3
2781,20,No
2781,21,No
2781,22,Yes
2781,23,Yes
2781,24,No
2781,25,No
2781,26,No
2781,27,Yes
2781,28,Yes
2781,29,Yes
2781,30,No
2781,31,Yes
2781,32,No
2781,33,2
2782,20,No
2782,21,Yes
2782,22,Yes
2782,23,No
2782,24,Yes
2782,25,Yes
2782,26,No
2782,27,Yes
2782,28,Yes
2782,29,Yes
2782,30,Yes
2782,31,Yes
2782,32,Yes
2782,33,3
2783,20,No
2783,21,Yes
2783,22,Yes
2783,23,Yes
2783,24,Yes
2783,25,Yes
2783,26,Yes
2783,27,Yes
2783,28,No
2783,29,Yes
2783,30,Yes
2783,31,No
2783,32,Yes
2783,33,3
2784,20,No
2784,21,No
2784,22,Yes
2784,23,Yes
2784,24,No
2784,25,Yes
2784,26,Yes
2784,27,Yes
2784,28,Yes
2784,29,Yes
2784,30,Yes
2784,31,Yes
2784,32,Yes
2784,33,2
2785,20,Yes
2785,21,No
2785,22,Yes
2785,23,Yes
2785,24,Yes
2785,25,Yes
2785,26,Yes
2785,27,Yes
2785,28,No
2785,29,No
2785,30,Yes
2785,31,Yes
2785,32,Yes
2785,33,2
2786,20,Yes
2786,21,Yes
2786,22,Yes
2786,23,No
2786,24,Yes
2786,25,No
2786,26,Yes
2786,27,Yes
2786,28,Yes
2786,29,Yes
2786,30,Yes
2786,31,No
2786,32,No
2786,33,2
2787,20,Yes
2787,21,No
2787,22,Yes
2787,23,Yes
2787,24,Yes
2787,25,Yes
2787,26,No
2787,27,Yes
2787,28,Yes
2787,29,Yes
2787,30,Yes
2787,31,Yes
2787,32,Yes
2787,33,4
2788,20,Yes
2788,21,Yes
2788,22,Yes
2788,23,No
2788,24,Yes
2788,25,No
2788,26,Yes
2788,27,No
2788,28,No
2788,29,No
2788,30,Yes
2788,31,Yes
2788,32,No
2788,33,4
2789,20,Yes
2789,21,Yes
2789,22,Yes
2789,23,Yes
2789,24,Yes
2789,25,Yes
2789,26,Yes
2789,27,Yes
2789,28,Yes
2789,29,Yes
2789,30,Yes
2789,31,Yes
2789,32,Yes
2789,33,4
2790,20,Yes
2790,21,Yes
2790,22,Yes
2790,23,Yes
2790,24,Yes
2790,25,Yes
2790,26,Yes
2790,27,No
2790,28,Yes
2790,29,Yes
2790,30,Yes
2790,31,Yes
2790,32,No
2790,33,4
2791,20,Yes
2791,21,Yes
2791,22,No
2791,23,Yes
2791,24,Yes
2791,25,Yes
2791,26,No
2791,27,Yes
2791,28,Yes
2791,29,No
2791,30,Yes
2791,31,Yes
2791,32,Yes
2791,33,3
2792,20,Yes
2792,21,Yes
2792,22,Yes
2792,23,No
2792,24,Yes
2792,25,Yes
2792,26,Yes
2792,27,Yes
2792,28,Yes
2792,29,No
2792,30,No
2792,31,No
2792,32,Yes
2792,33,4
2793,20,Yes
2793,21,Yes
2793,22,Yes
2793,23,Yes
2793,24,Yes
2793,25,Yes
2793,26,Yes
2793,27,Yes
2793,28,Yes
2793,29,Yes
2793,30,Yes
2793,31,Yes
2793,32,Yes
2793,33,4
2794,20,Yes
2794,21,Yes
2794,22,Yes
2794,23,Yes
2794,24,Yes
2794,25,Yes
2794,26,Yes
2794,27,Yes
2794,28,Yes
2794,29,Yes
2794,30,No
2794,31,Yes
2794,32,Yes
2794,33,3
2795,20,Yes
2795,21,Yes
2795,22,Yes
2795,23,Yes
2795,24,Yes
2795,25,Yes
2795,26,Yes
2795,27,Yes
2795,28,Yes
2795,29,Yes
2795,30,Yes
2795,31,Yes
2795,32,Yes
2795,33,5
2796,20,No
2796,21,Yes
2796,22,Yes
2796,23,No
2796,24,Yes
2796,25,Yes
2796,26,No
2796,27,Yes
2796,28,Yes
2796,29,Yes
2796,30,Yes
2796,31,Yes
2796,32,Yes
2796,33,5
2797,20,Yes
2797,21,Yes
2797,22,Yes
2797,23,Yes
2797,24,Yes
2797,25,Yes
2797,26,Yes
2797,27,Yes
2797,28,Yes
2797,29,Yes
2797,30,No
2797,31,Yes
2797,32,Yes
2797,33,4
2798,20,Yes
2798,21,Yes
2798,22,Yes
2798,23,No
2798,24,No
2798,25,No
2798,26,Yes
2798,27,Yes
2798,28,Yes
2798,29,Yes
2798,30,Yes
2798,31,No
2798,32,Yes
2798,33,3
2799,20,Yes
2799,21,Yes
2799,22,Yes
2799,23,No
2799,24,Yes
2799,25,Yes
2799,26,Yes
2799,27,Yes
2799,28,Yes
2799,29,No
2799,30,Yes
2799,31,Yes
2799,32,No
2799,33,5
2800,20,No
2800,21,Yes
2800,22,Yes
2800,23,No
2800,24,Yes
2800,25,Yes
2800,26,Yes
2800,27,Yes
2800,28,Yes
2800,29,Yes
2800,30,Yes
2800,31,Yes
2800,32,No
2800,33,3
2801,20,Yes
2801,21,Yes
2801,22,Yes
2801,23,Yes
2801,24,Yes
2801,25,Yes
2801,26,Yes
2801,27,Yes
2801,28,Yes
2801,29,Yes
2801,30,No
2801,31,Yes
2801,32,Yes
2801,33,3
2802,20,No
2802,21,Yes
2802,22,Yes
2802,23,Yes
2802,24,Yes
2802,25,Yes
2802,26,Yes
2802,27,Yes
2802,28,Yes
2802,29,Yes
2802,30,Yes
2802,31,Yes
2802,32,No
2802,33,4
2803,20,Yes
2803,21,Yes
2803,22,Yes
2803,23,Yes
2803,24,No
2803,25,Yes
2803,26,Yes
2803,27,Yes
2803,28,Yes
2803,29,Yes
2803,30,Yes
2803,31,Yes
2803,32,Yes
2803,33,4
2804,20,Yes
2804,21,No
2804,22,Yes
2804,23,Yes
2804,24,Yes
2804,25,Yes
2804,26,Yes
2804,27,Yes
2804,28,Yes
2804,29,Yes
2804,30,No
2804,31,Yes
2804,32,Yes
2804,33,4
2805,20,Yes
2805,21,Yes
2805,22,Yes
2805,23,Yes
2805,24,Yes
2805,25,Yes
2805,26,Yes
2805,27,Yes
2805,28,Yes
2805,29,Yes
2805,30,Yes
2805,31,Yes
2805,32,Yes
2805,33,5
2806,20,Yes
2806,21,Yes
2806,22,Yes
2806,23,Yes
2806,24,Yes
2806,25,Yes
2806,26,Yes
2806,27,Yes
2806,28,Yes
2806,29,Yes
2806,30,Yes
2806,31,Yes
2806,32,Yes
2806,33,4
2807,20,Yes
2807,21,Yes
2807,22,Yes
2807,23,No
2807,24,Yes
2807,25,Yes
2807,26,Yes
2807,27,Yes
2807,28,Yes
2807,29,Yes
2807,30,Yes
2807,31,Yes
2807,32,Yes
2807,33,4
2808,20,Yes
2808,21,Yes
2808,22,Yes
2808,23,Yes
2808,24,Yes
2808,25,Yes
2808,26,Yes
2808,27,Yes
2808,28,Yes
2808,29,Yes
2808,30,Yes
2808,31,Yes
2808,32,Yes
2808,33,5
2809,20,Yes
2809,21,Yes
2809,22,Yes
2809,23,Yes
2809,24,Yes
2809,25,Yes
2809,26,Yes
2809,27,Yes
2809,28,Yes
2809,29,Yes
2809,30,Yes
2809,31,Yes
2809,32,Yes
2809,33,3
2810,20,Yes
2810,21,Yes
2810,22,Yes
2810,23,Yes
2810,24,Yes
2810,25,No
2810,26,Yes
2810,27,Yes
2810,28,Yes
2810,29,Yes
2810,30,Yes
2810,31,Yes
2810,32,Yes
2810,33,3
2811,20,Yes
2811,21,Yes
2811,22,Yes
2811,23,Yes
2811,24,Yes
2811,25,Yes
2811,26,No
2811,27,Yes
2811,28,Yes
2811,29,Yes
2811,30,No
2811,31,Yes
2811,32,Yes
2811,33,5
2812,20,Yes
2812,21,Yes
2812,22,Yes
2812,23,No
2812,24,Yes
2812,25,Yes
2812,26,Yes
2812,27,Yes
2812,28,Yes
2812,29,No
2812,30,Yes
2812,31,Yes
2812,32,Yes
2812,33,3
2813,20,Yes
2813,21,Yes
2813,22,Yes
2813,23,Yes
2813,24,Yes
2813,25,Yes
2813,26,Yes
2813,27,Yes
2813,28,Yes
2813,29,No
2813,30,Yes
2813,31,Yes
2813,32,Yes
2813,33,4
2814,20,Yes
2814,21,Yes
2814,22,Yes
2814,23,Yes
2814,24,Yes
2814,25,Yes
2814,26,Yes
2814,27,Yes
2814,28,Yes
2814,29,No
2814,30,Yes
2814,31,Yes
2814,32,No
2814,33,4
2815,20,Yes
2815,21,Yes
2815,22,Yes
2815,23,Yes
2815,24,Yes
2815,25,No
2815,26,Yes
2815,27,Yes
2815,28,Yes
2815,29,Yes
2815,30,Yes
2815,31,Yes
2815,32,Yes
2815,33,4
2816,20,Yes
2816,21,Yes
2816,22,Yes
2816,23,No
2816,24,Yes
2816,25,Yes
2816,26,Yes
2816,27,No
2816,28,Yes
2816,29,Yes
2816,30,Yes
2816,31,Yes
2816,32,Yes
2816,33,5
2817,20,No
2817,21,Yes
2817,22,Yes
2817,23,Yes
2817,24,Yes
2817,25,Yes
2817,26,No
2817,27,No
2817,28,Yes
2817,29,Yes
2817,30,Yes
2817,31,Yes
2817,32,Yes
2817,33,3
2818,20,Yes
2818,21,Yes
2818,22,Yes
2818,23,Yes
2818,24,Yes
2818,25,Yes
2818,26,No
2818,27,Yes
2818,28,Yes
2818,29,Yes
2818,30,Yes
2818,31,Yes
2818,32,Yes
2818,33,3
2819,20,Yes
2819,21,Yes
2819,22,Yes
2819,23,Yes
2819,24,No
2819,25,Yes
2819,26,Yes
2819,27,Yes
2819,28,Yes
2819,29,Yes
2819,30,No
2819,31,Yes
2819,32,Yes
2819,33,4
2820,20,Yes
2820,21,No
2820,22,Yes
2820,23,Yes
2820,24,Yes
2820,25,Yes
2820,26,Yes
2820,27,No
2820,28,Yes
2820,29,Yes
2820,30,Yes
2820,31,Yes
2820,32,Yes
2820,33,4
2821,20,Yes
2821,21,Yes
2821,22,No
2821,23,No
2821,24,Yes
2821,25,Yes
2821,26,Yes
2821,27,Yes
2821,28,Yes
2821,29,Yes
2821,30,Yes
2821,31,Yes
2821,32,Yes
2821,33,5
2822,20,Yes
2822,21,Yes
2822,22,Yes
2822,23,Yes
2822,24,Yes
2822,25,Yes
2822,26,Yes
2822,27,Yes
2822,28,No
2822,29,Yes
2822,30,Yes
2822,31,Yes
2822,32,Yes
2822,33,4
2823,20,Yes
2823,21,Yes
2823,22,Yes
2823,23,Yes
2823,24,Yes
2823,25,Yes
2823,26,Yes
2823,27,Yes
2823,28,Yes
2823,29,Yes
2823,30,Yes
2823,31,Yes
2823,32,Yes
2823,33,3
2824,20,Yes
2824,21,Yes
2824,22,Yes
2824,23,Yes
2824,24,Yes
2824,25,Yes
2824,26,Yes
2824,27,Yes
2824,28,Yes
2824,29,Yes
2824,30,Yes
2824,31,Yes
2824,32,Yes
2824,33,4
2825,20,No
2825,21,Yes
2825,22,Yes
2825,23,No
2825,24,Yes
2825,25,Yes
2825,26,Yes
2825,27,Yes
2825,28,Yes
2825,29,Yes
2825,30,No
2825,31,No
2825,32,No
2825,33,2
2826,20,Yes
2826,21,Yes
2826,22,Yes
2826,23,Yes
2826,24,Yes
2826,25,Yes
2826,26,Yes
2826,27,No
2826,28,Yes
2826,29,Yes
2826,30,Yes
2826,31,Yes
2826,32,Yes
2826,33,5
2827,20,Yes
2827,21,Yes
2827,22,Yes
2827,23,Yes
2827,24,No
2827,25,Yes
2827,26,Yes
2827,27,Yes
2827,28,Yes
2827,29,Yes
2827,30,Yes
2827,31,Yes
2827,32,Yes
2827,33,3
2828,20,Yes
2828,21,Yes
2828,22,Yes
2828,23,No
2828,24,Yes
2828,25,Yes
2828,26,No
2828,27,Yes
2828,28,No
2828,29,No
2828,30,Yes
2828,31,Yes
2828,32,Yes
2828,33,3
2829,20,Yes
2829,21,Yes
2829,22,No
2829,23,Yes
2829,24,Yes
2829,25,Yes
2829,26,Yes
2829,27,No
2829,28,Yes
2829,29,No
2829,30,Yes
2829,31,Yes
2829,32,No
2829,33,4
2830,20,Yes
2830,21,Yes
2830,22,No
2830,23,Yes
2830,24,Yes
2830,25,Yes
2830,26,Yes
2830,27,Yes
2830,28,Yes
2830,29,Yes
2830,30,Yes
2830,31,Yes
2830,32,Yes
2830,33,4
2831,20,Yes
2831,21,Yes
2831,22,Yes
2831,23,Yes
2831,24,Yes
2831,25,Yes
2831,26,Yes
2831,27,Yes
2831,28,Yes
2831,29,No
2831,30,Yes
2831,31,Yes
2831,32,Yes
2831,33,4
2832,20,Yes
2832,21,Yes
2832,22,Yes
2832,23,Yes
2832,24,No
2832,25,Yes
2832,26,Yes
2832,27,Yes
2832,28,Yes
2832,29,Yes
2832,30,Yes
2832,31,Yes
2832,32,Yes
2832,33,5
2833,20,Yes
2833,21,Yes
2833,22,Yes
2833,23,Yes
2833,24,Yes
2833,25,Yes
2833,26,Yes
2833,27,Yes
2833,28,Yes
2833,29,Yes
2833,30,Yes
2833,31,Yes
2833,32,Yes
2833,33,3
2834,20,Yes
2834,21,Yes
2834,22,Yes
2834,23,Yes
2834,24,Yes
2834,25,Yes
2834,26,Yes
2834,27,Yes
2834,28,Yes
2834,29,Yes
2834,30,Yes
2834,31,Yes
2834,32,Yes
2834,33,4
2835,20,No
2835,21,Yes
2835,22,Yes
2835,23,Yes
2835,24,Yes
2835,25,Yes
2835,26,No
2835,27,Yes
2835,28,Yes
2835,29,Yes
2835,30,Yes
2835,31,Yes
2835,32,Yes
2835,33,5
2836,20,Yes
2836,21,Yes
2836,22,Yes
2836,23,Yes
2836,24,Yes
2836,25,Yes
2836,26,Yes
2836,27,Yes
2836,28,Yes
2836,29,Yes
2836,30,Yes
2836,31,Yes
2836,32,Yes
2836,33,5
2837,20,Yes
2837,21,Yes
2837,22,Yes
2837,23,Yes
2837,24,Yes
2837,25,Yes
2837,26,Yes
2837,27,Yes
2837,28,Yes
2837,29,No
2837,30,Yes
2837,31,Yes
2837,32,Yes
2837,33,4
2838,20,Yes
2838,21,No
2838,22,Yes
2838,23,No
2838,24,Yes
2838,25,Yes
2838,26,Yes
2838,27,Yes
2838,28,Yes
2838,29,Yes
2838,30,Yes
2838,31,Yes
2838,32,Yes
2838,33,4
2839,20,No
2839,21,Yes
2839,22,Yes
2839,23,Yes
2839,24,Yes
2839,25,Yes
2839,26,Yes
2839,27,Yes
2839,28,Yes
2839,29,Yes
2839,30,Yes
2839,31,Yes
2839,32,Yes
2839,33,4
2840,20,Yes
2840,21,Yes
2840,22,Yes
2840,23,Yes
2840,24,Yes
2840,25,Yes
2840,26,Yes
2840,27,Yes
2840,28,Yes
2840,29,Yes
2840,30,Yes
2840,31,Yes
2840,32,Yes
2840,33,4
2841,20,No
2841,21,Yes
2841,22,Yes
2841,23,Yes
2841,24,Yes
2841,25,Yes
2841,26,Yes
2841,27,Yes
2841,28,Yes
2841,29,Yes
2841,30,No
2841,31,Yes
2841,32,No
2841,33,4
2842,20,Yes
2842,21,Yes
2842,22,Yes
2842,23,Yes
2842,24,Yes
2842,25,Yes
2842,26,Yes
2842,27,Yes
2842,28,Yes
2842,29,Yes
2842,30,Yes
2842,31,Yes
2842,32,Yes
2842,33,5
2843,20,Yes
2843,21,Yes
2843,22,No
2843,23,Yes
2843,24,Yes
2843,25,No
2843,26,Yes
2843,27,Yes
2843,28,Yes
2843,29,Yes
2843,30,Yes
2843,31,Yes
2843,32,Yes
2843,33,4
2844,20,No
2844,21,Yes
2844,22,No
2844,23,Yes
2844,24,Yes
2844,25,Yes
2844,26,Yes
2844,27,Yes
2844,28,Yes
2844,29,No
2844,30,Yes
2844,31,Yes
2844,32,Yes
2844,33,4
2845,20,Yes
2845,21,Yes
2845,22,Yes
2845,23,Yes
2845,24,Yes
2845,25,Yes
2845,26,Yes
2845,27,Yes
2845,28,Yes
2845,29,Yes
2845,30,Yes
2845,31,Yes
2845,32,Yes
2845,33,5
2846,20,Yes
2846,21,Yes
2846,22,Yes
2846,23,Yes
2846,24,Yes
2846,25,Yes
2846,26,Yes
2846,27,Yes
2846,28,Yes
2846,29,Yes
2846,30,Yes
2846,31,Yes
2846,32,Yes
2846,33,4
2847,20,Yes
2847,21,Yes
2847,22,Yes
2847,23,Yes
2847,24,Yes
2847,25,No
2847,26,Yes
2847,27,Yes
2847,28,Yes
2847,29,No
2847,30,Yes
2847,31,Yes
2847,32,Yes
2847,33,3
2848,20,Yes
2848,21,Yes
2848,22,Yes
2848,23,Yes
2848,24,No
2848,25,Yes
2848,26,Yes
2848,27,Yes
2848,28,Yes
2848,29,Yes
2848,30,Yes
2848,31,Yes
2848,32,Yes
2848,33,3
2849,20,Yes
2849,21,Yes
2849,22,Yes
2849,23,Yes
2849,24,Yes
2849,25,Yes
2849,26,Yes
2849,27,Yes
2849,28,Yes
2849,29,Yes
2849,30,Yes
2849,31,Yes
2849,32,Yes
2849,33,5
2850,20,Yes
2850,21,Yes
2850,22,Yes
2850,23,Yes
2850,24,Yes
2850,25,Yes
2850,26,Yes
2850,27,Yes
2850,28,Yes
2850,29,Yes
2850,30,Yes
2850,31,Yes
2850,32,Yes
2850,33,3
2851,20,Yes
2851,21,Yes
2851,22,Yes
2851,23,Yes
2851,24,Yes
2851,25,Yes
2851,26,Yes
2851,27,Yes
2851,28,Yes
2851,29,Yes
2851,30,Yes
2851,31,Yes
2851,32,Yes
2851,33,3
2852,20,Yes
2852,21,Yes
2852,22,Yes
2852,23,Yes
2852,24,Yes
2852,25,Yes
2852,26,Yes
2852,27,Yes
2852,28,Yes
2852,29,Yes
2852,30,Yes
2852,31,Yes
2852,32,Yes
2852,33,4
2853,20,Yes
2853,21,Yes
2853,22,Yes
2853,23,Yes
2853,24,Yes
2853,25,Yes
2853,26,Yes
2853,27,Yes
2853,28,Yes
2853,29,Yes
2853,30,Yes
2853,31,Yes
2853,32,Yes
2853,33,5
2854,20,Yes
2854,21,Yes
2854,22,Yes
2854,23,No
2854,24,Yes
2854,25,Yes
2854,26,Yes
2854,27,Yes
2854,28,Yes
2854,29,Yes
2854,30,Yes
2854,31,Yes
2854,32,Yes
2854,33,3
2855,20,Yes
2855,21,Yes
2855,22,Yes
2855,23,Yes
2855,24,No
2855,25,Yes
2855,26,Yes
2855,27,Yes
2855,28,Yes
2855,29,Yes
2855,30,Yes
2855,31,Yes
2855,32,No
2855,33,4
2856,20,Yes
2856,21,No
2856,22,Yes
2856,23,Yes
2856,24,Yes
2856,25,No
2856,26,Yes
2856,27,No
2856,28,Yes
2856,29,No
2856,30,Yes
2856,31,No
2856,32,No
2856,33,4
2857,20,Yes
2857,21,Yes
2857,22,Yes
2857,23,Yes
2857,24,Yes
2857,25,Yes
2857,26,Yes
2857,27,Yes
2857,28,No
2857,29,Yes
2857,30,Yes
2857,31,Yes
2857,32,Yes
2857,33,3
2858,20,Yes
2858,21,Yes
2858,22,Yes
2858,23,Yes
2858,24,No
2858,25,Yes
2858,26,No
2858,27,Yes
2858,28,Yes
2858,29,Yes
2858,30,Yes
2858,31,Yes
2858,32,Yes
2858,33,3
2859,20,Yes
2859,21,No
2859,22,Yes
2859,23,Yes
2859,24,Yes
2859,25,Yes
2859,26,Yes
2859,27,Yes
2859,28,Yes
2859,29,Yes
2859,30,Yes
2859,31,Yes
2859,32,Yes
2859,33,3
2860,20,Yes
2860,21,Yes
2860,22,No
2860,23,Yes
2860,24,No
2860,25,No
2860,26,Yes
2860,27,Yes
2860,28,No
2860,29,No
2860,30,No
2860,31,No
2860,32,Yes
2860,33,3
2861,20,Yes
2861,21,No
2861,22,Yes
2861,23,Yes
2861,24,Yes
2861,25,Yes
2861,26,No
2861,27,Yes
2861,28,Yes
2861,29,No
2861,30,No
2861,31,No
2861,32,No
2861,33,1
2862,20,Yes
2862,21,No
2862,22,Yes
2862,23,Yes
2862,24,No
2862,25,No
2862,26,No
2862,27,No
2862,28,No
2862,29,Yes
2862,30,Yes
2862,31,Yes
2862,32,No
2862,33,3
2863,20,Yes
2863,21,No
2863,22,No
2863,23,Yes
2863,24,Yes
2863,25,Yes
2863,26,Yes
2863,27,Yes
2863,28,Yes
2863,29,Yes
2863,30,No
2863,31,No
2863,32,Yes
2863,33,3
2864,20,Yes
2864,21,Yes
2864,22,Yes
2864,23,Yes
2864,24,Yes
2864,25,Yes
2864,26,Yes
2864,27,Yes
2864,28,Yes
2864,29,Yes
2864,30,Yes
2864,31,Yes
2864,32,Yes
2864,33,2
2865,20,Yes
2865,21,Yes
2865,22,Yes
2865,23,No
2865,24,Yes
2865,25,Yes
2865,26,Yes
2865,27,Yes
2865,28,Yes
2865,29,No
2865,30,Yes
2865,31,Yes
2865,32,Yes
2865,33,3
2866,20,Yes
2866,21,Yes
2866,22,Yes
2866,23,Yes
2866,24,Yes
2866,25,Yes
2866,26,Yes
2866,27,Yes
2866,28,Yes
2866,29,Yes
2866,30,Yes
2866,31,Yes
2866,32,Yes
2866,33,3
2867,20,Yes
2867,21,Yes
2867,22,Yes
2867,23,Yes
2867,24,Yes
2867,25,Yes
2867,26,Yes
2867,27,Yes
2867,28,Yes
2867,29,Yes
2867,30,Yes
2867,31,Yes
2867,32,Yes
2867,33,3
2868,20,Yes
2868,21,Yes
2868,22,Yes
2868,23,Yes
2868,24,Yes
2868,25,Yes
2868,26,Yes
2868,27,Yes
2868,28,Yes
2868,29,No
2868,30,Yes
2868,31,Yes
2868,32,Yes
2868,33,5
2869,20,Yes
2869,21,Yes
2869,22,Yes
2869,23,Yes
2869,24,Yes
2869,25,Yes
2869,26,Yes
2869,27,Yes
2869,28,Yes
2869,29,Yes
2869,30,Yes
2869,31,Yes
2869,32,Yes
2869,33,4
2870,20,Yes
2870,21,Yes
2870,22,Yes
2870,23,Yes
2870,24,Yes
2870,25,Yes
2870,26,Yes
2870,27,Yes
2870,28,Yes
2870,29,No
2870,30,Yes
2870,31,Yes
2870,32,Yes
2870,33,4
2871,20,Yes
2871,21,Yes
2871,22,Yes
2871,23,Yes
2871,24,Yes
2871,25,Yes
2871,26,Yes
2871,27,Yes
2871,28,Yes
2871,29,Yes
2871,30,Yes
2871,31,Yes
2871,32,Yes
2871,33,4
2872,34,Yes
2872,35,Yes
2872,36,No
2872,37,Yes
2872,38,Yes
2872,39,Yes
2872,40,Yes
2872,41,Yes
2872,42,Yes
2872,44,Yes
2872,43,4
2873,34,Yes
2873,35,No
2873,36,No
2873,37,No
2873,38,Yes
2873,39,Yes
2873,40,Yes
2873,41,Yes
2873,42,Yes
2873,44,Yes
2873,43,4
2874,34,Yes
2874,35,No
2874,36,Yes
2874,37,No
2874,38,No
2874,39,Yes
2874,40,No
2874,41,No
2874,42,Yes
2874,44,Yes
2874,43,4
2875,34,Yes
2875,35,No
2875,36,Yes
2875,37,Yes
2875,38,Yes
2875,39,Yes
2875,40,No
2875,41,Yes
2875,42,Yes
2875,44,Yes
2875,43,3
2876,34,Yes
2876,35,Yes
2876,36,No
2876,37,No
2876,38,No
2876,39,Yes
2876,40,No
2876,41,Yes
2876,42,Yes
2876,44,Yes
2876,43,1
2877,34,Yes
2877,35,Yes
2877,36,Yes
2877,37,Yes
2877,38,No
2877,39,Yes
2877,40,Yes
2877,41,No
2877,42,Yes
2877,44,Yes
2877,43,4
2878,34,Yes
2878,35,Yes
2878,36,Yes
2878,37,No
2878,38,Yes
2878,39,No
2878,40,Yes
2878,41,No
2878,42,No
2878,44,Yes
2878,43,3
2879,34,Yes
2879,35,Yes
2879,36,Yes
2879,37,Yes
2879,38,Yes
2879,39,Yes
2879,40,No
2879,41,Yes
2879,42,Yes
2879,44,No
2879,43,4
2880,34,Yes
2880,35,Yes
2880,36,Yes
2880,37,Yes
2880,38,No
2880,39,Yes
2880,40,No
2880,41,Yes
2880,42,Yes
2880,44,Yes
2880,43,2
2881,34,Yes
2881,35,Yes
2881,36,No
2881,37,Yes
2881,38,Yes
2881,39,Yes
2881,40,Yes
2881,41,Yes
2881,42,No
2881,44,Yes
2881,43,2
2882,34,Yes
2882,35,Yes
2882,36,Yes
2882,37,Yes
2882,38,Yes
2882,39,Yes
2882,40,Yes
2882,41,Yes
2882,42,Yes
2882,44,Yes
2882,43,4
2883,34,Yes
2883,35,Yes
2883,36,Yes
2883,37,Yes
2883,38,Yes
2883,39,No
2883,40,No
2883,41,Yes
2883,42,Yes
2883,44,Yes
2883,43,4
2884,34,No
2884,35,No
2884,36,Yes
2884,37,Yes
2884,38,No
2884,39,Yes
2884,40,Yes
2884,41,Yes
2884,42,Yes
2884,44,Yes
2884,43,3
2885,34,Yes
2885,35,Yes
2885,36,Yes
2885,37,Yes
2885,38,Yes
2885,39,Yes
2885,40,Yes
2885,41,Yes
2885,42,Yes
2885,44,Yes
2885,43,5
2886,34,Yes
2886,35,Yes
2886,36,Yes
2886,37,Yes
2886,38,Yes
2886,39,Yes
2886,40,Yes
2886,41,Yes
2886,42,No
2886,44,Yes
2886,43,4
2887,34,No
2887,35,Yes
2887,36,Yes
2887,37,Yes
2887,38,Yes
2887,39,Yes
2887,40,Yes
2887,41,Yes
2887,42,Yes
2887,44,Yes
2887,43,2
2888,34,No
2888,35,Yes
2888,36,Yes
2888,37,Yes
2888,38,Yes
2888,39,Yes
2888,40,Yes
2888,41,Yes
2888,42,Yes
2888,44,Yes
2888,43,3
2889,34,Yes
2889,35,Yes
2889,36,Yes
2889,37,No
2889,38,Yes
2889,39,No
2889,40,Yes
2889,41,Yes
2889,42,Yes
2889,44,Yes
2889,43,4
2890,34,Yes
2890,35,Yes
2890,36,No
2890,37,Yes
2890,38,Yes
2890,39,Yes
2890,40,Yes
2890,41,Yes
2890,42,Yes
2890,44,Yes
2890,43,3
2891,34,Yes
2891,35,Yes
2891,36,Yes
2891,37,Yes
2891,38,No
2891,39,No
2891,40,No
2891,41,Yes
2891,42,No
2891,44,Yes
2891,43,4
2892,34,Yes
2892,35,Yes
2892,36,Yes
2892,37,Yes
2892,38,No
2892,39,Yes
2892,40,Yes
2892,41,No
2892,42,Yes
2892,44,Yes
2892,43,3
2893,34,Yes
2893,35,Yes
2893,36,Yes
2893,37,Yes
2893,38,Yes
2893,39,No
2893,40,Yes
2893,41,Yes
2893,42,Yes
2893,44,Yes
2893,43,4
2894,34,Yes
2894,35,Yes
2894,36,Yes
2894,37,Yes
2894,38,Yes
2894,39,Yes
2894,40,Yes
2894,41,Yes
2894,42,Yes
2894,44,Yes
2894,43,5
2895,34,Yes
2895,35,Yes
2895,36,No
2895,37,Yes
2895,38,Yes
2895,39,Yes
2895,40,Yes
2895,41,Yes
2895,42,No
2895,44,Yes
2895,43,3
2896,34,No
2896,35,No
2896,36,Yes
2896,37,Yes
2896,38,No
2896,39,Yes
2896,40,No
2896,41,Yes
2896,42,Yes
2896,44,No
2896,43,2
2897,34,Yes
2897,35,Yes
2897,36,Yes
2897,37,Yes
2897,38,Yes
2897,39,Yes
2897,40,Yes
2897,41,Yes
2897,42,No
2897,44,Yes
2897,43,1
2898,34,Yes
2898,35,Yes
2898,36,Yes
2898,37,Yes
2898,38,Yes
2898,39,Yes
2898,40,Yes
2898,41,Yes
2898,42,Yes
2898,44,No
2898,43,4
2899,34,Yes
2899,35,Yes
2899,36,Yes
2899,37,Yes
2899,38,Yes
2899,39,Yes
2899,40,Yes
2899,41,Yes
2899,42,Yes
2899,44,Yes
2899,43,4
2900,48,No
2900,45,Safety Hazard
2900,46,Low
2900,47,Fire extinguisher past inspection date.
2901,48,Yes
2901,45,Safety Hazard
2901,46,Medium
2901,47,"Wet floor near the entrance with no warning sign, slip risk."
2902,48,No
2902,45,Stock Shortage
2902,46,Medium
2902,47,"Packaging supplies delayed, using backup stock."
2903,48,Yes
2903,45,Safety Hazard
2903,46,High
2903,47,Fire extinguisher past inspection date.
2904,48,Yes
2904,45,Equipment Failure
2904,46,High
2904,47,"Walk-in freezer not maintaining temperature, seems like a compressor issue."
2905,48,Yes
2905,45,Facility/Maintenance
2905,46,Medium
2905,47,"Water seepage near the entrance, floor stays damp all morning."
2906,48,No
2906,45,Stock Shortage
2906,46,Low
2906,47,"Packaging supplies delayed, using backup stock."
2907,48,Yes
2907,45,Stock Shortage
2907,46,Medium
2907,47,"Packaging supplies delayed, using backup stock."
2908,48,Yes
2908,45,Stock Shortage
2908,46,Medium
2908,47,"Packaging supplies delayed, using backup stock."
2909,48,Yes
2909,45,Staffing Shortage
2909,46,Medium
2909,47,"Understaffed in kitchen during peak hours, order times slipped."
2910,48,No
2910,45,Equipment Failure
2910,46,Low
2910,47,"Grill igniter not working, had to relight manually all day."
2911,48,No
2911,45,Hygiene Violation
2911,46,Medium
2911,47,Cleaning schedule not followed for grease traps this week.
2912,48,No
2912,45,Hygiene Violation
2912,46,Medium
2912,47,Handwash station out of soap for most of the shift.
2913,48,No
2913,45,Stock Shortage
2913,46,Medium
2913,47,"Packaging supplies delayed, using backup stock."
2914,48,Yes
2914,45,Stock Shortage
2914,46,Medium
2914,47,Key sauce ingredient out of stock since yesterday.
2915,48,Yes
2915,45,Equipment Failure
2915,46,High
2915,47,"Grill igniter not working, had to relight manually all day."
2916,48,Yes
2916,45,Stock Shortage
2916,46,Medium
2916,47,"Short on napkins and cutlery, requested emergency restock."
2917,48,Yes
2917,45,Facility/Maintenance
2917,46,Medium
2917,47,"Ceiling tile came loose above the counter, needs replacing."
2918,48,Yes
2918,45,Hygiene Violation
2918,46,Medium
2918,47,Cleaning schedule not followed for grease traps this week.
2919,48,No
2919,45,Equipment Failure
2919,46,Medium
2919,47,"Grill igniter not working, had to relight manually all day."
2920,48,Yes
2920,45,Equipment Failure
2920,46,High
2920,47,"Walk-in freezer not maintaining temperature, seems like a compressor issue."
2921,48,Yes
2921,45,Staffing Shortage
2921,46,High
2921,47,"Short-staffed during the weekend rush, service times affected."
2922,48,No
2922,45,Equipment Failure
2922,46,High
2922,47,"Walk-in cooler door seal is torn, cooler struggling to hold temperature."
2923,48,No
2923,45,Equipment Failure
2923,46,Medium
2923,47,"Grill igniter not working, had to relight manually all day."
2924,48,No
2924,45,Equipment Failure
2924,46,High
2924,47,"Grill igniter not working, had to relight manually all day."
2925,48,Yes
2925,45,Equipment Failure
2925,46,Medium
2925,47,"Ice machine leaking water onto the floor, stopped using it."
2926,48,Yes
2926,45,Equipment Failure
2926,46,Medium
2926,47,"Grill igniter not working, had to relight manually all day."
2927,48,Yes
2927,45,Stock Shortage
2927,46,Low
2927,47,"Short on napkins and cutlery, requested emergency restock."
2928,48,No
2928,45,Stock Shortage
2928,46,Medium
2928,47,"Short on napkins and cutlery, requested emergency restock."
2929,48,No
2929,45,Equipment Failure
2929,46,Low
2929,47,"Exhaust hood fan making grinding noise, needs inspection."
2930,48,No
2930,45,Safety Hazard
2930,46,Low
2930,47,"Broken tile in kitchen walkway, tripping hazard."
2931,48,No
2931,45,Equipment Failure
2931,46,Low
2931,47,"Exhaust hood fan making grinding noise, needs inspection."
2932,48,No
2932,45,Facility/Maintenance
2932,46,Medium
2932,47,"Drainage blocked outside the back entrance, water pooling after rain."
2933,48,Yes
2933,45,Stock Shortage
2933,46,Low
2933,47,"Packaging supplies delayed, using backup stock."
2934,48,Yes
2934,45,Equipment Failure
2934,46,Medium
2934,47,"Ice machine leaking water onto the floor, stopped using it."
2935,48,Yes
2935,45,Facility/Maintenance
2935,46,High
2935,47,"AC unit not cooling properly, dining area getting humid."
2936,48,Yes
2936,45,Staffing Shortage
2936,46,Low
2936,47,"No cover for the evening shift, manager had to cover the register."
2937,48,Yes
2937,45,Facility/Maintenance
2937,46,Medium
2937,47,"AC unit not cooling properly, dining area getting humid."
2938,48,Yes
2938,45,Staffing Shortage
2938,46,High
2938,47,"No cover for the evening shift, manager had to cover the register."
2939,48,Yes
2939,45,Hygiene Violation
2939,46,High
2939,47,Handwash station out of soap for most of the shift.
2940,48,Yes
2940,45,Stock Shortage
2940,46,Low
2940,47,Key sauce ingredient out of stock since yesterday.
2941,48,No
2941,45,Safety Hazard
2941,46,Medium
2941,47,"Exposed wiring near the prep station, needs urgent attention."
2942,48,Yes
2942,45,Stock Shortage
2942,46,Low
2942,47,"Short on napkins and cutlery, requested emergency restock."
2943,48,Yes
2943,45,Stock Shortage
2943,46,Low
2943,47,"Ran out of buns during lunch rush, had to turn away orders."
2944,48,Yes
2944,45,Safety Hazard
2944,46,High
2944,47,"Exposed wiring near the prep station, needs urgent attention."
2945,48,Yes
2945,45,Equipment Failure
2945,46,Low
2945,47,"Grill igniter not working, had to relight manually all day."
2946,48,No
2946,45,Hygiene Violation
2946,46,Medium
2946,47,Cleaning schedule not followed for grease traps this week.
2947,48,No
2947,45,Safety Hazard
2947,46,High
2947,47,"Exposed wiring near the prep station, needs urgent attention."
2948,48,No
2948,45,Staffing Shortage
2948,46,High
2948,47,"Understaffed in kitchen during peak hours, order times slipped."
2949,48,Yes
2949,45,Equipment Failure
2949,46,Medium
2949,47,"Exhaust hood fan making grinding noise, needs inspection."
2950,48,Yes
2950,45,Staffing Shortage
2950,46,Medium
2950,47,"Two crew members called in sick, only skeleton crew on shift."
2951,48,Yes
2951,45,Equipment Failure
2951,46,Medium
2951,47,"Ice machine leaking water onto the floor, stopped using it."
2952,48,No
2952,45,Stock Shortage
2952,46,Low
2952,47,Key sauce ingredient out of stock since yesterday.
2953,48,Yes
2953,45,Facility/Maintenance
2953,46,Medium
2953,47,"Drainage blocked outside the back entrance, water pooling after rain."
2954,48,Yes
2954,45,Facility/Maintenance
2954,46,High
2954,47,"Ceiling tile came loose above the counter, needs replacing."
2955,48,No
2955,45,Safety Hazard
2955,46,High
2955,47,"Broken tile in kitchen walkway, tripping hazard."
2956,48,Yes
2956,45,Facility/Maintenance
2956,46,High
2956,47,"AC unit not cooling properly, dining area getting humid."
2957,48,No
2957,45,Safety Hazard
2957,46,High
2957,47,Fire extinguisher past inspection date.
2958,48,Yes
2958,45,Equipment Failure
2958,46,Medium
2958,47,"Exhaust hood fan making grinding noise, needs inspection."
2959,48,No
2959,45,Facility/Maintenance
2959,46,Medium
2959,47,"Drainage blocked outside the back entrance, water pooling after rain."
2960,48,Yes
2960,45,Safety Hazard
2960,46,High
2960,47,"Broken tile in kitchen walkway, tripping hazard."
2961,48,Yes
2961,45,Stock Shortage
2961,46,Low
2961,47,"Ran out of buns during lunch rush, had to turn away orders."
2962,48,Yes
2962,45,Facility/Maintenance
2962,46,High
2962,47,"Water seepage near the entrance, floor stays damp all morning."
2963,48,Yes
2963,45,Stock Shortage
2963,46,Low
2963,47,"Ran out of buns during lunch rush, had to turn away orders."
2964,48,Yes
2964,45,Hygiene Violation
2964,46,Medium
2964,47,Cleaning schedule not followed for grease traps this week.
2965,48,No
2965,45,Staffing Shortage
2965,46,Medium
2965,47,"No cover for the evening shift, manager had to cover the register."
2966,48,No
2966,45,Facility/Maintenance
2966,46,High
2966,47,"Drainage blocked outside the back entrance, water pooling after rain."
2967,48,Yes
2967,45,Stock Shortage
2967,46,Low
2967,47,"Ran out of buns during lunch rush, had to turn away orders."
2968,48,Yes
2968,45,Facility/Maintenance
2968,46,Medium
2968,47,"Drainage blocked outside the back entrance, water pooling after rain."
2969,48,No
2969,45,Safety Hazard
2969,46,High
2969,47,"Broken tile in kitchen walkway, tripping hazard."
2970,48,No
2970,45,Equipment Failure
2970,46,High
2970,47,"Ice machine leaking water onto the floor, stopped using it."
2971,48,Yes
2971,45,Equipment Failure
2971,46,High
2971,47,"Exhaust hood fan making grinding noise, needs inspection."
2972,48,No
2972,45,Stock Shortage
2972,46,High
2972,47,Key sauce ingredient out of stock since yesterday.
2973,48,Yes
2973,45,Stock Shortage
2973,46,Medium
2973,47,"Packaging supplies delayed, using backup stock."
2974,48,Yes
2974,45,Equipment Failure
2974,46,High
2974,47,"Ice machine leaking water onto the floor, stopped using it."
2975,48,Yes
2975,45,Equipment Failure
2975,46,Low
2975,47,"Ice machine leaking water onto the floor, stopped using it."
2976,48,No
2976,45,Staffing Shortage
2976,46,Medium
2976,47,"No cover for the evening shift, manager had to cover the register."
2977,48,No
2977,45,Stock Shortage
2977,46,Medium
2977,47,"Packaging supplies delayed, using backup stock."
2978,48,No
2978,45,Safety Hazard
2978,46,High
2978,47,"Broken tile in kitchen walkway, tripping hazard."
2979,48,Yes
2979,45,Stock Shortage
2979,46,Medium
2979,47,Key sauce ingredient out of stock since yesterday.
2980,48,Yes
2980,45,Stock Shortage
2980,46,Low
2980,47,"Ran out of buns during lunch rush, had to turn away orders."
2981,48,Yes
2981,45,Staffing Shortage
2981,46,High
2981,47,"Two crew members called in sick, only skeleton crew on shift."
2982,48,Yes
2982,45,Equipment Failure
2982,46,Medium
2982,47,"Walk-in freezer not maintaining temperature, seems like a compressor issue."
2983,48,Yes
2983,45,Equipment Failure
2983,46,Low
2983,47,"Grill igniter not working, had to relight manually all day."
2984,48,Yes
2984,45,Safety Hazard
2984,46,Low
2984,47,"Exposed wiring near the prep station, needs urgent attention."
2985,48,Yes
2985,45,Staffing Shortage
2985,46,Low
2985,47,"Two crew members called in sick, only skeleton crew on shift."
2986,48,Yes
2986,45,Staffing Shortage
2986,46,High
2986,47,"No cover for the evening shift, manager had to cover the register."
2987,48,Yes
2987,45,Stock Shortage
2987,46,Low
2987,47,"Packaging supplies delayed, using backup stock."
2988,48,No
2988,45,Equipment Failure
2988,46,Medium
2988,47,"Ice machine leaking water onto the floor, stopped using it."
2989,48,No
2989,45,Facility/Maintenance
2989,46,Medium
2989,47,"Water seepage near the entrance, floor stays damp all morning."
2990,48,Yes
2990,45,Stock Shortage
2990,46,Low
2990,47,"Ran out of buns during lunch rush, had to turn away orders."
2991,48,Yes
2991,45,Staffing Shortage
2991,46,High
2991,47,"Short-staffed during the weekend rush, service times affected."
2992,48,No
2992,45,Facility/Maintenance
2992,46,Medium
2992,47,Roof leaking near the seating area after last night's rain.
2993,48,Yes
2993,45,Staffing Shortage
2993,46,Low
2993,47,"No cover for the evening shift, manager had to cover the register."
2994,48,Yes
2994,45,Stock Shortage
2994,46,Low
2994,47,"Short on napkins and cutlery, requested emergency restock."
2995,48,Yes
2995,45,Staffing Shortage
2995,46,Medium
2995,47,"Two crew members called in sick, only skeleton crew on shift."
2996,48,Yes
2996,45,Equipment Failure
2996,46,Low
2996,47,"Exhaust hood fan making grinding noise, needs inspection."
2997,48,Yes
2997,45,Facility/Maintenance
2997,46,Medium
2997,47,"Drainage blocked outside the back entrance, water pooling after rain."
2998,48,Yes
2998,45,Equipment Failure
2998,46,Medium
2998,47,"Walk-in cooler door seal is torn, cooler struggling to hold temperature."
2999,48,Yes
2999,45,Equipment Failure
2999,46,High
2999,47,"Walk-in freezer not maintaining temperature, seems like a compressor issue."
3000,48,No
3000,45,Hygiene Violation
3000,46,Medium
3000,47,Staff member observed not following glove protocol at prep station.
3001,48,Yes
3001,45,Stock Shortage
3001,46,Medium
3001,47,"Ran out of buns during lunch rush, had to turn away orders."
3002,48,Yes
3002,45,Stock Shortage
3002,46,Low
3002,47,"Short on napkins and cutlery, requested emergency restock."
3003,48,Yes
3003,45,Hygiene Violation
3003,46,Medium
3003,47,Found expired dairy items in the walk-in during spot check.
3004,48,Yes
3004,45,Equipment Failure
3004,46,Medium
3004,47,"Grill igniter not working, had to relight manually all day."
3005,48,Yes
3005,45,Facility/Maintenance
3005,46,Medium
3005,47,"Ceiling tile came loose above the counter, needs replacing."
3006,48,Yes
3006,45,Safety Hazard
3006,46,Medium
3006,47,"Wet floor near the entrance with no warning sign, slip risk."
3007,48,No
3007,45,Safety Hazard
3007,46,Medium
3007,47,Fire extinguisher past inspection date.
3008,48,No
3008,45,Equipment Failure
3008,46,Medium
3008,47,"Ice machine leaking water onto the floor, stopped using it."
3009,48,Yes
3009,45,Facility/Maintenance
3009,46,High
3009,47,"Ceiling tile came loose above the counter, needs replacing."
3010,48,Yes
3010,45,Facility/Maintenance
3010,46,Medium
3010,47,"Drainage blocked outside the back entrance, water pooling after rain."
3011,48,Yes
3011,45,Staffing Shortage
3011,46,Medium
3011,47,"Short-staffed during the weekend rush, service times affected."
3012,48,Yes
3012,45,Staffing Shortage
3012,46,Medium
3012,47,"Two crew members called in sick, only skeleton crew on shift."
3013,48,Yes
3013,45,Facility/Maintenance
3013,46,Medium
3013,47,"Water seepage near the entrance, floor stays damp all morning."
3014,48,Yes
3014,45,Safety Hazard
3014,46,Medium
3014,47,Fire extinguisher past inspection date.
3015,48,No
3015,45,Equipment Failure
3015,46,Medium
3015,47,"Exhaust hood fan making grinding noise, needs inspection."
3016,48,Yes
3016,45,Equipment Failure
3016,46,High
3016,47,"Grill igniter not working, had to relight manually all day."
3017,48,Yes
3017,45,Facility/Maintenance
3017,46,Medium
3017,47,"AC unit not cooling properly, dining area getting humid."
3018,48,Yes
3018,45,Safety Hazard
3018,46,High
3018,47,"Broken tile in kitchen walkway, tripping hazard."
3019,48,No
3019,45,Staffing Shortage
3019,46,Low
3019,47,"Understaffed in kitchen during peak hours, order times slipped."
3020,48,Yes
3020,45,Stock Shortage
3020,46,Low
3020,47,"Ran out of buns during lunch rush, had to turn away orders."
3021,48,No
3021,45,Stock Shortage
3021,46,Medium
3021,47,"Short on napkins and cutlery, requested emergency restock."
3022,48,Yes
3022,45,Equipment Failure
3022,46,Medium
3022,47,"Grill igniter not working, had to relight manually all day."
3023,48,Yes
3023,45,Stock Shortage
3023,46,Low
3023,47,"Short on napkins and cutlery, requested emergency restock."
3024,48,No
3024,45,Facility/Maintenance
3024,46,Low
3024,47,Roof leaking near the seating area after last night's rain.
3025,48,Yes
3025,45,Equipment Failure
3025,46,Medium
3025,47,"Ice machine leaking water onto the floor, stopped using it."
3026,48,No
3026,45,Stock Shortage
3026,46,Low
3026,47,"Ran out of buns during lunch rush, had to turn away orders."
3027,48,Yes
3027,45,Facility/Maintenance
3027,46,Low
3027,47,"Drainage blocked outside the back entrance, water pooling after rain."
3028,48,Yes
3028,45,Facility/Maintenance
3028,46,Low
3028,47,"AC unit not cooling properly, dining area getting humid."
3029,48,No
3029,45,Safety Hazard
3029,46,Low
3029,47,"Broken tile in kitchen walkway, tripping hazard."
3030,48,Yes
3030,45,Staffing Shortage
3030,46,Medium
3030,47,"Two crew members called in sick, only skeleton crew on shift."
3031,48,Yes
3031,45,Hygiene Violation
3031,46,Medium
3031,47,Staff member observed not following glove protocol at prep station.
3032,48,Yes
3032,45,Hygiene Violation
3032,46,Medium
3032,47,Found expired dairy items in the walk-in during spot check.
3033,48,No
3033,45,Safety Hazard
3033,46,Medium
3033,47,"Exposed wiring near the prep station, needs urgent attention."
3034,48,Yes
3034,45,Facility/Maintenance
3034,46,Low
3034,47,Roof leaking near the seating area after last night's rain.
3035,48,Yes
3035,45,Facility/Maintenance
3035,46,Medium
3035,47,"AC unit not cooling properly, dining area getting humid."
3036,48,Yes
3036,45,Stock Shortage
3036,46,Low
3036,47,"Short on napkins and cutlery, requested emergency restock."
3037,48,Yes
3037,45,Safety Hazard
3037,46,High
3037,47,"Wet floor near the entrance with no warning sign, slip risk."
3038,48,Yes
3038,45,Staffing Shortage
3038,46,Medium
3038,47,"Understaffed in kitchen during peak hours, order times slipped."
3039,48,Yes
3039,45,Equipment Failure
3039,46,High
3039,47,"Walk-in cooler door seal is torn, cooler struggling to hold temperature."
3040,48,Yes
3040,45,Equipment Failure
3040,46,High
3040,47,"Exhaust hood fan making grinding noise, needs inspection."
3041,48,Yes
3041,45,Staffing Shortage
3041,46,Medium
3041,47,"No cover for the evening shift, manager had to cover the register."
3042,48,Yes
3042,45,Staffing Shortage
3042,46,High
3042,47,"Short-staffed during the weekend rush, service times affected."
3043,48,Yes
3043,45,Equipment Failure
3043,46,Low
3043,47,"Ice machine leaking water onto the floor, stopped using it."
3044,48,Yes
3044,45,Staffing Shortage
3044,46,Low
3044,47,"No cover for the evening shift, manager had to cover the register."
3045,48,Yes
3045,45,Equipment Failure
3045,46,Medium
3045,47,"Walk-in freezer not maintaining temperature, seems like a compressor issue."
3046,48,No
3046,45,Staffing Shortage
3046,46,Low
3046,47,"Understaffed in kitchen during peak hours, order times slipped."
3047,48,Yes
3047,45,Equipment Failure
3047,46,High
3047,47,"Ice machine leaking water onto the floor, stopped using it."
3048,48,Yes
3048,45,Facility/Maintenance
3048,46,Medium
3048,47,"Water seepage near the entrance, floor stays damp all morning."
3049,48,Yes
3049,45,Safety Hazard
3049,46,High
3049,47,"Broken tile in kitchen walkway, tripping hazard."
3050,48,Yes
3050,45,Staffing Shortage
3050,46,Medium
3050,47,"Two crew members called in sick, only skeleton crew on shift."
3051,48,Yes
3051,45,Equipment Failure
3051,46,Medium
3051,47,"Grill igniter not working, had to relight manually all day."
3052,48,Yes
3052,45,Equipment Failure
3052,46,High
3052,47,"Ice machine leaking water onto the floor, stopped using it."
3053,48,Yes
3053,45,Staffing Shortage
3053,46,Medium
3053,47,"Short-staffed during the weekend rush, service times affected."
3054,48,Yes
3054,45,Facility/Maintenance
3054,46,Medium
3054,47,"Ceiling tile came loose above the counter, needs replacing."
3055,48,No
3055,45,Hygiene Violation
3055,46,High
3055,47,Found expired dairy items in the walk-in during spot check.
3056,48,No
3056,45,Facility/Maintenance
3056,46,Low
3056,47,"Ceiling tile came loose above the counter, needs replacing."
3057,48,Yes
3057,45,Equipment Failure
3057,46,Medium
3057,47,"Exhaust hood fan making grinding noise, needs inspection."
3058,48,Yes
3058,45,Equipment Failure
3058,46,High
3058,47,"Exhaust hood fan making grinding noise, needs inspection."
3059,48,Yes
3059,45,Facility/Maintenance
3059,46,Low
3059,47,"AC unit not cooling properly, dining area getting humid."
3060,48,Yes
3060,45,Staffing Shortage
3060,46,Medium
3060,47,"No cover for the evening shift, manager had to cover the register."
3061,48,Yes
3061,45,Safety Hazard
3061,46,High
3061,47,"Broken tile in kitchen walkway, tripping hazard."
3062,48,No
3062,45,Facility/Maintenance
3062,46,Medium
3062,47,Roof leaking near the seating area after last night's rain.
3063,48,No
3063,45,Safety Hazard
3063,46,High
3063,47,"Exposed wiring near the prep station, needs urgent attention."
3064,48,No
3064,45,Safety Hazard
3064,46,Medium
3064,47,"Exposed wiring near the prep station, needs urgent attention."
3065,48,Yes
3065,45,Facility/Maintenance
3065,46,Medium
3065,47,"Ceiling tile came loose above the counter, needs replacing."
3066,48,Yes
3066,45,Hygiene Violation
3066,46,Medium
3066,47,Staff member observed not following glove protocol at prep station.
3067,48,Yes
3067,45,Staffing Shortage
3067,46,High
3067,47,"No cover for the evening shift, manager had to cover the register."
3068,48,Yes
3068,45,Stock Shortage
3068,46,Medium
3068,47,Key sauce ingredient out of stock since yesterday.
3069,48,No
3069,45,Stock Shortage
3069,46,Low
3069,47,Key sauce ingredient out of stock since yesterday.
3070,48,Yes
3070,45,Hygiene Violation
3070,46,Low
3070,47,Cleaning schedule not followed for grease traps this week.
3071,48,Yes
3071,45,Staffing Shortage
3071,46,Low
3071,47,"Short-staffed during the weekend rush, service times affected."
3072,48,No
3072,45,Staffing Shortage
3072,46,Medium
3072,47,"No cover for the evening shift, manager had to cover the register."
3073,48,No
3073,45,Staffing Shortage
3073,46,High
3073,47,"Two crew members called in sick, only skeleton crew on shift."
3074,48,Yes
3074,45,Hygiene Violation
3074,46,Medium
3074,47,Handwash station out of soap for most of the shift.
3075,48,Yes
3075,45,Equipment Failure
3075,46,High
3075,47,"Walk-in freezer not maintaining temperature, seems like a compressor issue."
3076,48,Yes
3076,45,Safety Hazard
3076,46,Medium
3076,47,Fire extinguisher past inspection date.
3077,48,No
3077,45,Stock Shortage
3077,46,High
3077,47,"Short on napkins and cutlery, requested emergency restock."
3078,48,Yes
3078,45,Safety Hazard
3078,46,Medium
3078,47,"Exposed wiring near the prep station, needs urgent attention."
3079,48,No
3079,45,Safety Hazard
3079,46,High
3079,47,"Wet floor near the entrance with no warning sign, slip risk."
3080,48,Yes
3080,45,Safety Hazard
3080,46,Medium
3080,47,"Wet floor near the entrance with no warning sign, slip risk."
3081,48,Yes
3081,45,Hygiene Violation
3081,46,Medium
3081,47,Cleaning schedule not followed for grease traps this week.
3082,48,No
3082,45,Hygiene Violation
3082,46,Low
3082,47,Staff member observed not following glove protocol at prep station.
3083,48,Yes
3083,45,Facility/Maintenance
3083,46,Medium
3083,47,"Ceiling tile came loose above the counter, needs replacing."
3084,48,Yes
3084,45,Staffing Shortage
3084,46,High
3084,47,"Two crew members called in sick, only skeleton crew on shift."
3085,48,No
3085,45,Staffing Shortage
3085,46,Medium
3085,47,"No cover for the evening shift, manager had to cover the register."
3086,48,No
3086,45,Facility/Maintenance
3086,46,Low
3086,47,"Drainage blocked outside the back entrance, water pooling after rain."
3087,48,Yes
3087,45,Staffing Shortage
3087,46,Low
3087,47,"Two crew members called in sick, only skeleton crew on shift."
3088,48,Yes
3088,45,Hygiene Violation
3088,46,Medium
3088,47,Found expired dairy items in the walk-in during spot check.
3089,48,No
3089,45,Facility/Maintenance
3089,46,Low
3089,47,"AC unit not cooling properly, dining area getting humid."
3090,48,Yes
3090,45,Equipment Failure
3090,46,Medium
3090,47,"Exhaust hood fan making grinding noise, needs inspection."
3091,48,No
3091,45,Facility/Maintenance
3091,46,Low
3091,47,"Water seepage near the entrance, floor stays damp all morning."
3092,48,Yes
3092,45,Hygiene Violation
3092,46,Medium
3092,47,Staff member observed not following glove protocol at prep station.
3093,48,No
3093,45,Staffing Shortage
3093,46,High
3093,47,"No cover for the evening shift, manager had to cover the register."
3094,48,Yes
3094,45,Hygiene Violation
3094,46,Low
3094,47,Cleaning schedule not followed for grease traps this week.
3095,48,Yes
3095,45,Safety Hazard
3095,46,High
3095,47,Fire extinguisher past inspection date.
3096,48,No
3096,45,Equipment Failure
3096,46,High
3096,47,"Ice machine leaking water onto the floor, stopped using it."
3097,48,Yes
3097,45,Equipment Failure
3097,46,Medium
3097,47,"Exhaust hood fan making grinding noise, needs inspection."
3098,48,Yes
3098,45,Safety Hazard
3098,46,High
3098,47,"Wet floor near the entrance with no warning sign, slip risk."
3099,48,Yes
3099,45,Hygiene Violation
3099,46,Low
3099,47,Cleaning schedule not followed for grease traps this week.
3100,48,Yes
3100,45,Hygiene Violation
3100,46,Medium
3100,47,Found expired dairy items in the walk-in during spot check.
3101,48,Yes
3101,45,Stock Shortage
3101,46,Low
3101,47,"Packaging supplies delayed, using backup stock."
3102,48,No
3102,45,Staffing Shortage
3102,46,Low
3102,47,"Short-staffed during the weekend rush, service times affected."
3103,48,No
3103,45,Equipment Failure
3103,46,High
3103,47,"Grill igniter not working, had to relight manually all day."
3104,48,Yes
3104,45,Safety Hazard
3104,46,High
3104,47,"Broken tile in kitchen walkway, tripping hazard."
3105,48,Yes
3105,45,Equipment Failure
3105,46,Medium
3105,47,"Ice machine leaking water onto the floor, stopped using it."
3106,48,No
3106,45,Facility/Maintenance
3106,46,Medium
3106,47,Roof leaking near the seating area after last night's rain.
3107,48,Yes
3107,45,Equipment Failure
3107,46,High
3107,47,"Ice machine leaking water onto the floor, stopped using it."
3108,48,Yes
3108,45,Equipment Failure
3108,46,High
3108,47,"Walk-in freezer not maintaining temperature, seems like a compressor issue."
3109,48,Yes
3109,45,Equipment Failure
3109,46,Low
3109,47,"Walk-in freezer not maintaining temperature, seems like a compressor issue."
3110,48,No
3110,45,Equipment Failure
3110,46,Low
3110,47,"Walk-in cooler door seal is torn, cooler struggling to hold temperature."
3111,48,No
3111,45,Stock Shortage
3111,46,Low
3111,47,"Packaging supplies delayed, using backup stock."
3112,48,Yes
3112,45,Equipment Failure
3112,46,High
3112,47,"Exhaust hood fan making grinding noise, needs inspection."
3113,48,Yes
3113,45,Staffing Shortage
3113,46,Medium
3113,47,"Understaffed in kitchen during peak hours, order times slipped."
3114,48,Yes
3114,45,Safety Hazard
3114,46,High
3114,47,"Broken tile in kitchen walkway, tripping hazard."
3115,48,Yes
3115,45,Hygiene Violation
3115,46,Low
3115,47,Staff member observed not following glove protocol at prep station.
3116,48,No
3116,45,Safety Hazard
3116,46,Medium
3116,47,"Wet floor near the entrance with no warning sign, slip risk."
3117,48,No
3117,45,Staffing Shortage
3117,46,Medium
3117,47,"Short-staffed during the weekend rush, service times affected."
3118,48,Yes
3118,45,Hygiene Violation
3118,46,Medium
3118,47,Staff member observed not following glove protocol at prep station.
3119,48,Yes
3119,45,Stock Shortage
3119,46,High
3119,47,Key sauce ingredient out of stock since yesterday.
3120,48,No
3120,45,Staffing Shortage
3120,46,Medium
3120,47,"No cover for the evening shift, manager had to cover the register."
3121,48,Yes
3121,45,Facility/Maintenance
3121,46,High
3121,47,Roof leaking near the seating area after last night's rain.
3122,48,Yes
3122,45,Equipment Failure
3122,46,Medium
3122,47,"Exhaust hood fan making grinding noise, needs inspection."
3123,48,Yes
3123,45,Stock Shortage
3123,46,Low
3123,47,"Ran out of buns during lunch rush, had to turn away orders."
3124,48,Yes
3124,45,Staffing Shortage
3124,46,Low
3124,47,"Two crew members called in sick, only skeleton crew on shift."
3125,48,No
3125,45,Equipment Failure
3125,46,High
3125,47,"Walk-in cooler door seal is torn, cooler struggling to hold temperature."
3126,48,Yes
3126,45,Hygiene Violation
3126,46,Low
3126,47,Staff member observed not following glove protocol at prep station.
3127,48,No
3127,45,Staffing Shortage
3127,46,Medium
3127,47,"Two crew members called in sick, only skeleton crew on shift."
3128,48,Yes
3128,45,Staffing Shortage
3128,46,Medium
3128,47,"Short-staffed during the weekend rush, service times affected."
3129,48,No
3129,45,Facility/Maintenance
3129,46,Medium
3129,47,"Ceiling tile came loose above the counter, needs replacing."
3130,48,No
3130,45,Equipment Failure
3130,46,Medium
3130,47,"Ice machine leaking water onto the floor, stopped using it."
3131,48,Yes
3131,45,Equipment Failure
3131,46,High
3131,47,"Walk-in cooler door seal is torn, cooler struggling to hold temperature."
3132,48,Yes
3132,45,Facility/Maintenance
3132,46,High
3132,47,"AC unit not cooling properly, dining area getting humid."
3133,48,Yes
3133,45,Equipment Failure
3133,46,Low
3133,47,"Walk-in freezer not maintaining temperature, seems like a compressor issue."
3134,48,Yes
3134,45,Stock Shortage
3134,46,Low
3134,47,"Ran out of buns during lunch rush, had to turn away orders."
3135,48,Yes
3135,45,Safety Hazard
3135,46,Medium
3135,47,"Exposed wiring near the prep station, needs urgent attention."
3136,48,Yes
3136,45,Safety Hazard
3136,46,Medium
3136,47,Fire extinguisher past inspection date.
3137,48,Yes
3137,45,Safety Hazard
3137,46,High
3137,47,"Wet floor near the entrance with no warning sign, slip risk."
3138,48,No
3138,45,Facility/Maintenance
3138,46,Medium
3138,47,"Water seepage near the entrance, floor stays damp all morning."
3139,48,Yes
3139,45,Stock Shortage
3139,46,Medium
3139,47,Key sauce ingredient out of stock since yesterday.
3140,48,Yes
3140,45,Equipment Failure
3140,46,Low
3140,47,"Walk-in freezer not maintaining temperature, seems like a compressor issue."
3141,48,No
3141,45,Staffing Shortage
3141,46,High
3141,47,"No cover for the evening shift, manager had to cover the register."
3142,48,Yes
3142,45,Staffing Shortage
3142,46,High
3142,47,"Understaffed in kitchen during peak hours, order times slipped."
3143,48,Yes
3143,45,Staffing Shortage
3143,46,Low
3143,47,"Understaffed in kitchen during peak hours, order times slipped."
