submission_id,form_id,user_id,submitted_at,compliance_pct,compliance_threshold,outlet_id,name,role,outlet_name,city,state,form_name,form_type,area_manager,date,week_start,meets_threshold,month
1,102,26,2026-05-19 22:17:00,75.0,80.0,1.0,Komal Gupta,Crew Member,Mumbai - Andheri,Mumbai,Maharashtra,Closing Checklist,daily_checklist,Mohit Iyer,2026-05-19,2026-05-18,No,2026-05
2,101,28,2026-05-20 09:56:00,87.5,80.0,1.0,Harsh Mehta,Crew Member,Mumbai - Andheri,Mumbai,Maharashtra,Opening Checklist,daily_checklist,Mohit Iyer,2026-05-20,2026-05-18,Yes,2026-05
3,102,6,2026-05-20 21:41:00,62.5,80.0,1.0,Ritu Gupta,Store Manager,Mumbai - Andheri,Mumbai,Maharashtra,Closing Checklist,daily_checklist,Mohit Iyer,2026-05-20,2026-05-18,No,2026-05
4,101,27,2026-05-21 09:29:00,75.0,80.0,1.0,Chandni Singh,Crew Member,Mumbai - Andheri,Mumbai,Maharashtra,Opening Checklist,daily_checklist,Mohit Iyer,2026-05-21,2026-05-18,No,2026-05
5,102,27,2026-05-21 22:08:00,75.0,80.0,1.0,Chandni Singh,Crew Member,Mumbai - Andheri,Mumbai,Maharashtra,Closing Checklist,daily_checklist,Mohit Iyer,2026-05-21,2026-05-18,No,2026-05
6,101,6,2026-05-22 09:16:00,87.5,80.0,1.0,Ritu Gupta,Store Manager,Mumbai - Andheri,Mumbai,Maharashtra,Opening Checklist,daily_checklist,Mohit Iyer,2026-05-22,2026-05-18,Yes,2026-05
7,102,28,2026-05-22 23:25:00,100.0,80.0,1.0,Harsh Mehta,Crew Member,Mumbai - Andheri,Mumbai,Maharashtra,Closing Checklist,daily_checklist,Mohit Iyer,2026-05-22,2026-05-18,Yes,2026-05
8,101,6,2026-05-23 07:32:00,75.0,80.0,1.0,Ritu Gupta,Store Manager,Mumbai - Andheri,Mumbai,Maharashtra,Opening Checklist,daily_checklist,Mohit Iyer,2026-05-23,2026-05-18,No,2026-05
9,102,26,2026-05-23 21:48:00,100.0,80.0,1.0,Komal Gupta,Crew Member,Mumbai - Andheri,Mumbai,Maharashtra,Closing Checklist,daily_checklist,Mohit Iyer,2026-05-23,2026-05-18,Yes,2026-05
10,101,27,2026-05-24 07:40:00,62.5,80.0,1.0,Chandni Singh,Crew Member,Mumbai - Andheri,Mumbai,Maharashtra,Opening Checklist,daily_checklist,Mohit Iyer,2026-05-24,2026-05-18,No,2026-05
11,102,26,2026-05-24 23:27:00,100.0,80.0,1.0,Komal Gupta,Crew Member,Mumbai - Andheri,Mumbai,Maharashtra,Closing Checklist,daily_checklist,Mohit Iyer,2026-05-24,2026-05-18,Yes,2026-05
12,101,6,2026-05-25 08:38:00,75.0,80.0,1.0,Ritu Gupta,Store Manager,Mumbai - Andheri,Mumbai,Maharashtra,Opening Checklist,daily_checklist,Mohit Iyer,2026-05-25,2026-05-25,No,2026-05
13,102,26,2026-05-25 23:16:00,87.5,80.0,1.0,Komal Gupta,Crew Member,Mumbai - Andheri,Mumbai,Maharashtra,Closing Checklist,daily_checklist,Mohit Iyer,2026-05-25,2026-05-25,Yes,2026-05
14,101,28,2026-05-26 09:56:00,87.5,80.0,1.0,Harsh Mehta,Crew Member,Mumbai - Andheri,Mumbai,Maharashtra,Opening Checklist,daily_checklist,Mohit Iyer,2026-05-26,2026-05-25,Yes,2026-05
15,102,26,2026-05-26 23:21:00,87.5,80.0,1.0,Komal Gupta,Crew Member,Mumbai - Andheri,Mumbai,Maharashtra,Closing Checklist,daily_checklist,Mohit Iyer,2026-05-26,2026-05-25,Yes,2026-05
16,101,6,2026-05-27 08:10:00,100.0,80.0,1.0,Ritu Gupta,Store Manager,Mumbai - Andheri,Mumbai,Maharashtra,Opening Checklist,daily_checklist,Mohit Iyer,2026-05-27,2026-05-25,Yes,2026-05
17,102,28,2026-05-27 21:46:00,87.5,80.0,1.0,Harsh Mehta,Crew Member,Mumbai - Andheri,Mumbai,Maharashtra,Closing Checklist,daily_checklist,Mohit Iyer,2026-05-27,2026-05-25,Yes,2026-05
18,101,26,2026-05-28 07:32:00,100.0,80.0,1.0,Komal Gupta,Crew Member,Mumbai - Andheri,Mumbai,Maharashtra,Opening Checklist,daily_checklist,Mohit Iyer,2026-05-28,2026-05-25,Yes,2026-05
19,102,27,2026-05-28 23:19:00,87.5,80.0,1.0,Chandni Singh,Crew Member,Mumbai - Andheri,Mumbai,Maharashtra,Closing Checklist,daily_checklist,Mohit Iyer,2026-05-28,2026-05-25,Yes,2026-05
20,101,27,2026-05-29 08:48:00,100.0,80.0,1.0,Chandni Singh,Crew Member,Mumbai - Andheri,Mumbai,Maharashtra,Opening Checklist,daily_checklist,Mohit Iyer,2026-05-29,2026-05-25,Yes,2026-05
21,102,26,2026-05-29 23:49:00,87.5,80.0,1.0,Komal Gupta,Crew Member,Mumbai - Andheri,Mumbai,Maharashtra,Closing Checklist,daily_checklist,Mohit Iyer,2026-05-29,2026-05-25,Yes,2026-05
22,101,26,2026-05-30 08:31:00,100.0,80.0,1.0,Komal Gupta,Crew Member,Mumbai - Andheri,Mumbai,Maharashtra,Opening Checklist,daily_checklist,Mohit Iyer,2026-05-30,2026-05-25,Yes,2026-05
23,102,28,2026-05-30 21:59:00,75.0,80.0,1.0,Harsh Mehta,Crew Member,Mumbai - Andheri,Mumbai,Maharashtra,Closing Checklist,daily_checklist,Mohit Iyer,2026-05-30,2026-05-25,No,2026-05
24,101,27,2026-05-31 07:03:00,75.0,80.0,1.0,Chandni Singh,Crew Member,Mumbai - Andheri,Mumbai,Maharashtra,Opening Checklist,daily_checklist,Mohit Iyer,2026-05-31,2026-05-25,No,2026-05
25,102,26,2026-05-31 23:05:00,75.0,80.0,1.0,Komal Gupta,Crew Member,Mumbai - Andheri,Mumbai,Maharashtra,Closing Checklist,daily_checklist,Mohit Iyer,2026-05-31,2026-05-25,No,2026-05
26,101,27,2026-06-01 07:48:00,75.0,80.0,1.0,Chandni Singh,Crew Member,Mumbai - Andheri,Mumbai,Maharashtra,Opening Checklist,daily_checklist,Mohit Iyer,2026-06-01,2026-06-01,No,2026-06
27,102,6,2026-06-01 21:42:00,100.0,80.0,1.0,Ritu Gupta,Store Manager,Mumbai - Andheri,Mumbai,Maharashtra,Closing Checklist,daily_checklist,Mohit Iyer,2026-06-01,2026-06-01,Yes,2026-06
28,101,6,2026-06-02 07:16:00,50.0,80.0,1.0,Ritu Gupta,Store Manager,Mumbai - Andheri,Mumbai,Maharashtra,Opening Checklist,daily_checklist,Mohit Iyer,2026-06-02,2026-06-01,No,2026-06
29,102,27,2026-06-02 21:59:00,87.5,80.0,1.0,Chandni Singh,Crew Member,Mumbai - Andheri,Mumbai,Maharashtra,Closing Checklist,daily_checklist,Mohit Iyer,2026-06-02,2026-06-01,Yes,2026-06
30,101,28,2026-06-03 08:42:00,62.5,80.0,1.0,Harsh Mehta,Crew Member,Mumbai - Andheri,Mumbai,Maharashtra,Opening Checklist,daily_checklist,Mohit Iyer,2026-06-03,2026-06-01,No,2026-06
31,102,6,2026-06-03 22:57:00,100.0,80.0,1.0,Ritu Gupta,Store Manager,Mumbai - Andheri,Mumbai,Maharashtra,Closing Checklist,daily_checklist,Mohit Iyer,2026-06-03,2026-06-01,Yes,2026-06
32,101,26,2026-06-04 07:14:00,75.0,80.0,1.0,Komal Gupta,Crew Member,Mumbai - Andheri,Mumbai,Maharashtra,Opening Checklist,daily_checklist,Mohit Iyer,2026-06-04,2026-06-01,No,2026-06
33,102,27,2026-06-04 22:01:00,100.0,80.0,1.0,Chandni Singh,Crew Member,Mumbai - Andheri,Mumbai,Maharashtra,Closing Checklist,daily_checklist,Mohit Iyer,2026-06-04,2026-06-01,Yes,2026-06
34,101,26,2026-06-05 07:00:00,87.5,80.0,1.0,Komal Gupta,Crew Member,Mumbai - Andheri,Mumbai,Maharashtra,Opening Checklist,daily_checklist,Mohit Iyer,2026-06-05,2026-06-01,Yes,2026-06
35,102,26,2026-06-05 23:40:00,75.0,80.0,1.0,Komal Gupta,Crew Member,Mumbai - Andheri,Mumbai,Maharashtra,Closing Checklist,daily_checklist,Mohit Iyer,2026-06-05,2026-06-01,No,2026-06
36,101,26,2026-06-06 07:57:00,87.5,80.0,1.0,Komal Gupta,Crew Member,Mumbai - Andheri,Mumbai,Maharashtra,Opening Checklist,daily_checklist,Mohit Iyer,2026-06-06,2026-06-01,Yes,2026-06
37,102,27,2026-06-06 22:04:00,75.0,80.0,1.0,Chandni Singh,Crew Member,Mumbai - Andheri,Mumbai,Maharashtra,Closing Checklist,daily_checklist,Mohit Iyer,2026-06-06,2026-06-01,No,2026-06
38,101,27,2026-06-07 09:31:00,62.5,80.0,1.0,Chandni Singh,Crew Member,Mumbai - Andheri,Mumbai,Maharashtra,Opening Checklist,daily_checklist,Mohit Iyer,2026-06-07,2026-06-01,No,2026-06
39,102,6,2026-06-07 23:08:00,87.5,80.0,1.0,Ritu Gupta,Store Manager,Mumbai - Andheri,Mumbai,Maharashtra,Closing Checklist,daily_checklist,Mohit Iyer,2026-06-07,2026-06-01,Yes,2026-06
40,101,6,2026-06-08 08:51:00,50.0,80.0,1.0,Ritu Gupta,Store Manager,Mumbai - Andheri,Mumbai,Maharashtra,Opening Checklist,daily_checklist,Mohit Iyer,2026-06-08,2026-06-08,No,2026-06
41,102,26,2026-06-08 21:06:00,87.5,80.0,1.0,Komal Gupta,Crew Member,Mumbai - Andheri,Mumbai,Maharashtra,Closing Checklist,daily_checklist,Mohit Iyer,2026-06-08,2026-06-08,Yes,2026-06
42,101,6,2026-06-09 08:27:00,100.0,80.0,1.0,Ritu Gupta,Store Manager,Mumbai - Andheri,Mumbai,Maharashtra,Opening Checklist,daily_checklist,Mohit Iyer,2026-06-09,2026-06-08,Yes,2026-06
43,102,26,2026-06-09 22:55:00,87.5,80.0,1.0,Komal Gupta,Crew Member,Mumbai - Andheri,Mumbai,Maharashtra,Closing Checklist,daily_checklist,Mohit Iyer,2026-06-09,2026-06-08,Yes,2026-06
44,101,28,2026-06-10 07:25:00,87.5,80.0,1.0,Harsh Mehta,Crew Member,Mumbai - Andheri,Mumbai,Maharashtra,Opening Checklist,daily_checklist,Mohit Iyer,2026-06-10,2026-06-08,Yes,2026-06
45,102,27,2026-06-10 21:15:00,100.0,80.0,1.0,Chandni Singh,Crew Member,Mumbai - Andheri,Mumbai,Maharashtra,Closing Checklist,daily_checklist,Mohit Iyer,2026-06-10,2026-06-08,Yes,2026-06
46,102,27,2026-06-11 23:28:00,100.0,80.0,1.0,Chandni Singh,Crew Member,Mumbai - Andheri,Mumbai,Maharashtra,Closing Checklist,daily_checklist,Mohit Iyer,2026-06-11,2026-06-08,Yes,2026-06
47,101,6,2026-06-12 07:17:00,100.0,80.0,1.0,Ritu Gupta,Store Manager,Mumbai - Andheri,Mumbai,Maharashtra,Opening Checklist,daily_checklist,Mohit Iyer,2026-06-12,2026-06-08,Yes,2026-06
48,102,26,2026-06-12 21:55:00,87.5,80.0,1.0,Komal Gupta,Crew Member,Mumbai - Andheri,Mumbai,Maharashtra,Closing Checklist,daily_checklist,Mohit Iyer,2026-06-12,2026-06-08,Yes,2026-06
49,101,26,2026-06-13 09:06:00,87.5,80.0,1.0,Komal Gupta,Crew Member,Mumbai - Andheri,Mumbai,Maharashtra,Opening Checklist,daily_checklist,Mohit Iyer,2026-06-13,2026-06-08,Yes,2026-06
50,102,26,2026-06-13 23:34:00,87.5,80.0,1.0,Komal Gupta,Crew Member,Mumbai - Andheri,Mumbai,Maharashtra,Closing Checklist,daily_checklist,Mohit Iyer,2026-06-13,2026-06-08,Yes,2026-06
51,101,6,2026-06-14 07:10:00,100.0,80.0,1.0,Ritu Gupta,Store Manager,Mumbai - Andheri,Mumbai,Maharashtra,Opening Checklist,daily_checklist,Mohit Iyer,2026-06-14,2026-06-08,Yes,2026-06
52,101,27,2026-06-15 08:30:00,62.5,80.0,1.0,Chandni Singh,Crew Member,Mumbai - Andheri,Mumbai,Maharashtra,Opening Checklist,daily_checklist,Mohit Iyer,2026-06-15,2026-06-15,No,2026-06
53,102,26,2026-06-15 22:57:00,87.5,80.0,1.0,Komal Gupta,Crew Member,Mumbai - Andheri,Mumbai,Maharashtra,Closing Checklist,daily_checklist,Mohit Iyer,2026-06-15,2026-06-15,Yes,2026-06
54,101,6,2026-06-16 08:00:00,62.5,80.0,1.0,Ritu Gupta,Store Manager,Mumbai - Andheri,Mumbai,Maharashtra,Opening Checklist,daily_checklist,Mohit Iyer,2026-06-16,2026-06-15,No,2026-06
55,102,6,2026-06-16 22:59:00,75.0,80.0,1.0,Ritu Gupta,Store Manager,Mumbai - Andheri,Mumbai,Maharashtra,Closing Checklist,daily_checklist,Mohit Iyer,2026-06-16,2026-06-15,No,2026-06
56,101,6,2026-06-17 08:44:00,87.5,80.0,1.0,Ritu Gupta,Store Manager,Mumbai - Andheri,Mumbai,Maharashtra,Opening Checklist,daily_checklist,Mohit Iyer,2026-06-17,2026-06-15,Yes,2026-06
57,102,28,2026-06-17 21:12:00,87.5,80.0,1.0,Harsh Mehta,Crew Member,Mumbai - Andheri,Mumbai,Maharashtra,Closing Checklist,daily_checklist,Mohit Iyer,2026-06-17,2026-06-15,Yes,2026-06
58,101,26,2026-06-18 07:37:00,87.5,80.0,1.0,Komal Gupta,Crew Member,Mumbai - Andheri,Mumbai,Maharashtra,Opening Checklist,daily_checklist,Mohit Iyer,2026-06-18,2026-06-15,Yes,2026-06
59,102,26,2026-06-18 23:20:00,100.0,80.0,1.0,Komal Gupta,Crew Member,Mumbai - Andheri,Mumbai,Maharashtra,Closing Checklist,daily_checklist,Mohit Iyer,2026-06-18,2026-06-15,Yes,2026-06
60,101,27,2026-06-19 09:30:00,87.5,80.0,1.0,Chandni Singh,Crew Member,Mumbai - Andheri,Mumbai,Maharashtra,Opening Checklist,daily_checklist,Mohit Iyer,2026-06-19,2026-06-15,Yes,2026-06
61,102,26,2026-06-19 21:32:00,87.5,80.0,1.0,Komal Gupta,Crew Member,Mumbai - Andheri,Mumbai,Maharashtra,Closing Checklist,daily_checklist,Mohit Iyer,2026-06-19,2026-06-15,Yes,2026-06
62,101,26,2026-06-20 07:38:00,87.5,80.0,1.0,Komal Gupta,Crew Member,Mumbai - Andheri,Mumbai,Maharashtra,Opening Checklist,daily_checklist,Mohit Iyer,2026-06-20,2026-06-15,Yes,2026-06
63,102,27,2026-06-20 23:55:00,75.0,80.0,1.0,Chandni Singh,Crew Member,Mumbai - Andheri,Mumbai,Maharashtra,Closing Checklist,daily_checklist,Mohit Iyer,2026-06-20,2026-06-15,No,2026-06
64,101,27,2026-06-21 07:56:00,100.0,80.0,1.0,Chandni Singh,Crew Member,Mumbai - Andheri,Mumbai,Maharashtra,Opening Checklist,daily_checklist,Mohit Iyer,2026-06-21,2026-06-15,Yes,2026-06
65,102,26,2026-06-21 23:38:00,100.0,80.0,1.0,Komal Gupta,Crew Member,Mumbai - Andheri,Mumbai,Maharashtra,Closing Checklist,daily_checklist,Mohit Iyer,2026-06-21,2026-06-15,Yes,2026-06
66,101,28,2026-06-22 07:26:00,87.5,80.0,1.0,Harsh Mehta,Crew Member,Mumbai - Andheri,Mumbai,Maharashtra,Opening Checklist,daily_checklist,Mohit Iyer,2026-06-22,2026-06-22,Yes,2026-06
67,102,28,2026-06-22 22:13:00,100.0,80.0,1.0,Harsh Mehta,Crew Member,Mumbai - Andheri,Mumbai,Maharashtra,Closing Checklist,daily_checklist,Mohit Iyer,2026-06-22,2026-06-22,Yes,2026-06
68,101,27,2026-06-23 08:25:00,87.5,80.0,1.0,Chandni Singh,Crew Member,Mumbai - Andheri,Mumbai,Maharashtra,Opening Checklist,daily_checklist,Mohit Iyer,2026-06-23,2026-06-22,Yes,2026-06
69,102,28,2026-06-23 23:41:00,100.0,80.0,1.0,Harsh Mehta,Crew Member,Mumbai - Andheri,Mumbai,Maharashtra,Closing Checklist,daily_checklist,Mohit Iyer,2026-06-23,2026-06-22,Yes,2026-06
70,101,26,2026-06-24 08:59:00,75.0,80.0,1.0,Komal Gupta,Crew Member,Mumbai - Andheri,Mumbai,Maharashtra,Opening Checklist,daily_checklist,Mohit Iyer,2026-06-24,2026-06-22,No,2026-06
71,102,26,2026-06-24 21:29:00,100.0,80.0,1.0,Komal Gupta,Crew Member,Mumbai - Andheri,Mumbai,Maharashtra,Closing Checklist,daily_checklist,Mohit Iyer,2026-06-24,2026-06-22,Yes,2026-06
72,101,28,2026-06-25 09:13:00,100.0,80.0,1.0,Harsh Mehta,Crew Member,Mumbai - Andheri,Mumbai,Maharashtra,Opening Checklist,daily_checklist,Mohit Iyer,2026-06-25,2026-06-22,Yes,2026-06
73,102,28,2026-06-25 21:59:00,87.5,80.0,1.0,Harsh Mehta,Crew Member,Mumbai - Andheri,Mumbai,Maharashtra,Closing Checklist,daily_checklist,Mohit Iyer,2026-06-25,2026-06-22,Yes,2026-06
74,101,28,2026-06-26 07:23:00,75.0,80.0,1.0,Harsh Mehta,Crew Member,Mumbai - Andheri,Mumbai,Maharashtra,Opening Checklist,daily_checklist,Mohit Iyer,2026-06-26,2026-06-22,No,2026-06
75,102,28,2026-06-26 21:28:00,75.0,80.0,1.0,Harsh Mehta,Crew Member,Mumbai - Andheri,Mumbai,Maharashtra,Closing Checklist,daily_checklist,Mohit Iyer,2026-06-26,2026-06-22,No,2026-06
76,101,26,2026-06-27 09:33:00,87.5,80.0,1.0,Komal Gupta,Crew Member,Mumbai - Andheri,Mumbai,Maharashtra,Opening Checklist,daily_checklist,Mohit Iyer,2026-06-27,2026-06-22,Yes,2026-06
77,102,28,2026-06-27 23:52:00,87.5,80.0,1.0,Harsh Mehta,Crew Member,Mumbai - Andheri,Mumbai,Maharashtra,Closing Checklist,daily_checklist,Mohit Iyer,2026-06-27,2026-06-22,Yes,2026-06
78,101,26,2026-06-28 07:16:00,75.0,80.0,1.0,Komal Gupta,Crew Member,Mumbai - Andheri,Mumbai,Maharashtra,Opening Checklist,daily_checklist,Mohit Iyer,2026-06-28,2026-06-22,No,2026-06
79,102,27,2026-06-28 21:47:00,75.0,80.0,1.0,Chandni Singh,Crew Member,Mumbai - Andheri,Mumbai,Maharashtra,Closing Checklist,daily_checklist,Mohit Iyer,2026-06-28,2026-06-22,No,2026-06
80,101,27,2026-06-29 08:38:00,87.5,80.0,1.0,Chandni Singh,Crew Member,Mumbai - Andheri,Mumbai,Maharashtra,Opening Checklist,daily_checklist,Mohit Iyer,2026-06-29,2026-06-29,Yes,2026-06
81,102,27,2026-06-29 23:21:00,62.5,80.0,1.0,Chandni Singh,Crew Member,Mumbai - Andheri,Mumbai,Maharashtra,Closing Checklist,daily_checklist,Mohit Iyer,2026-06-29,2026-06-29,No,2026-06
82,101,28,2026-06-30 09:31:00,87.5,80.0,1.0,Harsh Mehta,Crew Member,Mumbai - Andheri,Mumbai,Maharashtra,Opening Checklist,daily_checklist,Mohit Iyer,2026-06-30,2026-06-29,Yes,2026-06
83,102,6,2026-06-30 21:05:00,62.5,80.0,1.0,Ritu Gupta,Store Manager,Mumbai - Andheri,Mumbai,Maharashtra,Closing Checklist,daily_checklist,Mohit Iyer,2026-06-30,2026-06-29,No,2026-06
84,101,28,2026-07-01 07:00:00,100.0,80.0,1.0,Harsh Mehta,Crew Member,Mumbai - Andheri,Mumbai,Maharashtra,Opening Checklist,daily_checklist,Mohit Iyer,2026-07-01,2026-06-29,Yes,2026-07
85,102,28,2026-07-01 21:40:00,100.0,80.0,1.0,Harsh Mehta,Crew Member,Mumbai - Andheri,Mumbai,Maharashtra,Closing Checklist,daily_checklist,Mohit Iyer,2026-07-01,2026-06-29,Yes,2026-07
86,101,6,2026-07-02 09:28:00,87.5,80.0,1.0,Ritu Gupta,Store Manager,Mumbai - Andheri,Mumbai,Maharashtra,Opening Checklist,daily_checklist,Mohit Iyer,2026-07-02,2026-06-29,Yes,2026-07
87,102,26,2026-07-02 23:00:00,75.0,80.0,1.0,Komal Gupta,Crew Member,Mumbai - Andheri,Mumbai,Maharashtra,Closing Checklist,daily_checklist,Mohit Iyer,2026-07-02,2026-06-29,No,2026-07
88,101,27,2026-07-03 09:57:00,75.0,80.0,1.0,Chandni Singh,Crew Member,Mumbai - Andheri,Mumbai,Maharashtra,Opening Checklist,daily_checklist,Mohit Iyer,2026-07-03,2026-06-29,No,2026-07
89,102,28,2026-07-03 23:02:00,87.5,80.0,1.0,Harsh Mehta,Crew Member,Mumbai - Andheri,Mumbai,Maharashtra,Closing Checklist,daily_checklist,Mohit Iyer,2026-07-03,2026-06-29,Yes,2026-07
90,101,6,2026-07-04 09:09:00,75.0,80.0,1.0,Ritu Gupta,Store Manager,Mumbai - Andheri,Mumbai,Maharashtra,Opening Checklist,daily_checklist,Mohit Iyer,2026-07-04,2026-06-29,No,2026-07
91,102,28,2026-07-04 21:02:00,75.0,80.0,1.0,Harsh Mehta,Crew Member,Mumbai - Andheri,Mumbai,Maharashtra,Closing Checklist,daily_checklist,Mohit Iyer,2026-07-04,2026-06-29,No,2026-07
92,101,28,2026-07-05 07:57:00,87.5,80.0,1.0,Harsh Mehta,Crew Member,Mumbai - Andheri,Mumbai,Maharashtra,Opening Checklist,daily_checklist,Mohit Iyer,2026-07-05,2026-06-29,Yes,2026-07
93,102,27,2026-07-05 21:43:00,100.0,80.0,1.0,Chandni Singh,Crew Member,Mumbai - Andheri,Mumbai,Maharashtra,Closing Checklist,daily_checklist,Mohit Iyer,2026-07-05,2026-06-29,Yes,2026-07
94,101,6,2026-07-06 08:49:00,87.5,80.0,1.0,Ritu Gupta,Store Manager,Mumbai - Andheri,Mumbai,Maharashtra,Opening Checklist,daily_checklist,Mohit Iyer,2026-07-06,2026-07-06,Yes,2026-07
95,102,27,2026-07-06 23:47:00,100.0,80.0,1.0,Chandni Singh,Crew Member,Mumbai - Andheri,Mumbai,Maharashtra,Closing Checklist,daily_checklist,Mohit Iyer,2026-07-06,2026-07-06,Yes,2026-07
96,101,27,2026-07-07 07:51:00,62.5,80.0,1.0,Chandni Singh,Crew Member,Mumbai - Andheri,Mumbai,Maharashtra,Opening Checklist,daily_checklist,Mohit Iyer,2026-07-07,2026-07-06,No,2026-07
97,102,27,2026-07-07 22:01:00,87.5,80.0,1.0,Chandni Singh,Crew Member,Mumbai - Andheri,Mumbai,Maharashtra,Closing Checklist,daily_checklist,Mohit Iyer,2026-07-07,2026-07-06,Yes,2026-07
98,101,27,2026-07-08 08:51:00,100.0,80.0,1.0,Chandni Singh,Crew Member,Mumbai - Andheri,Mumbai,Maharashtra,Opening Checklist,daily_checklist,Mohit Iyer,2026-07-08,2026-07-06,Yes,2026-07
99,101,26,2026-07-09 08:10:00,87.5,80.0,1.0,Komal Gupta,Crew Member,Mumbai - Andheri,Mumbai,Maharashtra,Opening Checklist,daily_checklist,Mohit Iyer,2026-07-09,2026-07-06,Yes,2026-07
100,102,26,2026-07-09 22:55:00,87.5,80.0,1.0,Komal Gupta,Crew Member,Mumbai - Andheri,Mumbai,Maharashtra,Closing Checklist,daily_checklist,Mohit Iyer,2026-07-09,2026-07-06,Yes,2026-07
101,101,6,2026-07-10 07:12:00,87.5,80.0,1.0,Ritu Gupta,Store Manager,Mumbai - Andheri,Mumbai,Maharashtra,Opening Checklist,daily_checklist,Mohit Iyer,2026-07-10,2026-07-06,Yes,2026-07
102,102,27,2026-07-10 22:19:00,87.5,80.0,1.0,Chandni Singh,Crew Member,Mumbai - Andheri,Mumbai,Maharashtra,Closing Checklist,daily_checklist,Mohit Iyer,2026-07-10,2026-07-06,Yes,2026-07
103,101,27,2026-07-11 07:42:00,100.0,80.0,1.0,Chandni Singh,Crew Member,Mumbai - Andheri,Mumbai,Maharashtra,Opening Checklist,daily_checklist,Mohit Iyer,2026-07-11,2026-07-06,Yes,2026-07
104,102,28,2026-07-11 22:21:00,100.0,80.0,1.0,Harsh Mehta,Crew Member,Mumbai - Andheri,Mumbai,Maharashtra,Closing Checklist,daily_checklist,Mohit Iyer,2026-07-11,2026-07-06,Yes,2026-07
105,101,6,2026-07-12 08:22:00,87.5,80.0,1.0,Ritu Gupta,Store Manager,Mumbai - Andheri,Mumbai,Maharashtra,Opening Checklist,daily_checklist,Mohit Iyer,2026-07-12,2026-07-06,Yes,2026-07
106,102,28,2026-07-12 23:53:00,100.0,80.0,1.0,Harsh Mehta,Crew Member,Mumbai - Andheri,Mumbai,Maharashtra,Closing Checklist,daily_checklist,Mohit Iyer,2026-07-12,2026-07-06,Yes,2026-07
107,101,28,2026-07-13 07:56:00,87.5,80.0,1.0,Harsh Mehta,Crew Member,Mumbai - Andheri,Mumbai,Maharashtra,Opening Checklist,daily_checklist,Mohit Iyer,2026-07-13,2026-07-13,Yes,2026-07
108,102,28,2026-07-13 21:37:00,87.5,80.0,1.0,Harsh Mehta,Crew Member,Mumbai - Andheri,Mumbai,Maharashtra,Closing Checklist,daily_checklist,Mohit Iyer,2026-07-13,2026-07-13,Yes,2026-07
109,101,6,2026-07-14 07:38:00,87.5,80.0,1.0,Ritu Gupta,Store Manager,Mumbai - Andheri,Mumbai,Maharashtra,Opening Checklist,daily_checklist,Mohit Iyer,2026-07-14,2026-07-13,Yes,2026-07
110,102,28,2026-07-14 22:46:00,62.5,80.0,1.0,Harsh Mehta,Crew Member,Mumbai - Andheri,Mumbai,Maharashtra,Closing Checklist,daily_checklist,Mohit Iyer,2026-07-14,2026-07-13,No,2026-07
111,101,26,2026-07-15 09:32:00,87.5,80.0,1.0,Komal Gupta,Crew Member,Mumbai - Andheri,Mumbai,Maharashtra,Opening Checklist,daily_checklist,Mohit Iyer,2026-07-15,2026-07-13,Yes,2026-07
112,102,27,2026-07-15 22:57:00,100.0,80.0,1.0,Chandni Singh,Crew Member,Mumbai - Andheri,Mumbai,Maharashtra,Closing Checklist,daily_checklist,Mohit Iyer,2026-07-15,2026-07-13,Yes,2026-07
113,101,6,2026-07-16 07:45:00,87.5,80.0,1.0,Ritu Gupta,Store Manager,Mumbai - Andheri,Mumbai,Maharashtra,Opening Checklist,daily_checklist,Mohit Iyer,2026-07-16,2026-07-13,Yes,2026-07
114,102,27,2026-07-16 21:33:00,87.5,80.0,1.0,Chandni Singh,Crew Member,Mumbai - Andheri,Mumbai,Maharashtra,Closing Checklist,daily_checklist,Mohit Iyer,2026-07-16,2026-07-13,Yes,2026-07
115,101,28,2026-07-17 08:04:00,87.5,80.0,1.0,Harsh Mehta,Crew Member,Mumbai - Andheri,Mumbai,Maharashtra,Opening Checklist,daily_checklist,Mohit Iyer,2026-07-17,2026-07-13,Yes,2026-07
116,102,26,2026-07-17 23:20:00,75.0,80.0,1.0,Komal Gupta,Crew Member,Mumbai - Andheri,Mumbai,Maharashtra,Closing Checklist,daily_checklist,Mohit Iyer,2026-07-17,2026-07-13,No,2026-07
117,101,6,2026-07-18 09:19:00,87.5,80.0,1.0,Ritu Gupta,Store Manager,Mumbai - Andheri,Mumbai,Maharashtra,Opening Checklist,daily_checklist,Mohit Iyer,2026-07-18,2026-07-13,Yes,2026-07
118,102,28,2026-07-18 22:25:00,87.5,80.0,1.0,Harsh Mehta,Crew Member,Mumbai - Andheri,Mumbai,Maharashtra,Closing Checklist,daily_checklist,Mohit Iyer,2026-07-18,2026-07-13,Yes,2026-07
119,101,6,2026-07-19 07:12:00,87.5,80.0,1.0,Ritu Gupta,Store Manager,Mumbai - Andheri,Mumbai,Maharashtra,Opening Checklist,daily_checklist,Mohit Iyer,2026-07-19,2026-07-13,Yes,2026-07
120,102,27,2026-07-19 23:24:00,75.0,80.0,1.0,Chandni Singh,Crew Member,Mumbai - Andheri,Mumbai,Maharashtra,Closing Checklist,daily_checklist,Mohit Iyer,2026-07-19,2026-07-13,No,2026-07
121,101,6,2026-07-20 09:19:00,62.5,80.0,1.0,Ritu Gupta,Store Manager,Mumbai - Andheri,Mumbai,Maharashtra,Opening Checklist,daily_checklist,Mohit Iyer,2026-07-20,2026-07-20,No,2026-07
122,102,26,2026-07-20 23:53:00,87.5,80.0,1.0,Komal Gupta,Crew Member,Mumbai - Andheri,Mumbai,Maharashtra,Closing Checklist,daily_checklist,Mohit Iyer,2026-07-20,2026-07-20,Yes,2026-07
123,101,6,2026-07-21 08:13:00,62.5,80.0,1.0,Ritu Gupta,Store Manager,Mumbai - Andheri,Mumbai,Maharashtra,Opening Checklist,daily_checklist,Mohit Iyer,2026-07-21,2026-07-20,No,2026-07
124,102,28,2026-07-21 23:38:00,100.0,80.0,1.0,Harsh Mehta,Crew Member,Mumbai - Andheri,Mumbai,Maharashtra,Closing Checklist,daily_checklist,Mohit Iyer,2026-07-21,2026-07-20,Yes,2026-07
125,101,27,2026-07-22 08:28:00,75.0,80.0,1.0,Chandni Singh,Crew Member,Mumbai - Andheri,Mumbai,Maharashtra,Opening Checklist,daily_checklist,Mohit Iyer,2026-07-22,2026-07-20,No,2026-07
126,102,27,2026-07-22 23:30:00,87.5,80.0,1.0,Chandni Singh,Crew Member,Mumbai - Andheri,Mumbai,Maharashtra,Closing Checklist,daily_checklist,Mohit Iyer,2026-07-22,2026-07-20,Yes,2026-07
127,101,28,2026-07-23 08:32:00,100.0,80.0,1.0,Harsh Mehta,Crew Member,Mumbai - Andheri,Mumbai,Maharashtra,Opening Checklist,daily_checklist,Mohit Iyer,2026-07-23,2026-07-20,Yes,2026-07
128,102,27,2026-07-23 21:52:00,100.0,80.0,1.0,Chandni Singh,Crew Member,Mumbai - Andheri,Mumbai,Maharashtra,Closing Checklist,daily_checklist,Mohit Iyer,2026-07-23,2026-07-20,Yes,2026-07
129,101,27,2026-07-24 07:51:00,100.0,80.0,1.0,Chandni Singh,Crew Member,Mumbai - Andheri,Mumbai,Maharashtra,Opening Checklist,daily_checklist,Mohit Iyer,2026-07-24,2026-07-20,Yes,2026-07
130,102,26,2026-07-24 21:01:00,87.5,80.0,1.0,Komal Gupta,Crew Member,Mumbai - Andheri,Mumbai,Maharashtra,Closing Checklist,daily_checklist,Mohit Iyer,2026-07-24,2026-07-20,Yes,2026-07
131,101,26,2026-07-25 08:39:00,75.0,80.0,1.0,Komal Gupta,Crew Member,Mumbai - Andheri,Mumbai,Maharashtra,Opening Checklist,daily_checklist,Mohit Iyer,2026-07-25,2026-07-20,No,2026-07
132,102,27,2026-07-25 22:26:00,75.0,80.0,1.0,Chandni Singh,Crew Member,Mumbai - Andheri,Mumbai,Maharashtra,Closing Checklist,daily_checklist,Mohit Iyer,2026-07-25,2026-07-20,No,2026-07
133,101,27,2026-07-26 08:25:00,75.0,80.0,1.0,Chandni Singh,Crew Member,Mumbai - Andheri,Mumbai,Maharashtra,Opening Checklist,daily_checklist,Mohit Iyer,2026-07-26,2026-07-20,No,2026-07
134,102,26,2026-07-26 21:41:00,87.5,80.0,1.0,Komal Gupta,Crew Member,Mumbai - Andheri,Mumbai,Maharashtra,Closing Checklist,daily_checklist,Mohit Iyer,2026-07-26,2026-07-20,Yes,2026-07
135,101,27,2026-07-27 08:14:00,87.5,80.0,1.0,Chandni Singh,Crew Member,Mumbai - Andheri,Mumbai,Maharashtra,Opening Checklist,daily_checklist,Mohit Iyer,2026-07-27,2026-07-27,Yes,2026-07
136,102,6,2026-07-27 23:33:00,87.5,80.0,1.0,Ritu Gupta,Store Manager,Mumbai - Andheri,Mumbai,Maharashtra,Closing Checklist,daily_checklist,Mohit Iyer,2026-07-27,2026-07-27,Yes,2026-07
137,101,26,2026-07-28 09:15:00,75.0,80.0,1.0,Komal Gupta,Crew Member,Mumbai - Andheri,Mumbai,Maharashtra,Opening Checklist,daily_checklist,Mohit Iyer,2026-07-28,2026-07-27,No,2026-07
138,102,6,2026-07-28 22:08:00,100.0,80.0,1.0,Ritu Gupta,Store Manager,Mumbai - Andheri,Mumbai,Maharashtra,Closing Checklist,daily_checklist,Mohit Iyer,2026-07-28,2026-07-27,Yes,2026-07
139,101,28,2026-07-29 09:38:00,75.0,80.0,1.0,Harsh Mehta,Crew Member,Mumbai - Andheri,Mumbai,Maharashtra,Opening Checklist,daily_checklist,Mohit Iyer,2026-07-29,2026-07-27,No,2026-07
140,102,6,2026-07-29 22:39:00,87.5,80.0,1.0,Ritu Gupta,Store Manager,Mumbai - Andheri,Mumbai,Maharashtra,Closing Checklist,daily_checklist,Mohit Iyer,2026-07-29,2026-07-27,Yes,2026-07
141,101,27,2026-07-30 08:57:00,87.5,80.0,1.0,Chandni Singh,Crew Member,Mumbai - Andheri,Mumbai,Maharashtra,Opening Checklist,daily_checklist,Mohit Iyer,2026-07-30,2026-07-27,Yes,2026-07
142,102,6,2026-07-30 23:55:00,75.0,80.0,1.0,Ritu Gupta,Store Manager,Mumbai - Andheri,Mumbai,Maharashtra,Closing Checklist,daily_checklist,Mohit Iyer,2026-07-30,2026-07-27,No,2026-07
143,101,27,2026-07-31 08:48:00,87.5,80.0,1.0,Chandni Singh,Crew Member,Mumbai - Andheri,Mumbai,Maharashtra,Opening Checklist,daily_checklist,Mohit Iyer,2026-07-31,2026-07-27,Yes,2026-07
144,102,6,2026-07-31 23:17:00,87.5,80.0,1.0,Ritu Gupta,Store Manager,Mumbai - Andheri,Mumbai,Maharashtra,Closing Checklist,daily_checklist,Mohit Iyer,2026-07-31,2026-07-27,Yes,2026-07
145,101,26,2026-08-01 08:28:00,75.0,80.0,1.0,Komal Gupta,Crew Member,Mumbai - Andheri,Mumbai,Maharashtra,Opening Checklist,daily_checklist,Mohit Iyer,2026-08-01,2026-07-27,No,2026-08
146,102,27,2026-08-01 23:18:00,100.0,80.0,1.0,Chandni Singh,Crew Member,Mumbai - Andheri,Mumbai,Maharashtra,Closing Checklist,daily_checklist,Mohit Iyer,2026-08-01,2026-07-27,Yes,2026-08
147,101,26,2026-08-02 08:20:00,87.5,80.0,1.0,Komal Gupta,Crew Member,Mumbai - Andheri,Mumbai,Maharashtra,Opening Checklist,daily_checklist,Mohit Iyer,2026-08-02,2026-07-27,Yes,2026-08
148,102,27,2026-08-02 21:09:00,75.0,80.0,1.0,Chandni Singh,Crew Member,Mumbai - Andheri,Mumbai,Maharashtra,Closing Checklist,daily_checklist,Mohit Iyer,2026-08-02,2026-07-27,No,2026-08
149,101,27,2026-08-03 09:09:00,87.5,80.0,1.0,Chandni Singh,Crew Member,Mumbai - Andheri,Mumbai,Maharashtra,Opening Checklist,daily_checklist,Mohit Iyer,2026-08-03,2026-08-03,Yes,2026-08
150,101,6,2026-08-04 07:26:00,50.0,80.0,1.0,Ritu Gupta,Store Manager,Mumbai - Andheri,Mumbai,Maharashtra,Opening Checklist,daily_checklist,Mohit Iyer,2026-08-04,2026-08-03,No,2026-08
151,102,6,2026-08-04 22:34:00,75.0,80.0,1.0,Ritu Gupta,Store Manager,Mumbai - Andheri,Mumbai,Maharashtra,Closing Checklist,daily_checklist,Mohit Iyer,2026-08-04,2026-08-03,No,2026-08
152,101,6,2026-08-05 07:13:00,100.0,80.0,1.0,Ritu Gupta,Store Manager,Mumbai - Andheri,Mumbai,Maharashtra,Opening Checklist,daily_checklist,Mohit Iyer,2026-08-05,2026-08-03,Yes,2026-08
153,102,26,2026-08-05 22:57:00,87.5,80.0,1.0,Komal Gupta,Crew Member,Mumbai - Andheri,Mumbai,Maharashtra,Closing Checklist,daily_checklist,Mohit Iyer,2026-08-05,2026-08-03,Yes,2026-08
154,101,26,2026-08-06 08:30:00,87.5,80.0,1.0,Komal Gupta,Crew Member,Mumbai - Andheri,Mumbai,Maharashtra,Opening Checklist,daily_checklist,Mohit Iyer,2026-08-06,2026-08-03,Yes,2026-08
155,102,6,2026-08-06 22:19:00,87.5,80.0,1.0,Ritu Gupta,Store Manager,Mumbai - Andheri,Mumbai,Maharashtra,Closing Checklist,daily_checklist,Mohit Iyer,2026-08-06,2026-08-03,Yes,2026-08
156,101,27,2026-08-07 09:47:00,100.0,80.0,1.0,Chandni Singh,Crew Member,Mumbai - Andheri,Mumbai,Maharashtra,Opening Checklist,daily_checklist,Mohit Iyer,2026-08-07,2026-08-03,Yes,2026-08
157,102,28,2026-08-07 22:14:00,87.5,80.0,1.0,Harsh Mehta,Crew Member,Mumbai - Andheri,Mumbai,Maharashtra,Closing Checklist,daily_checklist,Mohit Iyer,2026-08-07,2026-08-03,Yes,2026-08
158,101,6,2026-08-08 08:01:00,87.5,80.0,1.0,Ritu Gupta,Store Manager,Mumbai - Andheri,Mumbai,Maharashtra,Opening Checklist,daily_checklist,Mohit Iyer,2026-08-08,2026-08-03,Yes,2026-08
159,102,6,2026-08-08 22:42:00,100.0,80.0,1.0,Ritu Gupta,Store Manager,Mumbai - Andheri,Mumbai,Maharashtra,Closing Checklist,daily_checklist,Mohit Iyer,2026-08-08,2026-08-03,Yes,2026-08
160,101,27,2026-08-09 08:58:00,75.0,80.0,1.0,Chandni Singh,Crew Member,Mumbai - Andheri,Mumbai,Maharashtra,Opening Checklist,daily_checklist,Mohit Iyer,2026-08-09,2026-08-03,No,2026-08
161,102,26,2026-08-09 23:34:00,75.0,80.0,1.0,Komal Gupta,Crew Member,Mumbai - Andheri,Mumbai,Maharashtra,Closing Checklist,daily_checklist,Mohit Iyer,2026-08-09,2026-08-03,No,2026-08
162,101,26,2026-08-10 09:36:00,75.0,80.0,1.0,Komal Gupta,Crew Member,Mumbai - Andheri,Mumbai,Maharashtra,Opening Checklist,daily_checklist,Mohit Iyer,2026-08-10,2026-08-10,No,2026-08
163,102,6,2026-08-10 21:41:00,87.5,80.0,1.0,Ritu Gupta,Store Manager,Mumbai - Andheri,Mumbai,Maharashtra,Closing Checklist,daily_checklist,Mohit Iyer,2026-08-10,2026-08-10,Yes,2026-08
164,101,26,2026-08-11 08:11:00,100.0,80.0,1.0,Komal Gupta,Crew Member,Mumbai - Andheri,Mumbai,Maharashtra,Opening Checklist,daily_checklist,Mohit Iyer,2026-08-11,2026-08-10,Yes,2026-08
165,102,28,2026-08-11 22:24:00,87.5,80.0,1.0,Harsh Mehta,Crew Member,Mumbai - Andheri,Mumbai,Maharashtra,Closing Checklist,daily_checklist,Mohit Iyer,2026-08-11,2026-08-10,Yes,2026-08
166,101,28,2026-08-12 08:20:00,87.5,80.0,1.0,Harsh Mehta,Crew Member,Mumbai - Andheri,Mumbai,Maharashtra,Opening Checklist,daily_checklist,Mohit Iyer,2026-08-12,2026-08-10,Yes,2026-08
167,102,6,2026-08-12 22:17:00,100.0,80.0,1.0,Ritu Gupta,Store Manager,Mumbai - Andheri,Mumbai,Maharashtra,Closing Checklist,daily_checklist,Mohit Iyer,2026-08-12,2026-08-10,Yes,2026-08
168,101,26,2026-08-13 07:30:00,87.5,80.0,1.0,Komal Gupta,Crew Member,Mumbai - Andheri,Mumbai,Maharashtra,Opening Checklist,daily_checklist,Mohit Iyer,2026-08-13,2026-08-10,Yes,2026-08
169,102,26,2026-08-13 23:34:00,62.5,80.0,1.0,Komal Gupta,Crew Member,Mumbai - Andheri,Mumbai,Maharashtra,Closing Checklist,daily_checklist,Mohit Iyer,2026-08-13,2026-08-10,No,2026-08
170,101,26,2026-08-14 07:41:00,87.5,80.0,1.0,Komal Gupta,Crew Member,Mumbai - Andheri,Mumbai,Maharashtra,Opening Checklist,daily_checklist,Mohit Iyer,2026-08-14,2026-08-10,Yes,2026-08
171,102,26,2026-08-14 23:02:00,62.5,80.0,1.0,Komal Gupta,Crew Member,Mumbai - Andheri,Mumbai,Maharashtra,Closing Checklist,daily_checklist,Mohit Iyer,2026-08-14,2026-08-10,No,2026-08
172,101,26,2026-08-15 07:53:00,75.0,80.0,1.0,Komal Gupta,Crew Member,Mumbai - Andheri,Mumbai,Maharashtra,Opening Checklist,daily_checklist,Mohit Iyer,2026-08-15,2026-08-10,No,2026-08
173,101,27,2026-08-16 09:09:00,87.5,80.0,1.0,Chandni Singh,Crew Member,Mumbai - Andheri,Mumbai,Maharashtra,Opening Checklist,daily_checklist,Mohit Iyer,2026-08-16,2026-08-10,Yes,2026-08
174,102,26,2026-08-16 21:30:00,87.5,80.0,1.0,Komal Gupta,Crew Member,Mumbai - Andheri,Mumbai,Maharashtra,Closing Checklist,daily_checklist,Mohit Iyer,2026-08-16,2026-08-10,Yes,2026-08
175,101,28,2026-08-17 07:29:00,100.0,80.0,1.0,Harsh Mehta,Crew Member,Mumbai - Andheri,Mumbai,Maharashtra,Opening Checklist,daily_checklist,Mohit Iyer,2026-08-17,2026-08-17,Yes,2026-08
176,102,26,2026-08-17 22:10:00,87.5,80.0,1.0,Komal Gupta,Crew Member,Mumbai - Andheri,Mumbai,Maharashtra,Closing Checklist,daily_checklist,Mohit Iyer,2026-08-17,2026-08-17,Yes,2026-08
177,101,29,2026-05-19 08:06:00,100.0,80.0,2.0,Ritika Rao,Crew Member,Bangalore - Koramangala,Bangalore,Karnataka,Opening Checklist,daily_checklist,Mohit Iyer,2026-05-19,2026-05-18,Yes,2026-05
178,102,7,2026-05-19 22:36:00,87.5,80.0,2.0,Rajesh Singh,Store Manager,Bangalore - Koramangala,Bangalore,Karnataka,Closing Checklist,daily_checklist,Mohit Iyer,2026-05-19,2026-05-18,Yes,2026-05
179,101,29,2026-05-20 09:12:00,100.0,80.0,2.0,Ritika Rao,Crew Member,Bangalore - Koramangala,Bangalore,Karnataka,Opening Checklist,daily_checklist,Mohit Iyer,2026-05-20,2026-05-18,Yes,2026-05
180,102,30,2026-05-20 23:44:00,75.0,80.0,2.0,Geeta Das,Crew Member,Bangalore - Koramangala,Bangalore,Karnataka,Closing Checklist,daily_checklist,Mohit Iyer,2026-05-20,2026-05-18,No,2026-05
181,101,31,2026-05-21 09:49:00,100.0,80.0,2.0,Shalini Kapoor,Crew Member,Bangalore - Koramangala,Bangalore,Karnataka,Opening Checklist,daily_checklist,Mohit Iyer,2026-05-21,2026-05-18,Yes,2026-05
182,102,29,2026-05-21 23:38:00,75.0,80.0,2.0,Ritika Rao,Crew Member,Bangalore - Koramangala,Bangalore,Karnataka,Closing Checklist,daily_checklist,Mohit Iyer,2026-05-21,2026-05-18,No,2026-05
183,101,7,2026-05-22 07:22:00,87.5,80.0,2.0,Rajesh Singh,Store Manager,Bangalore - Koramangala,Bangalore,Karnataka,Opening Checklist,daily_checklist,Mohit Iyer,2026-05-22,2026-05-18,Yes,2026-05
184,102,29,2026-05-22 23:23:00,87.5,80.0,2.0,Ritika Rao,Crew Member,Bangalore - Koramangala,Bangalore,Karnataka,Closing Checklist,daily_checklist,Mohit Iyer,2026-05-22,2026-05-18,Yes,2026-05
185,101,29,2026-05-23 09:21:00,87.5,80.0,2.0,Ritika Rao,Crew Member,Bangalore - Koramangala,Bangalore,Karnataka,Opening Checklist,daily_checklist,Mohit Iyer,2026-05-23,2026-05-18,Yes,2026-05
186,102,7,2026-05-23 22:52:00,87.5,80.0,2.0,Rajesh Singh,Store Manager,Bangalore - Koramangala,Bangalore,Karnataka,Closing Checklist,daily_checklist,Mohit Iyer,2026-05-23,2026-05-18,Yes,2026-05
187,101,7,2026-05-24 08:23:00,75.0,80.0,2.0,Rajesh Singh,Store Manager,Bangalore - Koramangala,Bangalore,Karnataka,Opening Checklist,daily_checklist,Mohit Iyer,2026-05-24,2026-05-18,No,2026-05
188,102,7,2026-05-24 23:09:00,75.0,80.0,2.0,Rajesh Singh,Store Manager,Bangalore - Koramangala,Bangalore,Karnataka,Closing Checklist,daily_checklist,Mohit Iyer,2026-05-24,2026-05-18,No,2026-05
189,101,31,2026-05-25 09:33:00,87.5,80.0,2.0,Shalini Kapoor,Crew Member,Bangalore - Koramangala,Bangalore,Karnataka,Opening Checklist,daily_checklist,Mohit Iyer,2026-05-25,2026-05-25,Yes,2026-05
190,102,7,2026-05-25 23:51:00,87.5,80.0,2.0,Rajesh Singh,Store Manager,Bangalore - Koramangala,Bangalore,Karnataka,Closing Checklist,daily_checklist,Mohit Iyer,2026-05-25,2026-05-25,Yes,2026-05
191,101,31,2026-05-26 08:52:00,75.0,80.0,2.0,Shalini Kapoor,Crew Member,Bangalore - Koramangala,Bangalore,Karnataka,Opening Checklist,daily_checklist,Mohit Iyer,2026-05-26,2026-05-25,No,2026-05
192,102,30,2026-05-26 22:54:00,87.5,80.0,2.0,Geeta Das,Crew Member,Bangalore - Koramangala,Bangalore,Karnataka,Closing Checklist,daily_checklist,Mohit Iyer,2026-05-26,2026-05-25,Yes,2026-05
193,101,7,2026-05-27 08:56:00,87.5,80.0,2.0,Rajesh Singh,Store Manager,Bangalore - Koramangala,Bangalore,Karnataka,Opening Checklist,daily_checklist,Mohit Iyer,2026-05-27,2026-05-25,Yes,2026-05
194,102,7,2026-05-27 21:48:00,75.0,80.0,2.0,Rajesh Singh,Store Manager,Bangalore - Koramangala,Bangalore,Karnataka,Closing Checklist,daily_checklist,Mohit Iyer,2026-05-27,2026-05-25,No,2026-05
195,101,7,2026-05-28 09:42:00,100.0,80.0,2.0,Rajesh Singh,Store Manager,Bangalore - Koramangala,Bangalore,Karnataka,Opening Checklist,daily_checklist,Mohit Iyer,2026-05-28,2026-05-25,Yes,2026-05
196,102,7,2026-05-28 22:01:00,87.5,80.0,2.0,Rajesh Singh,Store Manager,Bangalore - Koramangala,Bangalore,Karnataka,Closing Checklist,daily_checklist,Mohit Iyer,2026-05-28,2026-05-25,Yes,2026-05
197,101,30,2026-05-29 07:31:00,100.0,80.0,2.0,Geeta Das,Crew Member,Bangalore - Koramangala,Bangalore,Karnataka,Opening Checklist,daily_checklist,Mohit Iyer,2026-05-29,2026-05-25,Yes,2026-05
198,101,31,2026-05-30 08:51:00,87.5,80.0,2.0,Shalini Kapoor,Crew Member,Bangalore - Koramangala,Bangalore,Karnataka,Opening Checklist,daily_checklist,Mohit Iyer,2026-05-30,2026-05-25,Yes,2026-05
199,102,31,2026-05-30 22:17:00,87.5,80.0,2.0,Shalini Kapoor,Crew Member,Bangalore - Koramangala,Bangalore,Karnataka,Closing Checklist,daily_checklist,Mohit Iyer,2026-05-30,2026-05-25,Yes,2026-05
200,101,30,2026-05-31 07:33:00,87.5,80.0,2.0,Geeta Das,Crew Member,Bangalore - Koramangala,Bangalore,Karnataka,Opening Checklist,daily_checklist,Mohit Iyer,2026-05-31,2026-05-25,Yes,2026-05
201,101,7,2026-06-01 07:15:00,87.5,80.0,2.0,Rajesh Singh,Store Manager,Bangalore - Koramangala,Bangalore,Karnataka,Opening Checklist,daily_checklist,Mohit Iyer,2026-06-01,2026-06-01,Yes,2026-06
202,102,30,2026-06-01 22:35:00,87.5,80.0,2.0,Geeta Das,Crew Member,Bangalore - Koramangala,Bangalore,Karnataka,Closing Checklist,daily_checklist,Mohit Iyer,2026-06-01,2026-06-01,Yes,2026-06
203,101,7,2026-06-02 09:45:00,87.5,80.0,2.0,Rajesh Singh,Store Manager,Bangalore - Koramangala,Bangalore,Karnataka,Opening Checklist,daily_checklist,Mohit Iyer,2026-06-02,2026-06-01,Yes,2026-06
204,102,29,2026-06-02 22:50:00,100.0,80.0,2.0,Ritika Rao,Crew Member,Bangalore - Koramangala,Bangalore,Karnataka,Closing Checklist,daily_checklist,Mohit Iyer,2026-06-02,2026-06-01,Yes,2026-06
205,101,7,2026-06-03 08:14:00,100.0,80.0,2.0,Rajesh Singh,Store Manager,Bangalore - Koramangala,Bangalore,Karnataka,Opening Checklist,daily_checklist,Mohit Iyer,2026-06-03,2026-06-01,Yes,2026-06
206,101,31,2026-06-04 09:15:00,75.0,80.0,2.0,Shalini Kapoor,Crew Member,Bangalore - Koramangala,Bangalore,Karnataka,Opening Checklist,daily_checklist,Mohit Iyer,2026-06-04,2026-06-01,No,2026-06
207,102,31,2026-06-04 23:37:00,75.0,80.0,2.0,Shalini Kapoor,Crew Member,Bangalore - Koramangala,Bangalore,Karnataka,Closing Checklist,daily_checklist,Mohit Iyer,2026-06-04,2026-06-01,No,2026-06
208,102,31,2026-06-05 23:33:00,100.0,80.0,2.0,Shalini Kapoor,Crew Member,Bangalore - Koramangala,Bangalore,Karnataka,Closing Checklist,daily_checklist,Mohit Iyer,2026-06-05,2026-06-01,Yes,2026-06
209,101,31,2026-06-06 09:35:00,75.0,80.0,2.0,Shalini Kapoor,Crew Member,Bangalore - Koramangala,Bangalore,Karnataka,Opening Checklist,daily_checklist,Mohit Iyer,2026-06-06,2026-06-01,No,2026-06
210,102,7,2026-06-06 22:44:00,75.0,80.0,2.0,Rajesh Singh,Store Manager,Bangalore - Koramangala,Bangalore,Karnataka,Closing Checklist,daily_checklist,Mohit Iyer,2026-06-06,2026-06-01,No,2026-06
211,101,30,2026-06-07 08:16:00,87.5,80.0,2.0,Geeta Das,Crew Member,Bangalore - Koramangala,Bangalore,Karnataka,Opening Checklist,daily_checklist,Mohit Iyer,2026-06-07,2026-06-01,Yes,2026-06
212,102,30,2026-06-07 21:46:00,75.0,80.0,2.0,Geeta Das,Crew Member,Bangalore - Koramangala,Bangalore,Karnataka,Closing Checklist,daily_checklist,Mohit Iyer,2026-06-07,2026-06-01,No,2026-06
213,102,30,2026-06-08 21:47:00,75.0,80.0,2.0,Geeta Das,Crew Member,Bangalore - Koramangala,Bangalore,Karnataka,Closing Checklist,daily_checklist,Mohit Iyer,2026-06-08,2026-06-08,No,2026-06
214,101,7,2026-06-09 07:47:00,100.0,80.0,2.0,Rajesh Singh,Store Manager,Bangalore - Koramangala,Bangalore,Karnataka,Opening Checklist,daily_checklist,Mohit Iyer,2026-06-09,2026-06-08,Yes,2026-06
215,102,31,2026-06-09 22:46:00,100.0,80.0,2.0,Shalini Kapoor,Crew Member,Bangalore - Koramangala,Bangalore,Karnataka,Closing Checklist,daily_checklist,Mohit Iyer,2026-06-09,2026-06-08,Yes,2026-06
216,101,30,2026-06-10 07:18:00,100.0,80.0,2.0,Geeta Das,Crew Member,Bangalore - Koramangala,Bangalore,Karnataka,Opening Checklist,daily_checklist,Mohit Iyer,2026-06-10,2026-06-08,Yes,2026-06
217,102,31,2026-06-10 22:11:00,75.0,80.0,2.0,Shalini Kapoor,Crew Member,Bangalore - Koramangala,Bangalore,Karnataka,Closing Checklist,daily_checklist,Mohit Iyer,2026-06-10,2026-06-08,No,2026-06
218,101,30,2026-06-11 09:34:00,50.0,80.0,2.0,Geeta Das,Crew Member,Bangalore - Koramangala,Bangalore,Karnataka,Opening Checklist,daily_checklist,Mohit Iyer,2026-06-11,2026-06-08,No,2026-06
219,102,29,2026-06-11 22:02:00,87.5,80.0,2.0,Ritika Rao,Crew Member,Bangalore - Koramangala,Bangalore,Karnataka,Closing Checklist,daily_checklist,Mohit Iyer,2026-06-11,2026-06-08,Yes,2026-06
220,101,30,2026-06-12 08:44:00,87.5,80.0,2.0,Geeta Das,Crew Member,Bangalore - Koramangala,Bangalore,Karnataka,Opening Checklist,daily_checklist,Mohit Iyer,2026-06-12,2026-06-08,Yes,2026-06
221,102,7,2026-06-12 23:55:00,87.5,80.0,2.0,Rajesh Singh,Store Manager,Bangalore - Koramangala,Bangalore,Karnataka,Closing Checklist,daily_checklist,Mohit Iyer,2026-06-12,2026-06-08,Yes,2026-06
222,101,31,2026-06-13 07:36:00,75.0,80.0,2.0,Shalini Kapoor,Crew Member,Bangalore - Koramangala,Bangalore,Karnataka,Opening Checklist,daily_checklist,Mohit Iyer,2026-06-13,2026-06-08,No,2026-06
223,102,7,2026-06-13 22:30:00,75.0,80.0,2.0,Rajesh Singh,Store Manager,Bangalore - Koramangala,Bangalore,Karnataka,Closing Checklist,daily_checklist,Mohit Iyer,2026-06-13,2026-06-08,No,2026-06
224,101,31,2026-06-14 07:03:00,75.0,80.0,2.0,Shalini Kapoor,Crew Member,Bangalore - Koramangala,Bangalore,Karnataka,Opening Checklist,daily_checklist,Mohit Iyer,2026-06-14,2026-06-08,No,2026-06
225,102,29,2026-06-14 22:07:00,75.0,80.0,2.0,Ritika Rao,Crew Member,Bangalore - Koramangala,Bangalore,Karnataka,Closing Checklist,daily_checklist,Mohit Iyer,2026-06-14,2026-06-08,No,2026-06
226,101,29,2026-06-15 08:04:00,100.0,80.0,2.0,Ritika Rao,Crew Member,Bangalore - Koramangala,Bangalore,Karnataka,Opening Checklist,daily_checklist,Mohit Iyer,2026-06-15,2026-06-15,Yes,2026-06
227,102,31,2026-06-15 21:09:00,100.0,80.0,2.0,Shalini Kapoor,Crew Member,Bangalore - Koramangala,Bangalore,Karnataka,Closing Checklist,daily_checklist,Mohit Iyer,2026-06-15,2026-06-15,Yes,2026-06
228,101,7,2026-06-16 07:07:00,87.5,80.0,2.0,Rajesh Singh,Store Manager,Bangalore - Koramangala,Bangalore,Karnataka,Opening Checklist,daily_checklist,Mohit Iyer,2026-06-16,2026-06-15,Yes,2026-06
229,102,30,2026-06-16 23:38:00,87.5,80.0,2.0,Geeta Das,Crew Member,Bangalore - Koramangala,Bangalore,Karnataka,Closing Checklist,daily_checklist,Mohit Iyer,2026-06-16,2026-06-15,Yes,2026-06
230,101,7,2026-06-17 08:28:00,62.5,80.0,2.0,Rajesh Singh,Store Manager,Bangalore - Koramangala,Bangalore,Karnataka,Opening Checklist,daily_checklist,Mohit Iyer,2026-06-17,2026-06-15,No,2026-06
231,102,7,2026-06-17 22:55:00,75.0,80.0,2.0,Rajesh Singh,Store Manager,Bangalore - Koramangala,Bangalore,Karnataka,Closing Checklist,daily_checklist,Mohit Iyer,2026-06-17,2026-06-15,No,2026-06
232,101,29,2026-06-18 09:39:00,100.0,80.0,2.0,Ritika Rao,Crew Member,Bangalore - Koramangala,Bangalore,Karnataka,Opening Checklist,daily_checklist,Mohit Iyer,2026-06-18,2026-06-15,Yes,2026-06
233,102,29,2026-06-18 23:47:00,100.0,80.0,2.0,Ritika Rao,Crew Member,Bangalore - Koramangala,Bangalore,Karnataka,Closing Checklist,daily_checklist,Mohit Iyer,2026-06-18,2026-06-15,Yes,2026-06
234,101,31,2026-06-19 09:13:00,87.5,80.0,2.0,Shalini Kapoor,Crew Member,Bangalore - Koramangala,Bangalore,Karnataka,Opening Checklist,daily_checklist,Mohit Iyer,2026-06-19,2026-06-15,Yes,2026-06
235,102,30,2026-06-19 23:05:00,87.5,80.0,2.0,Geeta Das,Crew Member,Bangalore - Koramangala,Bangalore,Karnataka,Closing Checklist,daily_checklist,Mohit Iyer,2026-06-19,2026-06-15,Yes,2026-06
236,101,29,2026-06-20 07:35:00,87.5,80.0,2.0,Ritika Rao,Crew Member,Bangalore - Koramangala,Bangalore,Karnataka,Opening Checklist,daily_checklist,Mohit Iyer,2026-06-20,2026-06-15,Yes,2026-06
237,102,7,2026-06-20 21:00:00,87.5,80.0,2.0,Rajesh Singh,Store Manager,Bangalore - Koramangala,Bangalore,Karnataka,Closing Checklist,daily_checklist,Mohit Iyer,2026-06-20,2026-06-15,Yes,2026-06
238,101,7,2026-06-21 09:38:00,100.0,80.0,2.0,Rajesh Singh,Store Manager,Bangalore - Koramangala,Bangalore,Karnataka,Opening Checklist,daily_checklist,Mohit Iyer,2026-06-21,2026-06-15,Yes,2026-06
239,102,30,2026-06-21 22:02:00,100.0,80.0,2.0,Geeta Das,Crew Member,Bangalore - Koramangala,Bangalore,Karnataka,Closing Checklist,daily_checklist,Mohit Iyer,2026-06-21,2026-06-15,Yes,2026-06
240,101,7,2026-06-22 09:18:00,87.5,80.0,2.0,Rajesh Singh,Store Manager,Bangalore - Koramangala,Bangalore,Karnataka,Opening Checklist,daily_checklist,Mohit Iyer,2026-06-22,2026-06-22,Yes,2026-06
241,102,30,2026-06-22 21:43:00,87.5,80.0,2.0,Geeta Das,Crew Member,Bangalore - Koramangala,Bangalore,Karnataka,Closing Checklist,daily_checklist,Mohit Iyer,2026-06-22,2026-06-22,Yes,2026-06
242,101,30,2026-06-23 09:37:00,87.5,80.0,2.0,Geeta Das,Crew Member,Bangalore - Koramangala,Bangalore,Karnataka,Opening Checklist,daily_checklist,Mohit Iyer,2026-06-23,2026-06-22,Yes,2026-06
243,102,30,2026-06-23 22:07:00,75.0,80.0,2.0,Geeta Das,Crew Member,Bangalore - Koramangala,Bangalore,Karnataka,Closing Checklist,daily_checklist,Mohit Iyer,2026-06-23,2026-06-22,No,2026-06
244,101,30,2026-06-24 08:52:00,62.5,80.0,2.0,Geeta Das,Crew Member,Bangalore - Koramangala,Bangalore,Karnataka,Opening Checklist,daily_checklist,Mohit Iyer,2026-06-24,2026-06-22,No,2026-06
245,102,30,2026-06-24 21:03:00,100.0,80.0,2.0,Geeta Das,Crew Member,Bangalore - Koramangala,Bangalore,Karnataka,Closing Checklist,daily_checklist,Mohit Iyer,2026-06-24,2026-06-22,Yes,2026-06
246,101,31,2026-06-25 09:47:00,87.5,80.0,2.0,Shalini Kapoor,Crew Member,Bangalore - Koramangala,Bangalore,Karnataka,Opening Checklist,daily_checklist,Mohit Iyer,2026-06-25,2026-06-22,Yes,2026-06
247,102,7,2026-06-25 22:07:00,87.5,80.0,2.0,Rajesh Singh,Store Manager,Bangalore - Koramangala,Bangalore,Karnataka,Closing Checklist,daily_checklist,Mohit Iyer,2026-06-25,2026-06-22,Yes,2026-06
248,101,31,2026-06-26 09:25:00,62.5,80.0,2.0,Shalini Kapoor,Crew Member,Bangalore - Koramangala,Bangalore,Karnataka,Opening Checklist,daily_checklist,Mohit Iyer,2026-06-26,2026-06-22,No,2026-06
249,102,7,2026-06-26 23:34:00,75.0,80.0,2.0,Rajesh Singh,Store Manager,Bangalore - Koramangala,Bangalore,Karnataka,Closing Checklist,daily_checklist,Mohit Iyer,2026-06-26,2026-06-22,No,2026-06
250,101,29,2026-06-27 07:38:00,87.5,80.0,2.0,Ritika Rao,Crew Member,Bangalore - Koramangala,Bangalore,Karnataka,Opening Checklist,daily_checklist,Mohit Iyer,2026-06-27,2026-06-22,Yes,2026-06
251,102,31,2026-06-27 22:47:00,87.5,80.0,2.0,Shalini Kapoor,Crew Member,Bangalore - Koramangala,Bangalore,Karnataka,Closing Checklist,daily_checklist,Mohit Iyer,2026-06-27,2026-06-22,Yes,2026-06
252,101,29,2026-06-28 08:01:00,87.5,80.0,2.0,Ritika Rao,Crew Member,Bangalore - Koramangala,Bangalore,Karnataka,Opening Checklist,daily_checklist,Mohit Iyer,2026-06-28,2026-06-22,Yes,2026-06
253,102,29,2026-06-28 21:43:00,75.0,80.0,2.0,Ritika Rao,Crew Member,Bangalore - Koramangala,Bangalore,Karnataka,Closing Checklist,daily_checklist,Mohit Iyer,2026-06-28,2026-06-22,No,2026-06
254,101,30,2026-06-29 09:02:00,100.0,80.0,2.0,Geeta Das,Crew Member,Bangalore - Koramangala,Bangalore,Karnataka,Opening Checklist,daily_checklist,Mohit Iyer,2026-06-29,2026-06-29,Yes,2026-06
255,102,7,2026-06-29 22:33:00,87.5,80.0,2.0,Rajesh Singh,Store Manager,Bangalore - Koramangala,Bangalore,Karnataka,Closing Checklist,daily_checklist,Mohit Iyer,2026-06-29,2026-06-29,Yes,2026-06
256,101,7,2026-06-30 07:37:00,75.0,80.0,2.0,Rajesh Singh,Store Manager,Bangalore - Koramangala,Bangalore,Karnataka,Opening Checklist,daily_checklist,Mohit Iyer,2026-06-30,2026-06-29,No,2026-06
257,102,7,2026-06-30 23:52:00,87.5,80.0,2.0,Rajesh Singh,Store Manager,Bangalore - Koramangala,Bangalore,Karnataka,Closing Checklist,daily_checklist,Mohit Iyer,2026-06-30,2026-06-29,Yes,2026-06
258,101,7,2026-07-01 08:22:00,75.0,80.0,2.0,Rajesh Singh,Store Manager,Bangalore - Koramangala,Bangalore,Karnataka,Opening Checklist,daily_checklist,Mohit Iyer,2026-07-01,2026-06-29,No,2026-07
259,102,29,2026-07-01 22:20:00,87.5,80.0,2.0,Ritika Rao,Crew Member,Bangalore - Koramangala,Bangalore,Karnataka,Closing Checklist,daily_checklist,Mohit Iyer,2026-07-01,2026-06-29,Yes,2026-07
260,101,7,2026-07-02 08:26:00,87.5,80.0,2.0,Rajesh Singh,Store Manager,Bangalore - Koramangala,Bangalore,Karnataka,Opening Checklist,daily_checklist,Mohit Iyer,2026-07-02,2026-06-29,Yes,2026-07
261,102,7,2026-07-02 22:42:00,75.0,80.0,2.0,Rajesh Singh,Store Manager,Bangalore - Koramangala,Bangalore,Karnataka,Closing Checklist,daily_checklist,Mohit Iyer,2026-07-02,2026-06-29,No,2026-07
262,101,29,2026-07-03 07:29:00,87.5,80.0,2.0,Ritika Rao,Crew Member,Bangalore - Koramangala,Bangalore,Karnataka,Opening Checklist,daily_checklist,Mohit Iyer,2026-07-03,2026-06-29,Yes,2026-07
263,102,31,2026-07-03 22:16:00,75.0,80.0,2.0,Shalini Kapoor,Crew Member,Bangalore - Koramangala,Bangalore,Karnataka,Closing Checklist,daily_checklist,Mohit Iyer,2026-07-03,2026-06-29,No,2026-07
264,101,29,2026-07-04 08:55:00,87.5,80.0,2.0,Ritika Rao,Crew Member,Bangalore - Koramangala,Bangalore,Karnataka,Opening Checklist,daily_checklist,Mohit Iyer,2026-07-04,2026-06-29,Yes,2026-07
265,102,7,2026-07-04 23:55:00,75.0,80.0,2.0,Rajesh Singh,Store Manager,Bangalore - Koramangala,Bangalore,Karnataka,Closing Checklist,daily_checklist,Mohit Iyer,2026-07-04,2026-06-29,No,2026-07
266,102,31,2026-07-05 21:12:00,100.0,80.0,2.0,Shalini Kapoor,Crew Member,Bangalore - Koramangala,Bangalore,Karnataka,Closing Checklist,daily_checklist,Mohit Iyer,2026-07-05,2026-06-29,Yes,2026-07
267,101,7,2026-07-06 08:40:00,100.0,80.0,2.0,Rajesh Singh,Store Manager,Bangalore - Koramangala,Bangalore,Karnataka,Opening Checklist,daily_checklist,Mohit Iyer,2026-07-06,2026-07-06,Yes,2026-07
268,102,31,2026-07-06 21:13:00,75.0,80.0,2.0,Shalini Kapoor,Crew Member,Bangalore - Koramangala,Bangalore,Karnataka,Closing Checklist,daily_checklist,Mohit Iyer,2026-07-06,2026-07-06,No,2026-07
269,101,31,2026-07-07 07:59:00,100.0,80.0,2.0,Shalini Kapoor,Crew Member,Bangalore - Koramangala,Bangalore,Karnataka,Opening Checklist,daily_checklist,Mohit Iyer,2026-07-07,2026-07-06,Yes,2026-07
270,102,7,2026-07-07 22:56:00,87.5,80.0,2.0,Rajesh Singh,Store Manager,Bangalore - Koramangala,Bangalore,Karnataka,Closing Checklist,daily_checklist,Mohit Iyer,2026-07-07,2026-07-06,Yes,2026-07
271,101,30,2026-07-08 07:40:00,100.0,80.0,2.0,Geeta Das,Crew Member,Bangalore - Koramangala,Bangalore,Karnataka,Opening Checklist,daily_checklist,Mohit Iyer,2026-07-08,2026-07-06,Yes,2026-07
272,102,31,2026-07-08 23:10:00,87.5,80.0,2.0,Shalini Kapoor,Crew Member,Bangalore - Koramangala,Bangalore,Karnataka,Closing Checklist,daily_checklist,Mohit Iyer,2026-07-08,2026-07-06,Yes,2026-07
273,101,7,2026-07-09 07:35:00,100.0,80.0,2.0,Rajesh Singh,Store Manager,Bangalore - Koramangala,Bangalore,Karnataka,Opening Checklist,daily_checklist,Mohit Iyer,2026-07-09,2026-07-06,Yes,2026-07
274,102,29,2026-07-09 21:14:00,100.0,80.0,2.0,Ritika Rao,Crew Member,Bangalore - Koramangala,Bangalore,Karnataka,Closing Checklist,daily_checklist,Mohit Iyer,2026-07-09,2026-07-06,Yes,2026-07
275,101,30,2026-07-10 07:41:00,75.0,80.0,2.0,Geeta Das,Crew Member,Bangalore - Koramangala,Bangalore,Karnataka,Opening Checklist,daily_checklist,Mohit Iyer,2026-07-10,2026-07-06,No,2026-07
276,102,31,2026-07-10 22:59:00,100.0,80.0,2.0,Shalini Kapoor,Crew Member,Bangalore - Koramangala,Bangalore,Karnataka,Closing Checklist,daily_checklist,Mohit Iyer,2026-07-10,2026-07-06,Yes,2026-07
277,101,7,2026-07-11 09:17:00,62.5,80.0,2.0,Rajesh Singh,Store Manager,Bangalore - Koramangala,Bangalore,Karnataka,Opening Checklist,daily_checklist,Mohit Iyer,2026-07-11,2026-07-06,No,2026-07
278,102,30,2026-07-11 22:30:00,75.0,80.0,2.0,Geeta Das,Crew Member,Bangalore - Koramangala,Bangalore,Karnataka,Closing Checklist,daily_checklist,Mohit Iyer,2026-07-11,2026-07-06,No,2026-07
279,101,7,2026-07-12 09:09:00,100.0,80.0,2.0,Rajesh Singh,Store Manager,Bangalore - Koramangala,Bangalore,Karnataka,Opening Checklist,daily_checklist,Mohit Iyer,2026-07-12,2026-07-06,Yes,2026-07
280,102,30,2026-07-12 21:58:00,75.0,80.0,2.0,Geeta Das,Crew Member,Bangalore - Koramangala,Bangalore,Karnataka,Closing Checklist,daily_checklist,Mohit Iyer,2026-07-12,2026-07-06,No,2026-07
281,101,7,2026-07-13 08:49:00,87.5,80.0,2.0,Rajesh Singh,Store Manager,Bangalore - Koramangala,Bangalore,Karnataka,Opening Checklist,daily_checklist,Mohit Iyer,2026-07-13,2026-07-13,Yes,2026-07
282,102,31,2026-07-13 22:59:00,100.0,80.0,2.0,Shalini Kapoor,Crew Member,Bangalore - Koramangala,Bangalore,Karnataka,Closing Checklist,daily_checklist,Mohit Iyer,2026-07-13,2026-07-13,Yes,2026-07
283,101,31,2026-07-14 08:46:00,100.0,80.0,2.0,Shalini Kapoor,Crew Member,Bangalore - Koramangala,Bangalore,Karnataka,Opening Checklist,daily_checklist,Mohit Iyer,2026-07-14,2026-07-13,Yes,2026-07
284,102,7,2026-07-14 23:37:00,75.0,80.0,2.0,Rajesh Singh,Store Manager,Bangalore - Koramangala,Bangalore,Karnataka,Closing Checklist,daily_checklist,Mohit Iyer,2026-07-14,2026-07-13,No,2026-07
285,101,7,2026-07-15 08:34:00,75.0,80.0,2.0,Rajesh Singh,Store Manager,Bangalore - Koramangala,Bangalore,Karnataka,Opening Checklist,daily_checklist,Mohit Iyer,2026-07-15,2026-07-13,No,2026-07
286,102,7,2026-07-15 22:21:00,87.5,80.0,2.0,Rajesh Singh,Store Manager,Bangalore - Koramangala,Bangalore,Karnataka,Closing Checklist,daily_checklist,Mohit Iyer,2026-07-15,2026-07-13,Yes,2026-07
287,101,30,2026-07-16 08:55:00,75.0,80.0,2.0,Geeta Das,Crew Member,Bangalore - Koramangala,Bangalore,Karnataka,Opening Checklist,daily_checklist,Mohit Iyer,2026-07-16,2026-07-13,No,2026-07
288,102,7,2026-07-16 23:15:00,87.5,80.0,2.0,Rajesh Singh,Store Manager,Bangalore - Koramangala,Bangalore,Karnataka,Closing Checklist,daily_checklist,Mohit Iyer,2026-07-16,2026-07-13,Yes,2026-07
289,101,31,2026-07-17 08:02:00,75.0,80.0,2.0,Shalini Kapoor,Crew Member,Bangalore - Koramangala,Bangalore,Karnataka,Opening Checklist,daily_checklist,Mohit Iyer,2026-07-17,2026-07-13,No,2026-07
290,102,7,2026-07-17 23:30:00,75.0,80.0,2.0,Rajesh Singh,Store Manager,Bangalore - Koramangala,Bangalore,Karnataka,Closing Checklist,daily_checklist,Mohit Iyer,2026-07-17,2026-07-13,No,2026-07
291,101,30,2026-07-18 09:50:00,87.5,80.0,2.0,Geeta Das,Crew Member,Bangalore - Koramangala,Bangalore,Karnataka,Opening Checklist,daily_checklist,Mohit Iyer,2026-07-18,2026-07-13,Yes,2026-07
292,102,30,2026-07-18 22:02:00,62.5,80.0,2.0,Geeta Das,Crew Member,Bangalore - Koramangala,Bangalore,Karnataka,Closing Checklist,daily_checklist,Mohit Iyer,2026-07-18,2026-07-13,No,2026-07
293,101,29,2026-07-19 09:21:00,87.5,80.0,2.0,Ritika Rao,Crew Member,Bangalore - Koramangala,Bangalore,Karnataka,Opening Checklist,daily_checklist,Mohit Iyer,2026-07-19,2026-07-13,Yes,2026-07
294,102,7,2026-07-19 22:06:00,100.0,80.0,2.0,Rajesh Singh,Store Manager,Bangalore - Koramangala,Bangalore,Karnataka,Closing Checklist,daily_checklist,Mohit Iyer,2026-07-19,2026-07-13,Yes,2026-07
295,101,7,2026-07-20 09:09:00,87.5,80.0,2.0,Rajesh Singh,Store Manager,Bangalore - Koramangala,Bangalore,Karnataka,Opening Checklist,daily_checklist,Mohit Iyer,2026-07-20,2026-07-20,Yes,2026-07
296,102,29,2026-07-20 23:09:00,62.5,80.0,2.0,Ritika Rao,Crew Member,Bangalore - Koramangala,Bangalore,Karnataka,Closing Checklist,daily_checklist,Mohit Iyer,2026-07-20,2026-07-20,No,2026-07
297,102,7,2026-07-21 22:21:00,75.0,80.0,2.0,Rajesh Singh,Store Manager,Bangalore - Koramangala,Bangalore,Karnataka,Closing Checklist,daily_checklist,Mohit Iyer,2026-07-21,2026-07-20,No,2026-07
298,101,7,2026-07-22 08:54:00,75.0,80.0,2.0,Rajesh Singh,Store Manager,Bangalore - Koramangala,Bangalore,Karnataka,Opening Checklist,daily_checklist,Mohit Iyer,2026-07-22,2026-07-20,No,2026-07
299,102,7,2026-07-22 22:40:00,87.5,80.0,2.0,Rajesh Singh,Store Manager,Bangalore - Koramangala,Bangalore,Karnataka,Closing Checklist,daily_checklist,Mohit Iyer,2026-07-22,2026-07-20,Yes,2026-07
300,101,29,2026-07-23 07:39:00,87.5,80.0,2.0,Ritika Rao,Crew Member,Bangalore - Koramangala,Bangalore,Karnataka,Opening Checklist,daily_checklist,Mohit Iyer,2026-07-23,2026-07-20,Yes,2026-07
301,102,31,2026-07-23 21:40:00,87.5,80.0,2.0,Shalini Kapoor,Crew Member,Bangalore - Koramangala,Bangalore,Karnataka,Closing Checklist,daily_checklist,Mohit Iyer,2026-07-23,2026-07-20,Yes,2026-07
302,101,7,2026-07-24 09:05:00,75.0,80.0,2.0,Rajesh Singh,Store Manager,Bangalore - Koramangala,Bangalore,Karnataka,Opening Checklist,daily_checklist,Mohit Iyer,2026-07-24,2026-07-20,No,2026-07
303,102,29,2026-07-24 21:48:00,87.5,80.0,2.0,Ritika Rao,Crew Member,Bangalore - Koramangala,Bangalore,Karnataka,Closing Checklist,daily_checklist,Mohit Iyer,2026-07-24,2026-07-20,Yes,2026-07
304,101,31,2026-07-25 07:44:00,100.0,80.0,2.0,Shalini Kapoor,Crew Member,Bangalore - Koramangala,Bangalore,Karnataka,Opening Checklist,daily_checklist,Mohit Iyer,2026-07-25,2026-07-20,Yes,2026-07
305,102,31,2026-07-25 21:02:00,100.0,80.0,2.0,Shalini Kapoor,Crew Member,Bangalore - Koramangala,Bangalore,Karnataka,Closing Checklist,daily_checklist,Mohit Iyer,2026-07-25,2026-07-20,Yes,2026-07
306,101,31,2026-07-26 08:22:00,87.5,80.0,2.0,Shalini Kapoor,Crew Member,Bangalore - Koramangala,Bangalore,Karnataka,Opening Checklist,daily_checklist,Mohit Iyer,2026-07-26,2026-07-20,Yes,2026-07
307,102,30,2026-07-26 22:09:00,100.0,80.0,2.0,Geeta Das,Crew Member,Bangalore - Koramangala,Bangalore,Karnataka,Closing Checklist,daily_checklist,Mohit Iyer,2026-07-26,2026-07-20,Yes,2026-07
308,101,30,2026-07-27 08:36:00,75.0,80.0,2.0,Geeta Das,Crew Member,Bangalore - Koramangala,Bangalore,Karnataka,Opening Checklist,daily_checklist,Mohit Iyer,2026-07-27,2026-07-27,No,2026-07
309,102,29,2026-07-27 21:11:00,87.5,80.0,2.0,Ritika Rao,Crew Member,Bangalore - Koramangala,Bangalore,Karnataka,Closing Checklist,daily_checklist,Mohit Iyer,2026-07-27,2026-07-27,Yes,2026-07
310,101,30,2026-07-28 08:39:00,100.0,80.0,2.0,Geeta Das,Crew Member,Bangalore - Koramangala,Bangalore,Karnataka,Opening Checklist,daily_checklist,Mohit Iyer,2026-07-28,2026-07-27,Yes,2026-07
311,102,30,2026-07-28 22:58:00,100.0,80.0,2.0,Geeta Das,Crew Member,Bangalore - Koramangala,Bangalore,Karnataka,Closing Checklist,daily_checklist,Mohit Iyer,2026-07-28,2026-07-27,Yes,2026-07
312,101,31,2026-07-29 08:40:00,87.5,80.0,2.0,Shalini Kapoor,Crew Member,Bangalore - Koramangala,Bangalore,Karnataka,Opening Checklist,daily_checklist,Mohit Iyer,2026-07-29,2026-07-27,Yes,2026-07
313,102,29,2026-07-29 22:16:00,87.5,80.0,2.0,Ritika Rao,Crew Member,Bangalore - Koramangala,Bangalore,Karnataka,Closing Checklist,daily_checklist,Mohit Iyer,2026-07-29,2026-07-27,Yes,2026-07
314,101,30,2026-07-30 08:43:00,100.0,80.0,2.0,Geeta Das,Crew Member,Bangalore - Koramangala,Bangalore,Karnataka,Opening Checklist,daily_checklist,Mohit Iyer,2026-07-30,2026-07-27,Yes,2026-07
315,102,31,2026-07-30 21:28:00,87.5,80.0,2.0,Shalini Kapoor,Crew Member,Bangalore - Koramangala,Bangalore,Karnataka,Closing Checklist,daily_checklist,Mohit Iyer,2026-07-30,2026-07-27,Yes,2026-07
316,101,7,2026-07-31 08:40:00,100.0,80.0,2.0,Rajesh Singh,Store Manager,Bangalore - Koramangala,Bangalore,Karnataka,Opening Checklist,daily_checklist,Mohit Iyer,2026-07-31,2026-07-27,Yes,2026-07
317,102,7,2026-07-31 23:16:00,87.5,80.0,2.0,Rajesh Singh,Store Manager,Bangalore - Koramangala,Bangalore,Karnataka,Closing Checklist,daily_checklist,Mohit Iyer,2026-07-31,2026-07-27,Yes,2026-07
318,101,7,2026-08-01 07:24:00,87.5,80.0,2.0,Rajesh Singh,Store Manager,Bangalore - Koramangala,Bangalore,Karnataka,Opening Checklist,daily_checklist,Mohit Iyer,2026-08-01,2026-07-27,Yes,2026-08
319,102,7,2026-08-01 21:15:00,87.5,80.0,2.0,Rajesh Singh,Store Manager,Bangalore - Koramangala,Bangalore,Karnataka,Closing Checklist,daily_checklist,Mohit Iyer,2026-08-01,2026-07-27,Yes,2026-08
320,101,31,2026-08-02 08:36:00,87.5,80.0,2.0,Shalini Kapoor,Crew Member,Bangalore - Koramangala,Bangalore,Karnataka,Opening Checklist,daily_checklist,Mohit Iyer,2026-08-02,2026-07-27,Yes,2026-08
321,102,29,2026-08-02 23:18:00,87.5,80.0,2.0,Ritika Rao,Crew Member,Bangalore - Koramangala,Bangalore,Karnataka,Closing Checklist,daily_checklist,Mohit Iyer,2026-08-02,2026-07-27,Yes,2026-08
322,101,29,2026-08-03 08:00:00,100.0,80.0,2.0,Ritika Rao,Crew Member,Bangalore - Koramangala,Bangalore,Karnataka,Opening Checklist,daily_checklist,Mohit Iyer,2026-08-03,2026-08-03,Yes,2026-08
323,102,7,2026-08-03 23:47:00,87.5,80.0,2.0,Rajesh Singh,Store Manager,Bangalore - Koramangala,Bangalore,Karnataka,Closing Checklist,daily_checklist,Mohit Iyer,2026-08-03,2026-08-03,Yes,2026-08
324,101,31,2026-08-04 07:38:00,62.5,80.0,2.0,Shalini Kapoor,Crew Member,Bangalore - Koramangala,Bangalore,Karnataka,Opening Checklist,daily_checklist,Mohit Iyer,2026-08-04,2026-08-03,No,2026-08
325,102,30,2026-08-04 21:40:00,87.5,80.0,2.0,Geeta Das,Crew Member,Bangalore - Koramangala,Bangalore,Karnataka,Closing Checklist,daily_checklist,Mohit Iyer,2026-08-04,2026-08-03,Yes,2026-08
326,101,30,2026-08-05 08:43:00,87.5,80.0,2.0,Geeta Das,Crew Member,Bangalore - Koramangala,Bangalore,Karnataka,Opening Checklist,daily_checklist,Mohit Iyer,2026-08-05,2026-08-03,Yes,2026-08
327,101,29,2026-08-06 09:06:00,75.0,80.0,2.0,Ritika Rao,Crew Member,Bangalore - Koramangala,Bangalore,Karnataka,Opening Checklist,daily_checklist,Mohit Iyer,2026-08-06,2026-08-03,No,2026-08
328,102,7,2026-08-06 22:50:00,87.5,80.0,2.0,Rajesh Singh,Store Manager,Bangalore - Koramangala,Bangalore,Karnataka,Closing Checklist,daily_checklist,Mohit Iyer,2026-08-06,2026-08-03,Yes,2026-08
329,101,30,2026-08-07 09:23:00,87.5,80.0,2.0,Geeta Das,Crew Member,Bangalore - Koramangala,Bangalore,Karnataka,Opening Checklist,daily_checklist,Mohit Iyer,2026-08-07,2026-08-03,Yes,2026-08
330,101,31,2026-08-08 07:58:00,100.0,80.0,2.0,Shalini Kapoor,Crew Member,Bangalore - Koramangala,Bangalore,Karnataka,Opening Checklist,daily_checklist,Mohit Iyer,2026-08-08,2026-08-03,Yes,2026-08
331,102,7,2026-08-08 22:47:00,100.0,80.0,2.0,Rajesh Singh,Store Manager,Bangalore - Koramangala,Bangalore,Karnataka,Closing Checklist,daily_checklist,Mohit Iyer,2026-08-08,2026-08-03,Yes,2026-08
332,101,31,2026-08-09 07:08:00,100.0,80.0,2.0,Shalini Kapoor,Crew Member,Bangalore - Koramangala,Bangalore,Karnataka,Opening Checklist,daily_checklist,Mohit Iyer,2026-08-09,2026-08-03,Yes,2026-08
333,102,31,2026-08-09 23:32:00,87.5,80.0,2.0,Shalini Kapoor,Crew Member,Bangalore - Koramangala,Bangalore,Karnataka,Closing Checklist,daily_checklist,Mohit Iyer,2026-08-09,2026-08-03,Yes,2026-08
334,101,7,2026-08-10 08:58:00,75.0,80.0,2.0,Rajesh Singh,Store Manager,Bangalore - Koramangala,Bangalore,Karnataka,Opening Checklist,daily_checklist,Mohit Iyer,2026-08-10,2026-08-10,No,2026-08
335,102,31,2026-08-10 22:47:00,87.5,80.0,2.0,Shalini Kapoor,Crew Member,Bangalore - Koramangala,Bangalore,Karnataka,Closing Checklist,daily_checklist,Mohit Iyer,2026-08-10,2026-08-10,Yes,2026-08
336,101,30,2026-08-11 08:04:00,87.5,80.0,2.0,Geeta Das,Crew Member,Bangalore - Koramangala,Bangalore,Karnataka,Opening Checklist,daily_checklist,Mohit Iyer,2026-08-11,2026-08-10,Yes,2026-08
337,102,7,2026-08-11 21:55:00,75.0,80.0,2.0,Rajesh Singh,Store Manager,Bangalore - Koramangala,Bangalore,Karnataka,Closing Checklist,daily_checklist,Mohit Iyer,2026-08-11,2026-08-10,No,2026-08
338,101,7,2026-08-12 08:05:00,100.0,80.0,2.0,Rajesh Singh,Store Manager,Bangalore - Koramangala,Bangalore,Karnataka,Opening Checklist,daily_checklist,Mohit Iyer,2026-08-12,2026-08-10,Yes,2026-08
339,102,29,2026-08-12 21:16:00,87.5,80.0,2.0,Ritika Rao,Crew Member,Bangalore - Koramangala,Bangalore,Karnataka,Closing Checklist,daily_checklist,Mohit Iyer,2026-08-12,2026-08-10,Yes,2026-08
340,101,31,2026-08-13 08:43:00,87.5,80.0,2.0,Shalini Kapoor,Crew Member,Bangalore - Koramangala,Bangalore,Karnataka,Opening Checklist,daily_checklist,Mohit Iyer,2026-08-13,2026-08-10,Yes,2026-08
341,102,31,2026-08-13 23:24:00,87.5,80.0,2.0,Shalini Kapoor,Crew Member,Bangalore - Koramangala,Bangalore,Karnataka,Closing Checklist,daily_checklist,Mohit Iyer,2026-08-13,2026-08-10,Yes,2026-08
342,101,7,2026-08-14 09:14:00,100.0,80.0,2.0,Rajesh Singh,Store Manager,Bangalore - Koramangala,Bangalore,Karnataka,Opening Checklist,daily_checklist,Mohit Iyer,2026-08-14,2026-08-10,Yes,2026-08
343,102,31,2026-08-14 21:39:00,100.0,80.0,2.0,Shalini Kapoor,Crew Member,Bangalore - Koramangala,Bangalore,Karnataka,Closing Checklist,daily_checklist,Mohit Iyer,2026-08-14,2026-08-10,Yes,2026-08
344,101,29,2026-08-15 07:41:00,100.0,80.0,2.0,Ritika Rao,Crew Member,Bangalore - Koramangala,Bangalore,Karnataka,Opening Checklist,daily_checklist,Mohit Iyer,2026-08-15,2026-08-10,Yes,2026-08
345,102,7,2026-08-15 23:52:00,100.0,80.0,2.0,Rajesh Singh,Store Manager,Bangalore - Koramangala,Bangalore,Karnataka,Closing Checklist,daily_checklist,Mohit Iyer,2026-08-15,2026-08-10,Yes,2026-08
346,101,29,2026-08-16 09:26:00,100.0,80.0,2.0,Ritika Rao,Crew Member,Bangalore - Koramangala,Bangalore,Karnataka,Opening Checklist,daily_checklist,Mohit Iyer,2026-08-16,2026-08-10,Yes,2026-08
347,102,29,2026-08-16 21:02:00,87.5,80.0,2.0,Ritika Rao,Crew Member,Bangalore - Koramangala,Bangalore,Karnataka,Closing Checklist,daily_checklist,Mohit Iyer,2026-08-16,2026-08-10,Yes,2026-08
348,101,29,2026-08-17 08:07:00,87.5,80.0,2.0,Ritika Rao,Crew Member,Bangalore - Koramangala,Bangalore,Karnataka,Opening Checklist,daily_checklist,Mohit Iyer,2026-08-17,2026-08-17,Yes,2026-08
349,102,30,2026-08-17 21:56:00,75.0,80.0,2.0,Geeta Das,Crew Member,Bangalore - Koramangala,Bangalore,Karnataka,Closing Checklist,daily_checklist,Mohit Iyer,2026-08-17,2026-08-17,No,2026-08
350,101,8,2026-05-19 08:23:00,75.0,80.0,3.0,Naveen Mehta,Store Manager,Delhi - Connaught Place,Delhi,Delhi,Opening Checklist,daily_checklist,Mohit Iyer,2026-05-19,2026-05-18,No,2026-05
351,102,33,2026-05-19 23:47:00,50.0,80.0,3.0,Tushar Joshi,Crew Member,Delhi - Connaught Place,Delhi,Delhi,Closing Checklist,daily_checklist,Mohit Iyer,2026-05-19,2026-05-18,No,2026-05
352,101,8,2026-05-20 09:06:00,50.0,80.0,3.0,Naveen Mehta,Store Manager,Delhi - Connaught Place,Delhi,Delhi,Opening Checklist,daily_checklist,Mohit Iyer,2026-05-20,2026-05-18,No,2026-05
353,101,34,2026-05-21 09:26:00,37.5,80.0,3.0,Ashish Malhotra,Crew Member,Delhi - Connaught Place,Delhi,Delhi,Opening Checklist,daily_checklist,Mohit Iyer,2026-05-21,2026-05-18,No,2026-05
354,101,34,2026-05-23 07:44:00,37.5,80.0,3.0,Ashish Malhotra,Crew Member,Delhi - Connaught Place,Delhi,Delhi,Opening Checklist,daily_checklist,Mohit Iyer,2026-05-23,2026-05-18,No,2026-05
355,101,8,2026-05-25 07:28:00,75.0,80.0,3.0,Naveen Mehta,Store Manager,Delhi - Connaught Place,Delhi,Delhi,Opening Checklist,daily_checklist,Mohit Iyer,2026-05-25,2026-05-25,No,2026-05
356,101,34,2026-05-26 07:54:00,37.5,80.0,3.0,Ashish Malhotra,Crew Member,Delhi - Connaught Place,Delhi,Delhi,Opening Checklist,daily_checklist,Mohit Iyer,2026-05-26,2026-05-25,No,2026-05
357,102,34,2026-05-26 21:43:00,50.0,80.0,3.0,Ashish Malhotra,Crew Member,Delhi - Connaught Place,Delhi,Delhi,Closing Checklist,daily_checklist,Mohit Iyer,2026-05-26,2026-05-25,No,2026-05
358,102,32,2026-05-30 23:22:00,62.5,80.0,3.0,Bhavna Chopra,Crew Member,Delhi - Connaught Place,Delhi,Delhi,Closing Checklist,daily_checklist,Mohit Iyer,2026-05-30,2026-05-25,No,2026-05
359,102,32,2026-05-31 22:12:00,50.0,80.0,3.0,Bhavna Chopra,Crew Member,Delhi - Connaught Place,Delhi,Delhi,Closing Checklist,daily_checklist,Mohit Iyer,2026-05-31,2026-05-25,No,2026-05
360,102,33,2026-06-01 21:42:00,62.5,80.0,3.0,Tushar Joshi,Crew Member,Delhi - Connaught Place,Delhi,Delhi,Closing Checklist,daily_checklist,Mohit Iyer,2026-06-01,2026-06-01,No,2026-06
361,102,34,2026-06-03 21:03:00,50.0,80.0,3.0,Ashish Malhotra,Crew Member,Delhi - Connaught Place,Delhi,Delhi,Closing Checklist,daily_checklist,Mohit Iyer,2026-06-03,2026-06-01,No,2026-06
362,101,33,2026-06-04 07:50:00,62.5,80.0,3.0,Tushar Joshi,Crew Member,Delhi - Connaught Place,Delhi,Delhi,Opening Checklist,daily_checklist,Mohit Iyer,2026-06-04,2026-06-01,No,2026-06
363,101,33,2026-06-05 07:53:00,50.0,80.0,3.0,Tushar Joshi,Crew Member,Delhi - Connaught Place,Delhi,Delhi,Opening Checklist,daily_checklist,Mohit Iyer,2026-06-05,2026-06-01,No,2026-06
364,101,33,2026-06-06 09:13:00,50.0,80.0,3.0,Tushar Joshi,Crew Member,Delhi - Connaught Place,Delhi,Delhi,Opening Checklist,daily_checklist,Mohit Iyer,2026-06-06,2026-06-01,No,2026-06
365,102,33,2026-06-06 22:49:00,62.5,80.0,3.0,Tushar Joshi,Crew Member,Delhi - Connaught Place,Delhi,Delhi,Closing Checklist,daily_checklist,Mohit Iyer,2026-06-06,2026-06-01,No,2026-06
366,101,33,2026-06-07 07:17:00,50.0,80.0,3.0,Tushar Joshi,Crew Member,Delhi - Connaught Place,Delhi,Delhi,Opening Checklist,daily_checklist,Mohit Iyer,2026-06-07,2026-06-01,No,2026-06
367,101,34,2026-06-09 07:34:00,50.0,80.0,3.0,Ashish Malhotra,Crew Member,Delhi - Connaught Place,Delhi,Delhi,Opening Checklist,daily_checklist,Mohit Iyer,2026-06-09,2026-06-08,No,2026-06
368,102,32,2026-06-10 21:07:00,37.5,80.0,3.0,Bhavna Chopra,Crew Member,Delhi - Connaught Place,Delhi,Delhi,Closing Checklist,daily_checklist,Mohit Iyer,2026-06-10,2026-06-08,No,2026-06
369,101,33,2026-06-11 07:22:00,50.0,80.0,3.0,Tushar Joshi,Crew Member,Delhi - Connaught Place,Delhi,Delhi,Opening Checklist,daily_checklist,Mohit Iyer,2026-06-11,2026-06-08,No,2026-06
370,102,32,2026-06-13 23:20:00,87.5,80.0,3.0,Bhavna Chopra,Crew Member,Delhi - Connaught Place,Delhi,Delhi,Closing Checklist,daily_checklist,Mohit Iyer,2026-06-13,2026-06-08,Yes,2026-06
371,102,33,2026-06-14 22:03:00,62.5,80.0,3.0,Tushar Joshi,Crew Member,Delhi - Connaught Place,Delhi,Delhi,Closing Checklist,daily_checklist,Mohit Iyer,2026-06-14,2026-06-08,No,2026-06
372,101,32,2026-06-15 09:07:00,75.0,80.0,3.0,Bhavna Chopra,Crew Member,Delhi - Connaught Place,Delhi,Delhi,Opening Checklist,daily_checklist,Mohit Iyer,2026-06-15,2026-06-15,No,2026-06
373,102,34,2026-06-15 22:28:00,62.5,80.0,3.0,Ashish Malhotra,Crew Member,Delhi - Connaught Place,Delhi,Delhi,Closing Checklist,daily_checklist,Mohit Iyer,2026-06-15,2026-06-15,No,2026-06
374,102,8,2026-06-16 23:06:00,37.5,80.0,3.0,Naveen Mehta,Store Manager,Delhi - Connaught Place,Delhi,Delhi,Closing Checklist,daily_checklist,Mohit Iyer,2026-06-16,2026-06-15,No,2026-06
375,101,32,2026-06-18 07:39:00,50.0,80.0,3.0,Bhavna Chopra,Crew Member,Delhi - Connaught Place,Delhi,Delhi,Opening Checklist,daily_checklist,Mohit Iyer,2026-06-18,2026-06-15,No,2026-06
376,102,34,2026-06-18 23:50:00,37.5,80.0,3.0,Ashish Malhotra,Crew Member,Delhi - Connaught Place,Delhi,Delhi,Closing Checklist,daily_checklist,Mohit Iyer,2026-06-18,2026-06-15,No,2026-06
377,101,32,2026-06-19 09:01:00,50.0,80.0,3.0,Bhavna Chopra,Crew Member,Delhi - Connaught Place,Delhi,Delhi,Opening Checklist,daily_checklist,Mohit Iyer,2026-06-19,2026-06-15,No,2026-06
378,102,8,2026-06-20 22:54:00,50.0,80.0,3.0,Naveen Mehta,Store Manager,Delhi - Connaught Place,Delhi,Delhi,Closing Checklist,daily_checklist,Mohit Iyer,2026-06-20,2026-06-15,No,2026-06
379,102,8,2026-06-21 23:06:00,62.5,80.0,3.0,Naveen Mehta,Store Manager,Delhi - Connaught Place,Delhi,Delhi,Closing Checklist,daily_checklist,Mohit Iyer,2026-06-21,2026-06-15,No,2026-06
380,101,32,2026-06-22 07:57:00,25.0,80.0,3.0,Bhavna Chopra,Crew Member,Delhi - Connaught Place,Delhi,Delhi,Opening Checklist,daily_checklist,Mohit Iyer,2026-06-22,2026-06-22,No,2026-06
381,101,33,2026-06-23 08:38:00,50.0,80.0,3.0,Tushar Joshi,Crew Member,Delhi - Connaught Place,Delhi,Delhi,Opening Checklist,daily_checklist,Mohit Iyer,2026-06-23,2026-06-22,No,2026-06
382,102,34,2026-06-23 21:08:00,37.5,80.0,3.0,Ashish Malhotra,Crew Member,Delhi - Connaught Place,Delhi,Delhi,Closing Checklist,daily_checklist,Mohit Iyer,2026-06-23,2026-06-22,No,2026-06
383,102,34,2026-06-26 23:37:00,75.0,80.0,3.0,Ashish Malhotra,Crew Member,Delhi - Connaught Place,Delhi,Delhi,Closing Checklist,daily_checklist,Mohit Iyer,2026-06-26,2026-06-22,No,2026-06
384,101,34,2026-06-28 09:33:00,50.0,80.0,3.0,Ashish Malhotra,Crew Member,Delhi - Connaught Place,Delhi,Delhi,Opening Checklist,daily_checklist,Mohit Iyer,2026-06-28,2026-06-22,No,2026-06
385,101,8,2026-06-29 08:32:00,75.0,80.0,3.0,Naveen Mehta,Store Manager,Delhi - Connaught Place,Delhi,Delhi,Opening Checklist,daily_checklist,Mohit Iyer,2026-06-29,2026-06-29,No,2026-06
386,102,32,2026-06-29 21:50:00,50.0,80.0,3.0,Bhavna Chopra,Crew Member,Delhi - Connaught Place,Delhi,Delhi,Closing Checklist,daily_checklist,Mohit Iyer,2026-06-29,2026-06-29,No,2026-06
387,101,33,2026-06-30 09:55:00,62.5,80.0,3.0,Tushar Joshi,Crew Member,Delhi - Connaught Place,Delhi,Delhi,Opening Checklist,daily_checklist,Mohit Iyer,2026-06-30,2026-06-29,No,2026-06
388,102,33,2026-06-30 22:28:00,50.0,80.0,3.0,Tushar Joshi,Crew Member,Delhi - Connaught Place,Delhi,Delhi,Closing Checklist,daily_checklist,Mohit Iyer,2026-06-30,2026-06-29,No,2026-06
389,101,8,2026-07-01 08:52:00,62.5,80.0,3.0,Naveen Mehta,Store Manager,Delhi - Connaught Place,Delhi,Delhi,Opening Checklist,daily_checklist,Mohit Iyer,2026-07-01,2026-06-29,No,2026-07
390,102,32,2026-07-01 22:26:00,87.5,80.0,3.0,Bhavna Chopra,Crew Member,Delhi - Connaught Place,Delhi,Delhi,Closing Checklist,daily_checklist,Mohit Iyer,2026-07-01,2026-06-29,Yes,2026-07
391,101,34,2026-07-02 08:20:00,50.0,80.0,3.0,Ashish Malhotra,Crew Member,Delhi - Connaught Place,Delhi,Delhi,Opening Checklist,daily_checklist,Mohit Iyer,2026-07-02,2026-06-29,No,2026-07
392,101,8,2026-07-03 08:09:00,50.0,80.0,3.0,Naveen Mehta,Store Manager,Delhi - Connaught Place,Delhi,Delhi,Opening Checklist,daily_checklist,Mohit Iyer,2026-07-03,2026-06-29,No,2026-07
393,101,32,2026-07-04 07:05:00,50.0,80.0,3.0,Bhavna Chopra,Crew Member,Delhi - Connaught Place,Delhi,Delhi,Opening Checklist,daily_checklist,Mohit Iyer,2026-07-04,2026-06-29,No,2026-07
394,102,32,2026-07-04 21:27:00,25.0,80.0,3.0,Bhavna Chopra,Crew Member,Delhi - Connaught Place,Delhi,Delhi,Closing Checklist,daily_checklist,Mohit Iyer,2026-07-04,2026-06-29,No,2026-07
395,102,32,2026-07-05 21:35:00,62.5,80.0,3.0,Bhavna Chopra,Crew Member,Delhi - Connaught Place,Delhi,Delhi,Closing Checklist,daily_checklist,Mohit Iyer,2026-07-05,2026-06-29,No,2026-07
396,101,34,2026-07-06 09:35:00,75.0,80.0,3.0,Ashish Malhotra,Crew Member,Delhi - Connaught Place,Delhi,Delhi,Opening Checklist,daily_checklist,Mohit Iyer,2026-07-06,2026-07-06,No,2026-07
397,102,8,2026-07-07 23:07:00,50.0,80.0,3.0,Naveen Mehta,Store Manager,Delhi - Connaught Place,Delhi,Delhi,Closing Checklist,daily_checklist,Mohit Iyer,2026-07-07,2026-07-06,No,2026-07
398,102,8,2026-07-08 23:48:00,50.0,80.0,3.0,Naveen Mehta,Store Manager,Delhi - Connaught Place,Delhi,Delhi,Closing Checklist,daily_checklist,Mohit Iyer,2026-07-08,2026-07-06,No,2026-07
399,102,34,2026-07-09 22:38:00,75.0,80.0,3.0,Ashish Malhotra,Crew Member,Delhi - Connaught Place,Delhi,Delhi,Closing Checklist,daily_checklist,Mohit Iyer,2026-07-09,2026-07-06,No,2026-07
400,102,33,2026-07-10 21:36:00,50.0,80.0,3.0,Tushar Joshi,Crew Member,Delhi - Connaught Place,Delhi,Delhi,Closing Checklist,daily_checklist,Mohit Iyer,2026-07-10,2026-07-06,No,2026-07
401,102,33,2026-07-11 23:30:00,50.0,80.0,3.0,Tushar Joshi,Crew Member,Delhi - Connaught Place,Delhi,Delhi,Closing Checklist,daily_checklist,Mohit Iyer,2026-07-11,2026-07-06,No,2026-07
402,101,34,2026-07-13 08:54:00,25.0,80.0,3.0,Ashish Malhotra,Crew Member,Delhi - Connaught Place,Delhi,Delhi,Opening Checklist,daily_checklist,Mohit Iyer,2026-07-13,2026-07-13,No,2026-07
403,101,34,2026-07-14 07:48:00,87.5,80.0,3.0,Ashish Malhotra,Crew Member,Delhi - Connaught Place,Delhi,Delhi,Opening Checklist,daily_checklist,Mohit Iyer,2026-07-14,2026-07-13,Yes,2026-07
404,102,8,2026-07-14 23:14:00,50.0,80.0,3.0,Naveen Mehta,Store Manager,Delhi - Connaught Place,Delhi,Delhi,Closing Checklist,daily_checklist,Mohit Iyer,2026-07-14,2026-07-13,No,2026-07
405,101,32,2026-07-15 09:39:00,50.0,80.0,3.0,Bhavna Chopra,Crew Member,Delhi - Connaught Place,Delhi,Delhi,Opening Checklist,daily_checklist,Mohit Iyer,2026-07-15,2026-07-13,No,2026-07
406,101,34,2026-07-16 09:59:00,87.5,80.0,3.0,Ashish Malhotra,Crew Member,Delhi - Connaught Place,Delhi,Delhi,Opening Checklist,daily_checklist,Mohit Iyer,2026-07-16,2026-07-13,Yes,2026-07
407,101,34,2026-07-17 07:11:00,50.0,80.0,3.0,Ashish Malhotra,Crew Member,Delhi - Connaught Place,Delhi,Delhi,Opening Checklist,daily_checklist,Mohit Iyer,2026-07-17,2026-07-13,No,2026-07
408,102,34,2026-07-18 23:48:00,50.0,80.0,3.0,Ashish Malhotra,Crew Member,Delhi - Connaught Place,Delhi,Delhi,Closing Checklist,daily_checklist,Mohit Iyer,2026-07-18,2026-07-13,No,2026-07
409,102,33,2026-07-19 22:00:00,50.0,80.0,3.0,Tushar Joshi,Crew Member,Delhi - Connaught Place,Delhi,Delhi,Closing Checklist,daily_checklist,Mohit Iyer,2026-07-19,2026-07-13,No,2026-07
410,101,8,2026-07-23 09:42:00,62.5,80.0,3.0,Naveen Mehta,Store Manager,Delhi - Connaught Place,Delhi,Delhi,Opening Checklist,daily_checklist,Mohit Iyer,2026-07-23,2026-07-20,No,2026-07
411,101,32,2026-07-25 07:09:00,25.0,80.0,3.0,Bhavna Chopra,Crew Member,Delhi - Connaught Place,Delhi,Delhi,Opening Checklist,daily_checklist,Mohit Iyer,2026-07-25,2026-07-20,No,2026-07
412,102,33,2026-07-25 21:47:00,50.0,80.0,3.0,Tushar Joshi,Crew Member,Delhi - Connaught Place,Delhi,Delhi,Closing Checklist,daily_checklist,Mohit Iyer,2026-07-25,2026-07-20,No,2026-07
413,101,34,2026-07-27 08:29:00,50.0,80.0,3.0,Ashish Malhotra,Crew Member,Delhi - Connaught Place,Delhi,Delhi,Opening Checklist,daily_checklist,Mohit Iyer,2026-07-27,2026-07-27,No,2026-07
414,102,34,2026-07-27 21:23:00,50.0,80.0,3.0,Ashish Malhotra,Crew Member,Delhi - Connaught Place,Delhi,Delhi,Closing Checklist,daily_checklist,Mohit Iyer,2026-07-27,2026-07-27,No,2026-07
415,101,32,2026-07-28 09:38:00,62.5,80.0,3.0,Bhavna Chopra,Crew Member,Delhi - Connaught Place,Delhi,Delhi,Opening Checklist,daily_checklist,Mohit Iyer,2026-07-28,2026-07-27,No,2026-07
416,101,33,2026-07-29 07:09:00,37.5,80.0,3.0,Tushar Joshi,Crew Member,Delhi - Connaught Place,Delhi,Delhi,Opening Checklist,daily_checklist,Mohit Iyer,2026-07-29,2026-07-27,No,2026-07
417,101,32,2026-07-30 09:03:00,50.0,80.0,3.0,Bhavna Chopra,Crew Member,Delhi - Connaught Place,Delhi,Delhi,Opening Checklist,daily_checklist,Mohit Iyer,2026-07-30,2026-07-27,No,2026-07
418,101,8,2026-07-31 08:28:00,87.5,80.0,3.0,Naveen Mehta,Store Manager,Delhi - Connaught Place,Delhi,Delhi,Opening Checklist,daily_checklist,Mohit Iyer,2026-07-31,2026-07-27,Yes,2026-07
419,102,8,2026-07-31 22:38:00,62.5,80.0,3.0,Naveen Mehta,Store Manager,Delhi - Connaught Place,Delhi,Delhi,Closing Checklist,daily_checklist,Mohit Iyer,2026-07-31,2026-07-27,No,2026-07
420,101,32,2026-08-01 08:13:00,62.5,80.0,3.0,Bhavna Chopra,Crew Member,Delhi - Connaught Place,Delhi,Delhi,Opening Checklist,daily_checklist,Mohit Iyer,2026-08-01,2026-07-27,No,2026-08
421,102,32,2026-08-01 22:27:00,62.5,80.0,3.0,Bhavna Chopra,Crew Member,Delhi - Connaught Place,Delhi,Delhi,Closing Checklist,daily_checklist,Mohit Iyer,2026-08-01,2026-07-27,No,2026-08
422,101,8,2026-08-02 09:43:00,75.0,80.0,3.0,Naveen Mehta,Store Manager,Delhi - Connaught Place,Delhi,Delhi,Opening Checklist,daily_checklist,Mohit Iyer,2026-08-02,2026-07-27,No,2026-08
423,102,34,2026-08-02 23:42:00,50.0,80.0,3.0,Ashish Malhotra,Crew Member,Delhi - Connaught Place,Delhi,Delhi,Closing Checklist,daily_checklist,Mohit Iyer,2026-08-02,2026-07-27,No,2026-08
424,101,32,2026-08-03 07:25:00,50.0,80.0,3.0,Bhavna Chopra,Crew Member,Delhi - Connaught Place,Delhi,Delhi,Opening Checklist,daily_checklist,Mohit Iyer,2026-08-03,2026-08-03,No,2026-08
425,101,34,2026-08-06 07:13:00,37.5,80.0,3.0,Ashish Malhotra,Crew Member,Delhi - Connaught Place,Delhi,Delhi,Opening Checklist,daily_checklist,Mohit Iyer,2026-08-06,2026-08-03,No,2026-08
426,102,33,2026-08-06 21:49:00,25.0,80.0,3.0,Tushar Joshi,Crew Member,Delhi - Connaught Place,Delhi,Delhi,Closing Checklist,daily_checklist,Mohit Iyer,2026-08-06,2026-08-03,No,2026-08
427,101,32,2026-08-07 08:20:00,62.5,80.0,3.0,Bhavna Chopra,Crew Member,Delhi - Connaught Place,Delhi,Delhi,Opening Checklist,daily_checklist,Mohit Iyer,2026-08-07,2026-08-03,No,2026-08
428,102,8,2026-08-09 21:31:00,37.5,80.0,3.0,Naveen Mehta,Store Manager,Delhi - Connaught Place,Delhi,Delhi,Closing Checklist,daily_checklist,Mohit Iyer,2026-08-09,2026-08-03,No,2026-08
429,102,33,2026-08-10 21:24:00,75.0,80.0,3.0,Tushar Joshi,Crew Member,Delhi - Connaught Place,Delhi,Delhi,Closing Checklist,daily_checklist,Mohit Iyer,2026-08-10,2026-08-10,No,2026-08
430,101,34,2026-08-12 09:53:00,50.0,80.0,3.0,Ashish Malhotra,Crew Member,Delhi - Connaught Place,Delhi,Delhi,Opening Checklist,daily_checklist,Mohit Iyer,2026-08-12,2026-08-10,No,2026-08
431,102,32,2026-08-13 21:25:00,50.0,80.0,3.0,Bhavna Chopra,Crew Member,Delhi - Connaught Place,Delhi,Delhi,Closing Checklist,daily_checklist,Mohit Iyer,2026-08-13,2026-08-10,No,2026-08
432,101,32,2026-08-14 07:29:00,37.5,80.0,3.0,Bhavna Chopra,Crew Member,Delhi - Connaught Place,Delhi,Delhi,Opening Checklist,daily_checklist,Mohit Iyer,2026-08-14,2026-08-10,No,2026-08
433,102,8,2026-08-14 22:36:00,75.0,80.0,3.0,Naveen Mehta,Store Manager,Delhi - Connaught Place,Delhi,Delhi,Closing Checklist,daily_checklist,Mohit Iyer,2026-08-14,2026-08-10,No,2026-08
434,101,8,2026-08-15 08:45:00,62.5,80.0,3.0,Naveen Mehta,Store Manager,Delhi - Connaught Place,Delhi,Delhi,Opening Checklist,daily_checklist,Mohit Iyer,2026-08-15,2026-08-10,No,2026-08
435,102,8,2026-08-16 22:07:00,62.5,80.0,3.0,Naveen Mehta,Store Manager,Delhi - Connaught Place,Delhi,Delhi,Closing Checklist,daily_checklist,Mohit Iyer,2026-08-16,2026-08-10,No,2026-08
436,102,8,2026-08-17 22:10:00,75.0,80.0,3.0,Naveen Mehta,Store Manager,Delhi - Connaught Place,Delhi,Delhi,Closing Checklist,daily_checklist,Mohit Iyer,2026-08-17,2026-08-17,No,2026-08
437,101,35,2026-05-20 07:27:00,75.0,80.0,4.0,Ira Bose,Crew Member,Pune - Kothrud,Pune,Maharashtra,Opening Checklist,daily_checklist,Mohit Iyer,2026-05-20,2026-05-18,No,2026-05
438,102,9,2026-05-20 21:27:00,62.5,80.0,4.0,Yash Rao,Store Manager,Pune - Kothrud,Pune,Maharashtra,Closing Checklist,daily_checklist,Mohit Iyer,2026-05-20,2026-05-18,No,2026-05
439,101,37,2026-05-21 07:25:00,100.0,80.0,4.0,Varun Pillai,Crew Member,Pune - Kothrud,Pune,Maharashtra,Opening Checklist,daily_checklist,Mohit Iyer,2026-05-21,2026-05-18,Yes,2026-05
440,101,36,2026-05-22 09:21:00,75.0,80.0,4.0,Sanjay Menon,Crew Member,Pune - Kothrud,Pune,Maharashtra,Opening Checklist,daily_checklist,Mohit Iyer,2026-05-22,2026-05-18,No,2026-05
441,102,36,2026-05-22 22:49:00,87.5,80.0,4.0,Sanjay Menon,Crew Member,Pune - Kothrud,Pune,Maharashtra,Closing Checklist,daily_checklist,Mohit Iyer,2026-05-22,2026-05-18,Yes,2026-05
442,101,35,2026-05-23 09:40:00,50.0,80.0,4.0,Ira Bose,Crew Member,Pune - Kothrud,Pune,Maharashtra,Opening Checklist,daily_checklist,Mohit Iyer,2026-05-23,2026-05-18,No,2026-05
443,102,36,2026-05-23 23:32:00,62.5,80.0,4.0,Sanjay Menon,Crew Member,Pune - Kothrud,Pune,Maharashtra,Closing Checklist,daily_checklist,Mohit Iyer,2026-05-23,2026-05-18,No,2026-05
444,102,36,2026-05-24 22:46:00,37.5,80.0,4.0,Sanjay Menon,Crew Member,Pune - Kothrud,Pune,Maharashtra,Closing Checklist,daily_checklist,Mohit Iyer,2026-05-24,2026-05-18,No,2026-05
445,101,37,2026-05-25 07:09:00,87.5,80.0,4.0,Varun Pillai,Crew Member,Pune - Kothrud,Pune,Maharashtra,Opening Checklist,daily_checklist,Mohit Iyer,2026-05-25,2026-05-25,Yes,2026-05
446,102,36,2026-05-26 21:11:00,75.0,80.0,4.0,Sanjay Menon,Crew Member,Pune - Kothrud,Pune,Maharashtra,Closing Checklist,daily_checklist,Mohit Iyer,2026-05-26,2026-05-25,No,2026-05
447,101,9,2026-05-27 07:49:00,37.5,80.0,4.0,Yash Rao,Store Manager,Pune - Kothrud,Pune,Maharashtra,Opening Checklist,daily_checklist,Mohit Iyer,2026-05-27,2026-05-25,No,2026-05
448,102,9,2026-05-27 22:48:00,87.5,80.0,4.0,Yash Rao,Store Manager,Pune - Kothrud,Pune,Maharashtra,Closing Checklist,daily_checklist,Mohit Iyer,2026-05-27,2026-05-25,Yes,2026-05
449,101,37,2026-05-28 09:40:00,62.5,80.0,4.0,Varun Pillai,Crew Member,Pune - Kothrud,Pune,Maharashtra,Opening Checklist,daily_checklist,Mohit Iyer,2026-05-28,2026-05-25,No,2026-05
450,102,36,2026-05-28 23:20:00,50.0,80.0,4.0,Sanjay Menon,Crew Member,Pune - Kothrud,Pune,Maharashtra,Closing Checklist,daily_checklist,Mohit Iyer,2026-05-28,2026-05-25,No,2026-05
451,102,9,2026-05-31 21:30:00,75.0,80.0,4.0,Yash Rao,Store Manager,Pune - Kothrud,Pune,Maharashtra,Closing Checklist,daily_checklist,Mohit Iyer,2026-05-31,2026-05-25,No,2026-05
452,101,35,2026-06-02 08:37:00,62.5,80.0,4.0,Ira Bose,Crew Member,Pune - Kothrud,Pune,Maharashtra,Opening Checklist,daily_checklist,Mohit Iyer,2026-06-02,2026-06-01,No,2026-06
453,101,35,2026-06-03 08:32:00,50.0,80.0,4.0,Ira Bose,Crew Member,Pune - Kothrud,Pune,Maharashtra,Opening Checklist,daily_checklist,Mohit Iyer,2026-06-03,2026-06-01,No,2026-06
454,102,9,2026-06-03 22:29:00,75.0,80.0,4.0,Yash Rao,Store Manager,Pune - Kothrud,Pune,Maharashtra,Closing Checklist,daily_checklist,Mohit Iyer,2026-06-03,2026-06-01,No,2026-06
455,101,37,2026-06-04 07:23:00,75.0,80.0,4.0,Varun Pillai,Crew Member,Pune - Kothrud,Pune,Maharashtra,Opening Checklist,daily_checklist,Mohit Iyer,2026-06-04,2026-06-01,No,2026-06
456,102,35,2026-06-04 21:41:00,87.5,80.0,4.0,Ira Bose,Crew Member,Pune - Kothrud,Pune,Maharashtra,Closing Checklist,daily_checklist,Mohit Iyer,2026-06-04,2026-06-01,Yes,2026-06
457,102,9,2026-06-05 23:32:00,62.5,80.0,4.0,Yash Rao,Store Manager,Pune - Kothrud,Pune,Maharashtra,Closing Checklist,daily_checklist,Mohit Iyer,2026-06-05,2026-06-01,No,2026-06
458,101,35,2026-06-06 09:35:00,37.5,80.0,4.0,Ira Bose,Crew Member,Pune - Kothrud,Pune,Maharashtra,Opening Checklist,daily_checklist,Mohit Iyer,2026-06-06,2026-06-01,No,2026-06
459,102,36,2026-06-06 22:58:00,75.0,80.0,4.0,Sanjay Menon,Crew Member,Pune - Kothrud,Pune,Maharashtra,Closing Checklist,daily_checklist,Mohit Iyer,2026-06-06,2026-06-01,No,2026-06
460,101,36,2026-06-07 09:30:00,87.5,80.0,4.0,Sanjay Menon,Crew Member,Pune - Kothrud,Pune,Maharashtra,Opening Checklist,daily_checklist,Mohit Iyer,2026-06-07,2026-06-01,Yes,2026-06
461,101,35,2026-06-08 07:28:00,75.0,80.0,4.0,Ira Bose,Crew Member,Pune - Kothrud,Pune,Maharashtra,Opening Checklist,daily_checklist,Mohit Iyer,2026-06-08,2026-06-08,No,2026-06
462,102,35,2026-06-08 22:45:00,100.0,80.0,4.0,Ira Bose,Crew Member,Pune - Kothrud,Pune,Maharashtra,Closing Checklist,daily_checklist,Mohit Iyer,2026-06-08,2026-06-08,Yes,2026-06
463,101,35,2026-06-10 09:11:00,87.5,80.0,4.0,Ira Bose,Crew Member,Pune - Kothrud,Pune,Maharashtra,Opening Checklist,daily_checklist,Mohit Iyer,2026-06-10,2026-06-08,Yes,2026-06
464,102,9,2026-06-10 21:45:00,62.5,80.0,4.0,Yash Rao,Store Manager,Pune - Kothrud,Pune,Maharashtra,Closing Checklist,daily_checklist,Mohit Iyer,2026-06-10,2026-06-08,No,2026-06
465,102,36,2026-06-12 23:33:00,62.5,80.0,4.0,Sanjay Menon,Crew Member,Pune - Kothrud,Pune,Maharashtra,Closing Checklist,daily_checklist,Mohit Iyer,2026-06-12,2026-06-08,No,2026-06
466,101,37,2026-06-13 08:58:00,75.0,80.0,4.0,Varun Pillai,Crew Member,Pune - Kothrud,Pune,Maharashtra,Opening Checklist,daily_checklist,Mohit Iyer,2026-06-13,2026-06-08,No,2026-06
467,102,37,2026-06-13 22:26:00,75.0,80.0,4.0,Varun Pillai,Crew Member,Pune - Kothrud,Pune,Maharashtra,Closing Checklist,daily_checklist,Mohit Iyer,2026-06-13,2026-06-08,No,2026-06
468,102,37,2026-06-14 21:50:00,75.0,80.0,4.0,Varun Pillai,Crew Member,Pune - Kothrud,Pune,Maharashtra,Closing Checklist,daily_checklist,Mohit Iyer,2026-06-14,2026-06-08,No,2026-06
469,101,9,2026-06-15 08:06:00,75.0,80.0,4.0,Yash Rao,Store Manager,Pune - Kothrud,Pune,Maharashtra,Opening Checklist,daily_checklist,Mohit Iyer,2026-06-15,2026-06-15,No,2026-06
470,102,36,2026-06-15 22:16:00,62.5,80.0,4.0,Sanjay Menon,Crew Member,Pune - Kothrud,Pune,Maharashtra,Closing Checklist,daily_checklist,Mohit Iyer,2026-06-15,2026-06-15,No,2026-06
471,101,36,2026-06-16 07:37:00,87.5,80.0,4.0,Sanjay Menon,Crew Member,Pune - Kothrud,Pune,Maharashtra,Opening Checklist,daily_checklist,Mohit Iyer,2026-06-16,2026-06-15,Yes,2026-06
472,102,9,2026-06-16 22:19:00,62.5,80.0,4.0,Yash Rao,Store Manager,Pune - Kothrud,Pune,Maharashtra,Closing Checklist,daily_checklist,Mohit Iyer,2026-06-16,2026-06-15,No,2026-06
473,101,35,2026-06-17 09:45:00,87.5,80.0,4.0,Ira Bose,Crew Member,Pune - Kothrud,Pune,Maharashtra,Opening Checklist,daily_checklist,Mohit Iyer,2026-06-17,2026-06-15,Yes,2026-06
474,102,9,2026-06-17 22:35:00,75.0,80.0,4.0,Yash Rao,Store Manager,Pune - Kothrud,Pune,Maharashtra,Closing Checklist,daily_checklist,Mohit Iyer,2026-06-17,2026-06-15,No,2026-06
475,102,35,2026-06-18 21:42:00,50.0,80.0,4.0,Ira Bose,Crew Member,Pune - Kothrud,Pune,Maharashtra,Closing Checklist,daily_checklist,Mohit Iyer,2026-06-18,2026-06-15,No,2026-06
476,102,35,2026-06-19 23:23:00,37.5,80.0,4.0,Ira Bose,Crew Member,Pune - Kothrud,Pune,Maharashtra,Closing Checklist,daily_checklist,Mohit Iyer,2026-06-19,2026-06-15,No,2026-06
477,102,36,2026-06-20 22:11:00,75.0,80.0,4.0,Sanjay Menon,Crew Member,Pune - Kothrud,Pune,Maharashtra,Closing Checklist,daily_checklist,Mohit Iyer,2026-06-20,2026-06-15,No,2026-06
478,101,36,2026-06-23 08:12:00,87.5,80.0,4.0,Sanjay Menon,Crew Member,Pune - Kothrud,Pune,Maharashtra,Opening Checklist,daily_checklist,Mohit Iyer,2026-06-23,2026-06-22,Yes,2026-06
479,101,35,2026-06-24 07:09:00,87.5,80.0,4.0,Ira Bose,Crew Member,Pune - Kothrud,Pune,Maharashtra,Opening Checklist,daily_checklist,Mohit Iyer,2026-06-24,2026-06-22,Yes,2026-06
480,102,35,2026-06-24 22:54:00,75.0,80.0,4.0,Ira Bose,Crew Member,Pune - Kothrud,Pune,Maharashtra,Closing Checklist,daily_checklist,Mohit Iyer,2026-06-24,2026-06-22,No,2026-06
481,101,35,2026-06-25 09:53:00,75.0,80.0,4.0,Ira Bose,Crew Member,Pune - Kothrud,Pune,Maharashtra,Opening Checklist,daily_checklist,Mohit Iyer,2026-06-25,2026-06-22,No,2026-06
482,102,36,2026-06-25 23:21:00,62.5,80.0,4.0,Sanjay Menon,Crew Member,Pune - Kothrud,Pune,Maharashtra,Closing Checklist,daily_checklist,Mohit Iyer,2026-06-25,2026-06-22,No,2026-06
483,101,36,2026-06-26 08:09:00,50.0,80.0,4.0,Sanjay Menon,Crew Member,Pune - Kothrud,Pune,Maharashtra,Opening Checklist,daily_checklist,Mohit Iyer,2026-06-26,2026-06-22,No,2026-06
484,102,36,2026-06-27 21:53:00,87.5,80.0,4.0,Sanjay Menon,Crew Member,Pune - Kothrud,Pune,Maharashtra,Closing Checklist,daily_checklist,Mohit Iyer,2026-06-27,2026-06-22,Yes,2026-06
485,102,37,2026-06-28 21:26:00,87.5,80.0,4.0,Varun Pillai,Crew Member,Pune - Kothrud,Pune,Maharashtra,Closing Checklist,daily_checklist,Mohit Iyer,2026-06-28,2026-06-22,Yes,2026-06
486,101,37,2026-06-29 08:39:00,100.0,80.0,4.0,Varun Pillai,Crew Member,Pune - Kothrud,Pune,Maharashtra,Opening Checklist,daily_checklist,Mohit Iyer,2026-06-29,2026-06-29,Yes,2026-06
487,102,9,2026-06-29 23:50:00,75.0,80.0,4.0,Yash Rao,Store Manager,Pune - Kothrud,Pune,Maharashtra,Closing Checklist,daily_checklist,Mohit Iyer,2026-06-29,2026-06-29,No,2026-06
488,101,37,2026-06-30 09:15:00,62.5,80.0,4.0,Varun Pillai,Crew Member,Pune - Kothrud,Pune,Maharashtra,Opening Checklist,daily_checklist,Mohit Iyer,2026-06-30,2026-06-29,No,2026-06
489,101,36,2026-07-01 08:57:00,87.5,80.0,4.0,Sanjay Menon,Crew Member,Pune - Kothrud,Pune,Maharashtra,Opening Checklist,daily_checklist,Mohit Iyer,2026-07-01,2026-06-29,Yes,2026-07
490,102,9,2026-07-01 22:43:00,100.0,80.0,4.0,Yash Rao,Store Manager,Pune - Kothrud,Pune,Maharashtra,Closing Checklist,daily_checklist,Mohit Iyer,2026-07-01,2026-06-29,Yes,2026-07
491,101,9,2026-07-02 08:49:00,75.0,80.0,4.0,Yash Rao,Store Manager,Pune - Kothrud,Pune,Maharashtra,Opening Checklist,daily_checklist,Mohit Iyer,2026-07-02,2026-06-29,No,2026-07
492,101,9,2026-07-03 09:33:00,87.5,80.0,4.0,Yash Rao,Store Manager,Pune - Kothrud,Pune,Maharashtra,Opening Checklist,daily_checklist,Mohit Iyer,2026-07-03,2026-06-29,Yes,2026-07
493,102,36,2026-07-03 21:52:00,50.0,80.0,4.0,Sanjay Menon,Crew Member,Pune - Kothrud,Pune,Maharashtra,Closing Checklist,daily_checklist,Mohit Iyer,2026-07-03,2026-06-29,No,2026-07
494,102,37,2026-07-04 21:55:00,62.5,80.0,4.0,Varun Pillai,Crew Member,Pune - Kothrud,Pune,Maharashtra,Closing Checklist,daily_checklist,Mohit Iyer,2026-07-04,2026-06-29,No,2026-07
495,101,37,2026-07-05 09:30:00,50.0,80.0,4.0,Varun Pillai,Crew Member,Pune - Kothrud,Pune,Maharashtra,Opening Checklist,daily_checklist,Mohit Iyer,2026-07-05,2026-06-29,No,2026-07
496,102,35,2026-07-05 23:59:00,100.0,80.0,4.0,Ira Bose,Crew Member,Pune - Kothrud,Pune,Maharashtra,Closing Checklist,daily_checklist,Mohit Iyer,2026-07-05,2026-06-29,Yes,2026-07
497,101,35,2026-07-06 07:18:00,75.0,80.0,4.0,Ira Bose,Crew Member,Pune - Kothrud,Pune,Maharashtra,Opening Checklist,daily_checklist,Mohit Iyer,2026-07-06,2026-07-06,No,2026-07
498,102,9,2026-07-06 21:17:00,75.0,80.0,4.0,Yash Rao,Store Manager,Pune - Kothrud,Pune,Maharashtra,Closing Checklist,daily_checklist,Mohit Iyer,2026-07-06,2026-07-06,No,2026-07
499,101,9,2026-07-07 07:53:00,62.5,80.0,4.0,Yash Rao,Store Manager,Pune - Kothrud,Pune,Maharashtra,Opening Checklist,daily_checklist,Mohit Iyer,2026-07-07,2026-07-06,No,2026-07
500,102,36,2026-07-07 21:58:00,100.0,80.0,4.0,Sanjay Menon,Crew Member,Pune - Kothrud,Pune,Maharashtra,Closing Checklist,daily_checklist,Mohit Iyer,2026-07-07,2026-07-06,Yes,2026-07
501,101,35,2026-07-08 08:59:00,87.5,80.0,4.0,Ira Bose,Crew Member,Pune - Kothrud,Pune,Maharashtra,Opening Checklist,daily_checklist,Mohit Iyer,2026-07-08,2026-07-06,Yes,2026-07
502,102,9,2026-07-08 22:03:00,100.0,80.0,4.0,Yash Rao,Store Manager,Pune - Kothrud,Pune,Maharashtra,Closing Checklist,daily_checklist,Mohit Iyer,2026-07-08,2026-07-06,Yes,2026-07
503,102,9,2026-07-09 22:15:00,62.5,80.0,4.0,Yash Rao,Store Manager,Pune - Kothrud,Pune,Maharashtra,Closing Checklist,daily_checklist,Mohit Iyer,2026-07-09,2026-07-06,No,2026-07
504,101,35,2026-07-10 08:14:00,75.0,80.0,4.0,Ira Bose,Crew Member,Pune - Kothrud,Pune,Maharashtra,Opening Checklist,daily_checklist,Mohit Iyer,2026-07-10,2026-07-06,No,2026-07
505,101,35,2026-07-11 08:59:00,75.0,80.0,4.0,Ira Bose,Crew Member,Pune - Kothrud,Pune,Maharashtra,Opening Checklist,daily_checklist,Mohit Iyer,2026-07-11,2026-07-06,No,2026-07
506,102,37,2026-07-11 23:41:00,75.0,80.0,4.0,Varun Pillai,Crew Member,Pune - Kothrud,Pune,Maharashtra,Closing Checklist,daily_checklist,Mohit Iyer,2026-07-11,2026-07-06,No,2026-07
507,101,37,2026-07-12 07:02:00,87.5,80.0,4.0,Varun Pillai,Crew Member,Pune - Kothrud,Pune,Maharashtra,Opening Checklist,daily_checklist,Mohit Iyer,2026-07-12,2026-07-06,Yes,2026-07
508,102,36,2026-07-12 22:44:00,62.5,80.0,4.0,Sanjay Menon,Crew Member,Pune - Kothrud,Pune,Maharashtra,Closing Checklist,daily_checklist,Mohit Iyer,2026-07-12,2026-07-06,No,2026-07
509,101,35,2026-07-13 08:39:00,50.0,80.0,4.0,Ira Bose,Crew Member,Pune - Kothrud,Pune,Maharashtra,Opening Checklist,daily_checklist,Mohit Iyer,2026-07-13,2026-07-13,No,2026-07
510,102,37,2026-07-13 21:01:00,75.0,80.0,4.0,Varun Pillai,Crew Member,Pune - Kothrud,Pune,Maharashtra,Closing Checklist,daily_checklist,Mohit Iyer,2026-07-13,2026-07-13,No,2026-07
511,102,9,2026-07-14 21:35:00,75.0,80.0,4.0,Yash Rao,Store Manager,Pune - Kothrud,Pune,Maharashtra,Closing Checklist,daily_checklist,Mohit Iyer,2026-07-14,2026-07-13,No,2026-07
512,101,37,2026-07-15 08:15:00,87.5,80.0,4.0,Varun Pillai,Crew Member,Pune - Kothrud,Pune,Maharashtra,Opening Checklist,daily_checklist,Mohit Iyer,2026-07-15,2026-07-13,Yes,2026-07
513,102,36,2026-07-15 21:03:00,87.5,80.0,4.0,Sanjay Menon,Crew Member,Pune - Kothrud,Pune,Maharashtra,Closing Checklist,daily_checklist,Mohit Iyer,2026-07-15,2026-07-13,Yes,2026-07
514,101,9,2026-07-16 09:50:00,100.0,80.0,4.0,Yash Rao,Store Manager,Pune - Kothrud,Pune,Maharashtra,Opening Checklist,daily_checklist,Mohit Iyer,2026-07-16,2026-07-13,Yes,2026-07
515,102,9,2026-07-16 21:07:00,62.5,80.0,4.0,Yash Rao,Store Manager,Pune - Kothrud,Pune,Maharashtra,Closing Checklist,daily_checklist,Mohit Iyer,2026-07-16,2026-07-13,No,2026-07
516,101,36,2026-07-17 09:01:00,87.5,80.0,4.0,Sanjay Menon,Crew Member,Pune - Kothrud,Pune,Maharashtra,Opening Checklist,daily_checklist,Mohit Iyer,2026-07-17,2026-07-13,Yes,2026-07
517,102,37,2026-07-17 23:09:00,62.5,80.0,4.0,Varun Pillai,Crew Member,Pune - Kothrud,Pune,Maharashtra,Closing Checklist,daily_checklist,Mohit Iyer,2026-07-17,2026-07-13,No,2026-07
518,101,37,2026-07-18 07:39:00,62.5,80.0,4.0,Varun Pillai,Crew Member,Pune - Kothrud,Pune,Maharashtra,Opening Checklist,daily_checklist,Mohit Iyer,2026-07-18,2026-07-13,No,2026-07
519,101,9,2026-07-19 07:36:00,25.0,80.0,4.0,Yash Rao,Store Manager,Pune - Kothrud,Pune,Maharashtra,Opening Checklist,daily_checklist,Mohit Iyer,2026-07-19,2026-07-13,No,2026-07
520,101,35,2026-07-20 07:42:00,87.5,80.0,4.0,Ira Bose,Crew Member,Pune - Kothrud,Pune,Maharashtra,Opening Checklist,daily_checklist,Mohit Iyer,2026-07-20,2026-07-20,Yes,2026-07
521,102,35,2026-07-20 23:23:00,87.5,80.0,4.0,Ira Bose,Crew Member,Pune - Kothrud,Pune,Maharashtra,Closing Checklist,daily_checklist,Mohit Iyer,2026-07-20,2026-07-20,Yes,2026-07
522,101,35,2026-07-21 09:32:00,87.5,80.0,4.0,Ira Bose,Crew Member,Pune - Kothrud,Pune,Maharashtra,Opening Checklist,daily_checklist,Mohit Iyer,2026-07-21,2026-07-20,Yes,2026-07
523,102,9,2026-07-21 22:55:00,87.5,80.0,4.0,Yash Rao,Store Manager,Pune - Kothrud,Pune,Maharashtra,Closing Checklist,daily_checklist,Mohit Iyer,2026-07-21,2026-07-20,Yes,2026-07
524,101,37,2026-07-22 09:24:00,50.0,80.0,4.0,Varun Pillai,Crew Member,Pune - Kothrud,Pune,Maharashtra,Opening Checklist,daily_checklist,Mohit Iyer,2026-07-22,2026-07-20,No,2026-07
525,102,35,2026-07-22 22:47:00,75.0,80.0,4.0,Ira Bose,Crew Member,Pune - Kothrud,Pune,Maharashtra,Closing Checklist,daily_checklist,Mohit Iyer,2026-07-22,2026-07-20,No,2026-07
526,102,36,2026-07-23 21:22:00,62.5,80.0,4.0,Sanjay Menon,Crew Member,Pune - Kothrud,Pune,Maharashtra,Closing Checklist,daily_checklist,Mohit Iyer,2026-07-23,2026-07-20,No,2026-07
527,101,37,2026-07-24 09:47:00,50.0,80.0,4.0,Varun Pillai,Crew Member,Pune - Kothrud,Pune,Maharashtra,Opening Checklist,daily_checklist,Mohit Iyer,2026-07-24,2026-07-20,No,2026-07
528,101,37,2026-07-25 07:02:00,75.0,80.0,4.0,Varun Pillai,Crew Member,Pune - Kothrud,Pune,Maharashtra,Opening Checklist,daily_checklist,Mohit Iyer,2026-07-25,2026-07-20,No,2026-07
529,101,36,2026-07-26 09:21:00,62.5,80.0,4.0,Sanjay Menon,Crew Member,Pune - Kothrud,Pune,Maharashtra,Opening Checklist,daily_checklist,Mohit Iyer,2026-07-26,2026-07-20,No,2026-07
530,102,9,2026-07-26 23:29:00,87.5,80.0,4.0,Yash Rao,Store Manager,Pune - Kothrud,Pune,Maharashtra,Closing Checklist,daily_checklist,Mohit Iyer,2026-07-26,2026-07-20,Yes,2026-07
531,102,9,2026-07-27 21:04:00,62.5,80.0,4.0,Yash Rao,Store Manager,Pune - Kothrud,Pune,Maharashtra,Closing Checklist,daily_checklist,Mohit Iyer,2026-07-27,2026-07-27,No,2026-07
532,102,35,2026-07-28 22:12:00,50.0,80.0,4.0,Ira Bose,Crew Member,Pune - Kothrud,Pune,Maharashtra,Closing Checklist,daily_checklist,Mohit Iyer,2026-07-28,2026-07-27,No,2026-07
533,102,37,2026-07-29 21:20:00,100.0,80.0,4.0,Varun Pillai,Crew Member,Pune - Kothrud,Pune,Maharashtra,Closing Checklist,daily_checklist,Mohit Iyer,2026-07-29,2026-07-27,Yes,2026-07
534,102,9,2026-07-30 22:52:00,75.0,80.0,4.0,Yash Rao,Store Manager,Pune - Kothrud,Pune,Maharashtra,Closing Checklist,daily_checklist,Mohit Iyer,2026-07-30,2026-07-27,No,2026-07
535,102,36,2026-07-31 21:48:00,37.5,80.0,4.0,Sanjay Menon,Crew Member,Pune - Kothrud,Pune,Maharashtra,Closing Checklist,daily_checklist,Mohit Iyer,2026-07-31,2026-07-27,No,2026-07
536,101,35,2026-08-01 08:55:00,75.0,80.0,4.0,Ira Bose,Crew Member,Pune - Kothrud,Pune,Maharashtra,Opening Checklist,daily_checklist,Mohit Iyer,2026-08-01,2026-07-27,No,2026-08
537,101,37,2026-08-02 09:21:00,62.5,80.0,4.0,Varun Pillai,Crew Member,Pune - Kothrud,Pune,Maharashtra,Opening Checklist,daily_checklist,Mohit Iyer,2026-08-02,2026-07-27,No,2026-08
538,101,37,2026-08-04 07:51:00,87.5,80.0,4.0,Varun Pillai,Crew Member,Pune - Kothrud,Pune,Maharashtra,Opening Checklist,daily_checklist,Mohit Iyer,2026-08-04,2026-08-03,Yes,2026-08
539,102,9,2026-08-04 22:56:00,62.5,80.0,4.0,Yash Rao,Store Manager,Pune - Kothrud,Pune,Maharashtra,Closing Checklist,daily_checklist,Mohit Iyer,2026-08-04,2026-08-03,No,2026-08
540,101,36,2026-08-05 08:21:00,62.5,80.0,4.0,Sanjay Menon,Crew Member,Pune - Kothrud,Pune,Maharashtra,Opening Checklist,daily_checklist,Mohit Iyer,2026-08-05,2026-08-03,No,2026-08
541,102,9,2026-08-05 22:44:00,75.0,80.0,4.0,Yash Rao,Store Manager,Pune - Kothrud,Pune,Maharashtra,Closing Checklist,daily_checklist,Mohit Iyer,2026-08-05,2026-08-03,No,2026-08
542,101,35,2026-08-07 09:17:00,50.0,80.0,4.0,Ira Bose,Crew Member,Pune - Kothrud,Pune,Maharashtra,Opening Checklist,daily_checklist,Mohit Iyer,2026-08-07,2026-08-03,No,2026-08
543,101,35,2026-08-08 09:27:00,75.0,80.0,4.0,Ira Bose,Crew Member,Pune - Kothrud,Pune,Maharashtra,Opening Checklist,daily_checklist,Mohit Iyer,2026-08-08,2026-08-03,No,2026-08
544,102,36,2026-08-08 22:38:00,87.5,80.0,4.0,Sanjay Menon,Crew Member,Pune - Kothrud,Pune,Maharashtra,Closing Checklist,daily_checklist,Mohit Iyer,2026-08-08,2026-08-03,Yes,2026-08
545,101,35,2026-08-09 08:20:00,87.5,80.0,4.0,Ira Bose,Crew Member,Pune - Kothrud,Pune,Maharashtra,Opening Checklist,daily_checklist,Mohit Iyer,2026-08-09,2026-08-03,Yes,2026-08
546,102,37,2026-08-09 21:20:00,62.5,80.0,4.0,Varun Pillai,Crew Member,Pune - Kothrud,Pune,Maharashtra,Closing Checklist,daily_checklist,Mohit Iyer,2026-08-09,2026-08-03,No,2026-08
547,102,9,2026-08-10 22:38:00,75.0,80.0,4.0,Yash Rao,Store Manager,Pune - Kothrud,Pune,Maharashtra,Closing Checklist,daily_checklist,Mohit Iyer,2026-08-10,2026-08-10,No,2026-08
548,101,37,2026-08-11 09:28:00,62.5,80.0,4.0,Varun Pillai,Crew Member,Pune - Kothrud,Pune,Maharashtra,Opening Checklist,daily_checklist,Mohit Iyer,2026-08-11,2026-08-10,No,2026-08
549,102,37,2026-08-11 22:02:00,62.5,80.0,4.0,Varun Pillai,Crew Member,Pune - Kothrud,Pune,Maharashtra,Closing Checklist,daily_checklist,Mohit Iyer,2026-08-11,2026-08-10,No,2026-08
550,101,35,2026-08-13 08:17:00,87.5,80.0,4.0,Ira Bose,Crew Member,Pune - Kothrud,Pune,Maharashtra,Opening Checklist,daily_checklist,Mohit Iyer,2026-08-13,2026-08-10,Yes,2026-08
551,102,9,2026-08-14 21:42:00,75.0,80.0,4.0,Yash Rao,Store Manager,Pune - Kothrud,Pune,Maharashtra,Closing Checklist,daily_checklist,Mohit Iyer,2026-08-14,2026-08-10,No,2026-08
552,101,36,2026-08-15 09:51:00,62.5,80.0,4.0,Sanjay Menon,Crew Member,Pune - Kothrud,Pune,Maharashtra,Opening Checklist,daily_checklist,Mohit Iyer,2026-08-15,2026-08-10,No,2026-08
553,102,9,2026-08-15 21:09:00,87.5,80.0,4.0,Yash Rao,Store Manager,Pune - Kothrud,Pune,Maharashtra,Closing Checklist,daily_checklist,Mohit Iyer,2026-08-15,2026-08-10,Yes,2026-08
554,101,36,2026-08-16 07:04:00,75.0,80.0,4.0,Sanjay Menon,Crew Member,Pune - Kothrud,Pune,Maharashtra,Opening Checklist,daily_checklist,Mohit Iyer,2026-08-16,2026-08-10,No,2026-08
555,101,37,2026-08-17 09:23:00,62.5,80.0,4.0,Varun Pillai,Crew Member,Pune - Kothrud,Pune,Maharashtra,Opening Checklist,daily_checklist,Mohit Iyer,2026-08-17,2026-08-17,No,2026-08
556,102,35,2026-08-17 22:36:00,75.0,80.0,4.0,Ira Bose,Crew Member,Pune - Kothrud,Pune,Maharashtra,Closing Checklist,daily_checklist,Mohit Iyer,2026-08-17,2026-08-17,No,2026-08
557,101,10,2026-05-19 07:43:00,87.5,80.0,5.0,Payal Das,Store Manager,Hyderabad - Banjara Hills,Hyderabad,Telangana,Opening Checklist,daily_checklist,Mohit Iyer,2026-05-19,2026-05-18,Yes,2026-05
558,101,10,2026-05-20 08:23:00,87.5,80.0,5.0,Payal Das,Store Manager,Hyderabad - Banjara Hills,Hyderabad,Telangana,Opening Checklist,daily_checklist,Mohit Iyer,2026-05-20,2026-05-18,Yes,2026-05
559,102,39,2026-05-20 21:36:00,87.5,80.0,5.0,Vivek Kulkarni,Crew Member,Hyderabad - Banjara Hills,Hyderabad,Telangana,Closing Checklist,daily_checklist,Mohit Iyer,2026-05-20,2026-05-18,Yes,2026-05
560,101,40,2026-05-21 08:25:00,75.0,80.0,5.0,Lata Sharma,Crew Member,Hyderabad - Banjara Hills,Hyderabad,Telangana,Opening Checklist,daily_checklist,Mohit Iyer,2026-05-21,2026-05-18,No,2026-05
561,102,39,2026-05-21 23:17:00,100.0,80.0,5.0,Vivek Kulkarni,Crew Member,Hyderabad - Banjara Hills,Hyderabad,Telangana,Closing Checklist,daily_checklist,Mohit Iyer,2026-05-21,2026-05-18,Yes,2026-05
562,101,39,2026-05-22 07:47:00,87.5,80.0,5.0,Vivek Kulkarni,Crew Member,Hyderabad - Banjara Hills,Hyderabad,Telangana,Opening Checklist,daily_checklist,Mohit Iyer,2026-05-22,2026-05-18,Yes,2026-05
563,102,10,2026-05-22 22:33:00,100.0,80.0,5.0,Payal Das,Store Manager,Hyderabad - Banjara Hills,Hyderabad,Telangana,Closing Checklist,daily_checklist,Mohit Iyer,2026-05-22,2026-05-18,Yes,2026-05
564,101,40,2026-05-23 07:16:00,87.5,80.0,5.0,Lata Sharma,Crew Member,Hyderabad - Banjara Hills,Hyderabad,Telangana,Opening Checklist,daily_checklist,Mohit Iyer,2026-05-23,2026-05-18,Yes,2026-05
565,101,39,2026-05-24 09:28:00,100.0,80.0,5.0,Vivek Kulkarni,Crew Member,Hyderabad - Banjara Hills,Hyderabad,Telangana,Opening Checklist,daily_checklist,Mohit Iyer,2026-05-24,2026-05-18,Yes,2026-05
566,101,10,2026-05-25 09:18:00,100.0,80.0,5.0,Payal Das,Store Manager,Hyderabad - Banjara Hills,Hyderabad,Telangana,Opening Checklist,daily_checklist,Mohit Iyer,2026-05-25,2026-05-25,Yes,2026-05
567,102,39,2026-05-25 21:07:00,100.0,80.0,5.0,Vivek Kulkarni,Crew Member,Hyderabad - Banjara Hills,Hyderabad,Telangana,Closing Checklist,daily_checklist,Mohit Iyer,2026-05-25,2026-05-25,Yes,2026-05
568,101,10,2026-05-26 08:11:00,87.5,80.0,5.0,Payal Das,Store Manager,Hyderabad - Banjara Hills,Hyderabad,Telangana,Opening Checklist,daily_checklist,Mohit Iyer,2026-05-26,2026-05-25,Yes,2026-05
569,101,40,2026-05-27 07:51:00,87.5,80.0,5.0,Lata Sharma,Crew Member,Hyderabad - Banjara Hills,Hyderabad,Telangana,Opening Checklist,daily_checklist,Mohit Iyer,2026-05-27,2026-05-25,Yes,2026-05
570,102,38,2026-05-27 23:22:00,87.5,80.0,5.0,Anita Bhat,Crew Member,Hyderabad - Banjara Hills,Hyderabad,Telangana,Closing Checklist,daily_checklist,Mohit Iyer,2026-05-27,2026-05-25,Yes,2026-05
571,101,40,2026-05-28 09:18:00,87.5,80.0,5.0,Lata Sharma,Crew Member,Hyderabad - Banjara Hills,Hyderabad,Telangana,Opening Checklist,daily_checklist,Mohit Iyer,2026-05-28,2026-05-25,Yes,2026-05
572,102,39,2026-05-28 21:45:00,87.5,80.0,5.0,Vivek Kulkarni,Crew Member,Hyderabad - Banjara Hills,Hyderabad,Telangana,Closing Checklist,daily_checklist,Mohit Iyer,2026-05-28,2026-05-25,Yes,2026-05
573,101,38,2026-05-29 09:14:00,100.0,80.0,5.0,Anita Bhat,Crew Member,Hyderabad - Banjara Hills,Hyderabad,Telangana,Opening Checklist,daily_checklist,Mohit Iyer,2026-05-29,2026-05-25,Yes,2026-05
574,102,39,2026-05-29 21:50:00,87.5,80.0,5.0,Vivek Kulkarni,Crew Member,Hyderabad - Banjara Hills,Hyderabad,Telangana,Closing Checklist,daily_checklist,Mohit Iyer,2026-05-29,2026-05-25,Yes,2026-05
575,101,40,2026-05-30 08:01:00,100.0,80.0,5.0,Lata Sharma,Crew Member,Hyderabad - Banjara Hills,Hyderabad,Telangana,Opening Checklist,daily_checklist,Mohit Iyer,2026-05-30,2026-05-25,Yes,2026-05
576,102,40,2026-05-30 23:36:00,87.5,80.0,5.0,Lata Sharma,Crew Member,Hyderabad - Banjara Hills,Hyderabad,Telangana,Closing Checklist,daily_checklist,Mohit Iyer,2026-05-30,2026-05-25,Yes,2026-05
577,101,38,2026-05-31 09:08:00,75.0,80.0,5.0,Anita Bhat,Crew Member,Hyderabad - Banjara Hills,Hyderabad,Telangana,Opening Checklist,daily_checklist,Mohit Iyer,2026-05-31,2026-05-25,No,2026-05
578,102,10,2026-05-31 21:19:00,100.0,80.0,5.0,Payal Das,Store Manager,Hyderabad - Banjara Hills,Hyderabad,Telangana,Closing Checklist,daily_checklist,Mohit Iyer,2026-05-31,2026-05-25,Yes,2026-05
579,101,10,2026-06-01 09:26:00,87.5,80.0,5.0,Payal Das,Store Manager,Hyderabad - Banjara Hills,Hyderabad,Telangana,Opening Checklist,daily_checklist,Mohit Iyer,2026-06-01,2026-06-01,Yes,2026-06
580,101,39,2026-06-02 09:04:00,87.5,80.0,5.0,Vivek Kulkarni,Crew Member,Hyderabad - Banjara Hills,Hyderabad,Telangana,Opening Checklist,daily_checklist,Mohit Iyer,2026-06-02,2026-06-01,Yes,2026-06
581,102,38,2026-06-02 22:41:00,87.5,80.0,5.0,Anita Bhat,Crew Member,Hyderabad - Banjara Hills,Hyderabad,Telangana,Closing Checklist,daily_checklist,Mohit Iyer,2026-06-02,2026-06-01,Yes,2026-06
582,101,40,2026-06-03 08:43:00,75.0,80.0,5.0,Lata Sharma,Crew Member,Hyderabad - Banjara Hills,Hyderabad,Telangana,Opening Checklist,daily_checklist,Mohit Iyer,2026-06-03,2026-06-01,No,2026-06
583,102,39,2026-06-03 21:56:00,100.0,80.0,5.0,Vivek Kulkarni,Crew Member,Hyderabad - Banjara Hills,Hyderabad,Telangana,Closing Checklist,daily_checklist,Mohit Iyer,2026-06-03,2026-06-01,Yes,2026-06
584,101,38,2026-06-04 08:32:00,100.0,80.0,5.0,Anita Bhat,Crew Member,Hyderabad - Banjara Hills,Hyderabad,Telangana,Opening Checklist,daily_checklist,Mohit Iyer,2026-06-04,2026-06-01,Yes,2026-06
585,102,39,2026-06-04 21:33:00,87.5,80.0,5.0,Vivek Kulkarni,Crew Member,Hyderabad - Banjara Hills,Hyderabad,Telangana,Closing Checklist,daily_checklist,Mohit Iyer,2026-06-04,2026-06-01,Yes,2026-06
586,101,40,2026-06-05 07:10:00,100.0,80.0,5.0,Lata Sharma,Crew Member,Hyderabad - Banjara Hills,Hyderabad,Telangana,Opening Checklist,daily_checklist,Mohit Iyer,2026-06-05,2026-06-01,Yes,2026-06
587,102,40,2026-06-05 23:14:00,87.5,80.0,5.0,Lata Sharma,Crew Member,Hyderabad - Banjara Hills,Hyderabad,Telangana,Closing Checklist,daily_checklist,Mohit Iyer,2026-06-05,2026-06-01,Yes,2026-06
588,101,38,2026-06-06 08:54:00,87.5,80.0,5.0,Anita Bhat,Crew Member,Hyderabad - Banjara Hills,Hyderabad,Telangana,Opening Checklist,daily_checklist,Mohit Iyer,2026-06-06,2026-06-01,Yes,2026-06
589,102,40,2026-06-06 22:12:00,100.0,80.0,5.0,Lata Sharma,Crew Member,Hyderabad - Banjara Hills,Hyderabad,Telangana,Closing Checklist,daily_checklist,Mohit Iyer,2026-06-06,2026-06-01,Yes,2026-06
590,101,38,2026-06-07 09:19:00,100.0,80.0,5.0,Anita Bhat,Crew Member,Hyderabad - Banjara Hills,Hyderabad,Telangana,Opening Checklist,daily_checklist,Mohit Iyer,2026-06-07,2026-06-01,Yes,2026-06
591,102,39,2026-06-07 23:41:00,100.0,80.0,5.0,Vivek Kulkarni,Crew Member,Hyderabad - Banjara Hills,Hyderabad,Telangana,Closing Checklist,daily_checklist,Mohit Iyer,2026-06-07,2026-06-01,Yes,2026-06
592,101,39,2026-06-08 09:09:00,75.0,80.0,5.0,Vivek Kulkarni,Crew Member,Hyderabad - Banjara Hills,Hyderabad,Telangana,Opening Checklist,daily_checklist,Mohit Iyer,2026-06-08,2026-06-08,No,2026-06
593,102,40,2026-06-08 23:39:00,75.0,80.0,5.0,Lata Sharma,Crew Member,Hyderabad - Banjara Hills,Hyderabad,Telangana,Closing Checklist,daily_checklist,Mohit Iyer,2026-06-08,2026-06-08,No,2026-06
594,101,38,2026-06-09 07:52:00,87.5,80.0,5.0,Anita Bhat,Crew Member,Hyderabad - Banjara Hills,Hyderabad,Telangana,Opening Checklist,daily_checklist,Mohit Iyer,2026-06-09,2026-06-08,Yes,2026-06
595,101,40,2026-06-10 07:02:00,75.0,80.0,5.0,Lata Sharma,Crew Member,Hyderabad - Banjara Hills,Hyderabad,Telangana,Opening Checklist,daily_checklist,Mohit Iyer,2026-06-10,2026-06-08,No,2026-06
596,102,10,2026-06-10 23:13:00,87.5,80.0,5.0,Payal Das,Store Manager,Hyderabad - Banjara Hills,Hyderabad,Telangana,Closing Checklist,daily_checklist,Mohit Iyer,2026-06-10,2026-06-08,Yes,2026-06
597,101,10,2026-06-11 09:01:00,87.5,80.0,5.0,Payal Das,Store Manager,Hyderabad - Banjara Hills,Hyderabad,Telangana,Opening Checklist,daily_checklist,Mohit Iyer,2026-06-11,2026-06-08,Yes,2026-06
598,102,40,2026-06-11 23:34:00,87.5,80.0,5.0,Lata Sharma,Crew Member,Hyderabad - Banjara Hills,Hyderabad,Telangana,Closing Checklist,daily_checklist,Mohit Iyer,2026-06-11,2026-06-08,Yes,2026-06
599,101,10,2026-06-12 08:15:00,100.0,80.0,5.0,Payal Das,Store Manager,Hyderabad - Banjara Hills,Hyderabad,Telangana,Opening Checklist,daily_checklist,Mohit Iyer,2026-06-12,2026-06-08,Yes,2026-06
600,101,38,2026-06-13 08:29:00,75.0,80.0,5.0,Anita Bhat,Crew Member,Hyderabad - Banjara Hills,Hyderabad,Telangana,Opening Checklist,daily_checklist,Mohit Iyer,2026-06-13,2026-06-08,No,2026-06
601,102,39,2026-06-13 23:03:00,100.0,80.0,5.0,Vivek Kulkarni,Crew Member,Hyderabad - Banjara Hills,Hyderabad,Telangana,Closing Checklist,daily_checklist,Mohit Iyer,2026-06-13,2026-06-08,Yes,2026-06
602,101,10,2026-06-14 08:30:00,100.0,80.0,5.0,Payal Das,Store Manager,Hyderabad - Banjara Hills,Hyderabad,Telangana,Opening Checklist,daily_checklist,Mohit Iyer,2026-06-14,2026-06-08,Yes,2026-06
603,102,39,2026-06-15 21:21:00,87.5,80.0,5.0,Vivek Kulkarni,Crew Member,Hyderabad - Banjara Hills,Hyderabad,Telangana,Closing Checklist,daily_checklist,Mohit Iyer,2026-06-15,2026-06-15,Yes,2026-06
604,102,40,2026-06-16 23:20:00,87.5,80.0,5.0,Lata Sharma,Crew Member,Hyderabad - Banjara Hills,Hyderabad,Telangana,Closing Checklist,daily_checklist,Mohit Iyer,2026-06-16,2026-06-15,Yes,2026-06
605,101,40,2026-06-17 07:48:00,87.5,80.0,5.0,Lata Sharma,Crew Member,Hyderabad - Banjara Hills,Hyderabad,Telangana,Opening Checklist,daily_checklist,Mohit Iyer,2026-06-17,2026-06-15,Yes,2026-06
606,102,38,2026-06-17 23:35:00,100.0,80.0,5.0,Anita Bhat,Crew Member,Hyderabad - Banjara Hills,Hyderabad,Telangana,Closing Checklist,daily_checklist,Mohit Iyer,2026-06-17,2026-06-15,Yes,2026-06
607,101,38,2026-06-18 07:29:00,75.0,80.0,5.0,Anita Bhat,Crew Member,Hyderabad - Banjara Hills,Hyderabad,Telangana,Opening Checklist,daily_checklist,Mohit Iyer,2026-06-18,2026-06-15,No,2026-06
608,102,39,2026-06-18 22:28:00,100.0,80.0,5.0,Vivek Kulkarni,Crew Member,Hyderabad - Banjara Hills,Hyderabad,Telangana,Closing Checklist,daily_checklist,Mohit Iyer,2026-06-18,2026-06-15,Yes,2026-06
609,101,40,2026-06-19 07:03:00,50.0,80.0,5.0,Lata Sharma,Crew Member,Hyderabad - Banjara Hills,Hyderabad,Telangana,Opening Checklist,daily_checklist,Mohit Iyer,2026-06-19,2026-06-15,No,2026-06
610,102,10,2026-06-20 22:55:00,87.5,80.0,5.0,Payal Das,Store Manager,Hyderabad - Banjara Hills,Hyderabad,Telangana,Closing Checklist,daily_checklist,Mohit Iyer,2026-06-20,2026-06-15,Yes,2026-06
611,102,40,2026-06-21 21:52:00,75.0,80.0,5.0,Lata Sharma,Crew Member,Hyderabad - Banjara Hills,Hyderabad,Telangana,Closing Checklist,daily_checklist,Mohit Iyer,2026-06-21,2026-06-15,No,2026-06
612,101,39,2026-06-22 09:20:00,75.0,80.0,5.0,Vivek Kulkarni,Crew Member,Hyderabad - Banjara Hills,Hyderabad,Telangana,Opening Checklist,daily_checklist,Mohit Iyer,2026-06-22,2026-06-22,No,2026-06
613,102,10,2026-06-22 21:31:00,87.5,80.0,5.0,Payal Das,Store Manager,Hyderabad - Banjara Hills,Hyderabad,Telangana,Closing Checklist,daily_checklist,Mohit Iyer,2026-06-22,2026-06-22,Yes,2026-06
614,101,38,2026-06-23 08:31:00,75.0,80.0,5.0,Anita Bhat,Crew Member,Hyderabad - Banjara Hills,Hyderabad,Telangana,Opening Checklist,daily_checklist,Mohit Iyer,2026-06-23,2026-06-22,No,2026-06
615,101,10,2026-06-24 07:25:00,100.0,80.0,5.0,Payal Das,Store Manager,Hyderabad - Banjara Hills,Hyderabad,Telangana,Opening Checklist,daily_checklist,Mohit Iyer,2026-06-24,2026-06-22,Yes,2026-06
616,102,40,2026-06-24 21:13:00,75.0,80.0,5.0,Lata Sharma,Crew Member,Hyderabad - Banjara Hills,Hyderabad,Telangana,Closing Checklist,daily_checklist,Mohit Iyer,2026-06-24,2026-06-22,No,2026-06
617,101,10,2026-06-26 07:18:00,75.0,80.0,5.0,Payal Das,Store Manager,Hyderabad - Banjara Hills,Hyderabad,Telangana,Opening Checklist,daily_checklist,Mohit Iyer,2026-06-26,2026-06-22,No,2026-06
618,101,10,2026-06-27 09:56:00,100.0,80.0,5.0,Payal Das,Store Manager,Hyderabad - Banjara Hills,Hyderabad,Telangana,Opening Checklist,daily_checklist,Mohit Iyer,2026-06-27,2026-06-22,Yes,2026-06
619,102,38,2026-06-27 22:34:00,100.0,80.0,5.0,Anita Bhat,Crew Member,Hyderabad - Banjara Hills,Hyderabad,Telangana,Closing Checklist,daily_checklist,Mohit Iyer,2026-06-27,2026-06-22,Yes,2026-06
620,101,40,2026-06-28 08:08:00,100.0,80.0,5.0,Lata Sharma,Crew Member,Hyderabad - Banjara Hills,Hyderabad,Telangana,Opening Checklist,daily_checklist,Mohit Iyer,2026-06-28,2026-06-22,Yes,2026-06
621,102,10,2026-06-28 23:23:00,100.0,80.0,5.0,Payal Das,Store Manager,Hyderabad - Banjara Hills,Hyderabad,Telangana,Closing Checklist,daily_checklist,Mohit Iyer,2026-06-28,2026-06-22,Yes,2026-06
622,102,38,2026-06-29 21:25:00,87.5,80.0,5.0,Anita Bhat,Crew Member,Hyderabad - Banjara Hills,Hyderabad,Telangana,Closing Checklist,daily_checklist,Mohit Iyer,2026-06-29,2026-06-29,Yes,2026-06
623,101,40,2026-07-01 09:12:00,87.5,80.0,5.0,Lata Sharma,Crew Member,Hyderabad - Banjara Hills,Hyderabad,Telangana,Opening Checklist,daily_checklist,Mohit Iyer,2026-07-01,2026-06-29,Yes,2026-07
624,102,38,2026-07-01 23:18:00,100.0,80.0,5.0,Anita Bhat,Crew Member,Hyderabad - Banjara Hills,Hyderabad,Telangana,Closing Checklist,daily_checklist,Mohit Iyer,2026-07-01,2026-06-29,Yes,2026-07
625,101,40,2026-07-02 09:28:00,87.5,80.0,5.0,Lata Sharma,Crew Member,Hyderabad - Banjara Hills,Hyderabad,Telangana,Opening Checklist,daily_checklist,Mohit Iyer,2026-07-02,2026-06-29,Yes,2026-07
626,102,38,2026-07-02 23:43:00,87.5,80.0,5.0,Anita Bhat,Crew Member,Hyderabad - Banjara Hills,Hyderabad,Telangana,Closing Checklist,daily_checklist,Mohit Iyer,2026-07-02,2026-06-29,Yes,2026-07
627,101,40,2026-07-03 07:25:00,87.5,80.0,5.0,Lata Sharma,Crew Member,Hyderabad - Banjara Hills,Hyderabad,Telangana,Opening Checklist,daily_checklist,Mohit Iyer,2026-07-03,2026-06-29,Yes,2026-07
628,102,40,2026-07-03 22:35:00,100.0,80.0,5.0,Lata Sharma,Crew Member,Hyderabad - Banjara Hills,Hyderabad,Telangana,Closing Checklist,daily_checklist,Mohit Iyer,2026-07-03,2026-06-29,Yes,2026-07
629,101,10,2026-07-04 07:38:00,87.5,80.0,5.0,Payal Das,Store Manager,Hyderabad - Banjara Hills,Hyderabad,Telangana,Opening Checklist,daily_checklist,Mohit Iyer,2026-07-04,2026-06-29,Yes,2026-07
630,102,38,2026-07-04 23:02:00,87.5,80.0,5.0,Anita Bhat,Crew Member,Hyderabad - Banjara Hills,Hyderabad,Telangana,Closing Checklist,daily_checklist,Mohit Iyer,2026-07-04,2026-06-29,Yes,2026-07
631,102,40,2026-07-05 21:45:00,87.5,80.0,5.0,Lata Sharma,Crew Member,Hyderabad - Banjara Hills,Hyderabad,Telangana,Closing Checklist,daily_checklist,Mohit Iyer,2026-07-05,2026-06-29,Yes,2026-07
632,101,39,2026-07-06 09:29:00,87.5,80.0,5.0,Vivek Kulkarni,Crew Member,Hyderabad - Banjara Hills,Hyderabad,Telangana,Opening Checklist,daily_checklist,Mohit Iyer,2026-07-06,2026-07-06,Yes,2026-07
633,102,39,2026-07-06 23:57:00,87.5,80.0,5.0,Vivek Kulkarni,Crew Member,Hyderabad - Banjara Hills,Hyderabad,Telangana,Closing Checklist,daily_checklist,Mohit Iyer,2026-07-06,2026-07-06,Yes,2026-07
634,101,39,2026-07-07 09:20:00,100.0,80.0,5.0,Vivek Kulkarni,Crew Member,Hyderabad - Banjara Hills,Hyderabad,Telangana,Opening Checklist,daily_checklist,Mohit Iyer,2026-07-07,2026-07-06,Yes,2026-07
635,102,40,2026-07-07 22:39:00,87.5,80.0,5.0,Lata Sharma,Crew Member,Hyderabad - Banjara Hills,Hyderabad,Telangana,Closing Checklist,daily_checklist,Mohit Iyer,2026-07-07,2026-07-06,Yes,2026-07
636,101,10,2026-07-08 08:32:00,100.0,80.0,5.0,Payal Das,Store Manager,Hyderabad - Banjara Hills,Hyderabad,Telangana,Opening Checklist,daily_checklist,Mohit Iyer,2026-07-08,2026-07-06,Yes,2026-07
637,102,40,2026-07-08 23:36:00,87.5,80.0,5.0,Lata Sharma,Crew Member,Hyderabad - Banjara Hills,Hyderabad,Telangana,Closing Checklist,daily_checklist,Mohit Iyer,2026-07-08,2026-07-06,Yes,2026-07
638,101,40,2026-07-09 07:23:00,75.0,80.0,5.0,Lata Sharma,Crew Member,Hyderabad - Banjara Hills,Hyderabad,Telangana,Opening Checklist,daily_checklist,Mohit Iyer,2026-07-09,2026-07-06,No,2026-07
639,102,10,2026-07-09 23:07:00,100.0,80.0,5.0,Payal Das,Store Manager,Hyderabad - Banjara Hills,Hyderabad,Telangana,Closing Checklist,daily_checklist,Mohit Iyer,2026-07-09,2026-07-06,Yes,2026-07
640,101,38,2026-07-10 08:50:00,87.5,80.0,5.0,Anita Bhat,Crew Member,Hyderabad - Banjara Hills,Hyderabad,Telangana,Opening Checklist,daily_checklist,Mohit Iyer,2026-07-10,2026-07-06,Yes,2026-07
641,102,40,2026-07-10 23:30:00,87.5,80.0,5.0,Lata Sharma,Crew Member,Hyderabad - Banjara Hills,Hyderabad,Telangana,Closing Checklist,daily_checklist,Mohit Iyer,2026-07-10,2026-07-06,Yes,2026-07
642,101,38,2026-07-11 09:14:00,75.0,80.0,5.0,Anita Bhat,Crew Member,Hyderabad - Banjara Hills,Hyderabad,Telangana,Opening Checklist,daily_checklist,Mohit Iyer,2026-07-11,2026-07-06,No,2026-07
643,102,39,2026-07-11 23:30:00,75.0,80.0,5.0,Vivek Kulkarni,Crew Member,Hyderabad - Banjara Hills,Hyderabad,Telangana,Closing Checklist,daily_checklist,Mohit Iyer,2026-07-11,2026-07-06,No,2026-07
644,101,10,2026-07-12 09:46:00,75.0,80.0,5.0,Payal Das,Store Manager,Hyderabad - Banjara Hills,Hyderabad,Telangana,Opening Checklist,daily_checklist,Mohit Iyer,2026-07-12,2026-07-06,No,2026-07
645,102,39,2026-07-12 21:52:00,100.0,80.0,5.0,Vivek Kulkarni,Crew Member,Hyderabad - Banjara Hills,Hyderabad,Telangana,Closing Checklist,daily_checklist,Mohit Iyer,2026-07-12,2026-07-06,Yes,2026-07
646,101,38,2026-07-13 09:44:00,100.0,80.0,5.0,Anita Bhat,Crew Member,Hyderabad - Banjara Hills,Hyderabad,Telangana,Opening Checklist,daily_checklist,Mohit Iyer,2026-07-13,2026-07-13,Yes,2026-07
647,102,10,2026-07-13 21:01:00,75.0,80.0,5.0,Payal Das,Store Manager,Hyderabad - Banjara Hills,Hyderabad,Telangana,Closing Checklist,daily_checklist,Mohit Iyer,2026-07-13,2026-07-13,No,2026-07
648,102,10,2026-07-14 22:09:00,100.0,80.0,5.0,Payal Das,Store Manager,Hyderabad - Banjara Hills,Hyderabad,Telangana,Closing Checklist,daily_checklist,Mohit Iyer,2026-07-14,2026-07-13,Yes,2026-07
649,101,10,2026-07-15 08:32:00,75.0,80.0,5.0,Payal Das,Store Manager,Hyderabad - Banjara Hills,Hyderabad,Telangana,Opening Checklist,daily_checklist,Mohit Iyer,2026-07-15,2026-07-13,No,2026-07
650,102,38,2026-07-15 23:46:00,100.0,80.0,5.0,Anita Bhat,Crew Member,Hyderabad - Banjara Hills,Hyderabad,Telangana,Closing Checklist,daily_checklist,Mohit Iyer,2026-07-15,2026-07-13,Yes,2026-07
651,101,40,2026-07-16 09:13:00,75.0,80.0,5.0,Lata Sharma,Crew Member,Hyderabad - Banjara Hills,Hyderabad,Telangana,Opening Checklist,daily_checklist,Mohit Iyer,2026-07-16,2026-07-13,No,2026-07
652,102,10,2026-07-16 23:30:00,87.5,80.0,5.0,Payal Das,Store Manager,Hyderabad - Banjara Hills,Hyderabad,Telangana,Closing Checklist,daily_checklist,Mohit Iyer,2026-07-16,2026-07-13,Yes,2026-07
653,101,40,2026-07-17 07:29:00,100.0,80.0,5.0,Lata Sharma,Crew Member,Hyderabad - Banjara Hills,Hyderabad,Telangana,Opening Checklist,daily_checklist,Mohit Iyer,2026-07-17,2026-07-13,Yes,2026-07
654,102,40,2026-07-17 23:22:00,87.5,80.0,5.0,Lata Sharma,Crew Member,Hyderabad - Banjara Hills,Hyderabad,Telangana,Closing Checklist,daily_checklist,Mohit Iyer,2026-07-17,2026-07-13,Yes,2026-07
655,101,39,2026-07-18 08:12:00,87.5,80.0,5.0,Vivek Kulkarni,Crew Member,Hyderabad - Banjara Hills,Hyderabad,Telangana,Opening Checklist,daily_checklist,Mohit Iyer,2026-07-18,2026-07-13,Yes,2026-07
656,102,40,2026-07-18 22:35:00,87.5,80.0,5.0,Lata Sharma,Crew Member,Hyderabad - Banjara Hills,Hyderabad,Telangana,Closing Checklist,daily_checklist,Mohit Iyer,2026-07-18,2026-07-13,Yes,2026-07
657,101,40,2026-07-19 08:49:00,87.5,80.0,5.0,Lata Sharma,Crew Member,Hyderabad - Banjara Hills,Hyderabad,Telangana,Opening Checklist,daily_checklist,Mohit Iyer,2026-07-19,2026-07-13,Yes,2026-07
658,102,10,2026-07-19 23:13:00,87.5,80.0,5.0,Payal Das,Store Manager,Hyderabad - Banjara Hills,Hyderabad,Telangana,Closing Checklist,daily_checklist,Mohit Iyer,2026-07-19,2026-07-13,Yes,2026-07
659,101,40,2026-07-20 08:22:00,87.5,80.0,5.0,Lata Sharma,Crew Member,Hyderabad - Banjara Hills,Hyderabad,Telangana,Opening Checklist,daily_checklist,Mohit Iyer,2026-07-20,2026-07-20,Yes,2026-07
660,102,10,2026-07-20 22:07:00,100.0,80.0,5.0,Payal Das,Store Manager,Hyderabad - Banjara Hills,Hyderabad,Telangana,Closing Checklist,daily_checklist,Mohit Iyer,2026-07-20,2026-07-20,Yes,2026-07
661,101,39,2026-07-21 08:49:00,75.0,80.0,5.0,Vivek Kulkarni,Crew Member,Hyderabad - Banjara Hills,Hyderabad,Telangana,Opening Checklist,daily_checklist,Mohit Iyer,2026-07-21,2026-07-20,No,2026-07
662,102,40,2026-07-21 22:02:00,100.0,80.0,5.0,Lata Sharma,Crew Member,Hyderabad - Banjara Hills,Hyderabad,Telangana,Closing Checklist,daily_checklist,Mohit Iyer,2026-07-21,2026-07-20,Yes,2026-07
663,102,10,2026-07-22 22:59:00,87.5,80.0,5.0,Payal Das,Store Manager,Hyderabad - Banjara Hills,Hyderabad,Telangana,Closing Checklist,daily_checklist,Mohit Iyer,2026-07-22,2026-07-20,Yes,2026-07
664,101,39,2026-07-23 09:30:00,87.5,80.0,5.0,Vivek Kulkarni,Crew Member,Hyderabad - Banjara Hills,Hyderabad,Telangana,Opening Checklist,daily_checklist,Mohit Iyer,2026-07-23,2026-07-20,Yes,2026-07
665,102,40,2026-07-23 21:52:00,75.0,80.0,5.0,Lata Sharma,Crew Member,Hyderabad - Banjara Hills,Hyderabad,Telangana,Closing Checklist,daily_checklist,Mohit Iyer,2026-07-23,2026-07-20,No,2026-07
666,101,39,2026-07-24 09:17:00,75.0,80.0,5.0,Vivek Kulkarni,Crew Member,Hyderabad - Banjara Hills,Hyderabad,Telangana,Opening Checklist,daily_checklist,Mohit Iyer,2026-07-24,2026-07-20,No,2026-07
667,102,39,2026-07-24 21:39:00,75.0,80.0,5.0,Vivek Kulkarni,Crew Member,Hyderabad - Banjara Hills,Hyderabad,Telangana,Closing Checklist,daily_checklist,Mohit Iyer,2026-07-24,2026-07-20,No,2026-07
668,101,39,2026-07-25 07:42:00,87.5,80.0,5.0,Vivek Kulkarni,Crew Member,Hyderabad - Banjara Hills,Hyderabad,Telangana,Opening Checklist,daily_checklist,Mohit Iyer,2026-07-25,2026-07-20,Yes,2026-07
669,101,38,2026-07-26 09:14:00,87.5,80.0,5.0,Anita Bhat,Crew Member,Hyderabad - Banjara Hills,Hyderabad,Telangana,Opening Checklist,daily_checklist,Mohit Iyer,2026-07-26,2026-07-20,Yes,2026-07
670,102,40,2026-07-26 21:26:00,100.0,80.0,5.0,Lata Sharma,Crew Member,Hyderabad - Banjara Hills,Hyderabad,Telangana,Closing Checklist,daily_checklist,Mohit Iyer,2026-07-26,2026-07-20,Yes,2026-07
671,102,39,2026-07-27 21:43:00,100.0,80.0,5.0,Vivek Kulkarni,Crew Member,Hyderabad - Banjara Hills,Hyderabad,Telangana,Closing Checklist,daily_checklist,Mohit Iyer,2026-07-27,2026-07-27,Yes,2026-07
672,101,39,2026-07-28 09:59:00,100.0,80.0,5.0,Vivek Kulkarni,Crew Member,Hyderabad - Banjara Hills,Hyderabad,Telangana,Opening Checklist,daily_checklist,Mohit Iyer,2026-07-28,2026-07-27,Yes,2026-07
673,102,10,2026-07-28 22:41:00,100.0,80.0,5.0,Payal Das,Store Manager,Hyderabad - Banjara Hills,Hyderabad,Telangana,Closing Checklist,daily_checklist,Mohit Iyer,2026-07-28,2026-07-27,Yes,2026-07
674,102,40,2026-07-29 23:12:00,100.0,80.0,5.0,Lata Sharma,Crew Member,Hyderabad - Banjara Hills,Hyderabad,Telangana,Closing Checklist,daily_checklist,Mohit Iyer,2026-07-29,2026-07-27,Yes,2026-07
675,101,38,2026-07-30 08:41:00,100.0,80.0,5.0,Anita Bhat,Crew Member,Hyderabad - Banjara Hills,Hyderabad,Telangana,Opening Checklist,daily_checklist,Mohit Iyer,2026-07-30,2026-07-27,Yes,2026-07
676,102,39,2026-07-30 21:41:00,100.0,80.0,5.0,Vivek Kulkarni,Crew Member,Hyderabad - Banjara Hills,Hyderabad,Telangana,Closing Checklist,daily_checklist,Mohit Iyer,2026-07-30,2026-07-27,Yes,2026-07
677,101,38,2026-07-31 09:46:00,87.5,80.0,5.0,Anita Bhat,Crew Member,Hyderabad - Banjara Hills,Hyderabad,Telangana,Opening Checklist,daily_checklist,Mohit Iyer,2026-07-31,2026-07-27,Yes,2026-07
678,102,39,2026-07-31 21:26:00,100.0,80.0,5.0,Vivek Kulkarni,Crew Member,Hyderabad - Banjara Hills,Hyderabad,Telangana,Closing Checklist,daily_checklist,Mohit Iyer,2026-07-31,2026-07-27,Yes,2026-07
679,102,10,2026-08-01 22:50:00,75.0,80.0,5.0,Payal Das,Store Manager,Hyderabad - Banjara Hills,Hyderabad,Telangana,Closing Checklist,daily_checklist,Mohit Iyer,2026-08-01,2026-07-27,No,2026-08
680,101,40,2026-08-02 09:55:00,87.5,80.0,5.0,Lata Sharma,Crew Member,Hyderabad - Banjara Hills,Hyderabad,Telangana,Opening Checklist,daily_checklist,Mohit Iyer,2026-08-02,2026-07-27,Yes,2026-08
681,101,40,2026-08-03 07:00:00,87.5,80.0,5.0,Lata Sharma,Crew Member,Hyderabad - Banjara Hills,Hyderabad,Telangana,Opening Checklist,daily_checklist,Mohit Iyer,2026-08-03,2026-08-03,Yes,2026-08
682,102,38,2026-08-03 23:38:00,75.0,80.0,5.0,Anita Bhat,Crew Member,Hyderabad - Banjara Hills,Hyderabad,Telangana,Closing Checklist,daily_checklist,Mohit Iyer,2026-08-03,2026-08-03,No,2026-08
683,101,10,2026-08-04 08:29:00,87.5,80.0,5.0,Payal Das,Store Manager,Hyderabad - Banjara Hills,Hyderabad,Telangana,Opening Checklist,daily_checklist,Mohit Iyer,2026-08-04,2026-08-03,Yes,2026-08
684,102,10,2026-08-04 21:54:00,100.0,80.0,5.0,Payal Das,Store Manager,Hyderabad - Banjara Hills,Hyderabad,Telangana,Closing Checklist,daily_checklist,Mohit Iyer,2026-08-04,2026-08-03,Yes,2026-08
685,101,38,2026-08-05 07:51:00,87.5,80.0,5.0,Anita Bhat,Crew Member,Hyderabad - Banjara Hills,Hyderabad,Telangana,Opening Checklist,daily_checklist,Mohit Iyer,2026-08-05,2026-08-03,Yes,2026-08
686,102,10,2026-08-05 22:10:00,75.0,80.0,5.0,Payal Das,Store Manager,Hyderabad - Banjara Hills,Hyderabad,Telangana,Closing Checklist,daily_checklist,Mohit Iyer,2026-08-05,2026-08-03,No,2026-08
687,102,38,2026-08-06 23:11:00,75.0,80.0,5.0,Anita Bhat,Crew Member,Hyderabad - Banjara Hills,Hyderabad,Telangana,Closing Checklist,daily_checklist,Mohit Iyer,2026-08-06,2026-08-03,No,2026-08
688,101,39,2026-08-07 08:36:00,75.0,80.0,5.0,Vivek Kulkarni,Crew Member,Hyderabad - Banjara Hills,Hyderabad,Telangana,Opening Checklist,daily_checklist,Mohit Iyer,2026-08-07,2026-08-03,No,2026-08
689,102,10,2026-08-08 21:39:00,87.5,80.0,5.0,Payal Das,Store Manager,Hyderabad - Banjara Hills,Hyderabad,Telangana,Closing Checklist,daily_checklist,Mohit Iyer,2026-08-08,2026-08-03,Yes,2026-08
690,101,38,2026-08-09 09:20:00,87.5,80.0,5.0,Anita Bhat,Crew Member,Hyderabad - Banjara Hills,Hyderabad,Telangana,Opening Checklist,daily_checklist,Mohit Iyer,2026-08-09,2026-08-03,Yes,2026-08
691,102,38,2026-08-09 22:42:00,100.0,80.0,5.0,Anita Bhat,Crew Member,Hyderabad - Banjara Hills,Hyderabad,Telangana,Closing Checklist,daily_checklist,Mohit Iyer,2026-08-09,2026-08-03,Yes,2026-08
692,101,40,2026-08-10 07:30:00,87.5,80.0,5.0,Lata Sharma,Crew Member,Hyderabad - Banjara Hills,Hyderabad,Telangana,Opening Checklist,daily_checklist,Mohit Iyer,2026-08-10,2026-08-10,Yes,2026-08
693,102,40,2026-08-10 21:00:00,75.0,80.0,5.0,Lata Sharma,Crew Member,Hyderabad - Banjara Hills,Hyderabad,Telangana,Closing Checklist,daily_checklist,Mohit Iyer,2026-08-10,2026-08-10,No,2026-08
694,101,40,2026-08-11 07:28:00,87.5,80.0,5.0,Lata Sharma,Crew Member,Hyderabad - Banjara Hills,Hyderabad,Telangana,Opening Checklist,daily_checklist,Mohit Iyer,2026-08-11,2026-08-10,Yes,2026-08
695,102,38,2026-08-11 22:19:00,75.0,80.0,5.0,Anita Bhat,Crew Member,Hyderabad - Banjara Hills,Hyderabad,Telangana,Closing Checklist,daily_checklist,Mohit Iyer,2026-08-11,2026-08-10,No,2026-08
696,101,39,2026-08-12 09:23:00,100.0,80.0,5.0,Vivek Kulkarni,Crew Member,Hyderabad - Banjara Hills,Hyderabad,Telangana,Opening Checklist,daily_checklist,Mohit Iyer,2026-08-12,2026-08-10,Yes,2026-08
697,102,38,2026-08-12 21:42:00,87.5,80.0,5.0,Anita Bhat,Crew Member,Hyderabad - Banjara Hills,Hyderabad,Telangana,Closing Checklist,daily_checklist,Mohit Iyer,2026-08-12,2026-08-10,Yes,2026-08
698,101,10,2026-08-13 08:10:00,87.5,80.0,5.0,Payal Das,Store Manager,Hyderabad - Banjara Hills,Hyderabad,Telangana,Opening Checklist,daily_checklist,Mohit Iyer,2026-08-13,2026-08-10,Yes,2026-08
699,102,40,2026-08-13 23:32:00,75.0,80.0,5.0,Lata Sharma,Crew Member,Hyderabad - Banjara Hills,Hyderabad,Telangana,Closing Checklist,daily_checklist,Mohit Iyer,2026-08-13,2026-08-10,No,2026-08
700,101,40,2026-08-14 09:58:00,87.5,80.0,5.0,Lata Sharma,Crew Member,Hyderabad - Banjara Hills,Hyderabad,Telangana,Opening Checklist,daily_checklist,Mohit Iyer,2026-08-14,2026-08-10,Yes,2026-08
701,102,39,2026-08-14 22:39:00,100.0,80.0,5.0,Vivek Kulkarni,Crew Member,Hyderabad - Banjara Hills,Hyderabad,Telangana,Closing Checklist,daily_checklist,Mohit Iyer,2026-08-14,2026-08-10,Yes,2026-08
702,101,39,2026-08-15 07:30:00,87.5,80.0,5.0,Vivek Kulkarni,Crew Member,Hyderabad - Banjara Hills,Hyderabad,Telangana,Opening Checklist,daily_checklist,Mohit Iyer,2026-08-15,2026-08-10,Yes,2026-08
703,102,40,2026-08-15 22:47:00,87.5,80.0,5.0,Lata Sharma,Crew Member,Hyderabad - Banjara Hills,Hyderabad,Telangana,Closing Checklist,daily_checklist,Mohit Iyer,2026-08-15,2026-08-10,Yes,2026-08
704,101,10,2026-08-16 09:35:00,100.0,80.0,5.0,Payal Das,Store Manager,Hyderabad - Banjara Hills,Hyderabad,Telangana,Opening Checklist,daily_checklist,Mohit Iyer,2026-08-16,2026-08-10,Yes,2026-08
705,102,39,2026-08-16 23:51:00,75.0,80.0,5.0,Vivek Kulkarni,Crew Member,Hyderabad - Banjara Hills,Hyderabad,Telangana,Closing Checklist,daily_checklist,Mohit Iyer,2026-08-16,2026-08-10,No,2026-08
706,101,38,2026-08-17 09:48:00,87.5,80.0,5.0,Anita Bhat,Crew Member,Hyderabad - Banjara Hills,Hyderabad,Telangana,Opening Checklist,daily_checklist,Mohit Iyer,2026-08-17,2026-08-17,Yes,2026-08
707,102,40,2026-08-17 23:28:00,87.5,80.0,5.0,Lata Sharma,Crew Member,Hyderabad - Banjara Hills,Hyderabad,Telangana,Closing Checklist,daily_checklist,Mohit Iyer,2026-08-17,2026-08-17,Yes,2026-08
708,101,41,2026-05-19 09:07:00,75.0,80.0,6.0,Rajat Verma,Crew Member,Chennai - T Nagar,Chennai,Tamil Nadu,Opening Checklist,daily_checklist,Priya Nair,2026-05-19,2026-05-18,No,2026-05
709,102,42,2026-05-19 23:57:00,87.5,80.0,6.0,Tarun Iyer,Crew Member,Chennai - T Nagar,Chennai,Tamil Nadu,Closing Checklist,daily_checklist,Priya Nair,2026-05-19,2026-05-18,Yes,2026-05
710,102,42,2026-05-20 23:09:00,87.5,80.0,6.0,Tarun Iyer,Crew Member,Chennai - T Nagar,Chennai,Tamil Nadu,Closing Checklist,daily_checklist,Priya Nair,2026-05-20,2026-05-18,Yes,2026-05
711,101,41,2026-05-21 09:28:00,87.5,80.0,6.0,Rajat Verma,Crew Member,Chennai - T Nagar,Chennai,Tamil Nadu,Opening Checklist,daily_checklist,Priya Nair,2026-05-21,2026-05-18,Yes,2026-05
712,102,11,2026-05-21 23:13:00,62.5,80.0,6.0,Sonal Kapoor,Store Manager,Chennai - T Nagar,Chennai,Tamil Nadu,Closing Checklist,daily_checklist,Priya Nair,2026-05-21,2026-05-18,No,2026-05
713,101,41,2026-05-22 09:28:00,75.0,80.0,6.0,Rajat Verma,Crew Member,Chennai - T Nagar,Chennai,Tamil Nadu,Opening Checklist,daily_checklist,Priya Nair,2026-05-22,2026-05-18,No,2026-05
714,101,11,2026-05-23 08:08:00,75.0,80.0,6.0,Sonal Kapoor,Store Manager,Chennai - T Nagar,Chennai,Tamil Nadu,Opening Checklist,daily_checklist,Priya Nair,2026-05-23,2026-05-18,No,2026-05
715,101,41,2026-05-24 08:36:00,62.5,80.0,6.0,Rajat Verma,Crew Member,Chennai - T Nagar,Chennai,Tamil Nadu,Opening Checklist,daily_checklist,Priya Nair,2026-05-24,2026-05-18,No,2026-05
716,102,43,2026-05-24 23:29:00,87.5,80.0,6.0,Divya Nair,Crew Member,Chennai - T Nagar,Chennai,Tamil Nadu,Closing Checklist,daily_checklist,Priya Nair,2026-05-24,2026-05-18,Yes,2026-05
717,101,41,2026-05-25 08:16:00,87.5,80.0,6.0,Rajat Verma,Crew Member,Chennai - T Nagar,Chennai,Tamil Nadu,Opening Checklist,daily_checklist,Priya Nair,2026-05-25,2026-05-25,Yes,2026-05
718,102,41,2026-05-25 23:13:00,62.5,80.0,6.0,Rajat Verma,Crew Member,Chennai - T Nagar,Chennai,Tamil Nadu,Closing Checklist,daily_checklist,Priya Nair,2026-05-25,2026-05-25,No,2026-05
719,101,41,2026-05-26 08:22:00,62.5,80.0,6.0,Rajat Verma,Crew Member,Chennai - T Nagar,Chennai,Tamil Nadu,Opening Checklist,daily_checklist,Priya Nair,2026-05-26,2026-05-25,No,2026-05
720,102,41,2026-05-26 23:03:00,87.5,80.0,6.0,Rajat Verma,Crew Member,Chennai - T Nagar,Chennai,Tamil Nadu,Closing Checklist,daily_checklist,Priya Nair,2026-05-26,2026-05-25,Yes,2026-05
721,101,11,2026-05-27 07:18:00,100.0,80.0,6.0,Sonal Kapoor,Store Manager,Chennai - T Nagar,Chennai,Tamil Nadu,Opening Checklist,daily_checklist,Priya Nair,2026-05-27,2026-05-25,Yes,2026-05
722,101,42,2026-05-28 07:49:00,75.0,80.0,6.0,Tarun Iyer,Crew Member,Chennai - T Nagar,Chennai,Tamil Nadu,Opening Checklist,daily_checklist,Priya Nair,2026-05-28,2026-05-25,No,2026-05
723,102,11,2026-05-28 23:46:00,87.5,80.0,6.0,Sonal Kapoor,Store Manager,Chennai - T Nagar,Chennai,Tamil Nadu,Closing Checklist,daily_checklist,Priya Nair,2026-05-28,2026-05-25,Yes,2026-05
724,101,11,2026-05-29 08:28:00,75.0,80.0,6.0,Sonal Kapoor,Store Manager,Chennai - T Nagar,Chennai,Tamil Nadu,Opening Checklist,daily_checklist,Priya Nair,2026-05-29,2026-05-25,No,2026-05
725,101,42,2026-05-30 08:05:00,62.5,80.0,6.0,Tarun Iyer,Crew Member,Chennai - T Nagar,Chennai,Tamil Nadu,Opening Checklist,daily_checklist,Priya Nair,2026-05-30,2026-05-25,No,2026-05
726,101,43,2026-05-31 09:55:00,62.5,80.0,6.0,Divya Nair,Crew Member,Chennai - T Nagar,Chennai,Tamil Nadu,Opening Checklist,daily_checklist,Priya Nair,2026-05-31,2026-05-25,No,2026-05
727,102,11,2026-05-31 21:11:00,62.5,80.0,6.0,Sonal Kapoor,Store Manager,Chennai - T Nagar,Chennai,Tamil Nadu,Closing Checklist,daily_checklist,Priya Nair,2026-05-31,2026-05-25,No,2026-05
728,101,42,2026-06-01 07:46:00,62.5,80.0,6.0,Tarun Iyer,Crew Member,Chennai - T Nagar,Chennai,Tamil Nadu,Opening Checklist,daily_checklist,Priya Nair,2026-06-01,2026-06-01,No,2026-06
729,102,41,2026-06-01 21:48:00,75.0,80.0,6.0,Rajat Verma,Crew Member,Chennai - T Nagar,Chennai,Tamil Nadu,Closing Checklist,daily_checklist,Priya Nair,2026-06-01,2026-06-01,No,2026-06
730,101,11,2026-06-02 08:43:00,75.0,80.0,6.0,Sonal Kapoor,Store Manager,Chennai - T Nagar,Chennai,Tamil Nadu,Opening Checklist,daily_checklist,Priya Nair,2026-06-02,2026-06-01,No,2026-06
731,102,42,2026-06-02 23:24:00,87.5,80.0,6.0,Tarun Iyer,Crew Member,Chennai - T Nagar,Chennai,Tamil Nadu,Closing Checklist,daily_checklist,Priya Nair,2026-06-02,2026-06-01,Yes,2026-06
732,101,42,2026-06-03 08:22:00,62.5,80.0,6.0,Tarun Iyer,Crew Member,Chennai - T Nagar,Chennai,Tamil Nadu,Opening Checklist,daily_checklist,Priya Nair,2026-06-03,2026-06-01,No,2026-06
733,102,41,2026-06-03 22:12:00,75.0,80.0,6.0,Rajat Verma,Crew Member,Chennai - T Nagar,Chennai,Tamil Nadu,Closing Checklist,daily_checklist,Priya Nair,2026-06-03,2026-06-01,No,2026-06
734,101,41,2026-06-04 09:26:00,50.0,80.0,6.0,Rajat Verma,Crew Member,Chennai - T Nagar,Chennai,Tamil Nadu,Opening Checklist,daily_checklist,Priya Nair,2026-06-04,2026-06-01,No,2026-06
735,102,41,2026-06-04 21:13:00,75.0,80.0,6.0,Rajat Verma,Crew Member,Chennai - T Nagar,Chennai,Tamil Nadu,Closing Checklist,daily_checklist,Priya Nair,2026-06-04,2026-06-01,No,2026-06
736,101,11,2026-06-05 09:02:00,100.0,80.0,6.0,Sonal Kapoor,Store Manager,Chennai - T Nagar,Chennai,Tamil Nadu,Opening Checklist,daily_checklist,Priya Nair,2026-06-05,2026-06-01,Yes,2026-06
737,102,41,2026-06-05 23:43:00,87.5,80.0,6.0,Rajat Verma,Crew Member,Chennai - T Nagar,Chennai,Tamil Nadu,Closing Checklist,daily_checklist,Priya Nair,2026-06-05,2026-06-01,Yes,2026-06
738,101,11,2026-06-06 09:02:00,75.0,80.0,6.0,Sonal Kapoor,Store Manager,Chennai - T Nagar,Chennai,Tamil Nadu,Opening Checklist,daily_checklist,Priya Nair,2026-06-06,2026-06-01,No,2026-06
739,102,42,2026-06-06 22:14:00,100.0,80.0,6.0,Tarun Iyer,Crew Member,Chennai - T Nagar,Chennai,Tamil Nadu,Closing Checklist,daily_checklist,Priya Nair,2026-06-06,2026-06-01,Yes,2026-06
740,101,43,2026-06-07 07:32:00,87.5,80.0,6.0,Divya Nair,Crew Member,Chennai - T Nagar,Chennai,Tamil Nadu,Opening Checklist,daily_checklist,Priya Nair,2026-06-07,2026-06-01,Yes,2026-06
741,102,43,2026-06-07 21:52:00,87.5,80.0,6.0,Divya Nair,Crew Member,Chennai - T Nagar,Chennai,Tamil Nadu,Closing Checklist,daily_checklist,Priya Nair,2026-06-07,2026-06-01,Yes,2026-06
742,101,43,2026-06-08 09:49:00,75.0,80.0,6.0,Divya Nair,Crew Member,Chennai - T Nagar,Chennai,Tamil Nadu,Opening Checklist,daily_checklist,Priya Nair,2026-06-08,2026-06-08,No,2026-06
743,102,42,2026-06-08 21:19:00,87.5,80.0,6.0,Tarun Iyer,Crew Member,Chennai - T Nagar,Chennai,Tamil Nadu,Closing Checklist,daily_checklist,Priya Nair,2026-06-08,2026-06-08,Yes,2026-06
744,101,43,2026-06-09 07:26:00,75.0,80.0,6.0,Divya Nair,Crew Member,Chennai - T Nagar,Chennai,Tamil Nadu,Opening Checklist,daily_checklist,Priya Nair,2026-06-09,2026-06-08,No,2026-06
745,102,42,2026-06-09 22:03:00,62.5,80.0,6.0,Tarun Iyer,Crew Member,Chennai - T Nagar,Chennai,Tamil Nadu,Closing Checklist,daily_checklist,Priya Nair,2026-06-09,2026-06-08,No,2026-06
746,101,41,2026-06-10 09:31:00,62.5,80.0,6.0,Rajat Verma,Crew Member,Chennai - T Nagar,Chennai,Tamil Nadu,Opening Checklist,daily_checklist,Priya Nair,2026-06-10,2026-06-08,No,2026-06
747,102,11,2026-06-10 22:41:00,87.5,80.0,6.0,Sonal Kapoor,Store Manager,Chennai - T Nagar,Chennai,Tamil Nadu,Closing Checklist,daily_checklist,Priya Nair,2026-06-10,2026-06-08,Yes,2026-06
748,101,11,2026-06-11 08:44:00,75.0,80.0,6.0,Sonal Kapoor,Store Manager,Chennai - T Nagar,Chennai,Tamil Nadu,Opening Checklist,daily_checklist,Priya Nair,2026-06-11,2026-06-08,No,2026-06
749,102,43,2026-06-11 22:09:00,75.0,80.0,6.0,Divya Nair,Crew Member,Chennai - T Nagar,Chennai,Tamil Nadu,Closing Checklist,daily_checklist,Priya Nair,2026-06-11,2026-06-08,No,2026-06
750,101,11,2026-06-12 07:48:00,75.0,80.0,6.0,Sonal Kapoor,Store Manager,Chennai - T Nagar,Chennai,Tamil Nadu,Opening Checklist,daily_checklist,Priya Nair,2026-06-12,2026-06-08,No,2026-06
751,102,42,2026-06-12 21:54:00,75.0,80.0,6.0,Tarun Iyer,Crew Member,Chennai - T Nagar,Chennai,Tamil Nadu,Closing Checklist,daily_checklist,Priya Nair,2026-06-12,2026-06-08,No,2026-06
752,101,11,2026-06-13 09:09:00,100.0,80.0,6.0,Sonal Kapoor,Store Manager,Chennai - T Nagar,Chennai,Tamil Nadu,Opening Checklist,daily_checklist,Priya Nair,2026-06-13,2026-06-08,Yes,2026-06
753,102,11,2026-06-13 21:35:00,75.0,80.0,6.0,Sonal Kapoor,Store Manager,Chennai - T Nagar,Chennai,Tamil Nadu,Closing Checklist,daily_checklist,Priya Nair,2026-06-13,2026-06-08,No,2026-06
754,101,42,2026-06-14 09:33:00,75.0,80.0,6.0,Tarun Iyer,Crew Member,Chennai - T Nagar,Chennai,Tamil Nadu,Opening Checklist,daily_checklist,Priya Nair,2026-06-14,2026-06-08,No,2026-06
755,102,43,2026-06-14 22:15:00,100.0,80.0,6.0,Divya Nair,Crew Member,Chennai - T Nagar,Chennai,Tamil Nadu,Closing Checklist,daily_checklist,Priya Nair,2026-06-14,2026-06-08,Yes,2026-06
756,102,41,2026-06-15 22:41:00,100.0,80.0,6.0,Rajat Verma,Crew Member,Chennai - T Nagar,Chennai,Tamil Nadu,Closing Checklist,daily_checklist,Priya Nair,2026-06-15,2026-06-15,Yes,2026-06
757,101,42,2026-06-16 08:05:00,75.0,80.0,6.0,Tarun Iyer,Crew Member,Chennai - T Nagar,Chennai,Tamil Nadu,Opening Checklist,daily_checklist,Priya Nair,2026-06-16,2026-06-15,No,2026-06
758,102,11,2026-06-16 21:17:00,50.0,80.0,6.0,Sonal Kapoor,Store Manager,Chennai - T Nagar,Chennai,Tamil Nadu,Closing Checklist,daily_checklist,Priya Nair,2026-06-16,2026-06-15,No,2026-06
759,102,41,2026-06-17 23:02:00,87.5,80.0,6.0,Rajat Verma,Crew Member,Chennai - T Nagar,Chennai,Tamil Nadu,Closing Checklist,daily_checklist,Priya Nair,2026-06-17,2026-06-15,Yes,2026-06
760,101,42,2026-06-18 09:46:00,100.0,80.0,6.0,Tarun Iyer,Crew Member,Chennai - T Nagar,Chennai,Tamil Nadu,Opening Checklist,daily_checklist,Priya Nair,2026-06-18,2026-06-15,Yes,2026-06
761,102,43,2026-06-18 22:13:00,75.0,80.0,6.0,Divya Nair,Crew Member,Chennai - T Nagar,Chennai,Tamil Nadu,Closing Checklist,daily_checklist,Priya Nair,2026-06-18,2026-06-15,No,2026-06
762,101,42,2026-06-19 07:13:00,75.0,80.0,6.0,Tarun Iyer,Crew Member,Chennai - T Nagar,Chennai,Tamil Nadu,Opening Checklist,daily_checklist,Priya Nair,2026-06-19,2026-06-15,No,2026-06
763,101,11,2026-06-20 09:07:00,87.5,80.0,6.0,Sonal Kapoor,Store Manager,Chennai - T Nagar,Chennai,Tamil Nadu,Opening Checklist,daily_checklist,Priya Nair,2026-06-20,2026-06-15,Yes,2026-06
764,102,42,2026-06-20 21:44:00,75.0,80.0,6.0,Tarun Iyer,Crew Member,Chennai - T Nagar,Chennai,Tamil Nadu,Closing Checklist,daily_checklist,Priya Nair,2026-06-20,2026-06-15,No,2026-06
765,101,43,2026-06-21 07:35:00,62.5,80.0,6.0,Divya Nair,Crew Member,Chennai - T Nagar,Chennai,Tamil Nadu,Opening Checklist,daily_checklist,Priya Nair,2026-06-21,2026-06-15,No,2026-06
766,102,11,2026-06-21 22:24:00,87.5,80.0,6.0,Sonal Kapoor,Store Manager,Chennai - T Nagar,Chennai,Tamil Nadu,Closing Checklist,daily_checklist,Priya Nair,2026-06-21,2026-06-15,Yes,2026-06
767,102,43,2026-06-22 23:22:00,87.5,80.0,6.0,Divya Nair,Crew Member,Chennai - T Nagar,Chennai,Tamil Nadu,Closing Checklist,daily_checklist,Priya Nair,2026-06-22,2026-06-22,Yes,2026-06
768,101,11,2026-06-23 08:32:00,87.5,80.0,6.0,Sonal Kapoor,Store Manager,Chennai - T Nagar,Chennai,Tamil Nadu,Opening Checklist,daily_checklist,Priya Nair,2026-06-23,2026-06-22,Yes,2026-06
769,102,11,2026-06-23 22:06:00,87.5,80.0,6.0,Sonal Kapoor,Store Manager,Chennai - T Nagar,Chennai,Tamil Nadu,Closing Checklist,daily_checklist,Priya Nair,2026-06-23,2026-06-22,Yes,2026-06
770,101,43,2026-06-24 07:23:00,25.0,80.0,6.0,Divya Nair,Crew Member,Chennai - T Nagar,Chennai,Tamil Nadu,Opening Checklist,daily_checklist,Priya Nair,2026-06-24,2026-06-22,No,2026-06
771,102,42,2026-06-24 22:02:00,100.0,80.0,6.0,Tarun Iyer,Crew Member,Chennai - T Nagar,Chennai,Tamil Nadu,Closing Checklist,daily_checklist,Priya Nair,2026-06-24,2026-06-22,Yes,2026-06
772,101,11,2026-06-25 07:16:00,87.5,80.0,6.0,Sonal Kapoor,Store Manager,Chennai - T Nagar,Chennai,Tamil Nadu,Opening Checklist,daily_checklist,Priya Nair,2026-06-25,2026-06-22,Yes,2026-06
773,102,42,2026-06-25 22:09:00,37.5,80.0,6.0,Tarun Iyer,Crew Member,Chennai - T Nagar,Chennai,Tamil Nadu,Closing Checklist,daily_checklist,Priya Nair,2026-06-25,2026-06-22,No,2026-06
774,101,42,2026-06-26 07:24:00,75.0,80.0,6.0,Tarun Iyer,Crew Member,Chennai - T Nagar,Chennai,Tamil Nadu,Opening Checklist,daily_checklist,Priya Nair,2026-06-26,2026-06-22,No,2026-06
775,102,43,2026-06-26 22:35:00,87.5,80.0,6.0,Divya Nair,Crew Member,Chennai - T Nagar,Chennai,Tamil Nadu,Closing Checklist,daily_checklist,Priya Nair,2026-06-26,2026-06-22,Yes,2026-06
776,101,11,2026-06-27 08:46:00,62.5,80.0,6.0,Sonal Kapoor,Store Manager,Chennai - T Nagar,Chennai,Tamil Nadu,Opening Checklist,daily_checklist,Priya Nair,2026-06-27,2026-06-22,No,2026-06
777,102,43,2026-06-27 22:10:00,87.5,80.0,6.0,Divya Nair,Crew Member,Chennai - T Nagar,Chennai,Tamil Nadu,Closing Checklist,daily_checklist,Priya Nair,2026-06-27,2026-06-22,Yes,2026-06
778,101,11,2026-06-28 07:46:00,62.5,80.0,6.0,Sonal Kapoor,Store Manager,Chennai - T Nagar,Chennai,Tamil Nadu,Opening Checklist,daily_checklist,Priya Nair,2026-06-28,2026-06-22,No,2026-06
779,102,41,2026-06-28 21:58:00,75.0,80.0,6.0,Rajat Verma,Crew Member,Chennai - T Nagar,Chennai,Tamil Nadu,Closing Checklist,daily_checklist,Priya Nair,2026-06-28,2026-06-22,No,2026-06
780,101,41,2026-06-29 07:53:00,87.5,80.0,6.0,Rajat Verma,Crew Member,Chennai - T Nagar,Chennai,Tamil Nadu,Opening Checklist,daily_checklist,Priya Nair,2026-06-29,2026-06-29,Yes,2026-06
781,101,41,2026-06-30 09:03:00,50.0,80.0,6.0,Rajat Verma,Crew Member,Chennai - T Nagar,Chennai,Tamil Nadu,Opening Checklist,daily_checklist,Priya Nair,2026-06-30,2026-06-29,No,2026-06
782,102,42,2026-06-30 22:08:00,75.0,80.0,6.0,Tarun Iyer,Crew Member,Chennai - T Nagar,Chennai,Tamil Nadu,Closing Checklist,daily_checklist,Priya Nair,2026-06-30,2026-06-29,No,2026-06
783,101,41,2026-07-01 09:09:00,87.5,80.0,6.0,Rajat Verma,Crew Member,Chennai - T Nagar,Chennai,Tamil Nadu,Opening Checklist,daily_checklist,Priya Nair,2026-07-01,2026-06-29,Yes,2026-07
784,102,11,2026-07-02 21:32:00,62.5,80.0,6.0,Sonal Kapoor,Store Manager,Chennai - T Nagar,Chennai,Tamil Nadu,Closing Checklist,daily_checklist,Priya Nair,2026-07-02,2026-06-29,No,2026-07
785,102,11,2026-07-03 21:39:00,100.0,80.0,6.0,Sonal Kapoor,Store Manager,Chennai - T Nagar,Chennai,Tamil Nadu,Closing Checklist,daily_checklist,Priya Nair,2026-07-03,2026-06-29,Yes,2026-07
786,102,11,2026-07-04 21:00:00,75.0,80.0,6.0,Sonal Kapoor,Store Manager,Chennai - T Nagar,Chennai,Tamil Nadu,Closing Checklist,daily_checklist,Priya Nair,2026-07-04,2026-06-29,No,2026-07
787,102,43,2026-07-05 21:33:00,75.0,80.0,6.0,Divya Nair,Crew Member,Chennai - T Nagar,Chennai,Tamil Nadu,Closing Checklist,daily_checklist,Priya Nair,2026-07-05,2026-06-29,No,2026-07
788,101,11,2026-07-06 08:01:00,75.0,80.0,6.0,Sonal Kapoor,Store Manager,Chennai - T Nagar,Chennai,Tamil Nadu,Opening Checklist,daily_checklist,Priya Nair,2026-07-06,2026-07-06,No,2026-07
789,102,41,2026-07-06 21:06:00,87.5,80.0,6.0,Rajat Verma,Crew Member,Chennai - T Nagar,Chennai,Tamil Nadu,Closing Checklist,daily_checklist,Priya Nair,2026-07-06,2026-07-06,Yes,2026-07
790,101,42,2026-07-07 07:15:00,87.5,80.0,6.0,Tarun Iyer,Crew Member,Chennai - T Nagar,Chennai,Tamil Nadu,Opening Checklist,daily_checklist,Priya Nair,2026-07-07,2026-07-06,Yes,2026-07
791,102,43,2026-07-07 23:33:00,100.0,80.0,6.0,Divya Nair,Crew Member,Chennai - T Nagar,Chennai,Tamil Nadu,Closing Checklist,daily_checklist,Priya Nair,2026-07-07,2026-07-06,Yes,2026-07
792,101,11,2026-07-08 08:50:00,75.0,80.0,6.0,Sonal Kapoor,Store Manager,Chennai - T Nagar,Chennai,Tamil Nadu,Opening Checklist,daily_checklist,Priya Nair,2026-07-08,2026-07-06,No,2026-07
793,101,11,2026-07-09 07:23:00,62.5,80.0,6.0,Sonal Kapoor,Store Manager,Chennai - T Nagar,Chennai,Tamil Nadu,Opening Checklist,daily_checklist,Priya Nair,2026-07-09,2026-07-06,No,2026-07
794,102,42,2026-07-09 22:36:00,62.5,80.0,6.0,Tarun Iyer,Crew Member,Chennai - T Nagar,Chennai,Tamil Nadu,Closing Checklist,daily_checklist,Priya Nair,2026-07-09,2026-07-06,No,2026-07
795,101,41,2026-07-10 08:43:00,75.0,80.0,6.0,Rajat Verma,Crew Member,Chennai - T Nagar,Chennai,Tamil Nadu,Opening Checklist,daily_checklist,Priya Nair,2026-07-10,2026-07-06,No,2026-07
796,102,41,2026-07-10 23:54:00,62.5,80.0,6.0,Rajat Verma,Crew Member,Chennai - T Nagar,Chennai,Tamil Nadu,Closing Checklist,daily_checklist,Priya Nair,2026-07-10,2026-07-06,No,2026-07
797,101,11,2026-07-11 08:24:00,87.5,80.0,6.0,Sonal Kapoor,Store Manager,Chennai - T Nagar,Chennai,Tamil Nadu,Opening Checklist,daily_checklist,Priya Nair,2026-07-11,2026-07-06,Yes,2026-07
798,102,41,2026-07-12 23:30:00,75.0,80.0,6.0,Rajat Verma,Crew Member,Chennai - T Nagar,Chennai,Tamil Nadu,Closing Checklist,daily_checklist,Priya Nair,2026-07-12,2026-07-06,No,2026-07
799,102,41,2026-07-13 23:10:00,75.0,80.0,6.0,Rajat Verma,Crew Member,Chennai - T Nagar,Chennai,Tamil Nadu,Closing Checklist,daily_checklist,Priya Nair,2026-07-13,2026-07-13,No,2026-07
800,101,43,2026-07-14 08:41:00,62.5,80.0,6.0,Divya Nair,Crew Member,Chennai - T Nagar,Chennai,Tamil Nadu,Opening Checklist,daily_checklist,Priya Nair,2026-07-14,2026-07-13,No,2026-07
801,102,41,2026-07-15 23:54:00,75.0,80.0,6.0,Rajat Verma,Crew Member,Chennai - T Nagar,Chennai,Tamil Nadu,Closing Checklist,daily_checklist,Priya Nair,2026-07-15,2026-07-13,No,2026-07
802,101,42,2026-07-16 07:14:00,87.5,80.0,6.0,Tarun Iyer,Crew Member,Chennai - T Nagar,Chennai,Tamil Nadu,Opening Checklist,daily_checklist,Priya Nair,2026-07-16,2026-07-13,Yes,2026-07
803,101,11,2026-07-17 09:56:00,75.0,80.0,6.0,Sonal Kapoor,Store Manager,Chennai - T Nagar,Chennai,Tamil Nadu,Opening Checklist,daily_checklist,Priya Nair,2026-07-17,2026-07-13,No,2026-07
804,102,41,2026-07-17 22:02:00,87.5,80.0,6.0,Rajat Verma,Crew Member,Chennai - T Nagar,Chennai,Tamil Nadu,Closing Checklist,daily_checklist,Priya Nair,2026-07-17,2026-07-13,Yes,2026-07
805,101,41,2026-07-18 09:36:00,100.0,80.0,6.0,Rajat Verma,Crew Member,Chennai - T Nagar,Chennai,Tamil Nadu,Opening Checklist,daily_checklist,Priya Nair,2026-07-18,2026-07-13,Yes,2026-07
806,102,43,2026-07-18 21:59:00,75.0,80.0,6.0,Divya Nair,Crew Member,Chennai - T Nagar,Chennai,Tamil Nadu,Closing Checklist,daily_checklist,Priya Nair,2026-07-18,2026-07-13,No,2026-07
807,101,42,2026-07-19 07:37:00,100.0,80.0,6.0,Tarun Iyer,Crew Member,Chennai - T Nagar,Chennai,Tamil Nadu,Opening Checklist,daily_checklist,Priya Nair,2026-07-19,2026-07-13,Yes,2026-07
808,102,11,2026-07-19 23:52:00,62.5,80.0,6.0,Sonal Kapoor,Store Manager,Chennai - T Nagar,Chennai,Tamil Nadu,Closing Checklist,daily_checklist,Priya Nair,2026-07-19,2026-07-13,No,2026-07
809,102,42,2026-07-20 22:10:00,87.5,80.0,6.0,Tarun Iyer,Crew Member,Chennai - T Nagar,Chennai,Tamil Nadu,Closing Checklist,daily_checklist,Priya Nair,2026-07-20,2026-07-20,Yes,2026-07
810,101,43,2026-07-21 08:43:00,100.0,80.0,6.0,Divya Nair,Crew Member,Chennai - T Nagar,Chennai,Tamil Nadu,Opening Checklist,daily_checklist,Priya Nair,2026-07-21,2026-07-20,Yes,2026-07
811,102,42,2026-07-21 22:48:00,100.0,80.0,6.0,Tarun Iyer,Crew Member,Chennai - T Nagar,Chennai,Tamil Nadu,Closing Checklist,daily_checklist,Priya Nair,2026-07-21,2026-07-20,Yes,2026-07
812,101,43,2026-07-22 09:47:00,87.5,80.0,6.0,Divya Nair,Crew Member,Chennai - T Nagar,Chennai,Tamil Nadu,Opening Checklist,daily_checklist,Priya Nair,2026-07-22,2026-07-20,Yes,2026-07
813,102,11,2026-07-22 21:06:00,100.0,80.0,6.0,Sonal Kapoor,Store Manager,Chennai - T Nagar,Chennai,Tamil Nadu,Closing Checklist,daily_checklist,Priya Nair,2026-07-22,2026-07-20,Yes,2026-07
814,101,11,2026-07-23 07:21:00,62.5,80.0,6.0,Sonal Kapoor,Store Manager,Chennai - T Nagar,Chennai,Tamil Nadu,Opening Checklist,daily_checklist,Priya Nair,2026-07-23,2026-07-20,No,2026-07
815,102,43,2026-07-23 22:01:00,87.5,80.0,6.0,Divya Nair,Crew Member,Chennai - T Nagar,Chennai,Tamil Nadu,Closing Checklist,daily_checklist,Priya Nair,2026-07-23,2026-07-20,Yes,2026-07
816,101,43,2026-07-24 08:14:00,75.0,80.0,6.0,Divya Nair,Crew Member,Chennai - T Nagar,Chennai,Tamil Nadu,Opening Checklist,daily_checklist,Priya Nair,2026-07-24,2026-07-20,No,2026-07
817,102,11,2026-07-24 23:24:00,50.0,80.0,6.0,Sonal Kapoor,Store Manager,Chennai - T Nagar,Chennai,Tamil Nadu,Closing Checklist,daily_checklist,Priya Nair,2026-07-24,2026-07-20,No,2026-07
818,101,11,2026-07-25 09:37:00,62.5,80.0,6.0,Sonal Kapoor,Store Manager,Chennai - T Nagar,Chennai,Tamil Nadu,Opening Checklist,daily_checklist,Priya Nair,2026-07-25,2026-07-20,No,2026-07
819,102,43,2026-07-25 21:49:00,100.0,80.0,6.0,Divya Nair,Crew Member,Chennai - T Nagar,Chennai,Tamil Nadu,Closing Checklist,daily_checklist,Priya Nair,2026-07-25,2026-07-20,Yes,2026-07
820,101,41,2026-07-26 09:04:00,87.5,80.0,6.0,Rajat Verma,Crew Member,Chennai - T Nagar,Chennai,Tamil Nadu,Opening Checklist,daily_checklist,Priya Nair,2026-07-26,2026-07-20,Yes,2026-07
821,102,11,2026-07-26 22:09:00,100.0,80.0,6.0,Sonal Kapoor,Store Manager,Chennai - T Nagar,Chennai,Tamil Nadu,Closing Checklist,daily_checklist,Priya Nair,2026-07-26,2026-07-20,Yes,2026-07
822,102,43,2026-07-27 23:24:00,87.5,80.0,6.0,Divya Nair,Crew Member,Chennai - T Nagar,Chennai,Tamil Nadu,Closing Checklist,daily_checklist,Priya Nair,2026-07-27,2026-07-27,Yes,2026-07
823,101,41,2026-07-28 07:05:00,75.0,80.0,6.0,Rajat Verma,Crew Member,Chennai - T Nagar,Chennai,Tamil Nadu,Opening Checklist,daily_checklist,Priya Nair,2026-07-28,2026-07-27,No,2026-07
824,102,43,2026-07-28 22:28:00,37.5,80.0,6.0,Divya Nair,Crew Member,Chennai - T Nagar,Chennai,Tamil Nadu,Closing Checklist,daily_checklist,Priya Nair,2026-07-28,2026-07-27,No,2026-07
825,101,41,2026-07-30 07:08:00,75.0,80.0,6.0,Rajat Verma,Crew Member,Chennai - T Nagar,Chennai,Tamil Nadu,Opening Checklist,daily_checklist,Priya Nair,2026-07-30,2026-07-27,No,2026-07
826,102,11,2026-07-30 21:27:00,75.0,80.0,6.0,Sonal Kapoor,Store Manager,Chennai - T Nagar,Chennai,Tamil Nadu,Closing Checklist,daily_checklist,Priya Nair,2026-07-30,2026-07-27,No,2026-07
827,102,11,2026-07-31 23:32:00,87.5,80.0,6.0,Sonal Kapoor,Store Manager,Chennai - T Nagar,Chennai,Tamil Nadu,Closing Checklist,daily_checklist,Priya Nair,2026-07-31,2026-07-27,Yes,2026-07
828,101,43,2026-08-01 07:05:00,62.5,80.0,6.0,Divya Nair,Crew Member,Chennai - T Nagar,Chennai,Tamil Nadu,Opening Checklist,daily_checklist,Priya Nair,2026-08-01,2026-07-27,No,2026-08
829,102,43,2026-08-01 23:05:00,87.5,80.0,6.0,Divya Nair,Crew Member,Chennai - T Nagar,Chennai,Tamil Nadu,Closing Checklist,daily_checklist,Priya Nair,2026-08-01,2026-07-27,Yes,2026-08
830,101,11,2026-08-02 07:18:00,87.5,80.0,6.0,Sonal Kapoor,Store Manager,Chennai - T Nagar,Chennai,Tamil Nadu,Opening Checklist,daily_checklist,Priya Nair,2026-08-02,2026-07-27,Yes,2026-08
831,102,41,2026-08-02 22:49:00,62.5,80.0,6.0,Rajat Verma,Crew Member,Chennai - T Nagar,Chennai,Tamil Nadu,Closing Checklist,daily_checklist,Priya Nair,2026-08-02,2026-07-27,No,2026-08
832,101,42,2026-08-03 07:36:00,87.5,80.0,6.0,Tarun Iyer,Crew Member,Chennai - T Nagar,Chennai,Tamil Nadu,Opening Checklist,daily_checklist,Priya Nair,2026-08-03,2026-08-03,Yes,2026-08
833,102,42,2026-08-03 23:24:00,75.0,80.0,6.0,Tarun Iyer,Crew Member,Chennai - T Nagar,Chennai,Tamil Nadu,Closing Checklist,daily_checklist,Priya Nair,2026-08-03,2026-08-03,No,2026-08
834,101,43,2026-08-04 08:19:00,50.0,80.0,6.0,Divya Nair,Crew Member,Chennai - T Nagar,Chennai,Tamil Nadu,Opening Checklist,daily_checklist,Priya Nair,2026-08-04,2026-08-03,No,2026-08
835,102,41,2026-08-04 22:09:00,87.5,80.0,6.0,Rajat Verma,Crew Member,Chennai - T Nagar,Chennai,Tamil Nadu,Closing Checklist,daily_checklist,Priya Nair,2026-08-04,2026-08-03,Yes,2026-08
836,101,11,2026-08-05 08:17:00,50.0,80.0,6.0,Sonal Kapoor,Store Manager,Chennai - T Nagar,Chennai,Tamil Nadu,Opening Checklist,daily_checklist,Priya Nair,2026-08-05,2026-08-03,No,2026-08
837,102,41,2026-08-05 22:30:00,87.5,80.0,6.0,Rajat Verma,Crew Member,Chennai - T Nagar,Chennai,Tamil Nadu,Closing Checklist,daily_checklist,Priya Nair,2026-08-05,2026-08-03,Yes,2026-08
838,101,11,2026-08-06 08:15:00,50.0,80.0,6.0,Sonal Kapoor,Store Manager,Chennai - T Nagar,Chennai,Tamil Nadu,Opening Checklist,daily_checklist,Priya Nair,2026-08-06,2026-08-03,No,2026-08
839,102,42,2026-08-06 23:39:00,87.5,80.0,6.0,Tarun Iyer,Crew Member,Chennai - T Nagar,Chennai,Tamil Nadu,Closing Checklist,daily_checklist,Priya Nair,2026-08-06,2026-08-03,Yes,2026-08
840,101,43,2026-08-07 07:08:00,75.0,80.0,6.0,Divya Nair,Crew Member,Chennai - T Nagar,Chennai,Tamil Nadu,Opening Checklist,daily_checklist,Priya Nair,2026-08-07,2026-08-03,No,2026-08
841,101,43,2026-08-08 07:25:00,75.0,80.0,6.0,Divya Nair,Crew Member,Chennai - T Nagar,Chennai,Tamil Nadu,Opening Checklist,daily_checklist,Priya Nair,2026-08-08,2026-08-03,No,2026-08
842,102,43,2026-08-08 23:24:00,75.0,80.0,6.0,Divya Nair,Crew Member,Chennai - T Nagar,Chennai,Tamil Nadu,Closing Checklist,daily_checklist,Priya Nair,2026-08-08,2026-08-03,No,2026-08
843,101,42,2026-08-09 08:27:00,87.5,80.0,6.0,Tarun Iyer,Crew Member,Chennai - T Nagar,Chennai,Tamil Nadu,Opening Checklist,daily_checklist,Priya Nair,2026-08-09,2026-08-03,Yes,2026-08
844,101,42,2026-08-10 08:20:00,87.5,80.0,6.0,Tarun Iyer,Crew Member,Chennai - T Nagar,Chennai,Tamil Nadu,Opening Checklist,daily_checklist,Priya Nair,2026-08-10,2026-08-10,Yes,2026-08
845,102,42,2026-08-10 22:20:00,75.0,80.0,6.0,Tarun Iyer,Crew Member,Chennai - T Nagar,Chennai,Tamil Nadu,Closing Checklist,daily_checklist,Priya Nair,2026-08-10,2026-08-10,No,2026-08
846,101,11,2026-08-11 08:18:00,87.5,80.0,6.0,Sonal Kapoor,Store Manager,Chennai - T Nagar,Chennai,Tamil Nadu,Opening Checklist,daily_checklist,Priya Nair,2026-08-11,2026-08-10,Yes,2026-08
847,102,42,2026-08-11 23:50:00,87.5,80.0,6.0,Tarun Iyer,Crew Member,Chennai - T Nagar,Chennai,Tamil Nadu,Closing Checklist,daily_checklist,Priya Nair,2026-08-11,2026-08-10,Yes,2026-08
848,101,11,2026-08-12 08:17:00,75.0,80.0,6.0,Sonal Kapoor,Store Manager,Chennai - T Nagar,Chennai,Tamil Nadu,Opening Checklist,daily_checklist,Priya Nair,2026-08-12,2026-08-10,No,2026-08
849,102,42,2026-08-12 22:07:00,100.0,80.0,6.0,Tarun Iyer,Crew Member,Chennai - T Nagar,Chennai,Tamil Nadu,Closing Checklist,daily_checklist,Priya Nair,2026-08-12,2026-08-10,Yes,2026-08
850,101,41,2026-08-13 09:11:00,37.5,80.0,6.0,Rajat Verma,Crew Member,Chennai - T Nagar,Chennai,Tamil Nadu,Opening Checklist,daily_checklist,Priya Nair,2026-08-13,2026-08-10,No,2026-08
851,101,42,2026-08-14 09:29:00,87.5,80.0,6.0,Tarun Iyer,Crew Member,Chennai - T Nagar,Chennai,Tamil Nadu,Opening Checklist,daily_checklist,Priya Nair,2026-08-14,2026-08-10,Yes,2026-08
852,101,43,2026-08-15 08:51:00,62.5,80.0,6.0,Divya Nair,Crew Member,Chennai - T Nagar,Chennai,Tamil Nadu,Opening Checklist,daily_checklist,Priya Nair,2026-08-15,2026-08-10,No,2026-08
853,102,11,2026-08-15 23:04:00,87.5,80.0,6.0,Sonal Kapoor,Store Manager,Chennai - T Nagar,Chennai,Tamil Nadu,Closing Checklist,daily_checklist,Priya Nair,2026-08-15,2026-08-10,Yes,2026-08
854,101,43,2026-08-16 07:40:00,87.5,80.0,6.0,Divya Nair,Crew Member,Chennai - T Nagar,Chennai,Tamil Nadu,Opening Checklist,daily_checklist,Priya Nair,2026-08-16,2026-08-10,Yes,2026-08
855,102,42,2026-08-16 21:16:00,75.0,80.0,6.0,Tarun Iyer,Crew Member,Chennai - T Nagar,Chennai,Tamil Nadu,Closing Checklist,daily_checklist,Priya Nair,2026-08-16,2026-08-10,No,2026-08
856,101,11,2026-08-17 08:04:00,75.0,80.0,6.0,Sonal Kapoor,Store Manager,Chennai - T Nagar,Chennai,Tamil Nadu,Opening Checklist,daily_checklist,Priya Nair,2026-08-17,2026-08-17,No,2026-08
857,101,12,2026-05-19 09:30:00,75.0,80.0,7.0,Seema Chopra,Store Manager,Kolkata - Park Street,Kolkata,West Bengal,Opening Checklist,daily_checklist,Priya Nair,2026-05-19,2026-05-18,No,2026-05
858,101,12,2026-05-20 09:32:00,75.0,80.0,7.0,Seema Chopra,Store Manager,Kolkata - Park Street,Kolkata,West Bengal,Opening Checklist,daily_checklist,Priya Nair,2026-05-20,2026-05-18,No,2026-05
859,102,46,2026-05-20 23:02:00,87.5,80.0,7.0,Amit Gupta,Crew Member,Kolkata - Park Street,Kolkata,West Bengal,Closing Checklist,daily_checklist,Priya Nair,2026-05-20,2026-05-18,Yes,2026-05
860,101,44,2026-05-21 09:40:00,100.0,80.0,7.0,Aditya Reddy,Crew Member,Kolkata - Park Street,Kolkata,West Bengal,Opening Checklist,daily_checklist,Priya Nair,2026-05-21,2026-05-18,Yes,2026-05
861,101,45,2026-05-22 07:49:00,100.0,80.0,7.0,Ekta Patel,Crew Member,Kolkata - Park Street,Kolkata,West Bengal,Opening Checklist,daily_checklist,Priya Nair,2026-05-22,2026-05-18,Yes,2026-05
862,102,46,2026-05-22 23:42:00,100.0,80.0,7.0,Amit Gupta,Crew Member,Kolkata - Park Street,Kolkata,West Bengal,Closing Checklist,daily_checklist,Priya Nair,2026-05-22,2026-05-18,Yes,2026-05
863,101,44,2026-05-23 09:39:00,75.0,80.0,7.0,Aditya Reddy,Crew Member,Kolkata - Park Street,Kolkata,West Bengal,Opening Checklist,daily_checklist,Priya Nair,2026-05-23,2026-05-18,No,2026-05
864,102,12,2026-05-23 23:41:00,100.0,80.0,7.0,Seema Chopra,Store Manager,Kolkata - Park Street,Kolkata,West Bengal,Closing Checklist,daily_checklist,Priya Nair,2026-05-23,2026-05-18,Yes,2026-05
865,101,44,2026-05-24 08:06:00,62.5,80.0,7.0,Aditya Reddy,Crew Member,Kolkata - Park Street,Kolkata,West Bengal,Opening Checklist,daily_checklist,Priya Nair,2026-05-24,2026-05-18,No,2026-05
866,102,45,2026-05-24 21:16:00,75.0,80.0,7.0,Ekta Patel,Crew Member,Kolkata - Park Street,Kolkata,West Bengal,Closing Checklist,daily_checklist,Priya Nair,2026-05-24,2026-05-18,No,2026-05
867,102,45,2026-05-26 23:33:00,87.5,80.0,7.0,Ekta Patel,Crew Member,Kolkata - Park Street,Kolkata,West Bengal,Closing Checklist,daily_checklist,Priya Nair,2026-05-26,2026-05-25,Yes,2026-05
868,101,12,2026-05-27 08:25:00,87.5,80.0,7.0,Seema Chopra,Store Manager,Kolkata - Park Street,Kolkata,West Bengal,Opening Checklist,daily_checklist,Priya Nair,2026-05-27,2026-05-25,Yes,2026-05
869,101,45,2026-05-28 09:37:00,62.5,80.0,7.0,Ekta Patel,Crew Member,Kolkata - Park Street,Kolkata,West Bengal,Opening Checklist,daily_checklist,Priya Nair,2026-05-28,2026-05-25,No,2026-05
870,102,12,2026-05-28 22:01:00,87.5,80.0,7.0,Seema Chopra,Store Manager,Kolkata - Park Street,Kolkata,West Bengal,Closing Checklist,daily_checklist,Priya Nair,2026-05-28,2026-05-25,Yes,2026-05
871,102,44,2026-05-29 22:26:00,75.0,80.0,7.0,Aditya Reddy,Crew Member,Kolkata - Park Street,Kolkata,West Bengal,Closing Checklist,daily_checklist,Priya Nair,2026-05-29,2026-05-25,No,2026-05
872,101,46,2026-05-30 09:09:00,75.0,80.0,7.0,Amit Gupta,Crew Member,Kolkata - Park Street,Kolkata,West Bengal,Opening Checklist,daily_checklist,Priya Nair,2026-05-30,2026-05-25,No,2026-05
873,102,12,2026-05-30 22:21:00,75.0,80.0,7.0,Seema Chopra,Store Manager,Kolkata - Park Street,Kolkata,West Bengal,Closing Checklist,daily_checklist,Priya Nair,2026-05-30,2026-05-25,No,2026-05
874,101,46,2026-05-31 09:30:00,75.0,80.0,7.0,Amit Gupta,Crew Member,Kolkata - Park Street,Kolkata,West Bengal,Opening Checklist,daily_checklist,Priya Nair,2026-05-31,2026-05-25,No,2026-05
875,102,12,2026-05-31 22:06:00,75.0,80.0,7.0,Seema Chopra,Store Manager,Kolkata - Park Street,Kolkata,West Bengal,Closing Checklist,daily_checklist,Priya Nair,2026-05-31,2026-05-25,No,2026-05
876,102,46,2026-06-01 22:04:00,100.0,80.0,7.0,Amit Gupta,Crew Member,Kolkata - Park Street,Kolkata,West Bengal,Closing Checklist,daily_checklist,Priya Nair,2026-06-01,2026-06-01,Yes,2026-06
877,102,44,2026-06-03 23:07:00,75.0,80.0,7.0,Aditya Reddy,Crew Member,Kolkata - Park Street,Kolkata,West Bengal,Closing Checklist,daily_checklist,Priya Nair,2026-06-03,2026-06-01,No,2026-06
878,101,45,2026-06-04 09:06:00,87.5,80.0,7.0,Ekta Patel,Crew Member,Kolkata - Park Street,Kolkata,West Bengal,Opening Checklist,daily_checklist,Priya Nair,2026-06-04,2026-06-01,Yes,2026-06
879,102,45,2026-06-04 23:15:00,100.0,80.0,7.0,Ekta Patel,Crew Member,Kolkata - Park Street,Kolkata,West Bengal,Closing Checklist,daily_checklist,Priya Nair,2026-06-04,2026-06-01,Yes,2026-06
880,101,12,2026-06-05 07:21:00,100.0,80.0,7.0,Seema Chopra,Store Manager,Kolkata - Park Street,Kolkata,West Bengal,Opening Checklist,daily_checklist,Priya Nair,2026-06-05,2026-06-01,Yes,2026-06
881,101,12,2026-06-06 08:14:00,87.5,80.0,7.0,Seema Chopra,Store Manager,Kolkata - Park Street,Kolkata,West Bengal,Opening Checklist,daily_checklist,Priya Nair,2026-06-06,2026-06-01,Yes,2026-06
882,101,45,2026-06-07 09:11:00,75.0,80.0,7.0,Ekta Patel,Crew Member,Kolkata - Park Street,Kolkata,West Bengal,Opening Checklist,daily_checklist,Priya Nair,2026-06-07,2026-06-01,No,2026-06
883,102,12,2026-06-07 23:42:00,100.0,80.0,7.0,Seema Chopra,Store Manager,Kolkata - Park Street,Kolkata,West Bengal,Closing Checklist,daily_checklist,Priya Nair,2026-06-07,2026-06-01,Yes,2026-06
884,101,45,2026-06-08 07:47:00,62.5,80.0,7.0,Ekta Patel,Crew Member,Kolkata - Park Street,Kolkata,West Bengal,Opening Checklist,daily_checklist,Priya Nair,2026-06-08,2026-06-08,No,2026-06
885,102,12,2026-06-08 22:37:00,87.5,80.0,7.0,Seema Chopra,Store Manager,Kolkata - Park Street,Kolkata,West Bengal,Closing Checklist,daily_checklist,Priya Nair,2026-06-08,2026-06-08,Yes,2026-06
886,101,45,2026-06-10 07:45:00,62.5,80.0,7.0,Ekta Patel,Crew Member,Kolkata - Park Street,Kolkata,West Bengal,Opening Checklist,daily_checklist,Priya Nair,2026-06-10,2026-06-08,No,2026-06
887,102,44,2026-06-10 21:17:00,87.5,80.0,7.0,Aditya Reddy,Crew Member,Kolkata - Park Street,Kolkata,West Bengal,Closing Checklist,daily_checklist,Priya Nair,2026-06-10,2026-06-08,Yes,2026-06
888,101,45,2026-06-11 07:51:00,75.0,80.0,7.0,Ekta Patel,Crew Member,Kolkata - Park Street,Kolkata,West Bengal,Opening Checklist,daily_checklist,Priya Nair,2026-06-11,2026-06-08,No,2026-06
889,102,45,2026-06-11 22:20:00,100.0,80.0,7.0,Ekta Patel,Crew Member,Kolkata - Park Street,Kolkata,West Bengal,Closing Checklist,daily_checklist,Priya Nair,2026-06-11,2026-06-08,Yes,2026-06
890,101,12,2026-06-12 07:16:00,62.5,80.0,7.0,Seema Chopra,Store Manager,Kolkata - Park Street,Kolkata,West Bengal,Opening Checklist,daily_checklist,Priya Nair,2026-06-12,2026-06-08,No,2026-06
891,102,46,2026-06-12 23:40:00,87.5,80.0,7.0,Amit Gupta,Crew Member,Kolkata - Park Street,Kolkata,West Bengal,Closing Checklist,daily_checklist,Priya Nair,2026-06-12,2026-06-08,Yes,2026-06
892,101,12,2026-06-13 08:39:00,100.0,80.0,7.0,Seema Chopra,Store Manager,Kolkata - Park Street,Kolkata,West Bengal,Opening Checklist,daily_checklist,Priya Nair,2026-06-13,2026-06-08,Yes,2026-06
893,102,46,2026-06-13 23:07:00,100.0,80.0,7.0,Amit Gupta,Crew Member,Kolkata - Park Street,Kolkata,West Bengal,Closing Checklist,daily_checklist,Priya Nair,2026-06-13,2026-06-08,Yes,2026-06
894,102,45,2026-06-14 22:39:00,75.0,80.0,7.0,Ekta Patel,Crew Member,Kolkata - Park Street,Kolkata,West Bengal,Closing Checklist,daily_checklist,Priya Nair,2026-06-14,2026-06-08,No,2026-06
895,101,44,2026-06-15 09:37:00,62.5,80.0,7.0,Aditya Reddy,Crew Member,Kolkata - Park Street,Kolkata,West Bengal,Opening Checklist,daily_checklist,Priya Nair,2026-06-15,2026-06-15,No,2026-06
896,102,46,2026-06-15 23:08:00,100.0,80.0,7.0,Amit Gupta,Crew Member,Kolkata - Park Street,Kolkata,West Bengal,Closing Checklist,daily_checklist,Priya Nair,2026-06-15,2026-06-15,Yes,2026-06
897,101,44,2026-06-16 07:19:00,75.0,80.0,7.0,Aditya Reddy,Crew Member,Kolkata - Park Street,Kolkata,West Bengal,Opening Checklist,daily_checklist,Priya Nair,2026-06-16,2026-06-15,No,2026-06
898,102,45,2026-06-16 21:23:00,100.0,80.0,7.0,Ekta Patel,Crew Member,Kolkata - Park Street,Kolkata,West Bengal,Closing Checklist,daily_checklist,Priya Nair,2026-06-16,2026-06-15,Yes,2026-06
899,102,45,2026-06-17 22:26:00,62.5,80.0,7.0,Ekta Patel,Crew Member,Kolkata - Park Street,Kolkata,West Bengal,Closing Checklist,daily_checklist,Priya Nair,2026-06-17,2026-06-15,No,2026-06
900,101,45,2026-06-18 08:27:00,87.5,80.0,7.0,Ekta Patel,Crew Member,Kolkata - Park Street,Kolkata,West Bengal,Opening Checklist,daily_checklist,Priya Nair,2026-06-18,2026-06-15,Yes,2026-06
901,102,45,2026-06-18 22:40:00,50.0,80.0,7.0,Ekta Patel,Crew Member,Kolkata - Park Street,Kolkata,West Bengal,Closing Checklist,daily_checklist,Priya Nair,2026-06-18,2026-06-15,No,2026-06
902,101,46,2026-06-19 07:31:00,75.0,80.0,7.0,Amit Gupta,Crew Member,Kolkata - Park Street,Kolkata,West Bengal,Opening Checklist,daily_checklist,Priya Nair,2026-06-19,2026-06-15,No,2026-06
903,102,46,2026-06-19 21:11:00,87.5,80.0,7.0,Amit Gupta,Crew Member,Kolkata - Park Street,Kolkata,West Bengal,Closing Checklist,daily_checklist,Priya Nair,2026-06-19,2026-06-15,Yes,2026-06
904,101,46,2026-06-20 09:03:00,62.5,80.0,7.0,Amit Gupta,Crew Member,Kolkata - Park Street,Kolkata,West Bengal,Opening Checklist,daily_checklist,Priya Nair,2026-06-20,2026-06-15,No,2026-06
905,102,45,2026-06-20 21:31:00,87.5,80.0,7.0,Ekta Patel,Crew Member,Kolkata - Park Street,Kolkata,West Bengal,Closing Checklist,daily_checklist,Priya Nair,2026-06-20,2026-06-15,Yes,2026-06
906,101,12,2026-06-21 08:35:00,62.5,80.0,7.0,Seema Chopra,Store Manager,Kolkata - Park Street,Kolkata,West Bengal,Opening Checklist,daily_checklist,Priya Nair,2026-06-21,2026-06-15,No,2026-06
907,102,12,2026-06-21 22:43:00,87.5,80.0,7.0,Seema Chopra,Store Manager,Kolkata - Park Street,Kolkata,West Bengal,Closing Checklist,daily_checklist,Priya Nair,2026-06-21,2026-06-15,Yes,2026-06
908,101,12,2026-06-22 09:53:00,87.5,80.0,7.0,Seema Chopra,Store Manager,Kolkata - Park Street,Kolkata,West Bengal,Opening Checklist,daily_checklist,Priya Nair,2026-06-22,2026-06-22,Yes,2026-06
909,101,44,2026-06-23 08:10:00,75.0,80.0,7.0,Aditya Reddy,Crew Member,Kolkata - Park Street,Kolkata,West Bengal,Opening Checklist,daily_checklist,Priya Nair,2026-06-23,2026-06-22,No,2026-06
910,102,45,2026-06-23 23:01:00,87.5,80.0,7.0,Ekta Patel,Crew Member,Kolkata - Park Street,Kolkata,West Bengal,Closing Checklist,daily_checklist,Priya Nair,2026-06-23,2026-06-22,Yes,2026-06
911,101,45,2026-06-24 07:17:00,75.0,80.0,7.0,Ekta Patel,Crew Member,Kolkata - Park Street,Kolkata,West Bengal,Opening Checklist,daily_checklist,Priya Nair,2026-06-24,2026-06-22,No,2026-06
912,101,45,2026-06-25 09:18:00,75.0,80.0,7.0,Ekta Patel,Crew Member,Kolkata - Park Street,Kolkata,West Bengal,Opening Checklist,daily_checklist,Priya Nair,2026-06-25,2026-06-22,No,2026-06
913,102,12,2026-06-25 22:36:00,75.0,80.0,7.0,Seema Chopra,Store Manager,Kolkata - Park Street,Kolkata,West Bengal,Closing Checklist,daily_checklist,Priya Nair,2026-06-25,2026-06-22,No,2026-06
914,101,44,2026-06-26 09:07:00,87.5,80.0,7.0,Aditya Reddy,Crew Member,Kolkata - Park Street,Kolkata,West Bengal,Opening Checklist,daily_checklist,Priya Nair,2026-06-26,2026-06-22,Yes,2026-06
915,102,46,2026-06-27 22:49:00,100.0,80.0,7.0,Amit Gupta,Crew Member,Kolkata - Park Street,Kolkata,West Bengal,Closing Checklist,daily_checklist,Priya Nair,2026-06-27,2026-06-22,Yes,2026-06
916,101,12,2026-06-28 07:48:00,75.0,80.0,7.0,Seema Chopra,Store Manager,Kolkata - Park Street,Kolkata,West Bengal,Opening Checklist,daily_checklist,Priya Nair,2026-06-28,2026-06-22,No,2026-06
917,101,12,2026-06-29 09:13:00,87.5,80.0,7.0,Seema Chopra,Store Manager,Kolkata - Park Street,Kolkata,West Bengal,Opening Checklist,daily_checklist,Priya Nair,2026-06-29,2026-06-29,Yes,2026-06
918,102,45,2026-06-29 21:47:00,62.5,80.0,7.0,Ekta Patel,Crew Member,Kolkata - Park Street,Kolkata,West Bengal,Closing Checklist,daily_checklist,Priya Nair,2026-06-29,2026-06-29,No,2026-06
919,101,46,2026-06-30 07:28:00,75.0,80.0,7.0,Amit Gupta,Crew Member,Kolkata - Park Street,Kolkata,West Bengal,Opening Checklist,daily_checklist,Priya Nair,2026-06-30,2026-06-29,No,2026-06
920,102,44,2026-06-30 22:55:00,75.0,80.0,7.0,Aditya Reddy,Crew Member,Kolkata - Park Street,Kolkata,West Bengal,Closing Checklist,daily_checklist,Priya Nair,2026-06-30,2026-06-29,No,2026-06
921,101,45,2026-07-01 07:49:00,87.5,80.0,7.0,Ekta Patel,Crew Member,Kolkata - Park Street,Kolkata,West Bengal,Opening Checklist,daily_checklist,Priya Nair,2026-07-01,2026-06-29,Yes,2026-07
922,102,46,2026-07-01 21:51:00,100.0,80.0,7.0,Amit Gupta,Crew Member,Kolkata - Park Street,Kolkata,West Bengal,Closing Checklist,daily_checklist,Priya Nair,2026-07-01,2026-06-29,Yes,2026-07
923,101,45,2026-07-02 09:27:00,100.0,80.0,7.0,Ekta Patel,Crew Member,Kolkata - Park Street,Kolkata,West Bengal,Opening Checklist,daily_checklist,Priya Nair,2026-07-02,2026-06-29,Yes,2026-07
924,102,45,2026-07-02 23:08:00,75.0,80.0,7.0,Ekta Patel,Crew Member,Kolkata - Park Street,Kolkata,West Bengal,Closing Checklist,daily_checklist,Priya Nair,2026-07-02,2026-06-29,No,2026-07
925,102,46,2026-07-03 21:36:00,87.5,80.0,7.0,Amit Gupta,Crew Member,Kolkata - Park Street,Kolkata,West Bengal,Closing Checklist,daily_checklist,Priya Nair,2026-07-03,2026-06-29,Yes,2026-07
926,102,45,2026-07-04 22:38:00,87.5,80.0,7.0,Ekta Patel,Crew Member,Kolkata - Park Street,Kolkata,West Bengal,Closing Checklist,daily_checklist,Priya Nair,2026-07-04,2026-06-29,Yes,2026-07
927,101,46,2026-07-05 09:18:00,87.5,80.0,7.0,Amit Gupta,Crew Member,Kolkata - Park Street,Kolkata,West Bengal,Opening Checklist,daily_checklist,Priya Nair,2026-07-05,2026-06-29,Yes,2026-07
928,102,44,2026-07-05 23:17:00,62.5,80.0,7.0,Aditya Reddy,Crew Member,Kolkata - Park Street,Kolkata,West Bengal,Closing Checklist,daily_checklist,Priya Nair,2026-07-05,2026-06-29,No,2026-07
929,101,44,2026-07-06 08:58:00,87.5,80.0,7.0,Aditya Reddy,Crew Member,Kolkata - Park Street,Kolkata,West Bengal,Opening Checklist,daily_checklist,Priya Nair,2026-07-06,2026-07-06,Yes,2026-07
930,102,45,2026-07-06 22:55:00,75.0,80.0,7.0,Ekta Patel,Crew Member,Kolkata - Park Street,Kolkata,West Bengal,Closing Checklist,daily_checklist,Priya Nair,2026-07-06,2026-07-06,No,2026-07
931,101,46,2026-07-07 07:09:00,75.0,80.0,7.0,Amit Gupta,Crew Member,Kolkata - Park Street,Kolkata,West Bengal,Opening Checklist,daily_checklist,Priya Nair,2026-07-07,2026-07-06,No,2026-07
932,102,12,2026-07-07 21:48:00,75.0,80.0,7.0,Seema Chopra,Store Manager,Kolkata - Park Street,Kolkata,West Bengal,Closing Checklist,daily_checklist,Priya Nair,2026-07-07,2026-07-06,No,2026-07
933,101,46,2026-07-08 07:36:00,75.0,80.0,7.0,Amit Gupta,Crew Member,Kolkata - Park Street,Kolkata,West Bengal,Opening Checklist,daily_checklist,Priya Nair,2026-07-08,2026-07-06,No,2026-07
934,102,12,2026-07-08 23:26:00,75.0,80.0,7.0,Seema Chopra,Store Manager,Kolkata - Park Street,Kolkata,West Bengal,Closing Checklist,daily_checklist,Priya Nair,2026-07-08,2026-07-06,No,2026-07
935,101,44,2026-07-09 07:40:00,62.5,80.0,7.0,Aditya Reddy,Crew Member,Kolkata - Park Street,Kolkata,West Bengal,Opening Checklist,daily_checklist,Priya Nair,2026-07-09,2026-07-06,No,2026-07
936,101,46,2026-07-10 08:32:00,87.5,80.0,7.0,Amit Gupta,Crew Member,Kolkata - Park Street,Kolkata,West Bengal,Opening Checklist,daily_checklist,Priya Nair,2026-07-10,2026-07-06,Yes,2026-07
937,102,46,2026-07-10 23:59:00,75.0,80.0,7.0,Amit Gupta,Crew Member,Kolkata - Park Street,Kolkata,West Bengal,Closing Checklist,daily_checklist,Priya Nair,2026-07-10,2026-07-06,No,2026-07
938,101,44,2026-07-11 08:20:00,62.5,80.0,7.0,Aditya Reddy,Crew Member,Kolkata - Park Street,Kolkata,West Bengal,Opening Checklist,daily_checklist,Priya Nair,2026-07-11,2026-07-06,No,2026-07
939,102,12,2026-07-11 23:05:00,100.0,80.0,7.0,Seema Chopra,Store Manager,Kolkata - Park Street,Kolkata,West Bengal,Closing Checklist,daily_checklist,Priya Nair,2026-07-11,2026-07-06,Yes,2026-07
940,101,12,2026-07-12 07:50:00,100.0,80.0,7.0,Seema Chopra,Store Manager,Kolkata - Park Street,Kolkata,West Bengal,Opening Checklist,daily_checklist,Priya Nair,2026-07-12,2026-07-06,Yes,2026-07
941,102,45,2026-07-12 21:27:00,50.0,80.0,7.0,Ekta Patel,Crew Member,Kolkata - Park Street,Kolkata,West Bengal,Closing Checklist,daily_checklist,Priya Nair,2026-07-12,2026-07-06,No,2026-07
942,101,46,2026-07-13 08:20:00,100.0,80.0,7.0,Amit Gupta,Crew Member,Kolkata - Park Street,Kolkata,West Bengal,Opening Checklist,daily_checklist,Priya Nair,2026-07-13,2026-07-13,Yes,2026-07
943,102,45,2026-07-13 22:35:00,87.5,80.0,7.0,Ekta Patel,Crew Member,Kolkata - Park Street,Kolkata,West Bengal,Closing Checklist,daily_checklist,Priya Nair,2026-07-13,2026-07-13,Yes,2026-07
944,101,46,2026-07-14 08:50:00,87.5,80.0,7.0,Amit Gupta,Crew Member,Kolkata - Park Street,Kolkata,West Bengal,Opening Checklist,daily_checklist,Priya Nair,2026-07-14,2026-07-13,Yes,2026-07
945,102,44,2026-07-14 23:48:00,75.0,80.0,7.0,Aditya Reddy,Crew Member,Kolkata - Park Street,Kolkata,West Bengal,Closing Checklist,daily_checklist,Priya Nair,2026-07-14,2026-07-13,No,2026-07
946,101,12,2026-07-15 07:40:00,62.5,80.0,7.0,Seema Chopra,Store Manager,Kolkata - Park Street,Kolkata,West Bengal,Opening Checklist,daily_checklist,Priya Nair,2026-07-15,2026-07-13,No,2026-07
947,102,45,2026-07-15 21:07:00,87.5,80.0,7.0,Ekta Patel,Crew Member,Kolkata - Park Street,Kolkata,West Bengal,Closing Checklist,daily_checklist,Priya Nair,2026-07-15,2026-07-13,Yes,2026-07
948,102,12,2026-07-16 22:00:00,87.5,80.0,7.0,Seema Chopra,Store Manager,Kolkata - Park Street,Kolkata,West Bengal,Closing Checklist,daily_checklist,Priya Nair,2026-07-16,2026-07-13,Yes,2026-07
949,101,45,2026-07-17 09:58:00,100.0,80.0,7.0,Ekta Patel,Crew Member,Kolkata - Park Street,Kolkata,West Bengal,Opening Checklist,daily_checklist,Priya Nair,2026-07-17,2026-07-13,Yes,2026-07
950,102,45,2026-07-17 23:19:00,87.5,80.0,7.0,Ekta Patel,Crew Member,Kolkata - Park Street,Kolkata,West Bengal,Closing Checklist,daily_checklist,Priya Nair,2026-07-17,2026-07-13,Yes,2026-07
951,102,46,2026-07-18 21:41:00,87.5,80.0,7.0,Amit Gupta,Crew Member,Kolkata - Park Street,Kolkata,West Bengal,Closing Checklist,daily_checklist,Priya Nair,2026-07-18,2026-07-13,Yes,2026-07
952,101,45,2026-07-19 07:23:00,75.0,80.0,7.0,Ekta Patel,Crew Member,Kolkata - Park Street,Kolkata,West Bengal,Opening Checklist,daily_checklist,Priya Nair,2026-07-19,2026-07-13,No,2026-07
953,102,46,2026-07-19 21:25:00,87.5,80.0,7.0,Amit Gupta,Crew Member,Kolkata - Park Street,Kolkata,West Bengal,Closing Checklist,daily_checklist,Priya Nair,2026-07-19,2026-07-13,Yes,2026-07
954,102,44,2026-07-20 22:41:00,75.0,80.0,7.0,Aditya Reddy,Crew Member,Kolkata - Park Street,Kolkata,West Bengal,Closing Checklist,daily_checklist,Priya Nair,2026-07-20,2026-07-20,No,2026-07
955,101,12,2026-07-21 07:13:00,50.0,80.0,7.0,Seema Chopra,Store Manager,Kolkata - Park Street,Kolkata,West Bengal,Opening Checklist,daily_checklist,Priya Nair,2026-07-21,2026-07-20,No,2026-07
956,102,45,2026-07-21 21:08:00,87.5,80.0,7.0,Ekta Patel,Crew Member,Kolkata - Park Street,Kolkata,West Bengal,Closing Checklist,daily_checklist,Priya Nair,2026-07-21,2026-07-20,Yes,2026-07
957,101,44,2026-07-22 09:28:00,50.0,80.0,7.0,Aditya Reddy,Crew Member,Kolkata - Park Street,Kolkata,West Bengal,Opening Checklist,daily_checklist,Priya Nair,2026-07-22,2026-07-20,No,2026-07
958,102,46,2026-07-22 21:44:00,100.0,80.0,7.0,Amit Gupta,Crew Member,Kolkata - Park Street,Kolkata,West Bengal,Closing Checklist,daily_checklist,Priya Nair,2026-07-22,2026-07-20,Yes,2026-07
959,101,45,2026-07-23 08:44:00,75.0,80.0,7.0,Ekta Patel,Crew Member,Kolkata - Park Street,Kolkata,West Bengal,Opening Checklist,daily_checklist,Priya Nair,2026-07-23,2026-07-20,No,2026-07
960,102,45,2026-07-23 22:04:00,75.0,80.0,7.0,Ekta Patel,Crew Member,Kolkata - Park Street,Kolkata,West Bengal,Closing Checklist,daily_checklist,Priya Nair,2026-07-23,2026-07-20,No,2026-07
961,101,44,2026-07-24 07:46:00,87.5,80.0,7.0,Aditya Reddy,Crew Member,Kolkata - Park Street,Kolkata,West Bengal,Opening Checklist,daily_checklist,Priya Nair,2026-07-24,2026-07-20,Yes,2026-07
962,102,46,2026-07-24 21:20:00,75.0,80.0,7.0,Amit Gupta,Crew Member,Kolkata - Park Street,Kolkata,West Bengal,Closing Checklist,daily_checklist,Priya Nair,2026-07-24,2026-07-20,No,2026-07
963,101,45,2026-07-25 07:24:00,100.0,80.0,7.0,Ekta Patel,Crew Member,Kolkata - Park Street,Kolkata,West Bengal,Opening Checklist,daily_checklist,Priya Nair,2026-07-25,2026-07-20,Yes,2026-07
964,102,45,2026-07-25 23:43:00,62.5,80.0,7.0,Ekta Patel,Crew Member,Kolkata - Park Street,Kolkata,West Bengal,Closing Checklist,daily_checklist,Priya Nair,2026-07-25,2026-07-20,No,2026-07
965,101,44,2026-07-26 09:36:00,87.5,80.0,7.0,Aditya Reddy,Crew Member,Kolkata - Park Street,Kolkata,West Bengal,Opening Checklist,daily_checklist,Priya Nair,2026-07-26,2026-07-20,Yes,2026-07
966,102,45,2026-07-26 23:41:00,100.0,80.0,7.0,Ekta Patel,Crew Member,Kolkata - Park Street,Kolkata,West Bengal,Closing Checklist,daily_checklist,Priya Nair,2026-07-26,2026-07-20,Yes,2026-07
967,101,45,2026-07-27 08:46:00,75.0,80.0,7.0,Ekta Patel,Crew Member,Kolkata - Park Street,Kolkata,West Bengal,Opening Checklist,daily_checklist,Priya Nair,2026-07-27,2026-07-27,No,2026-07
968,102,45,2026-07-27 23:47:00,87.5,80.0,7.0,Ekta Patel,Crew Member,Kolkata - Park Street,Kolkata,West Bengal,Closing Checklist,daily_checklist,Priya Nair,2026-07-27,2026-07-27,Yes,2026-07
969,102,12,2026-07-28 23:43:00,87.5,80.0,7.0,Seema Chopra,Store Manager,Kolkata - Park Street,Kolkata,West Bengal,Closing Checklist,daily_checklist,Priya Nair,2026-07-28,2026-07-27,Yes,2026-07
970,101,44,2026-07-29 07:57:00,87.5,80.0,7.0,Aditya Reddy,Crew Member,Kolkata - Park Street,Kolkata,West Bengal,Opening Checklist,daily_checklist,Priya Nair,2026-07-29,2026-07-27,Yes,2026-07
971,102,44,2026-07-29 21:48:00,62.5,80.0,7.0,Aditya Reddy,Crew Member,Kolkata - Park Street,Kolkata,West Bengal,Closing Checklist,daily_checklist,Priya Nair,2026-07-29,2026-07-27,No,2026-07
972,102,46,2026-07-30 23:24:00,75.0,80.0,7.0,Amit Gupta,Crew Member,Kolkata - Park Street,Kolkata,West Bengal,Closing Checklist,daily_checklist,Priya Nair,2026-07-30,2026-07-27,No,2026-07
973,102,45,2026-07-31 22:50:00,87.5,80.0,7.0,Ekta Patel,Crew Member,Kolkata - Park Street,Kolkata,West Bengal,Closing Checklist,daily_checklist,Priya Nair,2026-07-31,2026-07-27,Yes,2026-07
974,101,44,2026-08-01 08:41:00,87.5,80.0,7.0,Aditya Reddy,Crew Member,Kolkata - Park Street,Kolkata,West Bengal,Opening Checklist,daily_checklist,Priya Nair,2026-08-01,2026-07-27,Yes,2026-08
975,102,46,2026-08-01 21:35:00,75.0,80.0,7.0,Amit Gupta,Crew Member,Kolkata - Park Street,Kolkata,West Bengal,Closing Checklist,daily_checklist,Priya Nair,2026-08-01,2026-07-27,No,2026-08
976,101,46,2026-08-02 09:56:00,75.0,80.0,7.0,Amit Gupta,Crew Member,Kolkata - Park Street,Kolkata,West Bengal,Opening Checklist,daily_checklist,Priya Nair,2026-08-02,2026-07-27,No,2026-08
977,101,45,2026-08-03 07:33:00,75.0,80.0,7.0,Ekta Patel,Crew Member,Kolkata - Park Street,Kolkata,West Bengal,Opening Checklist,daily_checklist,Priya Nair,2026-08-03,2026-08-03,No,2026-08
978,102,46,2026-08-03 23:25:00,87.5,80.0,7.0,Amit Gupta,Crew Member,Kolkata - Park Street,Kolkata,West Bengal,Closing Checklist,daily_checklist,Priya Nair,2026-08-03,2026-08-03,Yes,2026-08
979,101,12,2026-08-04 07:31:00,87.5,80.0,7.0,Seema Chopra,Store Manager,Kolkata - Park Street,Kolkata,West Bengal,Opening Checklist,daily_checklist,Priya Nair,2026-08-04,2026-08-03,Yes,2026-08
980,102,12,2026-08-04 21:15:00,87.5,80.0,7.0,Seema Chopra,Store Manager,Kolkata - Park Street,Kolkata,West Bengal,Closing Checklist,daily_checklist,Priya Nair,2026-08-04,2026-08-03,Yes,2026-08
981,102,44,2026-08-06 21:33:00,87.5,80.0,7.0,Aditya Reddy,Crew Member,Kolkata - Park Street,Kolkata,West Bengal,Closing Checklist,daily_checklist,Priya Nair,2026-08-06,2026-08-03,Yes,2026-08
982,101,12,2026-08-07 08:08:00,75.0,80.0,7.0,Seema Chopra,Store Manager,Kolkata - Park Street,Kolkata,West Bengal,Opening Checklist,daily_checklist,Priya Nair,2026-08-07,2026-08-03,No,2026-08
983,102,46,2026-08-07 23:26:00,87.5,80.0,7.0,Amit Gupta,Crew Member,Kolkata - Park Street,Kolkata,West Bengal,Closing Checklist,daily_checklist,Priya Nair,2026-08-07,2026-08-03,Yes,2026-08
984,101,12,2026-08-08 09:11:00,75.0,80.0,7.0,Seema Chopra,Store Manager,Kolkata - Park Street,Kolkata,West Bengal,Opening Checklist,daily_checklist,Priya Nair,2026-08-08,2026-08-03,No,2026-08
985,102,44,2026-08-08 21:01:00,100.0,80.0,7.0,Aditya Reddy,Crew Member,Kolkata - Park Street,Kolkata,West Bengal,Closing Checklist,daily_checklist,Priya Nair,2026-08-08,2026-08-03,Yes,2026-08
986,101,44,2026-08-10 08:13:00,100.0,80.0,7.0,Aditya Reddy,Crew Member,Kolkata - Park Street,Kolkata,West Bengal,Opening Checklist,daily_checklist,Priya Nair,2026-08-10,2026-08-10,Yes,2026-08
987,102,12,2026-08-11 21:50:00,87.5,80.0,7.0,Seema Chopra,Store Manager,Kolkata - Park Street,Kolkata,West Bengal,Closing Checklist,daily_checklist,Priya Nair,2026-08-11,2026-08-10,Yes,2026-08
988,101,12,2026-08-12 08:40:00,87.5,80.0,7.0,Seema Chopra,Store Manager,Kolkata - Park Street,Kolkata,West Bengal,Opening Checklist,daily_checklist,Priya Nair,2026-08-12,2026-08-10,Yes,2026-08
989,102,12,2026-08-12 22:44:00,87.5,80.0,7.0,Seema Chopra,Store Manager,Kolkata - Park Street,Kolkata,West Bengal,Closing Checklist,daily_checklist,Priya Nair,2026-08-12,2026-08-10,Yes,2026-08
990,101,45,2026-08-13 09:34:00,50.0,80.0,7.0,Ekta Patel,Crew Member,Kolkata - Park Street,Kolkata,West Bengal,Opening Checklist,daily_checklist,Priya Nair,2026-08-13,2026-08-10,No,2026-08
991,102,46,2026-08-13 22:05:00,75.0,80.0,7.0,Amit Gupta,Crew Member,Kolkata - Park Street,Kolkata,West Bengal,Closing Checklist,daily_checklist,Priya Nair,2026-08-13,2026-08-10,No,2026-08
992,101,45,2026-08-14 09:58:00,100.0,80.0,7.0,Ekta Patel,Crew Member,Kolkata - Park Street,Kolkata,West Bengal,Opening Checklist,daily_checklist,Priya Nair,2026-08-14,2026-08-10,Yes,2026-08
993,102,46,2026-08-14 21:34:00,87.5,80.0,7.0,Amit Gupta,Crew Member,Kolkata - Park Street,Kolkata,West Bengal,Closing Checklist,daily_checklist,Priya Nair,2026-08-14,2026-08-10,Yes,2026-08
994,102,44,2026-08-15 23:40:00,75.0,80.0,7.0,Aditya Reddy,Crew Member,Kolkata - Park Street,Kolkata,West Bengal,Closing Checklist,daily_checklist,Priya Nair,2026-08-15,2026-08-10,No,2026-08
995,101,45,2026-08-16 09:27:00,87.5,80.0,7.0,Ekta Patel,Crew Member,Kolkata - Park Street,Kolkata,West Bengal,Opening Checklist,daily_checklist,Priya Nair,2026-08-16,2026-08-10,Yes,2026-08
996,102,44,2026-08-16 21:15:00,75.0,80.0,7.0,Aditya Reddy,Crew Member,Kolkata - Park Street,Kolkata,West Bengal,Closing Checklist,daily_checklist,Priya Nair,2026-08-16,2026-08-10,No,2026-08
997,101,44,2026-08-17 07:29:00,87.5,80.0,7.0,Aditya Reddy,Crew Member,Kolkata - Park Street,Kolkata,West Bengal,Opening Checklist,daily_checklist,Priya Nair,2026-08-17,2026-08-17,Yes,2026-08
998,102,45,2026-08-17 22:42:00,87.5,80.0,7.0,Ekta Patel,Crew Member,Kolkata - Park Street,Kolkata,West Bengal,Closing Checklist,daily_checklist,Priya Nair,2026-08-17,2026-08-17,Yes,2026-08
999,101,48,2026-05-19 07:45:00,62.5,80.0,8.0,Siddharth Mehta,Crew Member,Ahmedabad - SG Highway,Ahmedabad,Gujarat,Opening Checklist,daily_checklist,Priya Nair,2026-05-19,2026-05-18,No,2026-05
1000,102,48,2026-05-19 23:00:00,62.5,80.0,8.0,Siddharth Mehta,Crew Member,Ahmedabad - SG Highway,Ahmedabad,Gujarat,Closing Checklist,daily_checklist,Priya Nair,2026-05-19,2026-05-18,No,2026-05
1001,102,49,2026-05-20 22:33:00,75.0,80.0,8.0,Vishal Rao,Crew Member,Ahmedabad - SG Highway,Ahmedabad,Gujarat,Closing Checklist,daily_checklist,Priya Nair,2026-05-20,2026-05-18,No,2026-05
1002,101,49,2026-05-22 08:08:00,62.5,80.0,8.0,Vishal Rao,Crew Member,Ahmedabad - SG Highway,Ahmedabad,Gujarat,Opening Checklist,daily_checklist,Priya Nair,2026-05-22,2026-05-18,No,2026-05
1003,101,47,2026-05-23 09:56:00,50.0,80.0,8.0,Ajay Singh,Crew Member,Ahmedabad - SG Highway,Ahmedabad,Gujarat,Opening Checklist,daily_checklist,Priya Nair,2026-05-23,2026-05-18,No,2026-05
1004,102,13,2026-05-23 21:21:00,75.0,80.0,8.0,Meera Joshi,Store Manager,Ahmedabad - SG Highway,Ahmedabad,Gujarat,Closing Checklist,daily_checklist,Priya Nair,2026-05-23,2026-05-18,No,2026-05
1005,102,49,2026-05-26 23:04:00,87.5,80.0,8.0,Vishal Rao,Crew Member,Ahmedabad - SG Highway,Ahmedabad,Gujarat,Closing Checklist,daily_checklist,Priya Nair,2026-05-26,2026-05-25,Yes,2026-05
1006,101,13,2026-05-27 09:04:00,25.0,80.0,8.0,Meera Joshi,Store Manager,Ahmedabad - SG Highway,Ahmedabad,Gujarat,Opening Checklist,daily_checklist,Priya Nair,2026-05-27,2026-05-25,No,2026-05
1007,101,49,2026-05-29 08:32:00,50.0,80.0,8.0,Vishal Rao,Crew Member,Ahmedabad - SG Highway,Ahmedabad,Gujarat,Opening Checklist,daily_checklist,Priya Nair,2026-05-29,2026-05-25,No,2026-05
1008,102,48,2026-05-29 21:31:00,75.0,80.0,8.0,Siddharth Mehta,Crew Member,Ahmedabad - SG Highway,Ahmedabad,Gujarat,Closing Checklist,daily_checklist,Priya Nair,2026-05-29,2026-05-25,No,2026-05
1009,101,47,2026-05-30 07:16:00,62.5,80.0,8.0,Ajay Singh,Crew Member,Ahmedabad - SG Highway,Ahmedabad,Gujarat,Opening Checklist,daily_checklist,Priya Nair,2026-05-30,2026-05-25,No,2026-05
1010,101,47,2026-06-01 09:43:00,37.5,80.0,8.0,Ajay Singh,Crew Member,Ahmedabad - SG Highway,Ahmedabad,Gujarat,Opening Checklist,daily_checklist,Priya Nair,2026-06-01,2026-06-01,No,2026-06
1011,101,47,2026-06-02 07:47:00,62.5,80.0,8.0,Ajay Singh,Crew Member,Ahmedabad - SG Highway,Ahmedabad,Gujarat,Opening Checklist,daily_checklist,Priya Nair,2026-06-02,2026-06-01,No,2026-06
1012,101,47,2026-06-03 07:54:00,50.0,80.0,8.0,Ajay Singh,Crew Member,Ahmedabad - SG Highway,Ahmedabad,Gujarat,Opening Checklist,daily_checklist,Priya Nair,2026-06-03,2026-06-01,No,2026-06
1013,102,13,2026-06-04 21:02:00,62.5,80.0,8.0,Meera Joshi,Store Manager,Ahmedabad - SG Highway,Ahmedabad,Gujarat,Closing Checklist,daily_checklist,Priya Nair,2026-06-04,2026-06-01,No,2026-06
1014,101,48,2026-06-05 08:58:00,50.0,80.0,8.0,Siddharth Mehta,Crew Member,Ahmedabad - SG Highway,Ahmedabad,Gujarat,Opening Checklist,daily_checklist,Priya Nair,2026-06-05,2026-06-01,No,2026-06
1015,101,47,2026-06-06 07:59:00,50.0,80.0,8.0,Ajay Singh,Crew Member,Ahmedabad - SG Highway,Ahmedabad,Gujarat,Opening Checklist,daily_checklist,Priya Nair,2026-06-06,2026-06-01,No,2026-06
1016,102,13,2026-06-07 23:51:00,37.5,80.0,8.0,Meera Joshi,Store Manager,Ahmedabad - SG Highway,Ahmedabad,Gujarat,Closing Checklist,daily_checklist,Priya Nair,2026-06-07,2026-06-01,No,2026-06
1017,101,13,2026-06-08 08:15:00,37.5,80.0,8.0,Meera Joshi,Store Manager,Ahmedabad - SG Highway,Ahmedabad,Gujarat,Opening Checklist,daily_checklist,Priya Nair,2026-06-08,2026-06-08,No,2026-06
1018,102,49,2026-06-10 23:20:00,87.5,80.0,8.0,Vishal Rao,Crew Member,Ahmedabad - SG Highway,Ahmedabad,Gujarat,Closing Checklist,daily_checklist,Priya Nair,2026-06-10,2026-06-08,Yes,2026-06
1019,102,47,2026-06-11 23:23:00,62.5,80.0,8.0,Ajay Singh,Crew Member,Ahmedabad - SG Highway,Ahmedabad,Gujarat,Closing Checklist,daily_checklist,Priya Nair,2026-06-11,2026-06-08,No,2026-06
1020,101,47,2026-06-14 09:57:00,75.0,80.0,8.0,Ajay Singh,Crew Member,Ahmedabad - SG Highway,Ahmedabad,Gujarat,Opening Checklist,daily_checklist,Priya Nair,2026-06-14,2026-06-08,No,2026-06
1021,101,47,2026-06-15 07:14:00,62.5,80.0,8.0,Ajay Singh,Crew Member,Ahmedabad - SG Highway,Ahmedabad,Gujarat,Opening Checklist,daily_checklist,Priya Nair,2026-06-15,2026-06-15,No,2026-06
1022,101,13,2026-06-16 08:04:00,50.0,80.0,8.0,Meera Joshi,Store Manager,Ahmedabad - SG Highway,Ahmedabad,Gujarat,Opening Checklist,daily_checklist,Priya Nair,2026-06-16,2026-06-15,No,2026-06
1023,102,49,2026-06-16 22:49:00,62.5,80.0,8.0,Vishal Rao,Crew Member,Ahmedabad - SG Highway,Ahmedabad,Gujarat,Closing Checklist,daily_checklist,Priya Nair,2026-06-16,2026-06-15,No,2026-06
1024,101,13,2026-06-17 07:35:00,62.5,80.0,8.0,Meera Joshi,Store Manager,Ahmedabad - SG Highway,Ahmedabad,Gujarat,Opening Checklist,daily_checklist,Priya Nair,2026-06-17,2026-06-15,No,2026-06
1025,102,48,2026-06-17 21:23:00,25.0,80.0,8.0,Siddharth Mehta,Crew Member,Ahmedabad - SG Highway,Ahmedabad,Gujarat,Closing Checklist,daily_checklist,Priya Nair,2026-06-17,2026-06-15,No,2026-06
1026,101,49,2026-06-19 09:50:00,50.0,80.0,8.0,Vishal Rao,Crew Member,Ahmedabad - SG Highway,Ahmedabad,Gujarat,Opening Checklist,daily_checklist,Priya Nair,2026-06-19,2026-06-15,No,2026-06
1027,101,48,2026-06-20 09:39:00,50.0,80.0,8.0,Siddharth Mehta,Crew Member,Ahmedabad - SG Highway,Ahmedabad,Gujarat,Opening Checklist,daily_checklist,Priya Nair,2026-06-20,2026-06-15,No,2026-06
1028,101,13,2026-06-21 08:23:00,62.5,80.0,8.0,Meera Joshi,Store Manager,Ahmedabad - SG Highway,Ahmedabad,Gujarat,Opening Checklist,daily_checklist,Priya Nair,2026-06-21,2026-06-15,No,2026-06
1029,101,48,2026-06-22 07:46:00,37.5,80.0,8.0,Siddharth Mehta,Crew Member,Ahmedabad - SG Highway,Ahmedabad,Gujarat,Opening Checklist,daily_checklist,Priya Nair,2026-06-22,2026-06-22,No,2026-06
1030,102,13,2026-06-22 21:00:00,62.5,80.0,8.0,Meera Joshi,Store Manager,Ahmedabad - SG Highway,Ahmedabad,Gujarat,Closing Checklist,daily_checklist,Priya Nair,2026-06-22,2026-06-22,No,2026-06
1031,101,49,2026-06-23 07:34:00,37.5,80.0,8.0,Vishal Rao,Crew Member,Ahmedabad - SG Highway,Ahmedabad,Gujarat,Opening Checklist,daily_checklist,Priya Nair,2026-06-23,2026-06-22,No,2026-06
1032,102,47,2026-06-23 23:53:00,87.5,80.0,8.0,Ajay Singh,Crew Member,Ahmedabad - SG Highway,Ahmedabad,Gujarat,Closing Checklist,daily_checklist,Priya Nair,2026-06-23,2026-06-22,Yes,2026-06
1033,101,13,2026-06-24 07:48:00,62.5,80.0,8.0,Meera Joshi,Store Manager,Ahmedabad - SG Highway,Ahmedabad,Gujarat,Opening Checklist,daily_checklist,Priya Nair,2026-06-24,2026-06-22,No,2026-06
1034,102,49,2026-06-25 23:46:00,62.5,80.0,8.0,Vishal Rao,Crew Member,Ahmedabad - SG Highway,Ahmedabad,Gujarat,Closing Checklist,daily_checklist,Priya Nair,2026-06-25,2026-06-22,No,2026-06
1035,102,48,2026-06-26 21:33:00,87.5,80.0,8.0,Siddharth Mehta,Crew Member,Ahmedabad - SG Highway,Ahmedabad,Gujarat,Closing Checklist,daily_checklist,Priya Nair,2026-06-26,2026-06-22,Yes,2026-06
1036,101,48,2026-06-27 08:03:00,75.0,80.0,8.0,Siddharth Mehta,Crew Member,Ahmedabad - SG Highway,Ahmedabad,Gujarat,Opening Checklist,daily_checklist,Priya Nair,2026-06-27,2026-06-22,No,2026-06
1037,102,47,2026-06-27 23:17:00,75.0,80.0,8.0,Ajay Singh,Crew Member,Ahmedabad - SG Highway,Ahmedabad,Gujarat,Closing Checklist,daily_checklist,Priya Nair,2026-06-27,2026-06-22,No,2026-06
1038,101,13,2026-06-29 07:57:00,25.0,80.0,8.0,Meera Joshi,Store Manager,Ahmedabad - SG Highway,Ahmedabad,Gujarat,Opening Checklist,daily_checklist,Priya Nair,2026-06-29,2026-06-29,No,2026-06
1039,102,49,2026-06-30 23:57:00,75.0,80.0,8.0,Vishal Rao,Crew Member,Ahmedabad - SG Highway,Ahmedabad,Gujarat,Closing Checklist,daily_checklist,Priya Nair,2026-06-30,2026-06-29,No,2026-06
1040,102,47,2026-07-01 23:05:00,25.0,80.0,8.0,Ajay Singh,Crew Member,Ahmedabad - SG Highway,Ahmedabad,Gujarat,Closing Checklist,daily_checklist,Priya Nair,2026-07-01,2026-06-29,No,2026-07
1041,102,13,2026-07-02 21:40:00,75.0,80.0,8.0,Meera Joshi,Store Manager,Ahmedabad - SG Highway,Ahmedabad,Gujarat,Closing Checklist,daily_checklist,Priya Nair,2026-07-02,2026-06-29,No,2026-07
1042,101,47,2026-07-03 09:36:00,75.0,80.0,8.0,Ajay Singh,Crew Member,Ahmedabad - SG Highway,Ahmedabad,Gujarat,Opening Checklist,daily_checklist,Priya Nair,2026-07-03,2026-06-29,No,2026-07
1043,101,48,2026-07-04 08:42:00,50.0,80.0,8.0,Siddharth Mehta,Crew Member,Ahmedabad - SG Highway,Ahmedabad,Gujarat,Opening Checklist,daily_checklist,Priya Nair,2026-07-04,2026-06-29,No,2026-07
1044,101,49,2026-07-06 07:18:00,50.0,80.0,8.0,Vishal Rao,Crew Member,Ahmedabad - SG Highway,Ahmedabad,Gujarat,Opening Checklist,daily_checklist,Priya Nair,2026-07-06,2026-07-06,No,2026-07
1045,102,13,2026-07-06 22:59:00,50.0,80.0,8.0,Meera Joshi,Store Manager,Ahmedabad - SG Highway,Ahmedabad,Gujarat,Closing Checklist,daily_checklist,Priya Nair,2026-07-06,2026-07-06,No,2026-07
1046,101,49,2026-07-08 08:28:00,62.5,80.0,8.0,Vishal Rao,Crew Member,Ahmedabad - SG Highway,Ahmedabad,Gujarat,Opening Checklist,daily_checklist,Priya Nair,2026-07-08,2026-07-06,No,2026-07
1047,101,48,2026-07-09 07:04:00,62.5,80.0,8.0,Siddharth Mehta,Crew Member,Ahmedabad - SG Highway,Ahmedabad,Gujarat,Opening Checklist,daily_checklist,Priya Nair,2026-07-09,2026-07-06,No,2026-07
1048,101,47,2026-07-10 07:49:00,62.5,80.0,8.0,Ajay Singh,Crew Member,Ahmedabad - SG Highway,Ahmedabad,Gujarat,Opening Checklist,daily_checklist,Priya Nair,2026-07-10,2026-07-06,No,2026-07
1049,102,48,2026-07-13 21:06:00,87.5,80.0,8.0,Siddharth Mehta,Crew Member,Ahmedabad - SG Highway,Ahmedabad,Gujarat,Closing Checklist,daily_checklist,Priya Nair,2026-07-13,2026-07-13,Yes,2026-07
1050,101,13,2026-07-14 08:20:00,50.0,80.0,8.0,Meera Joshi,Store Manager,Ahmedabad - SG Highway,Ahmedabad,Gujarat,Opening Checklist,daily_checklist,Priya Nair,2026-07-14,2026-07-13,No,2026-07
1051,102,49,2026-07-14 21:34:00,62.5,80.0,8.0,Vishal Rao,Crew Member,Ahmedabad - SG Highway,Ahmedabad,Gujarat,Closing Checklist,daily_checklist,Priya Nair,2026-07-14,2026-07-13,No,2026-07
1052,102,13,2026-07-15 22:19:00,62.5,80.0,8.0,Meera Joshi,Store Manager,Ahmedabad - SG Highway,Ahmedabad,Gujarat,Closing Checklist,daily_checklist,Priya Nair,2026-07-15,2026-07-13,No,2026-07
1053,102,48,2026-07-16 21:05:00,75.0,80.0,8.0,Siddharth Mehta,Crew Member,Ahmedabad - SG Highway,Ahmedabad,Gujarat,Closing Checklist,daily_checklist,Priya Nair,2026-07-16,2026-07-13,No,2026-07
1054,101,47,2026-07-18 09:44:00,25.0,80.0,8.0,Ajay Singh,Crew Member,Ahmedabad - SG Highway,Ahmedabad,Gujarat,Opening Checklist,daily_checklist,Priya Nair,2026-07-18,2026-07-13,No,2026-07
1055,102,49,2026-07-18 21:53:00,75.0,80.0,8.0,Vishal Rao,Crew Member,Ahmedabad - SG Highway,Ahmedabad,Gujarat,Closing Checklist,daily_checklist,Priya Nair,2026-07-18,2026-07-13,No,2026-07
1056,101,48,2026-07-19 07:45:00,62.5,80.0,8.0,Siddharth Mehta,Crew Member,Ahmedabad - SG Highway,Ahmedabad,Gujarat,Opening Checklist,daily_checklist,Priya Nair,2026-07-19,2026-07-13,No,2026-07
1057,101,47,2026-07-20 08:25:00,25.0,80.0,8.0,Ajay Singh,Crew Member,Ahmedabad - SG Highway,Ahmedabad,Gujarat,Opening Checklist,daily_checklist,Priya Nair,2026-07-20,2026-07-20,No,2026-07
1058,102,49,2026-07-20 23:19:00,50.0,80.0,8.0,Vishal Rao,Crew Member,Ahmedabad - SG Highway,Ahmedabad,Gujarat,Closing Checklist,daily_checklist,Priya Nair,2026-07-20,2026-07-20,No,2026-07
1059,102,13,2026-07-21 21:25:00,50.0,80.0,8.0,Meera Joshi,Store Manager,Ahmedabad - SG Highway,Ahmedabad,Gujarat,Closing Checklist,daily_checklist,Priya Nair,2026-07-21,2026-07-20,No,2026-07
1060,101,48,2026-07-22 09:35:00,25.0,80.0,8.0,Siddharth Mehta,Crew Member,Ahmedabad - SG Highway,Ahmedabad,Gujarat,Opening Checklist,daily_checklist,Priya Nair,2026-07-22,2026-07-20,No,2026-07
1061,102,47,2026-07-22 21:29:00,87.5,80.0,8.0,Ajay Singh,Crew Member,Ahmedabad - SG Highway,Ahmedabad,Gujarat,Closing Checklist,daily_checklist,Priya Nair,2026-07-22,2026-07-20,Yes,2026-07
1062,102,47,2026-07-23 21:00:00,62.5,80.0,8.0,Ajay Singh,Crew Member,Ahmedabad - SG Highway,Ahmedabad,Gujarat,Closing Checklist,daily_checklist,Priya Nair,2026-07-23,2026-07-20,No,2026-07
1063,102,13,2026-07-24 21:12:00,25.0,80.0,8.0,Meera Joshi,Store Manager,Ahmedabad - SG Highway,Ahmedabad,Gujarat,Closing Checklist,daily_checklist,Priya Nair,2026-07-24,2026-07-20,No,2026-07
1064,101,47,2026-07-25 09:40:00,50.0,80.0,8.0,Ajay Singh,Crew Member,Ahmedabad - SG Highway,Ahmedabad,Gujarat,Opening Checklist,daily_checklist,Priya Nair,2026-07-25,2026-07-20,No,2026-07
1065,102,49,2026-07-26 23:37:00,62.5,80.0,8.0,Vishal Rao,Crew Member,Ahmedabad - SG Highway,Ahmedabad,Gujarat,Closing Checklist,daily_checklist,Priya Nair,2026-07-26,2026-07-20,No,2026-07
1066,101,48,2026-07-27 07:04:00,62.5,80.0,8.0,Siddharth Mehta,Crew Member,Ahmedabad - SG Highway,Ahmedabad,Gujarat,Opening Checklist,daily_checklist,Priya Nair,2026-07-27,2026-07-27,No,2026-07
1067,102,48,2026-07-27 23:28:00,50.0,80.0,8.0,Siddharth Mehta,Crew Member,Ahmedabad - SG Highway,Ahmedabad,Gujarat,Closing Checklist,daily_checklist,Priya Nair,2026-07-27,2026-07-27,No,2026-07
1068,101,47,2026-07-29 08:07:00,62.5,80.0,8.0,Ajay Singh,Crew Member,Ahmedabad - SG Highway,Ahmedabad,Gujarat,Opening Checklist,daily_checklist,Priya Nair,2026-07-29,2026-07-27,No,2026-07
1069,101,48,2026-07-30 08:03:00,37.5,80.0,8.0,Siddharth Mehta,Crew Member,Ahmedabad - SG Highway,Ahmedabad,Gujarat,Opening Checklist,daily_checklist,Priya Nair,2026-07-30,2026-07-27,No,2026-07
1070,102,13,2026-07-31 23:27:00,62.5,80.0,8.0,Meera Joshi,Store Manager,Ahmedabad - SG Highway,Ahmedabad,Gujarat,Closing Checklist,daily_checklist,Priya Nair,2026-07-31,2026-07-27,No,2026-07
1071,101,13,2026-08-02 07:24:00,75.0,80.0,8.0,Meera Joshi,Store Manager,Ahmedabad - SG Highway,Ahmedabad,Gujarat,Opening Checklist,daily_checklist,Priya Nair,2026-08-02,2026-07-27,No,2026-08
1072,102,48,2026-08-02 21:22:00,62.5,80.0,8.0,Siddharth Mehta,Crew Member,Ahmedabad - SG Highway,Ahmedabad,Gujarat,Closing Checklist,daily_checklist,Priya Nair,2026-08-02,2026-07-27,No,2026-08
1073,102,13,2026-08-03 22:17:00,50.0,80.0,8.0,Meera Joshi,Store Manager,Ahmedabad - SG Highway,Ahmedabad,Gujarat,Closing Checklist,daily_checklist,Priya Nair,2026-08-03,2026-08-03,No,2026-08
1074,102,48,2026-08-04 21:39:00,62.5,80.0,8.0,Siddharth Mehta,Crew Member,Ahmedabad - SG Highway,Ahmedabad,Gujarat,Closing Checklist,daily_checklist,Priya Nair,2026-08-04,2026-08-03,No,2026-08
1075,101,13,2026-08-05 08:26:00,50.0,80.0,8.0,Meera Joshi,Store Manager,Ahmedabad - SG Highway,Ahmedabad,Gujarat,Opening Checklist,daily_checklist,Priya Nair,2026-08-05,2026-08-03,No,2026-08
1076,102,49,2026-08-05 21:05:00,62.5,80.0,8.0,Vishal Rao,Crew Member,Ahmedabad - SG Highway,Ahmedabad,Gujarat,Closing Checklist,daily_checklist,Priya Nair,2026-08-05,2026-08-03,No,2026-08
1077,102,48,2026-08-06 21:26:00,62.5,80.0,8.0,Siddharth Mehta,Crew Member,Ahmedabad - SG Highway,Ahmedabad,Gujarat,Closing Checklist,daily_checklist,Priya Nair,2026-08-06,2026-08-03,No,2026-08
1078,102,47,2026-08-07 21:40:00,62.5,80.0,8.0,Ajay Singh,Crew Member,Ahmedabad - SG Highway,Ahmedabad,Gujarat,Closing Checklist,daily_checklist,Priya Nair,2026-08-07,2026-08-03,No,2026-08
1079,101,13,2026-08-08 09:22:00,75.0,80.0,8.0,Meera Joshi,Store Manager,Ahmedabad - SG Highway,Ahmedabad,Gujarat,Opening Checklist,daily_checklist,Priya Nair,2026-08-08,2026-08-03,No,2026-08
1080,101,13,2026-08-09 09:50:00,75.0,80.0,8.0,Meera Joshi,Store Manager,Ahmedabad - SG Highway,Ahmedabad,Gujarat,Opening Checklist,daily_checklist,Priya Nair,2026-08-09,2026-08-03,No,2026-08
1081,102,49,2026-08-09 22:58:00,87.5,80.0,8.0,Vishal Rao,Crew Member,Ahmedabad - SG Highway,Ahmedabad,Gujarat,Closing Checklist,daily_checklist,Priya Nair,2026-08-09,2026-08-03,Yes,2026-08
1082,101,47,2026-08-10 08:11:00,37.5,80.0,8.0,Ajay Singh,Crew Member,Ahmedabad - SG Highway,Ahmedabad,Gujarat,Opening Checklist,daily_checklist,Priya Nair,2026-08-10,2026-08-10,No,2026-08
1083,102,48,2026-08-10 22:38:00,37.5,80.0,8.0,Siddharth Mehta,Crew Member,Ahmedabad - SG Highway,Ahmedabad,Gujarat,Closing Checklist,daily_checklist,Priya Nair,2026-08-10,2026-08-10,No,2026-08
1084,102,13,2026-08-11 22:03:00,62.5,80.0,8.0,Meera Joshi,Store Manager,Ahmedabad - SG Highway,Ahmedabad,Gujarat,Closing Checklist,daily_checklist,Priya Nair,2026-08-11,2026-08-10,No,2026-08
1085,101,48,2026-08-12 08:49:00,50.0,80.0,8.0,Siddharth Mehta,Crew Member,Ahmedabad - SG Highway,Ahmedabad,Gujarat,Opening Checklist,daily_checklist,Priya Nair,2026-08-12,2026-08-10,No,2026-08
1086,101,48,2026-08-14 07:06:00,25.0,80.0,8.0,Siddharth Mehta,Crew Member,Ahmedabad - SG Highway,Ahmedabad,Gujarat,Opening Checklist,daily_checklist,Priya Nair,2026-08-14,2026-08-10,No,2026-08
1087,101,49,2026-08-15 09:15:00,37.5,80.0,8.0,Vishal Rao,Crew Member,Ahmedabad - SG Highway,Ahmedabad,Gujarat,Opening Checklist,daily_checklist,Priya Nair,2026-08-15,2026-08-10,No,2026-08
1088,102,47,2026-08-15 23:52:00,75.0,80.0,8.0,Ajay Singh,Crew Member,Ahmedabad - SG Highway,Ahmedabad,Gujarat,Closing Checklist,daily_checklist,Priya Nair,2026-08-15,2026-08-10,No,2026-08
1089,101,13,2026-08-16 09:54:00,50.0,80.0,8.0,Meera Joshi,Store Manager,Ahmedabad - SG Highway,Ahmedabad,Gujarat,Opening Checklist,daily_checklist,Priya Nair,2026-08-16,2026-08-10,No,2026-08
1090,102,48,2026-08-16 22:59:00,62.5,80.0,8.0,Siddharth Mehta,Crew Member,Ahmedabad - SG Highway,Ahmedabad,Gujarat,Closing Checklist,daily_checklist,Priya Nair,2026-08-16,2026-08-10,No,2026-08
1091,102,52,2026-05-19 21:37:00,75.0,80.0,9.0,Suresh Chopra,Crew Member,Jaipur - MI Road,Jaipur,Rajasthan,Closing Checklist,daily_checklist,Priya Nair,2026-05-19,2026-05-18,No,2026-05
1092,101,52,2026-05-20 09:01:00,75.0,80.0,9.0,Suresh Chopra,Crew Member,Jaipur - MI Road,Jaipur,Rajasthan,Opening Checklist,daily_checklist,Priya Nair,2026-05-20,2026-05-18,No,2026-05
1093,101,51,2026-05-21 09:36:00,100.0,80.0,9.0,Jatin Kapoor,Crew Member,Jaipur - MI Road,Jaipur,Rajasthan,Opening Checklist,daily_checklist,Priya Nair,2026-05-21,2026-05-18,Yes,2026-05
1094,102,14,2026-05-21 23:12:00,75.0,80.0,9.0,Vandana Malhotra,Store Manager,Jaipur - MI Road,Jaipur,Rajasthan,Closing Checklist,daily_checklist,Priya Nair,2026-05-21,2026-05-18,No,2026-05
1095,101,14,2026-05-22 08:11:00,75.0,80.0,9.0,Vandana Malhotra,Store Manager,Jaipur - MI Road,Jaipur,Rajasthan,Opening Checklist,daily_checklist,Priya Nair,2026-05-22,2026-05-18,No,2026-05
1096,102,50,2026-05-22 21:05:00,75.0,80.0,9.0,Deepak Das,Crew Member,Jaipur - MI Road,Jaipur,Rajasthan,Closing Checklist,daily_checklist,Priya Nair,2026-05-22,2026-05-18,No,2026-05
1097,101,50,2026-05-23 09:14:00,87.5,80.0,9.0,Deepak Das,Crew Member,Jaipur - MI Road,Jaipur,Rajasthan,Opening Checklist,daily_checklist,Priya Nair,2026-05-23,2026-05-18,Yes,2026-05
1098,102,50,2026-05-24 23:30:00,62.5,80.0,9.0,Deepak Das,Crew Member,Jaipur - MI Road,Jaipur,Rajasthan,Closing Checklist,daily_checklist,Priya Nair,2026-05-24,2026-05-18,No,2026-05
1099,101,51,2026-05-25 09:12:00,87.5,80.0,9.0,Jatin Kapoor,Crew Member,Jaipur - MI Road,Jaipur,Rajasthan,Opening Checklist,daily_checklist,Priya Nair,2026-05-25,2026-05-25,Yes,2026-05
1100,102,51,2026-05-25 22:45:00,37.5,80.0,9.0,Jatin Kapoor,Crew Member,Jaipur - MI Road,Jaipur,Rajasthan,Closing Checklist,daily_checklist,Priya Nair,2026-05-25,2026-05-25,No,2026-05
1101,102,51,2026-05-26 21:01:00,87.5,80.0,9.0,Jatin Kapoor,Crew Member,Jaipur - MI Road,Jaipur,Rajasthan,Closing Checklist,daily_checklist,Priya Nair,2026-05-26,2026-05-25,Yes,2026-05
1102,102,51,2026-05-27 23:58:00,87.5,80.0,9.0,Jatin Kapoor,Crew Member,Jaipur - MI Road,Jaipur,Rajasthan,Closing Checklist,daily_checklist,Priya Nair,2026-05-27,2026-05-25,Yes,2026-05
1103,101,52,2026-05-28 09:55:00,75.0,80.0,9.0,Suresh Chopra,Crew Member,Jaipur - MI Road,Jaipur,Rajasthan,Opening Checklist,daily_checklist,Priya Nair,2026-05-28,2026-05-25,No,2026-05
1104,102,14,2026-05-28 21:23:00,62.5,80.0,9.0,Vandana Malhotra,Store Manager,Jaipur - MI Road,Jaipur,Rajasthan,Closing Checklist,daily_checklist,Priya Nair,2026-05-28,2026-05-25,No,2026-05
1105,101,52,2026-05-29 07:21:00,100.0,80.0,9.0,Suresh Chopra,Crew Member,Jaipur - MI Road,Jaipur,Rajasthan,Opening Checklist,daily_checklist,Priya Nair,2026-05-29,2026-05-25,Yes,2026-05
1106,101,51,2026-05-30 08:08:00,75.0,80.0,9.0,Jatin Kapoor,Crew Member,Jaipur - MI Road,Jaipur,Rajasthan,Opening Checklist,daily_checklist,Priya Nair,2026-05-30,2026-05-25,No,2026-05
1107,101,14,2026-05-31 09:27:00,62.5,80.0,9.0,Vandana Malhotra,Store Manager,Jaipur - MI Road,Jaipur,Rajasthan,Opening Checklist,daily_checklist,Priya Nair,2026-05-31,2026-05-25,No,2026-05
1108,101,51,2026-06-01 09:20:00,87.5,80.0,9.0,Jatin Kapoor,Crew Member,Jaipur - MI Road,Jaipur,Rajasthan,Opening Checklist,daily_checklist,Priya Nair,2026-06-01,2026-06-01,Yes,2026-06
1109,102,52,2026-06-02 23:35:00,62.5,80.0,9.0,Suresh Chopra,Crew Member,Jaipur - MI Road,Jaipur,Rajasthan,Closing Checklist,daily_checklist,Priya Nair,2026-06-02,2026-06-01,No,2026-06
1110,101,51,2026-06-03 09:37:00,100.0,80.0,9.0,Jatin Kapoor,Crew Member,Jaipur - MI Road,Jaipur,Rajasthan,Opening Checklist,daily_checklist,Priya Nair,2026-06-03,2026-06-01,Yes,2026-06
1111,102,52,2026-06-03 22:19:00,62.5,80.0,9.0,Suresh Chopra,Crew Member,Jaipur - MI Road,Jaipur,Rajasthan,Closing Checklist,daily_checklist,Priya Nair,2026-06-03,2026-06-01,No,2026-06
1112,101,50,2026-06-04 07:46:00,62.5,80.0,9.0,Deepak Das,Crew Member,Jaipur - MI Road,Jaipur,Rajasthan,Opening Checklist,daily_checklist,Priya Nair,2026-06-04,2026-06-01,No,2026-06
1113,101,14,2026-06-05 09:36:00,87.5,80.0,9.0,Vandana Malhotra,Store Manager,Jaipur - MI Road,Jaipur,Rajasthan,Opening Checklist,daily_checklist,Priya Nair,2026-06-05,2026-06-01,Yes,2026-06
1114,101,51,2026-06-08 09:02:00,75.0,80.0,9.0,Jatin Kapoor,Crew Member,Jaipur - MI Road,Jaipur,Rajasthan,Opening Checklist,daily_checklist,Priya Nair,2026-06-08,2026-06-08,No,2026-06
1115,102,51,2026-06-08 23:20:00,75.0,80.0,9.0,Jatin Kapoor,Crew Member,Jaipur - MI Road,Jaipur,Rajasthan,Closing Checklist,daily_checklist,Priya Nair,2026-06-08,2026-06-08,No,2026-06
1116,101,14,2026-06-09 07:59:00,75.0,80.0,9.0,Vandana Malhotra,Store Manager,Jaipur - MI Road,Jaipur,Rajasthan,Opening Checklist,daily_checklist,Priya Nair,2026-06-09,2026-06-08,No,2026-06
1117,102,50,2026-06-09 21:21:00,75.0,80.0,9.0,Deepak Das,Crew Member,Jaipur - MI Road,Jaipur,Rajasthan,Closing Checklist,daily_checklist,Priya Nair,2026-06-09,2026-06-08,No,2026-06
1118,101,51,2026-06-10 08:20:00,87.5,80.0,9.0,Jatin Kapoor,Crew Member,Jaipur - MI Road,Jaipur,Rajasthan,Opening Checklist,daily_checklist,Priya Nair,2026-06-10,2026-06-08,Yes,2026-06
1119,102,50,2026-06-10 23:56:00,75.0,80.0,9.0,Deepak Das,Crew Member,Jaipur - MI Road,Jaipur,Rajasthan,Closing Checklist,daily_checklist,Priya Nair,2026-06-10,2026-06-08,No,2026-06
1120,101,52,2026-06-11 08:00:00,50.0,80.0,9.0,Suresh Chopra,Crew Member,Jaipur - MI Road,Jaipur,Rajasthan,Opening Checklist,daily_checklist,Priya Nair,2026-06-11,2026-06-08,No,2026-06
1121,102,50,2026-06-11 21:15:00,50.0,80.0,9.0,Deepak Das,Crew Member,Jaipur - MI Road,Jaipur,Rajasthan,Closing Checklist,daily_checklist,Priya Nair,2026-06-11,2026-06-08,No,2026-06
1122,102,50,2026-06-12 22:50:00,87.5,80.0,9.0,Deepak Das,Crew Member,Jaipur - MI Road,Jaipur,Rajasthan,Closing Checklist,daily_checklist,Priya Nair,2026-06-12,2026-06-08,Yes,2026-06
1123,101,14,2026-06-13 07:24:00,87.5,80.0,9.0,Vandana Malhotra,Store Manager,Jaipur - MI Road,Jaipur,Rajasthan,Opening Checklist,daily_checklist,Priya Nair,2026-06-13,2026-06-08,Yes,2026-06
1124,102,51,2026-06-13 23:26:00,87.5,80.0,9.0,Jatin Kapoor,Crew Member,Jaipur - MI Road,Jaipur,Rajasthan,Closing Checklist,daily_checklist,Priya Nair,2026-06-13,2026-06-08,Yes,2026-06
1125,101,14,2026-06-14 08:56:00,87.5,80.0,9.0,Vandana Malhotra,Store Manager,Jaipur - MI Road,Jaipur,Rajasthan,Opening Checklist,daily_checklist,Priya Nair,2026-06-14,2026-06-08,Yes,2026-06
1126,102,14,2026-06-14 22:34:00,87.5,80.0,9.0,Vandana Malhotra,Store Manager,Jaipur - MI Road,Jaipur,Rajasthan,Closing Checklist,daily_checklist,Priya Nair,2026-06-14,2026-06-08,Yes,2026-06
1127,102,51,2026-06-15 22:50:00,100.0,80.0,9.0,Jatin Kapoor,Crew Member,Jaipur - MI Road,Jaipur,Rajasthan,Closing Checklist,daily_checklist,Priya Nair,2026-06-15,2026-06-15,Yes,2026-06
1128,101,50,2026-06-17 08:04:00,100.0,80.0,9.0,Deepak Das,Crew Member,Jaipur - MI Road,Jaipur,Rajasthan,Opening Checklist,daily_checklist,Priya Nair,2026-06-17,2026-06-15,Yes,2026-06
1129,102,52,2026-06-17 22:01:00,75.0,80.0,9.0,Suresh Chopra,Crew Member,Jaipur - MI Road,Jaipur,Rajasthan,Closing Checklist,daily_checklist,Priya Nair,2026-06-17,2026-06-15,No,2026-06
1130,101,52,2026-06-18 07:04:00,75.0,80.0,9.0,Suresh Chopra,Crew Member,Jaipur - MI Road,Jaipur,Rajasthan,Opening Checklist,daily_checklist,Priya Nair,2026-06-18,2026-06-15,No,2026-06
1131,102,14,2026-06-18 21:56:00,75.0,80.0,9.0,Vandana Malhotra,Store Manager,Jaipur - MI Road,Jaipur,Rajasthan,Closing Checklist,daily_checklist,Priya Nair,2026-06-18,2026-06-15,No,2026-06
1132,101,50,2026-06-20 09:04:00,62.5,80.0,9.0,Deepak Das,Crew Member,Jaipur - MI Road,Jaipur,Rajasthan,Opening Checklist,daily_checklist,Priya Nair,2026-06-20,2026-06-15,No,2026-06
1133,102,14,2026-06-21 22:38:00,100.0,80.0,9.0,Vandana Malhotra,Store Manager,Jaipur - MI Road,Jaipur,Rajasthan,Closing Checklist,daily_checklist,Priya Nair,2026-06-21,2026-06-15,Yes,2026-06
1134,101,51,2026-06-22 08:41:00,75.0,80.0,9.0,Jatin Kapoor,Crew Member,Jaipur - MI Road,Jaipur,Rajasthan,Opening Checklist,daily_checklist,Priya Nair,2026-06-22,2026-06-22,No,2026-06
1135,102,14,2026-06-22 23:56:00,75.0,80.0,9.0,Vandana Malhotra,Store Manager,Jaipur - MI Road,Jaipur,Rajasthan,Closing Checklist,daily_checklist,Priya Nair,2026-06-22,2026-06-22,No,2026-06
1136,101,52,2026-06-23 07:06:00,62.5,80.0,9.0,Suresh Chopra,Crew Member,Jaipur - MI Road,Jaipur,Rajasthan,Opening Checklist,daily_checklist,Priya Nair,2026-06-23,2026-06-22,No,2026-06
1137,102,14,2026-06-23 21:12:00,62.5,80.0,9.0,Vandana Malhotra,Store Manager,Jaipur - MI Road,Jaipur,Rajasthan,Closing Checklist,daily_checklist,Priya Nair,2026-06-23,2026-06-22,No,2026-06
1138,101,52,2026-06-25 09:59:00,75.0,80.0,9.0,Suresh Chopra,Crew Member,Jaipur - MI Road,Jaipur,Rajasthan,Opening Checklist,daily_checklist,Priya Nair,2026-06-25,2026-06-22,No,2026-06
1139,102,52,2026-06-25 23:18:00,75.0,80.0,9.0,Suresh Chopra,Crew Member,Jaipur - MI Road,Jaipur,Rajasthan,Closing Checklist,daily_checklist,Priya Nair,2026-06-25,2026-06-22,No,2026-06
1140,101,14,2026-06-26 07:03:00,100.0,80.0,9.0,Vandana Malhotra,Store Manager,Jaipur - MI Road,Jaipur,Rajasthan,Opening Checklist,daily_checklist,Priya Nair,2026-06-26,2026-06-22,Yes,2026-06
1141,102,14,2026-06-26 23:35:00,62.5,80.0,9.0,Vandana Malhotra,Store Manager,Jaipur - MI Road,Jaipur,Rajasthan,Closing Checklist,daily_checklist,Priya Nair,2026-06-26,2026-06-22,No,2026-06
1142,101,50,2026-06-27 07:23:00,100.0,80.0,9.0,Deepak Das,Crew Member,Jaipur - MI Road,Jaipur,Rajasthan,Opening Checklist,daily_checklist,Priya Nair,2026-06-27,2026-06-22,Yes,2026-06
1143,102,52,2026-06-27 22:05:00,62.5,80.0,9.0,Suresh Chopra,Crew Member,Jaipur - MI Road,Jaipur,Rajasthan,Closing Checklist,daily_checklist,Priya Nair,2026-06-27,2026-06-22,No,2026-06
1144,101,50,2026-06-28 08:12:00,75.0,80.0,9.0,Deepak Das,Crew Member,Jaipur - MI Road,Jaipur,Rajasthan,Opening Checklist,daily_checklist,Priya Nair,2026-06-28,2026-06-22,No,2026-06
1145,101,51,2026-06-29 07:13:00,37.5,80.0,9.0,Jatin Kapoor,Crew Member,Jaipur - MI Road,Jaipur,Rajasthan,Opening Checklist,daily_checklist,Priya Nair,2026-06-29,2026-06-29,No,2026-06
1146,101,50,2026-06-30 09:18:00,100.0,80.0,9.0,Deepak Das,Crew Member,Jaipur - MI Road,Jaipur,Rajasthan,Opening Checklist,daily_checklist,Priya Nair,2026-06-30,2026-06-29,Yes,2026-06
1147,102,50,2026-07-01 22:54:00,62.5,80.0,9.0,Deepak Das,Crew Member,Jaipur - MI Road,Jaipur,Rajasthan,Closing Checklist,daily_checklist,Priya Nair,2026-07-01,2026-06-29,No,2026-07
1148,101,14,2026-07-02 08:30:00,87.5,80.0,9.0,Vandana Malhotra,Store Manager,Jaipur - MI Road,Jaipur,Rajasthan,Opening Checklist,daily_checklist,Priya Nair,2026-07-02,2026-06-29,Yes,2026-07
1149,102,50,2026-07-02 23:16:00,75.0,80.0,9.0,Deepak Das,Crew Member,Jaipur - MI Road,Jaipur,Rajasthan,Closing Checklist,daily_checklist,Priya Nair,2026-07-02,2026-06-29,No,2026-07
1150,101,52,2026-07-03 08:11:00,87.5,80.0,9.0,Suresh Chopra,Crew Member,Jaipur - MI Road,Jaipur,Rajasthan,Opening Checklist,daily_checklist,Priya Nair,2026-07-03,2026-06-29,Yes,2026-07
1151,102,51,2026-07-03 22:23:00,87.5,80.0,9.0,Jatin Kapoor,Crew Member,Jaipur - MI Road,Jaipur,Rajasthan,Closing Checklist,daily_checklist,Priya Nair,2026-07-03,2026-06-29,Yes,2026-07
1152,101,14,2026-07-04 07:16:00,75.0,80.0,9.0,Vandana Malhotra,Store Manager,Jaipur - MI Road,Jaipur,Rajasthan,Opening Checklist,daily_checklist,Priya Nair,2026-07-04,2026-06-29,No,2026-07
1153,102,51,2026-07-04 22:16:00,87.5,80.0,9.0,Jatin Kapoor,Crew Member,Jaipur - MI Road,Jaipur,Rajasthan,Closing Checklist,daily_checklist,Priya Nair,2026-07-04,2026-06-29,Yes,2026-07
1154,101,51,2026-07-05 09:03:00,87.5,80.0,9.0,Jatin Kapoor,Crew Member,Jaipur - MI Road,Jaipur,Rajasthan,Opening Checklist,daily_checklist,Priya Nair,2026-07-05,2026-06-29,Yes,2026-07
1155,101,50,2026-07-06 09:42:00,87.5,80.0,9.0,Deepak Das,Crew Member,Jaipur - MI Road,Jaipur,Rajasthan,Opening Checklist,daily_checklist,Priya Nair,2026-07-06,2026-07-06,Yes,2026-07
1156,101,52,2026-07-07 07:42:00,75.0,80.0,9.0,Suresh Chopra,Crew Member,Jaipur - MI Road,Jaipur,Rajasthan,Opening Checklist,daily_checklist,Priya Nair,2026-07-07,2026-07-06,No,2026-07
1157,102,51,2026-07-07 23:26:00,87.5,80.0,9.0,Jatin Kapoor,Crew Member,Jaipur - MI Road,Jaipur,Rajasthan,Closing Checklist,daily_checklist,Priya Nair,2026-07-07,2026-07-06,Yes,2026-07
1158,101,14,2026-07-08 07:53:00,100.0,80.0,9.0,Vandana Malhotra,Store Manager,Jaipur - MI Road,Jaipur,Rajasthan,Opening Checklist,daily_checklist,Priya Nair,2026-07-08,2026-07-06,Yes,2026-07
1159,102,14,2026-07-08 23:26:00,100.0,80.0,9.0,Vandana Malhotra,Store Manager,Jaipur - MI Road,Jaipur,Rajasthan,Closing Checklist,daily_checklist,Priya Nair,2026-07-08,2026-07-06,Yes,2026-07
1160,101,52,2026-07-09 07:30:00,75.0,80.0,9.0,Suresh Chopra,Crew Member,Jaipur - MI Road,Jaipur,Rajasthan,Opening Checklist,daily_checklist,Priya Nair,2026-07-09,2026-07-06,No,2026-07
1161,102,50,2026-07-09 21:25:00,75.0,80.0,9.0,Deepak Das,Crew Member,Jaipur - MI Road,Jaipur,Rajasthan,Closing Checklist,daily_checklist,Priya Nair,2026-07-09,2026-07-06,No,2026-07
1162,102,51,2026-07-10 23:57:00,87.5,80.0,9.0,Jatin Kapoor,Crew Member,Jaipur - MI Road,Jaipur,Rajasthan,Closing Checklist,daily_checklist,Priya Nair,2026-07-10,2026-07-06,Yes,2026-07
1163,101,51,2026-07-11 08:11:00,87.5,80.0,9.0,Jatin Kapoor,Crew Member,Jaipur - MI Road,Jaipur,Rajasthan,Opening Checklist,daily_checklist,Priya Nair,2026-07-11,2026-07-06,Yes,2026-07
1164,102,51,2026-07-11 21:51:00,75.0,80.0,9.0,Jatin Kapoor,Crew Member,Jaipur - MI Road,Jaipur,Rajasthan,Closing Checklist,daily_checklist,Priya Nair,2026-07-11,2026-07-06,No,2026-07
1165,101,50,2026-07-12 07:27:00,62.5,80.0,9.0,Deepak Das,Crew Member,Jaipur - MI Road,Jaipur,Rajasthan,Opening Checklist,daily_checklist,Priya Nair,2026-07-12,2026-07-06,No,2026-07
1166,102,51,2026-07-12 23:27:00,75.0,80.0,9.0,Jatin Kapoor,Crew Member,Jaipur - MI Road,Jaipur,Rajasthan,Closing Checklist,daily_checklist,Priya Nair,2026-07-12,2026-07-06,No,2026-07
1167,101,52,2026-07-13 09:16:00,87.5,80.0,9.0,Suresh Chopra,Crew Member,Jaipur - MI Road,Jaipur,Rajasthan,Opening Checklist,daily_checklist,Priya Nair,2026-07-13,2026-07-13,Yes,2026-07
1168,102,50,2026-07-13 23:58:00,75.0,80.0,9.0,Deepak Das,Crew Member,Jaipur - MI Road,Jaipur,Rajasthan,Closing Checklist,daily_checklist,Priya Nair,2026-07-13,2026-07-13,No,2026-07
1169,101,14,2026-07-14 08:35:00,75.0,80.0,9.0,Vandana Malhotra,Store Manager,Jaipur - MI Road,Jaipur,Rajasthan,Opening Checklist,daily_checklist,Priya Nair,2026-07-14,2026-07-13,No,2026-07
1170,102,52,2026-07-15 23:20:00,100.0,80.0,9.0,Suresh Chopra,Crew Member,Jaipur - MI Road,Jaipur,Rajasthan,Closing Checklist,daily_checklist,Priya Nair,2026-07-15,2026-07-13,Yes,2026-07
1171,101,50,2026-07-16 08:58:00,87.5,80.0,9.0,Deepak Das,Crew Member,Jaipur - MI Road,Jaipur,Rajasthan,Opening Checklist,daily_checklist,Priya Nair,2026-07-16,2026-07-13,Yes,2026-07
1172,101,14,2026-07-17 09:39:00,50.0,80.0,9.0,Vandana Malhotra,Store Manager,Jaipur - MI Road,Jaipur,Rajasthan,Opening Checklist,daily_checklist,Priya Nair,2026-07-17,2026-07-13,No,2026-07
1173,102,51,2026-07-17 21:26:00,62.5,80.0,9.0,Jatin Kapoor,Crew Member,Jaipur - MI Road,Jaipur,Rajasthan,Closing Checklist,daily_checklist,Priya Nair,2026-07-17,2026-07-13,No,2026-07
1174,102,50,2026-07-18 23:37:00,75.0,80.0,9.0,Deepak Das,Crew Member,Jaipur - MI Road,Jaipur,Rajasthan,Closing Checklist,daily_checklist,Priya Nair,2026-07-18,2026-07-13,No,2026-07
1175,101,50,2026-07-19 09:49:00,100.0,80.0,9.0,Deepak Das,Crew Member,Jaipur - MI Road,Jaipur,Rajasthan,Opening Checklist,daily_checklist,Priya Nair,2026-07-19,2026-07-13,Yes,2026-07
1176,101,52,2026-07-20 08:55:00,62.5,80.0,9.0,Suresh Chopra,Crew Member,Jaipur - MI Road,Jaipur,Rajasthan,Opening Checklist,daily_checklist,Priya Nair,2026-07-20,2026-07-20,No,2026-07
1177,102,14,2026-07-20 22:16:00,75.0,80.0,9.0,Vandana Malhotra,Store Manager,Jaipur - MI Road,Jaipur,Rajasthan,Closing Checklist,daily_checklist,Priya Nair,2026-07-20,2026-07-20,No,2026-07
1178,101,14,2026-07-21 09:38:00,100.0,80.0,9.0,Vandana Malhotra,Store Manager,Jaipur - MI Road,Jaipur,Rajasthan,Opening Checklist,daily_checklist,Priya Nair,2026-07-21,2026-07-20,Yes,2026-07
1179,102,52,2026-07-21 21:11:00,75.0,80.0,9.0,Suresh Chopra,Crew Member,Jaipur - MI Road,Jaipur,Rajasthan,Closing Checklist,daily_checklist,Priya Nair,2026-07-21,2026-07-20,No,2026-07
1180,102,14,2026-07-22 21:39:00,87.5,80.0,9.0,Vandana Malhotra,Store Manager,Jaipur - MI Road,Jaipur,Rajasthan,Closing Checklist,daily_checklist,Priya Nair,2026-07-22,2026-07-20,Yes,2026-07
1181,102,52,2026-07-23 22:56:00,62.5,80.0,9.0,Suresh Chopra,Crew Member,Jaipur - MI Road,Jaipur,Rajasthan,Closing Checklist,daily_checklist,Priya Nair,2026-07-23,2026-07-20,No,2026-07
1182,101,14,2026-07-24 07:47:00,75.0,80.0,9.0,Vandana Malhotra,Store Manager,Jaipur - MI Road,Jaipur,Rajasthan,Opening Checklist,daily_checklist,Priya Nair,2026-07-24,2026-07-20,No,2026-07
1183,102,52,2026-07-24 22:57:00,100.0,80.0,9.0,Suresh Chopra,Crew Member,Jaipur - MI Road,Jaipur,Rajasthan,Closing Checklist,daily_checklist,Priya Nair,2026-07-24,2026-07-20,Yes,2026-07
1184,101,52,2026-07-25 08:52:00,75.0,80.0,9.0,Suresh Chopra,Crew Member,Jaipur - MI Road,Jaipur,Rajasthan,Opening Checklist,daily_checklist,Priya Nair,2026-07-25,2026-07-20,No,2026-07
1185,102,14,2026-07-25 22:17:00,87.5,80.0,9.0,Vandana Malhotra,Store Manager,Jaipur - MI Road,Jaipur,Rajasthan,Closing Checklist,daily_checklist,Priya Nair,2026-07-25,2026-07-20,Yes,2026-07
1186,101,52,2026-07-27 07:08:00,37.5,80.0,9.0,Suresh Chopra,Crew Member,Jaipur - MI Road,Jaipur,Rajasthan,Opening Checklist,daily_checklist,Priya Nair,2026-07-27,2026-07-27,No,2026-07
1187,102,52,2026-07-28 23:28:00,87.5,80.0,9.0,Suresh Chopra,Crew Member,Jaipur - MI Road,Jaipur,Rajasthan,Closing Checklist,daily_checklist,Priya Nair,2026-07-28,2026-07-27,Yes,2026-07
1188,101,50,2026-07-29 09:26:00,87.5,80.0,9.0,Deepak Das,Crew Member,Jaipur - MI Road,Jaipur,Rajasthan,Opening Checklist,daily_checklist,Priya Nair,2026-07-29,2026-07-27,Yes,2026-07
1189,102,51,2026-07-29 21:28:00,87.5,80.0,9.0,Jatin Kapoor,Crew Member,Jaipur - MI Road,Jaipur,Rajasthan,Closing Checklist,daily_checklist,Priya Nair,2026-07-29,2026-07-27,Yes,2026-07
1190,101,52,2026-07-30 09:31:00,50.0,80.0,9.0,Suresh Chopra,Crew Member,Jaipur - MI Road,Jaipur,Rajasthan,Opening Checklist,daily_checklist,Priya Nair,2026-07-30,2026-07-27,No,2026-07
1191,102,51,2026-07-30 21:32:00,87.5,80.0,9.0,Jatin Kapoor,Crew Member,Jaipur - MI Road,Jaipur,Rajasthan,Closing Checklist,daily_checklist,Priya Nair,2026-07-30,2026-07-27,Yes,2026-07
1192,101,14,2026-07-31 08:45:00,87.5,80.0,9.0,Vandana Malhotra,Store Manager,Jaipur - MI Road,Jaipur,Rajasthan,Opening Checklist,daily_checklist,Priya Nair,2026-07-31,2026-07-27,Yes,2026-07
1193,101,50,2026-08-01 07:49:00,62.5,80.0,9.0,Deepak Das,Crew Member,Jaipur - MI Road,Jaipur,Rajasthan,Opening Checklist,daily_checklist,Priya Nair,2026-08-01,2026-07-27,No,2026-08
1194,102,51,2026-08-01 21:12:00,75.0,80.0,9.0,Jatin Kapoor,Crew Member,Jaipur - MI Road,Jaipur,Rajasthan,Closing Checklist,daily_checklist,Priya Nair,2026-08-01,2026-07-27,No,2026-08
1195,101,14,2026-08-02 07:02:00,87.5,80.0,9.0,Vandana Malhotra,Store Manager,Jaipur - MI Road,Jaipur,Rajasthan,Opening Checklist,daily_checklist,Priya Nair,2026-08-02,2026-07-27,Yes,2026-08
1196,102,52,2026-08-02 21:58:00,75.0,80.0,9.0,Suresh Chopra,Crew Member,Jaipur - MI Road,Jaipur,Rajasthan,Closing Checklist,daily_checklist,Priya Nair,2026-08-02,2026-07-27,No,2026-08
1197,101,14,2026-08-03 08:23:00,75.0,80.0,9.0,Vandana Malhotra,Store Manager,Jaipur - MI Road,Jaipur,Rajasthan,Opening Checklist,daily_checklist,Priya Nair,2026-08-03,2026-08-03,No,2026-08
1198,102,50,2026-08-03 23:25:00,100.0,80.0,9.0,Deepak Das,Crew Member,Jaipur - MI Road,Jaipur,Rajasthan,Closing Checklist,daily_checklist,Priya Nair,2026-08-03,2026-08-03,Yes,2026-08
1199,101,14,2026-08-04 07:23:00,75.0,80.0,9.0,Vandana Malhotra,Store Manager,Jaipur - MI Road,Jaipur,Rajasthan,Opening Checklist,daily_checklist,Priya Nair,2026-08-04,2026-08-03,No,2026-08
1200,102,51,2026-08-04 23:28:00,62.5,80.0,9.0,Jatin Kapoor,Crew Member,Jaipur - MI Road,Jaipur,Rajasthan,Closing Checklist,daily_checklist,Priya Nair,2026-08-04,2026-08-03,No,2026-08
1201,101,52,2026-08-05 09:35:00,62.5,80.0,9.0,Suresh Chopra,Crew Member,Jaipur - MI Road,Jaipur,Rajasthan,Opening Checklist,daily_checklist,Priya Nair,2026-08-05,2026-08-03,No,2026-08
1202,102,52,2026-08-05 22:10:00,100.0,80.0,9.0,Suresh Chopra,Crew Member,Jaipur - MI Road,Jaipur,Rajasthan,Closing Checklist,daily_checklist,Priya Nair,2026-08-05,2026-08-03,Yes,2026-08
1203,102,14,2026-08-06 22:01:00,75.0,80.0,9.0,Vandana Malhotra,Store Manager,Jaipur - MI Road,Jaipur,Rajasthan,Closing Checklist,daily_checklist,Priya Nair,2026-08-06,2026-08-03,No,2026-08
1204,102,51,2026-08-07 21:54:00,100.0,80.0,9.0,Jatin Kapoor,Crew Member,Jaipur - MI Road,Jaipur,Rajasthan,Closing Checklist,daily_checklist,Priya Nair,2026-08-07,2026-08-03,Yes,2026-08
1205,101,51,2026-08-08 09:14:00,87.5,80.0,9.0,Jatin Kapoor,Crew Member,Jaipur - MI Road,Jaipur,Rajasthan,Opening Checklist,daily_checklist,Priya Nair,2026-08-08,2026-08-03,Yes,2026-08
1206,102,14,2026-08-08 22:41:00,100.0,80.0,9.0,Vandana Malhotra,Store Manager,Jaipur - MI Road,Jaipur,Rajasthan,Closing Checklist,daily_checklist,Priya Nair,2026-08-08,2026-08-03,Yes,2026-08
1207,101,50,2026-08-09 07:55:00,75.0,80.0,9.0,Deepak Das,Crew Member,Jaipur - MI Road,Jaipur,Rajasthan,Opening Checklist,daily_checklist,Priya Nair,2026-08-09,2026-08-03,No,2026-08
1208,101,51,2026-08-10 08:58:00,62.5,80.0,9.0,Jatin Kapoor,Crew Member,Jaipur - MI Road,Jaipur,Rajasthan,Opening Checklist,daily_checklist,Priya Nair,2026-08-10,2026-08-10,No,2026-08
1209,102,50,2026-08-11 23:11:00,87.5,80.0,9.0,Deepak Das,Crew Member,Jaipur - MI Road,Jaipur,Rajasthan,Closing Checklist,daily_checklist,Priya Nair,2026-08-11,2026-08-10,Yes,2026-08
1210,101,52,2026-08-12 08:38:00,75.0,80.0,9.0,Suresh Chopra,Crew Member,Jaipur - MI Road,Jaipur,Rajasthan,Opening Checklist,daily_checklist,Priya Nair,2026-08-12,2026-08-10,No,2026-08
1211,102,52,2026-08-12 23:45:00,100.0,80.0,9.0,Suresh Chopra,Crew Member,Jaipur - MI Road,Jaipur,Rajasthan,Closing Checklist,daily_checklist,Priya Nair,2026-08-12,2026-08-10,Yes,2026-08
1212,101,52,2026-08-13 08:54:00,50.0,80.0,9.0,Suresh Chopra,Crew Member,Jaipur - MI Road,Jaipur,Rajasthan,Opening Checklist,daily_checklist,Priya Nair,2026-08-13,2026-08-10,No,2026-08
1213,102,51,2026-08-13 22:16:00,87.5,80.0,9.0,Jatin Kapoor,Crew Member,Jaipur - MI Road,Jaipur,Rajasthan,Closing Checklist,daily_checklist,Priya Nair,2026-08-13,2026-08-10,Yes,2026-08
1214,101,14,2026-08-15 08:43:00,50.0,80.0,9.0,Vandana Malhotra,Store Manager,Jaipur - MI Road,Jaipur,Rajasthan,Opening Checklist,daily_checklist,Priya Nair,2026-08-15,2026-08-10,No,2026-08
1215,101,50,2026-08-16 09:06:00,87.5,80.0,9.0,Deepak Das,Crew Member,Jaipur - MI Road,Jaipur,Rajasthan,Opening Checklist,daily_checklist,Priya Nair,2026-08-16,2026-08-10,Yes,2026-08
1216,102,52,2026-08-16 23:42:00,62.5,80.0,9.0,Suresh Chopra,Crew Member,Jaipur - MI Road,Jaipur,Rajasthan,Closing Checklist,daily_checklist,Priya Nair,2026-08-16,2026-08-10,No,2026-08
1217,102,52,2026-08-17 23:38:00,62.5,80.0,9.0,Suresh Chopra,Crew Member,Jaipur - MI Road,Jaipur,Rajasthan,Closing Checklist,daily_checklist,Priya Nair,2026-08-17,2026-08-17,No,2026-08
1218,101,15,2026-05-19 09:06:00,87.5,80.0,10.0,Radhika Bose,Store Manager,Chandigarh - Sector 17,Chandigarh,Chandigarh,Opening Checklist,daily_checklist,Priya Nair,2026-05-19,2026-05-18,Yes,2026-05
1219,102,55,2026-05-19 21:21:00,100.0,80.0,10.0,Abhishek Bose,Crew Member,Chandigarh - Sector 17,Chandigarh,Chandigarh,Closing Checklist,daily_checklist,Priya Nair,2026-05-19,2026-05-18,Yes,2026-05
1220,101,55,2026-05-20 08:16:00,75.0,80.0,10.0,Abhishek Bose,Crew Member,Chandigarh - Sector 17,Chandigarh,Chandigarh,Opening Checklist,daily_checklist,Priya Nair,2026-05-20,2026-05-18,No,2026-05
1221,102,54,2026-05-20 21:09:00,87.5,80.0,10.0,Arjun Malhotra,Crew Member,Chandigarh - Sector 17,Chandigarh,Chandigarh,Closing Checklist,daily_checklist,Priya Nair,2026-05-20,2026-05-18,Yes,2026-05
1222,101,55,2026-05-21 09:25:00,87.5,80.0,10.0,Abhishek Bose,Crew Member,Chandigarh - Sector 17,Chandigarh,Chandigarh,Opening Checklist,daily_checklist,Priya Nair,2026-05-21,2026-05-18,Yes,2026-05
1223,102,53,2026-05-21 23:08:00,87.5,80.0,10.0,Anjali Joshi,Crew Member,Chandigarh - Sector 17,Chandigarh,Chandigarh,Closing Checklist,daily_checklist,Priya Nair,2026-05-21,2026-05-18,Yes,2026-05
1224,101,15,2026-05-22 08:16:00,100.0,80.0,10.0,Radhika Bose,Store Manager,Chandigarh - Sector 17,Chandigarh,Chandigarh,Opening Checklist,daily_checklist,Priya Nair,2026-05-22,2026-05-18,Yes,2026-05
1225,102,53,2026-05-22 22:24:00,100.0,80.0,10.0,Anjali Joshi,Crew Member,Chandigarh - Sector 17,Chandigarh,Chandigarh,Closing Checklist,daily_checklist,Priya Nair,2026-05-22,2026-05-18,Yes,2026-05
1226,101,54,2026-05-23 09:36:00,75.0,80.0,10.0,Arjun Malhotra,Crew Member,Chandigarh - Sector 17,Chandigarh,Chandigarh,Opening Checklist,daily_checklist,Priya Nair,2026-05-23,2026-05-18,No,2026-05
1227,102,54,2026-05-23 22:46:00,100.0,80.0,10.0,Arjun Malhotra,Crew Member,Chandigarh - Sector 17,Chandigarh,Chandigarh,Closing Checklist,daily_checklist,Priya Nair,2026-05-23,2026-05-18,Yes,2026-05
1228,102,15,2026-05-24 23:50:00,87.5,80.0,10.0,Radhika Bose,Store Manager,Chandigarh - Sector 17,Chandigarh,Chandigarh,Closing Checklist,daily_checklist,Priya Nair,2026-05-24,2026-05-18,Yes,2026-05
1229,102,54,2026-05-25 23:19:00,50.0,80.0,10.0,Arjun Malhotra,Crew Member,Chandigarh - Sector 17,Chandigarh,Chandigarh,Closing Checklist,daily_checklist,Priya Nair,2026-05-25,2026-05-25,No,2026-05
1230,101,53,2026-05-26 07:18:00,87.5,80.0,10.0,Anjali Joshi,Crew Member,Chandigarh - Sector 17,Chandigarh,Chandigarh,Opening Checklist,daily_checklist,Priya Nair,2026-05-26,2026-05-25,Yes,2026-05
1231,102,55,2026-05-26 22:08:00,75.0,80.0,10.0,Abhishek Bose,Crew Member,Chandigarh - Sector 17,Chandigarh,Chandigarh,Closing Checklist,daily_checklist,Priya Nair,2026-05-26,2026-05-25,No,2026-05
1232,101,55,2026-05-27 07:43:00,62.5,80.0,10.0,Abhishek Bose,Crew Member,Chandigarh - Sector 17,Chandigarh,Chandigarh,Opening Checklist,daily_checklist,Priya Nair,2026-05-27,2026-05-25,No,2026-05
1233,102,54,2026-05-27 23:05:00,75.0,80.0,10.0,Arjun Malhotra,Crew Member,Chandigarh - Sector 17,Chandigarh,Chandigarh,Closing Checklist,daily_checklist,Priya Nair,2026-05-27,2026-05-25,No,2026-05
1234,101,55,2026-05-28 07:47:00,100.0,80.0,10.0,Abhishek Bose,Crew Member,Chandigarh - Sector 17,Chandigarh,Chandigarh,Opening Checklist,daily_checklist,Priya Nair,2026-05-28,2026-05-25,Yes,2026-05
1235,102,55,2026-05-28 22:50:00,62.5,80.0,10.0,Abhishek Bose,Crew Member,Chandigarh - Sector 17,Chandigarh,Chandigarh,Closing Checklist,daily_checklist,Priya Nair,2026-05-28,2026-05-25,No,2026-05
1236,101,55,2026-05-29 08:37:00,87.5,80.0,10.0,Abhishek Bose,Crew Member,Chandigarh - Sector 17,Chandigarh,Chandigarh,Opening Checklist,daily_checklist,Priya Nair,2026-05-29,2026-05-25,Yes,2026-05
1237,102,53,2026-05-29 22:54:00,100.0,80.0,10.0,Anjali Joshi,Crew Member,Chandigarh - Sector 17,Chandigarh,Chandigarh,Closing Checklist,daily_checklist,Priya Nair,2026-05-29,2026-05-25,Yes,2026-05
1238,101,53,2026-05-30 07:55:00,87.5,80.0,10.0,Anjali Joshi,Crew Member,Chandigarh - Sector 17,Chandigarh,Chandigarh,Opening Checklist,daily_checklist,Priya Nair,2026-05-30,2026-05-25,Yes,2026-05
1239,101,54,2026-05-31 08:56:00,75.0,80.0,10.0,Arjun Malhotra,Crew Member,Chandigarh - Sector 17,Chandigarh,Chandigarh,Opening Checklist,daily_checklist,Priya Nair,2026-05-31,2026-05-25,No,2026-05
1240,102,15,2026-05-31 23:07:00,87.5,80.0,10.0,Radhika Bose,Store Manager,Chandigarh - Sector 17,Chandigarh,Chandigarh,Closing Checklist,daily_checklist,Priya Nair,2026-05-31,2026-05-25,Yes,2026-05
1241,101,53,2026-06-01 08:26:00,87.5,80.0,10.0,Anjali Joshi,Crew Member,Chandigarh - Sector 17,Chandigarh,Chandigarh,Opening Checklist,daily_checklist,Priya Nair,2026-06-01,2026-06-01,Yes,2026-06
1242,102,54,2026-06-01 21:08:00,75.0,80.0,10.0,Arjun Malhotra,Crew Member,Chandigarh - Sector 17,Chandigarh,Chandigarh,Closing Checklist,daily_checklist,Priya Nair,2026-06-01,2026-06-01,No,2026-06
1243,101,15,2026-06-02 08:36:00,75.0,80.0,10.0,Radhika Bose,Store Manager,Chandigarh - Sector 17,Chandigarh,Chandigarh,Opening Checklist,daily_checklist,Priya Nair,2026-06-02,2026-06-01,No,2026-06
1244,102,54,2026-06-02 21:20:00,87.5,80.0,10.0,Arjun Malhotra,Crew Member,Chandigarh - Sector 17,Chandigarh,Chandigarh,Closing Checklist,daily_checklist,Priya Nair,2026-06-02,2026-06-01,Yes,2026-06
1245,101,54,2026-06-03 08:21:00,100.0,80.0,10.0,Arjun Malhotra,Crew Member,Chandigarh - Sector 17,Chandigarh,Chandigarh,Opening Checklist,daily_checklist,Priya Nair,2026-06-03,2026-06-01,Yes,2026-06
1246,102,53,2026-06-03 22:40:00,87.5,80.0,10.0,Anjali Joshi,Crew Member,Chandigarh - Sector 17,Chandigarh,Chandigarh,Closing Checklist,daily_checklist,Priya Nair,2026-06-03,2026-06-01,Yes,2026-06
1247,101,54,2026-06-04 08:17:00,100.0,80.0,10.0,Arjun Malhotra,Crew Member,Chandigarh - Sector 17,Chandigarh,Chandigarh,Opening Checklist,daily_checklist,Priya Nair,2026-06-04,2026-06-01,Yes,2026-06
1248,102,54,2026-06-04 21:36:00,87.5,80.0,10.0,Arjun Malhotra,Crew Member,Chandigarh - Sector 17,Chandigarh,Chandigarh,Closing Checklist,daily_checklist,Priya Nair,2026-06-04,2026-06-01,Yes,2026-06
1249,101,15,2026-06-05 07:08:00,75.0,80.0,10.0,Radhika Bose,Store Manager,Chandigarh - Sector 17,Chandigarh,Chandigarh,Opening Checklist,daily_checklist,Priya Nair,2026-06-05,2026-06-01,No,2026-06
1250,101,15,2026-06-06 09:27:00,87.5,80.0,10.0,Radhika Bose,Store Manager,Chandigarh - Sector 17,Chandigarh,Chandigarh,Opening Checklist,daily_checklist,Priya Nair,2026-06-06,2026-06-01,Yes,2026-06
1251,102,15,2026-06-06 22:30:00,100.0,80.0,10.0,Radhika Bose,Store Manager,Chandigarh - Sector 17,Chandigarh,Chandigarh,Closing Checklist,daily_checklist,Priya Nair,2026-06-06,2026-06-01,Yes,2026-06
1252,101,54,2026-06-07 07:34:00,87.5,80.0,10.0,Arjun Malhotra,Crew Member,Chandigarh - Sector 17,Chandigarh,Chandigarh,Opening Checklist,daily_checklist,Priya Nair,2026-06-07,2026-06-01,Yes,2026-06
1253,102,53,2026-06-07 23:23:00,100.0,80.0,10.0,Anjali Joshi,Crew Member,Chandigarh - Sector 17,Chandigarh,Chandigarh,Closing Checklist,daily_checklist,Priya Nair,2026-06-07,2026-06-01,Yes,2026-06
1254,101,53,2026-06-08 09:12:00,87.5,80.0,10.0,Anjali Joshi,Crew Member,Chandigarh - Sector 17,Chandigarh,Chandigarh,Opening Checklist,daily_checklist,Priya Nair,2026-06-08,2026-06-08,Yes,2026-06
1255,102,54,2026-06-08 23:00:00,87.5,80.0,10.0,Arjun Malhotra,Crew Member,Chandigarh - Sector 17,Chandigarh,Chandigarh,Closing Checklist,daily_checklist,Priya Nair,2026-06-08,2026-06-08,Yes,2026-06
1256,101,55,2026-06-09 09:56:00,75.0,80.0,10.0,Abhishek Bose,Crew Member,Chandigarh - Sector 17,Chandigarh,Chandigarh,Opening Checklist,daily_checklist,Priya Nair,2026-06-09,2026-06-08,No,2026-06
1257,102,53,2026-06-09 22:08:00,87.5,80.0,10.0,Anjali Joshi,Crew Member,Chandigarh - Sector 17,Chandigarh,Chandigarh,Closing Checklist,daily_checklist,Priya Nair,2026-06-09,2026-06-08,Yes,2026-06
1258,101,55,2026-06-10 09:37:00,100.0,80.0,10.0,Abhishek Bose,Crew Member,Chandigarh - Sector 17,Chandigarh,Chandigarh,Opening Checklist,daily_checklist,Priya Nair,2026-06-10,2026-06-08,Yes,2026-06
1259,102,53,2026-06-10 21:04:00,87.5,80.0,10.0,Anjali Joshi,Crew Member,Chandigarh - Sector 17,Chandigarh,Chandigarh,Closing Checklist,daily_checklist,Priya Nair,2026-06-10,2026-06-08,Yes,2026-06
1260,101,55,2026-06-11 08:29:00,87.5,80.0,10.0,Abhishek Bose,Crew Member,Chandigarh - Sector 17,Chandigarh,Chandigarh,Opening Checklist,daily_checklist,Priya Nair,2026-06-11,2026-06-08,Yes,2026-06
1261,101,54,2026-06-12 08:56:00,100.0,80.0,10.0,Arjun Malhotra,Crew Member,Chandigarh - Sector 17,Chandigarh,Chandigarh,Opening Checklist,daily_checklist,Priya Nair,2026-06-12,2026-06-08,Yes,2026-06
1262,102,15,2026-06-12 22:57:00,100.0,80.0,10.0,Radhika Bose,Store Manager,Chandigarh - Sector 17,Chandigarh,Chandigarh,Closing Checklist,daily_checklist,Priya Nair,2026-06-12,2026-06-08,Yes,2026-06
1263,101,15,2026-06-13 07:10:00,75.0,80.0,10.0,Radhika Bose,Store Manager,Chandigarh - Sector 17,Chandigarh,Chandigarh,Opening Checklist,daily_checklist,Priya Nair,2026-06-13,2026-06-08,No,2026-06
1264,101,54,2026-06-14 07:14:00,87.5,80.0,10.0,Arjun Malhotra,Crew Member,Chandigarh - Sector 17,Chandigarh,Chandigarh,Opening Checklist,daily_checklist,Priya Nair,2026-06-14,2026-06-08,Yes,2026-06
1265,102,54,2026-06-14 23:08:00,75.0,80.0,10.0,Arjun Malhotra,Crew Member,Chandigarh - Sector 17,Chandigarh,Chandigarh,Closing Checklist,daily_checklist,Priya Nair,2026-06-14,2026-06-08,No,2026-06
1266,101,54,2026-06-15 09:32:00,87.5,80.0,10.0,Arjun Malhotra,Crew Member,Chandigarh - Sector 17,Chandigarh,Chandigarh,Opening Checklist,daily_checklist,Priya Nair,2026-06-15,2026-06-15,Yes,2026-06
1267,101,53,2026-06-16 07:23:00,100.0,80.0,10.0,Anjali Joshi,Crew Member,Chandigarh - Sector 17,Chandigarh,Chandigarh,Opening Checklist,daily_checklist,Priya Nair,2026-06-16,2026-06-15,Yes,2026-06
1268,102,55,2026-06-16 22:56:00,100.0,80.0,10.0,Abhishek Bose,Crew Member,Chandigarh - Sector 17,Chandigarh,Chandigarh,Closing Checklist,daily_checklist,Priya Nair,2026-06-16,2026-06-15,Yes,2026-06
1269,101,53,2026-06-17 09:03:00,87.5,80.0,10.0,Anjali Joshi,Crew Member,Chandigarh - Sector 17,Chandigarh,Chandigarh,Opening Checklist,daily_checklist,Priya Nair,2026-06-17,2026-06-15,Yes,2026-06
1270,102,53,2026-06-17 23:06:00,100.0,80.0,10.0,Anjali Joshi,Crew Member,Chandigarh - Sector 17,Chandigarh,Chandigarh,Closing Checklist,daily_checklist,Priya Nair,2026-06-17,2026-06-15,Yes,2026-06
1271,101,15,2026-06-18 09:07:00,75.0,80.0,10.0,Radhika Bose,Store Manager,Chandigarh - Sector 17,Chandigarh,Chandigarh,Opening Checklist,daily_checklist,Priya Nair,2026-06-18,2026-06-15,No,2026-06
1272,102,53,2026-06-18 22:24:00,87.5,80.0,10.0,Anjali Joshi,Crew Member,Chandigarh - Sector 17,Chandigarh,Chandigarh,Closing Checklist,daily_checklist,Priya Nair,2026-06-18,2026-06-15,Yes,2026-06
1273,102,54,2026-06-19 22:30:00,87.5,80.0,10.0,Arjun Malhotra,Crew Member,Chandigarh - Sector 17,Chandigarh,Chandigarh,Closing Checklist,daily_checklist,Priya Nair,2026-06-19,2026-06-15,Yes,2026-06
1274,101,53,2026-06-21 09:43:00,87.5,80.0,10.0,Anjali Joshi,Crew Member,Chandigarh - Sector 17,Chandigarh,Chandigarh,Opening Checklist,daily_checklist,Priya Nair,2026-06-21,2026-06-15,Yes,2026-06
1275,102,53,2026-06-21 22:26:00,87.5,80.0,10.0,Anjali Joshi,Crew Member,Chandigarh - Sector 17,Chandigarh,Chandigarh,Closing Checklist,daily_checklist,Priya Nair,2026-06-21,2026-06-15,Yes,2026-06
1276,101,54,2026-06-22 08:39:00,62.5,80.0,10.0,Arjun Malhotra,Crew Member,Chandigarh - Sector 17,Chandigarh,Chandigarh,Opening Checklist,daily_checklist,Priya Nair,2026-06-22,2026-06-22,No,2026-06
1277,102,53,2026-06-22 22:53:00,75.0,80.0,10.0,Anjali Joshi,Crew Member,Chandigarh - Sector 17,Chandigarh,Chandigarh,Closing Checklist,daily_checklist,Priya Nair,2026-06-22,2026-06-22,No,2026-06
1278,101,53,2026-06-23 09:39:00,100.0,80.0,10.0,Anjali Joshi,Crew Member,Chandigarh - Sector 17,Chandigarh,Chandigarh,Opening Checklist,daily_checklist,Priya Nair,2026-06-23,2026-06-22,Yes,2026-06
1279,102,53,2026-06-23 22:07:00,100.0,80.0,10.0,Anjali Joshi,Crew Member,Chandigarh - Sector 17,Chandigarh,Chandigarh,Closing Checklist,daily_checklist,Priya Nair,2026-06-23,2026-06-22,Yes,2026-06
1280,101,54,2026-06-24 07:38:00,87.5,80.0,10.0,Arjun Malhotra,Crew Member,Chandigarh - Sector 17,Chandigarh,Chandigarh,Opening Checklist,daily_checklist,Priya Nair,2026-06-24,2026-06-22,Yes,2026-06
1281,101,54,2026-06-25 08:53:00,75.0,80.0,10.0,Arjun Malhotra,Crew Member,Chandigarh - Sector 17,Chandigarh,Chandigarh,Opening Checklist,daily_checklist,Priya Nair,2026-06-25,2026-06-22,No,2026-06
1282,101,15,2026-06-26 08:45:00,100.0,80.0,10.0,Radhika Bose,Store Manager,Chandigarh - Sector 17,Chandigarh,Chandigarh,Opening Checklist,daily_checklist,Priya Nair,2026-06-26,2026-06-22,Yes,2026-06
1283,101,53,2026-06-27 08:10:00,62.5,80.0,10.0,Anjali Joshi,Crew Member,Chandigarh - Sector 17,Chandigarh,Chandigarh,Opening Checklist,daily_checklist,Priya Nair,2026-06-27,2026-06-22,No,2026-06
1284,102,54,2026-06-27 23:31:00,87.5,80.0,10.0,Arjun Malhotra,Crew Member,Chandigarh - Sector 17,Chandigarh,Chandigarh,Closing Checklist,daily_checklist,Priya Nair,2026-06-27,2026-06-22,Yes,2026-06
1285,102,53,2026-06-28 22:15:00,87.5,80.0,10.0,Anjali Joshi,Crew Member,Chandigarh - Sector 17,Chandigarh,Chandigarh,Closing Checklist,daily_checklist,Priya Nair,2026-06-28,2026-06-22,Yes,2026-06
1286,101,53,2026-06-29 09:05:00,87.5,80.0,10.0,Anjali Joshi,Crew Member,Chandigarh - Sector 17,Chandigarh,Chandigarh,Opening Checklist,daily_checklist,Priya Nair,2026-06-29,2026-06-29,Yes,2026-06
1287,102,15,2026-06-29 23:42:00,100.0,80.0,10.0,Radhika Bose,Store Manager,Chandigarh - Sector 17,Chandigarh,Chandigarh,Closing Checklist,daily_checklist,Priya Nair,2026-06-29,2026-06-29,Yes,2026-06
1288,101,53,2026-06-30 07:49:00,75.0,80.0,10.0,Anjali Joshi,Crew Member,Chandigarh - Sector 17,Chandigarh,Chandigarh,Opening Checklist,daily_checklist,Priya Nair,2026-06-30,2026-06-29,No,2026-06
1289,102,53,2026-06-30 23:46:00,100.0,80.0,10.0,Anjali Joshi,Crew Member,Chandigarh - Sector 17,Chandigarh,Chandigarh,Closing Checklist,daily_checklist,Priya Nair,2026-06-30,2026-06-29,Yes,2026-06
1290,101,15,2026-07-01 09:14:00,87.5,80.0,10.0,Radhika Bose,Store Manager,Chandigarh - Sector 17,Chandigarh,Chandigarh,Opening Checklist,daily_checklist,Priya Nair,2026-07-01,2026-06-29,Yes,2026-07
1291,102,15,2026-07-01 22:16:00,100.0,80.0,10.0,Radhika Bose,Store Manager,Chandigarh - Sector 17,Chandigarh,Chandigarh,Closing Checklist,daily_checklist,Priya Nair,2026-07-01,2026-06-29,Yes,2026-07
1292,101,54,2026-07-02 07:52:00,87.5,80.0,10.0,Arjun Malhotra,Crew Member,Chandigarh - Sector 17,Chandigarh,Chandigarh,Opening Checklist,daily_checklist,Priya Nair,2026-07-02,2026-06-29,Yes,2026-07
1293,102,55,2026-07-02 21:54:00,87.5,80.0,10.0,Abhishek Bose,Crew Member,Chandigarh - Sector 17,Chandigarh,Chandigarh,Closing Checklist,daily_checklist,Priya Nair,2026-07-02,2026-06-29,Yes,2026-07
1294,101,15,2026-07-03 09:20:00,75.0,80.0,10.0,Radhika Bose,Store Manager,Chandigarh - Sector 17,Chandigarh,Chandigarh,Opening Checklist,daily_checklist,Priya Nair,2026-07-03,2026-06-29,No,2026-07
1295,102,53,2026-07-03 23:07:00,87.5,80.0,10.0,Anjali Joshi,Crew Member,Chandigarh - Sector 17,Chandigarh,Chandigarh,Closing Checklist,daily_checklist,Priya Nair,2026-07-03,2026-06-29,Yes,2026-07
1296,101,54,2026-07-04 07:54:00,75.0,80.0,10.0,Arjun Malhotra,Crew Member,Chandigarh - Sector 17,Chandigarh,Chandigarh,Opening Checklist,daily_checklist,Priya Nair,2026-07-04,2026-06-29,No,2026-07
1297,101,54,2026-07-05 09:41:00,100.0,80.0,10.0,Arjun Malhotra,Crew Member,Chandigarh - Sector 17,Chandigarh,Chandigarh,Opening Checklist,daily_checklist,Priya Nair,2026-07-05,2026-06-29,Yes,2026-07
1298,102,15,2026-07-05 22:22:00,87.5,80.0,10.0,Radhika Bose,Store Manager,Chandigarh - Sector 17,Chandigarh,Chandigarh,Closing Checklist,daily_checklist,Priya Nair,2026-07-05,2026-06-29,Yes,2026-07
1299,101,53,2026-07-06 08:56:00,87.5,80.0,10.0,Anjali Joshi,Crew Member,Chandigarh - Sector 17,Chandigarh,Chandigarh,Opening Checklist,daily_checklist,Priya Nair,2026-07-06,2026-07-06,Yes,2026-07
1300,102,55,2026-07-06 22:52:00,100.0,80.0,10.0,Abhishek Bose,Crew Member,Chandigarh - Sector 17,Chandigarh,Chandigarh,Closing Checklist,daily_checklist,Priya Nair,2026-07-06,2026-07-06,Yes,2026-07
1301,101,15,2026-07-07 07:25:00,87.5,80.0,10.0,Radhika Bose,Store Manager,Chandigarh - Sector 17,Chandigarh,Chandigarh,Opening Checklist,daily_checklist,Priya Nair,2026-07-07,2026-07-06,Yes,2026-07
1302,101,15,2026-07-08 08:17:00,87.5,80.0,10.0,Radhika Bose,Store Manager,Chandigarh - Sector 17,Chandigarh,Chandigarh,Opening Checklist,daily_checklist,Priya Nair,2026-07-08,2026-07-06,Yes,2026-07
1303,102,15,2026-07-08 23:54:00,75.0,80.0,10.0,Radhika Bose,Store Manager,Chandigarh - Sector 17,Chandigarh,Chandigarh,Closing Checklist,daily_checklist,Priya Nair,2026-07-08,2026-07-06,No,2026-07
1304,102,54,2026-07-09 23:56:00,100.0,80.0,10.0,Arjun Malhotra,Crew Member,Chandigarh - Sector 17,Chandigarh,Chandigarh,Closing Checklist,daily_checklist,Priya Nair,2026-07-09,2026-07-06,Yes,2026-07
1305,101,53,2026-07-10 07:44:00,87.5,80.0,10.0,Anjali Joshi,Crew Member,Chandigarh - Sector 17,Chandigarh,Chandigarh,Opening Checklist,daily_checklist,Priya Nair,2026-07-10,2026-07-06,Yes,2026-07
1306,101,15,2026-07-11 07:06:00,87.5,80.0,10.0,Radhika Bose,Store Manager,Chandigarh - Sector 17,Chandigarh,Chandigarh,Opening Checklist,daily_checklist,Priya Nair,2026-07-11,2026-07-06,Yes,2026-07
1307,102,15,2026-07-11 23:30:00,75.0,80.0,10.0,Radhika Bose,Store Manager,Chandigarh - Sector 17,Chandigarh,Chandigarh,Closing Checklist,daily_checklist,Priya Nair,2026-07-11,2026-07-06,No,2026-07
1308,101,55,2026-07-12 09:24:00,87.5,80.0,10.0,Abhishek Bose,Crew Member,Chandigarh - Sector 17,Chandigarh,Chandigarh,Opening Checklist,daily_checklist,Priya Nair,2026-07-12,2026-07-06,Yes,2026-07
1309,101,54,2026-07-13 09:01:00,100.0,80.0,10.0,Arjun Malhotra,Crew Member,Chandigarh - Sector 17,Chandigarh,Chandigarh,Opening Checklist,daily_checklist,Priya Nair,2026-07-13,2026-07-13,Yes,2026-07
1310,102,15,2026-07-13 22:58:00,62.5,80.0,10.0,Radhika Bose,Store Manager,Chandigarh - Sector 17,Chandigarh,Chandigarh,Closing Checklist,daily_checklist,Priya Nair,2026-07-13,2026-07-13,No,2026-07
1311,101,53,2026-07-14 08:28:00,100.0,80.0,10.0,Anjali Joshi,Crew Member,Chandigarh - Sector 17,Chandigarh,Chandigarh,Opening Checklist,daily_checklist,Priya Nair,2026-07-14,2026-07-13,Yes,2026-07
1312,102,55,2026-07-14 21:16:00,100.0,80.0,10.0,Abhishek Bose,Crew Member,Chandigarh - Sector 17,Chandigarh,Chandigarh,Closing Checklist,daily_checklist,Priya Nair,2026-07-14,2026-07-13,Yes,2026-07
1313,101,54,2026-07-15 09:55:00,87.5,80.0,10.0,Arjun Malhotra,Crew Member,Chandigarh - Sector 17,Chandigarh,Chandigarh,Opening Checklist,daily_checklist,Priya Nair,2026-07-15,2026-07-13,Yes,2026-07
1314,102,55,2026-07-15 23:55:00,62.5,80.0,10.0,Abhishek Bose,Crew Member,Chandigarh - Sector 17,Chandigarh,Chandigarh,Closing Checklist,daily_checklist,Priya Nair,2026-07-15,2026-07-13,No,2026-07
1315,101,53,2026-07-16 09:44:00,100.0,80.0,10.0,Anjali Joshi,Crew Member,Chandigarh - Sector 17,Chandigarh,Chandigarh,Opening Checklist,daily_checklist,Priya Nair,2026-07-16,2026-07-13,Yes,2026-07
1316,102,54,2026-07-16 22:42:00,75.0,80.0,10.0,Arjun Malhotra,Crew Member,Chandigarh - Sector 17,Chandigarh,Chandigarh,Closing Checklist,daily_checklist,Priya Nair,2026-07-16,2026-07-13,No,2026-07
1317,101,15,2026-07-17 08:42:00,100.0,80.0,10.0,Radhika Bose,Store Manager,Chandigarh - Sector 17,Chandigarh,Chandigarh,Opening Checklist,daily_checklist,Priya Nair,2026-07-17,2026-07-13,Yes,2026-07
1318,102,53,2026-07-17 21:53:00,100.0,80.0,10.0,Anjali Joshi,Crew Member,Chandigarh - Sector 17,Chandigarh,Chandigarh,Closing Checklist,daily_checklist,Priya Nair,2026-07-17,2026-07-13,Yes,2026-07
1319,101,54,2026-07-18 09:59:00,75.0,80.0,10.0,Arjun Malhotra,Crew Member,Chandigarh - Sector 17,Chandigarh,Chandigarh,Opening Checklist,daily_checklist,Priya Nair,2026-07-18,2026-07-13,No,2026-07
1320,102,15,2026-07-18 23:54:00,87.5,80.0,10.0,Radhika Bose,Store Manager,Chandigarh - Sector 17,Chandigarh,Chandigarh,Closing Checklist,daily_checklist,Priya Nair,2026-07-18,2026-07-13,Yes,2026-07
1321,101,15,2026-07-19 07:04:00,100.0,80.0,10.0,Radhika Bose,Store Manager,Chandigarh - Sector 17,Chandigarh,Chandigarh,Opening Checklist,daily_checklist,Priya Nair,2026-07-19,2026-07-13,Yes,2026-07
1322,102,55,2026-07-19 22:15:00,87.5,80.0,10.0,Abhishek Bose,Crew Member,Chandigarh - Sector 17,Chandigarh,Chandigarh,Closing Checklist,daily_checklist,Priya Nair,2026-07-19,2026-07-13,Yes,2026-07
1323,101,54,2026-07-20 07:32:00,75.0,80.0,10.0,Arjun Malhotra,Crew Member,Chandigarh - Sector 17,Chandigarh,Chandigarh,Opening Checklist,daily_checklist,Priya Nair,2026-07-20,2026-07-20,No,2026-07
1324,102,15,2026-07-20 23:41:00,75.0,80.0,10.0,Radhika Bose,Store Manager,Chandigarh - Sector 17,Chandigarh,Chandigarh,Closing Checklist,daily_checklist,Priya Nair,2026-07-20,2026-07-20,No,2026-07
1325,101,15,2026-07-21 07:05:00,87.5,80.0,10.0,Radhika Bose,Store Manager,Chandigarh - Sector 17,Chandigarh,Chandigarh,Opening Checklist,daily_checklist,Priya Nair,2026-07-21,2026-07-20,Yes,2026-07
1326,102,15,2026-07-21 22:51:00,100.0,80.0,10.0,Radhika Bose,Store Manager,Chandigarh - Sector 17,Chandigarh,Chandigarh,Closing Checklist,daily_checklist,Priya Nair,2026-07-21,2026-07-20,Yes,2026-07
1327,101,55,2026-07-22 08:28:00,62.5,80.0,10.0,Abhishek Bose,Crew Member,Chandigarh - Sector 17,Chandigarh,Chandigarh,Opening Checklist,daily_checklist,Priya Nair,2026-07-22,2026-07-20,No,2026-07
1328,102,53,2026-07-22 21:31:00,87.5,80.0,10.0,Anjali Joshi,Crew Member,Chandigarh - Sector 17,Chandigarh,Chandigarh,Closing Checklist,daily_checklist,Priya Nair,2026-07-22,2026-07-20,Yes,2026-07
1329,101,53,2026-07-24 08:26:00,75.0,80.0,10.0,Anjali Joshi,Crew Member,Chandigarh - Sector 17,Chandigarh,Chandigarh,Opening Checklist,daily_checklist,Priya Nair,2026-07-24,2026-07-20,No,2026-07
1330,101,53,2026-07-25 09:35:00,50.0,80.0,10.0,Anjali Joshi,Crew Member,Chandigarh - Sector 17,Chandigarh,Chandigarh,Opening Checklist,daily_checklist,Priya Nair,2026-07-25,2026-07-20,No,2026-07
1331,102,55,2026-07-25 21:50:00,100.0,80.0,10.0,Abhishek Bose,Crew Member,Chandigarh - Sector 17,Chandigarh,Chandigarh,Closing Checklist,daily_checklist,Priya Nair,2026-07-25,2026-07-20,Yes,2026-07
1332,102,15,2026-07-26 23:13:00,62.5,80.0,10.0,Radhika Bose,Store Manager,Chandigarh - Sector 17,Chandigarh,Chandigarh,Closing Checklist,daily_checklist,Priya Nair,2026-07-26,2026-07-20,No,2026-07
1333,101,53,2026-07-27 08:52:00,100.0,80.0,10.0,Anjali Joshi,Crew Member,Chandigarh - Sector 17,Chandigarh,Chandigarh,Opening Checklist,daily_checklist,Priya Nair,2026-07-27,2026-07-27,Yes,2026-07
1334,102,15,2026-07-29 21:54:00,87.5,80.0,10.0,Radhika Bose,Store Manager,Chandigarh - Sector 17,Chandigarh,Chandigarh,Closing Checklist,daily_checklist,Priya Nair,2026-07-29,2026-07-27,Yes,2026-07
1335,101,15,2026-07-30 09:49:00,87.5,80.0,10.0,Radhika Bose,Store Manager,Chandigarh - Sector 17,Chandigarh,Chandigarh,Opening Checklist,daily_checklist,Priya Nair,2026-07-30,2026-07-27,Yes,2026-07
1336,101,55,2026-07-31 09:42:00,87.5,80.0,10.0,Abhishek Bose,Crew Member,Chandigarh - Sector 17,Chandigarh,Chandigarh,Opening Checklist,daily_checklist,Priya Nair,2026-07-31,2026-07-27,Yes,2026-07
1337,102,53,2026-07-31 23:28:00,100.0,80.0,10.0,Anjali Joshi,Crew Member,Chandigarh - Sector 17,Chandigarh,Chandigarh,Closing Checklist,daily_checklist,Priya Nair,2026-07-31,2026-07-27,Yes,2026-07
1338,101,53,2026-08-01 09:14:00,87.5,80.0,10.0,Anjali Joshi,Crew Member,Chandigarh - Sector 17,Chandigarh,Chandigarh,Opening Checklist,daily_checklist,Priya Nair,2026-08-01,2026-07-27,Yes,2026-08
1339,102,55,2026-08-01 22:22:00,75.0,80.0,10.0,Abhishek Bose,Crew Member,Chandigarh - Sector 17,Chandigarh,Chandigarh,Closing Checklist,daily_checklist,Priya Nair,2026-08-01,2026-07-27,No,2026-08
1340,101,53,2026-08-02 09:23:00,75.0,80.0,10.0,Anjali Joshi,Crew Member,Chandigarh - Sector 17,Chandigarh,Chandigarh,Opening Checklist,daily_checklist,Priya Nair,2026-08-02,2026-07-27,No,2026-08
1341,102,54,2026-08-02 21:57:00,87.5,80.0,10.0,Arjun Malhotra,Crew Member,Chandigarh - Sector 17,Chandigarh,Chandigarh,Closing Checklist,daily_checklist,Priya Nair,2026-08-02,2026-07-27,Yes,2026-08
1342,101,15,2026-08-04 07:52:00,75.0,80.0,10.0,Radhika Bose,Store Manager,Chandigarh - Sector 17,Chandigarh,Chandigarh,Opening Checklist,daily_checklist,Priya Nair,2026-08-04,2026-08-03,No,2026-08
1343,101,54,2026-08-05 07:16:00,87.5,80.0,10.0,Arjun Malhotra,Crew Member,Chandigarh - Sector 17,Chandigarh,Chandigarh,Opening Checklist,daily_checklist,Priya Nair,2026-08-05,2026-08-03,Yes,2026-08
1344,102,15,2026-08-05 21:07:00,87.5,80.0,10.0,Radhika Bose,Store Manager,Chandigarh - Sector 17,Chandigarh,Chandigarh,Closing Checklist,daily_checklist,Priya Nair,2026-08-05,2026-08-03,Yes,2026-08
1345,102,54,2026-08-06 22:52:00,87.5,80.0,10.0,Arjun Malhotra,Crew Member,Chandigarh - Sector 17,Chandigarh,Chandigarh,Closing Checklist,daily_checklist,Priya Nair,2026-08-06,2026-08-03,Yes,2026-08
1346,101,15,2026-08-07 07:48:00,87.5,80.0,10.0,Radhika Bose,Store Manager,Chandigarh - Sector 17,Chandigarh,Chandigarh,Opening Checklist,daily_checklist,Priya Nair,2026-08-07,2026-08-03,Yes,2026-08
1347,102,53,2026-08-07 21:59:00,100.0,80.0,10.0,Anjali Joshi,Crew Member,Chandigarh - Sector 17,Chandigarh,Chandigarh,Closing Checklist,daily_checklist,Priya Nair,2026-08-07,2026-08-03,Yes,2026-08
1348,101,54,2026-08-08 08:42:00,50.0,80.0,10.0,Arjun Malhotra,Crew Member,Chandigarh - Sector 17,Chandigarh,Chandigarh,Opening Checklist,daily_checklist,Priya Nair,2026-08-08,2026-08-03,No,2026-08
1349,102,53,2026-08-08 22:00:00,75.0,80.0,10.0,Anjali Joshi,Crew Member,Chandigarh - Sector 17,Chandigarh,Chandigarh,Closing Checklist,daily_checklist,Priya Nair,2026-08-08,2026-08-03,No,2026-08
1350,101,15,2026-08-09 08:53:00,87.5,80.0,10.0,Radhika Bose,Store Manager,Chandigarh - Sector 17,Chandigarh,Chandigarh,Opening Checklist,daily_checklist,Priya Nair,2026-08-09,2026-08-03,Yes,2026-08
1351,102,54,2026-08-09 23:49:00,75.0,80.0,10.0,Arjun Malhotra,Crew Member,Chandigarh - Sector 17,Chandigarh,Chandigarh,Closing Checklist,daily_checklist,Priya Nair,2026-08-09,2026-08-03,No,2026-08
1352,101,54,2026-08-10 07:46:00,100.0,80.0,10.0,Arjun Malhotra,Crew Member,Chandigarh - Sector 17,Chandigarh,Chandigarh,Opening Checklist,daily_checklist,Priya Nair,2026-08-10,2026-08-10,Yes,2026-08
1353,102,55,2026-08-10 21:24:00,100.0,80.0,10.0,Abhishek Bose,Crew Member,Chandigarh - Sector 17,Chandigarh,Chandigarh,Closing Checklist,daily_checklist,Priya Nair,2026-08-10,2026-08-10,Yes,2026-08
1354,101,54,2026-08-11 08:26:00,75.0,80.0,10.0,Arjun Malhotra,Crew Member,Chandigarh - Sector 17,Chandigarh,Chandigarh,Opening Checklist,daily_checklist,Priya Nair,2026-08-11,2026-08-10,No,2026-08
1355,102,55,2026-08-11 22:25:00,87.5,80.0,10.0,Abhishek Bose,Crew Member,Chandigarh - Sector 17,Chandigarh,Chandigarh,Closing Checklist,daily_checklist,Priya Nair,2026-08-11,2026-08-10,Yes,2026-08
1356,101,54,2026-08-13 08:51:00,50.0,80.0,10.0,Arjun Malhotra,Crew Member,Chandigarh - Sector 17,Chandigarh,Chandigarh,Opening Checklist,daily_checklist,Priya Nair,2026-08-13,2026-08-10,No,2026-08
1357,102,55,2026-08-13 21:26:00,87.5,80.0,10.0,Abhishek Bose,Crew Member,Chandigarh - Sector 17,Chandigarh,Chandigarh,Closing Checklist,daily_checklist,Priya Nair,2026-08-13,2026-08-10,Yes,2026-08
1358,101,54,2026-08-14 08:45:00,75.0,80.0,10.0,Arjun Malhotra,Crew Member,Chandigarh - Sector 17,Chandigarh,Chandigarh,Opening Checklist,daily_checklist,Priya Nair,2026-08-14,2026-08-10,No,2026-08
1359,102,55,2026-08-14 21:13:00,87.5,80.0,10.0,Abhishek Bose,Crew Member,Chandigarh - Sector 17,Chandigarh,Chandigarh,Closing Checklist,daily_checklist,Priya Nair,2026-08-14,2026-08-10,Yes,2026-08
1360,102,54,2026-08-15 23:08:00,100.0,80.0,10.0,Arjun Malhotra,Crew Member,Chandigarh - Sector 17,Chandigarh,Chandigarh,Closing Checklist,daily_checklist,Priya Nair,2026-08-15,2026-08-10,Yes,2026-08
1361,101,55,2026-08-16 09:44:00,87.5,80.0,10.0,Abhishek Bose,Crew Member,Chandigarh - Sector 17,Chandigarh,Chandigarh,Opening Checklist,daily_checklist,Priya Nair,2026-08-16,2026-08-10,Yes,2026-08
1362,102,55,2026-08-16 23:07:00,100.0,80.0,10.0,Abhishek Bose,Crew Member,Chandigarh - Sector 17,Chandigarh,Chandigarh,Closing Checklist,daily_checklist,Priya Nair,2026-08-16,2026-08-10,Yes,2026-08
1363,101,15,2026-08-17 08:37:00,100.0,80.0,10.0,Radhika Bose,Store Manager,Chandigarh - Sector 17,Chandigarh,Chandigarh,Opening Checklist,daily_checklist,Priya Nair,2026-08-17,2026-08-17,Yes,2026-08
1364,102,55,2026-08-17 23:47:00,87.5,80.0,10.0,Abhishek Bose,Crew Member,Chandigarh - Sector 17,Chandigarh,Chandigarh,Closing Checklist,daily_checklist,Priya Nair,2026-08-17,2026-08-17,Yes,2026-08
1365,102,56,2026-05-19 21:33:00,87.5,80.0,11.0,Rakesh Menon,Crew Member,Lucknow - Hazratganj,Lucknow,Uttar Pradesh,Closing Checklist,daily_checklist,Dev Reddy,2026-05-19,2026-05-18,Yes,2026-05
1366,101,56,2026-05-20 08:09:00,87.5,80.0,11.0,Rakesh Menon,Crew Member,Lucknow - Hazratganj,Lucknow,Uttar Pradesh,Opening Checklist,daily_checklist,Dev Reddy,2026-05-20,2026-05-18,Yes,2026-05
1367,102,57,2026-05-20 23:03:00,100.0,80.0,11.0,Nitin Pillai,Crew Member,Lucknow - Hazratganj,Lucknow,Uttar Pradesh,Closing Checklist,daily_checklist,Dev Reddy,2026-05-20,2026-05-18,Yes,2026-05
1368,101,58,2026-05-21 07:18:00,100.0,80.0,11.0,Neha Bhat,Crew Member,Lucknow - Hazratganj,Lucknow,Uttar Pradesh,Opening Checklist,daily_checklist,Dev Reddy,2026-05-21,2026-05-18,Yes,2026-05
1369,101,56,2026-05-22 07:53:00,100.0,80.0,11.0,Rakesh Menon,Crew Member,Lucknow - Hazratganj,Lucknow,Uttar Pradesh,Opening Checklist,daily_checklist,Dev Reddy,2026-05-22,2026-05-18,Yes,2026-05
1370,101,58,2026-05-23 09:50:00,75.0,80.0,11.0,Neha Bhat,Crew Member,Lucknow - Hazratganj,Lucknow,Uttar Pradesh,Opening Checklist,daily_checklist,Dev Reddy,2026-05-23,2026-05-18,No,2026-05
1371,102,56,2026-05-23 21:48:00,100.0,80.0,11.0,Rakesh Menon,Crew Member,Lucknow - Hazratganj,Lucknow,Uttar Pradesh,Closing Checklist,daily_checklist,Dev Reddy,2026-05-23,2026-05-18,Yes,2026-05
1372,102,57,2026-05-24 22:06:00,100.0,80.0,11.0,Nitin Pillai,Crew Member,Lucknow - Hazratganj,Lucknow,Uttar Pradesh,Closing Checklist,daily_checklist,Dev Reddy,2026-05-24,2026-05-18,Yes,2026-05
1373,101,58,2026-05-25 08:15:00,100.0,80.0,11.0,Neha Bhat,Crew Member,Lucknow - Hazratganj,Lucknow,Uttar Pradesh,Opening Checklist,daily_checklist,Dev Reddy,2026-05-25,2026-05-25,Yes,2026-05
1374,102,56,2026-05-25 23:42:00,75.0,80.0,11.0,Rakesh Menon,Crew Member,Lucknow - Hazratganj,Lucknow,Uttar Pradesh,Closing Checklist,daily_checklist,Dev Reddy,2026-05-25,2026-05-25,No,2026-05
1375,101,58,2026-05-26 08:26:00,75.0,80.0,11.0,Neha Bhat,Crew Member,Lucknow - Hazratganj,Lucknow,Uttar Pradesh,Opening Checklist,daily_checklist,Dev Reddy,2026-05-26,2026-05-25,No,2026-05
1376,102,56,2026-05-26 23:03:00,87.5,80.0,11.0,Rakesh Menon,Crew Member,Lucknow - Hazratganj,Lucknow,Uttar Pradesh,Closing Checklist,daily_checklist,Dev Reddy,2026-05-26,2026-05-25,Yes,2026-05
1377,101,16,2026-05-27 07:39:00,75.0,80.0,11.0,Sameer Menon,Store Manager,Lucknow - Hazratganj,Lucknow,Uttar Pradesh,Opening Checklist,daily_checklist,Dev Reddy,2026-05-27,2026-05-25,No,2026-05
1378,102,58,2026-05-27 21:58:00,75.0,80.0,11.0,Neha Bhat,Crew Member,Lucknow - Hazratganj,Lucknow,Uttar Pradesh,Closing Checklist,daily_checklist,Dev Reddy,2026-05-27,2026-05-25,No,2026-05
1379,101,57,2026-05-28 09:47:00,75.0,80.0,11.0,Nitin Pillai,Crew Member,Lucknow - Hazratganj,Lucknow,Uttar Pradesh,Opening Checklist,daily_checklist,Dev Reddy,2026-05-28,2026-05-25,No,2026-05
1380,101,58,2026-05-29 09:12:00,75.0,80.0,11.0,Neha Bhat,Crew Member,Lucknow - Hazratganj,Lucknow,Uttar Pradesh,Opening Checklist,daily_checklist,Dev Reddy,2026-05-29,2026-05-25,No,2026-05
1381,102,56,2026-05-29 22:11:00,87.5,80.0,11.0,Rakesh Menon,Crew Member,Lucknow - Hazratganj,Lucknow,Uttar Pradesh,Closing Checklist,daily_checklist,Dev Reddy,2026-05-29,2026-05-25,Yes,2026-05
1382,101,56,2026-05-30 07:47:00,75.0,80.0,11.0,Rakesh Menon,Crew Member,Lucknow - Hazratganj,Lucknow,Uttar Pradesh,Opening Checklist,daily_checklist,Dev Reddy,2026-05-30,2026-05-25,No,2026-05
1383,101,16,2026-05-31 08:02:00,75.0,80.0,11.0,Sameer Menon,Store Manager,Lucknow - Hazratganj,Lucknow,Uttar Pradesh,Opening Checklist,daily_checklist,Dev Reddy,2026-05-31,2026-05-25,No,2026-05
1384,101,58,2026-06-01 08:35:00,75.0,80.0,11.0,Neha Bhat,Crew Member,Lucknow - Hazratganj,Lucknow,Uttar Pradesh,Opening Checklist,daily_checklist,Dev Reddy,2026-06-01,2026-06-01,No,2026-06
1385,102,58,2026-06-01 21:10:00,100.0,80.0,11.0,Neha Bhat,Crew Member,Lucknow - Hazratganj,Lucknow,Uttar Pradesh,Closing Checklist,daily_checklist,Dev Reddy,2026-06-01,2026-06-01,Yes,2026-06
1386,101,57,2026-06-02 08:29:00,87.5,80.0,11.0,Nitin Pillai,Crew Member,Lucknow - Hazratganj,Lucknow,Uttar Pradesh,Opening Checklist,daily_checklist,Dev Reddy,2026-06-02,2026-06-01,Yes,2026-06
1387,102,58,2026-06-02 21:09:00,75.0,80.0,11.0,Neha Bhat,Crew Member,Lucknow - Hazratganj,Lucknow,Uttar Pradesh,Closing Checklist,daily_checklist,Dev Reddy,2026-06-02,2026-06-01,No,2026-06
1388,101,58,2026-06-03 07:49:00,87.5,80.0,11.0,Neha Bhat,Crew Member,Lucknow - Hazratganj,Lucknow,Uttar Pradesh,Opening Checklist,daily_checklist,Dev Reddy,2026-06-03,2026-06-01,Yes,2026-06
1389,102,58,2026-06-03 22:50:00,62.5,80.0,11.0,Neha Bhat,Crew Member,Lucknow - Hazratganj,Lucknow,Uttar Pradesh,Closing Checklist,daily_checklist,Dev Reddy,2026-06-03,2026-06-01,No,2026-06
1390,101,57,2026-06-04 09:20:00,100.0,80.0,11.0,Nitin Pillai,Crew Member,Lucknow - Hazratganj,Lucknow,Uttar Pradesh,Opening Checklist,daily_checklist,Dev Reddy,2026-06-04,2026-06-01,Yes,2026-06
1391,101,56,2026-06-05 07:33:00,100.0,80.0,11.0,Rakesh Menon,Crew Member,Lucknow - Hazratganj,Lucknow,Uttar Pradesh,Opening Checklist,daily_checklist,Dev Reddy,2026-06-05,2026-06-01,Yes,2026-06
1392,102,16,2026-06-05 23:10:00,100.0,80.0,11.0,Sameer Menon,Store Manager,Lucknow - Hazratganj,Lucknow,Uttar Pradesh,Closing Checklist,daily_checklist,Dev Reddy,2026-06-05,2026-06-01,Yes,2026-06
1393,101,56,2026-06-06 09:25:00,75.0,80.0,11.0,Rakesh Menon,Crew Member,Lucknow - Hazratganj,Lucknow,Uttar Pradesh,Opening Checklist,daily_checklist,Dev Reddy,2026-06-06,2026-06-01,No,2026-06
1394,102,57,2026-06-06 22:14:00,75.0,80.0,11.0,Nitin Pillai,Crew Member,Lucknow - Hazratganj,Lucknow,Uttar Pradesh,Closing Checklist,daily_checklist,Dev Reddy,2026-06-06,2026-06-01,No,2026-06
1395,101,58,2026-06-07 08:23:00,87.5,80.0,11.0,Neha Bhat,Crew Member,Lucknow - Hazratganj,Lucknow,Uttar Pradesh,Opening Checklist,daily_checklist,Dev Reddy,2026-06-07,2026-06-01,Yes,2026-06
1396,102,16,2026-06-07 21:48:00,37.5,80.0,11.0,Sameer Menon,Store Manager,Lucknow - Hazratganj,Lucknow,Uttar Pradesh,Closing Checklist,daily_checklist,Dev Reddy,2026-06-07,2026-06-01,No,2026-06
1397,101,56,2026-06-08 09:00:00,62.5,80.0,11.0,Rakesh Menon,Crew Member,Lucknow - Hazratganj,Lucknow,Uttar Pradesh,Opening Checklist,daily_checklist,Dev Reddy,2026-06-08,2026-06-08,No,2026-06
1398,102,16,2026-06-08 23:22:00,87.5,80.0,11.0,Sameer Menon,Store Manager,Lucknow - Hazratganj,Lucknow,Uttar Pradesh,Closing Checklist,daily_checklist,Dev Reddy,2026-06-08,2026-06-08,Yes,2026-06
1399,102,57,2026-06-10 23:39:00,75.0,80.0,11.0,Nitin Pillai,Crew Member,Lucknow - Hazratganj,Lucknow,Uttar Pradesh,Closing Checklist,daily_checklist,Dev Reddy,2026-06-10,2026-06-08,No,2026-06
1400,101,58,2026-06-11 09:56:00,87.5,80.0,11.0,Neha Bhat,Crew Member,Lucknow - Hazratganj,Lucknow,Uttar Pradesh,Opening Checklist,daily_checklist,Dev Reddy,2026-06-11,2026-06-08,Yes,2026-06
1401,102,56,2026-06-11 22:58:00,62.5,80.0,11.0,Rakesh Menon,Crew Member,Lucknow - Hazratganj,Lucknow,Uttar Pradesh,Closing Checklist,daily_checklist,Dev Reddy,2026-06-11,2026-06-08,No,2026-06
1402,101,58,2026-06-12 08:34:00,100.0,80.0,11.0,Neha Bhat,Crew Member,Lucknow - Hazratganj,Lucknow,Uttar Pradesh,Opening Checklist,daily_checklist,Dev Reddy,2026-06-12,2026-06-08,Yes,2026-06
1403,102,58,2026-06-12 21:58:00,100.0,80.0,11.0,Neha Bhat,Crew Member,Lucknow - Hazratganj,Lucknow,Uttar Pradesh,Closing Checklist,daily_checklist,Dev Reddy,2026-06-12,2026-06-08,Yes,2026-06
1404,101,16,2026-06-13 09:28:00,100.0,80.0,11.0,Sameer Menon,Store Manager,Lucknow - Hazratganj,Lucknow,Uttar Pradesh,Opening Checklist,daily_checklist,Dev Reddy,2026-06-13,2026-06-08,Yes,2026-06
1405,102,57,2026-06-13 21:18:00,100.0,80.0,11.0,Nitin Pillai,Crew Member,Lucknow - Hazratganj,Lucknow,Uttar Pradesh,Closing Checklist,daily_checklist,Dev Reddy,2026-06-13,2026-06-08,Yes,2026-06
1406,102,56,2026-06-14 23:05:00,62.5,80.0,11.0,Rakesh Menon,Crew Member,Lucknow - Hazratganj,Lucknow,Uttar Pradesh,Closing Checklist,daily_checklist,Dev Reddy,2026-06-14,2026-06-08,No,2026-06
1407,101,56,2026-06-15 09:34:00,62.5,80.0,11.0,Rakesh Menon,Crew Member,Lucknow - Hazratganj,Lucknow,Uttar Pradesh,Opening Checklist,daily_checklist,Dev Reddy,2026-06-15,2026-06-15,No,2026-06
1408,101,57,2026-06-16 09:04:00,75.0,80.0,11.0,Nitin Pillai,Crew Member,Lucknow - Hazratganj,Lucknow,Uttar Pradesh,Opening Checklist,daily_checklist,Dev Reddy,2026-06-16,2026-06-15,No,2026-06
1409,101,57,2026-06-17 09:40:00,87.5,80.0,11.0,Nitin Pillai,Crew Member,Lucknow - Hazratganj,Lucknow,Uttar Pradesh,Opening Checklist,daily_checklist,Dev Reddy,2026-06-17,2026-06-15,Yes,2026-06
1410,102,56,2026-06-17 23:27:00,75.0,80.0,11.0,Rakesh Menon,Crew Member,Lucknow - Hazratganj,Lucknow,Uttar Pradesh,Closing Checklist,daily_checklist,Dev Reddy,2026-06-17,2026-06-15,No,2026-06
1411,101,16,2026-06-18 09:53:00,87.5,80.0,11.0,Sameer Menon,Store Manager,Lucknow - Hazratganj,Lucknow,Uttar Pradesh,Opening Checklist,daily_checklist,Dev Reddy,2026-06-18,2026-06-15,Yes,2026-06
1412,102,56,2026-06-18 23:52:00,37.5,80.0,11.0,Rakesh Menon,Crew Member,Lucknow - Hazratganj,Lucknow,Uttar Pradesh,Closing Checklist,daily_checklist,Dev Reddy,2026-06-18,2026-06-15,No,2026-06
1413,101,58,2026-06-19 07:29:00,62.5,80.0,11.0,Neha Bhat,Crew Member,Lucknow - Hazratganj,Lucknow,Uttar Pradesh,Opening Checklist,daily_checklist,Dev Reddy,2026-06-19,2026-06-15,No,2026-06
1414,102,56,2026-06-19 21:05:00,62.5,80.0,11.0,Rakesh Menon,Crew Member,Lucknow - Hazratganj,Lucknow,Uttar Pradesh,Closing Checklist,daily_checklist,Dev Reddy,2026-06-19,2026-06-15,No,2026-06
1415,102,58,2026-06-20 21:50:00,100.0,80.0,11.0,Neha Bhat,Crew Member,Lucknow - Hazratganj,Lucknow,Uttar Pradesh,Closing Checklist,daily_checklist,Dev Reddy,2026-06-20,2026-06-15,Yes,2026-06
1416,101,57,2026-06-21 07:36:00,62.5,80.0,11.0,Nitin Pillai,Crew Member,Lucknow - Hazratganj,Lucknow,Uttar Pradesh,Opening Checklist,daily_checklist,Dev Reddy,2026-06-21,2026-06-15,No,2026-06
1417,102,16,2026-06-21 22:26:00,75.0,80.0,11.0,Sameer Menon,Store Manager,Lucknow - Hazratganj,Lucknow,Uttar Pradesh,Closing Checklist,daily_checklist,Dev Reddy,2026-06-21,2026-06-15,No,2026-06
1418,101,16,2026-06-22 09:25:00,87.5,80.0,11.0,Sameer Menon,Store Manager,Lucknow - Hazratganj,Lucknow,Uttar Pradesh,Opening Checklist,daily_checklist,Dev Reddy,2026-06-22,2026-06-22,Yes,2026-06
1419,102,16,2026-06-22 22:01:00,75.0,80.0,11.0,Sameer Menon,Store Manager,Lucknow - Hazratganj,Lucknow,Uttar Pradesh,Closing Checklist,daily_checklist,Dev Reddy,2026-06-22,2026-06-22,No,2026-06
1420,102,56,2026-06-24 23:00:00,87.5,80.0,11.0,Rakesh Menon,Crew Member,Lucknow - Hazratganj,Lucknow,Uttar Pradesh,Closing Checklist,daily_checklist,Dev Reddy,2026-06-24,2026-06-22,Yes,2026-06
1421,102,56,2026-06-25 21:44:00,100.0,80.0,11.0,Rakesh Menon,Crew Member,Lucknow - Hazratganj,Lucknow,Uttar Pradesh,Closing Checklist,daily_checklist,Dev Reddy,2026-06-25,2026-06-22,Yes,2026-06
1422,101,58,2026-06-26 09:06:00,50.0,80.0,11.0,Neha Bhat,Crew Member,Lucknow - Hazratganj,Lucknow,Uttar Pradesh,Opening Checklist,daily_checklist,Dev Reddy,2026-06-26,2026-06-22,No,2026-06
1423,102,56,2026-06-26 23:19:00,62.5,80.0,11.0,Rakesh Menon,Crew Member,Lucknow - Hazratganj,Lucknow,Uttar Pradesh,Closing Checklist,daily_checklist,Dev Reddy,2026-06-26,2026-06-22,No,2026-06
1424,101,16,2026-06-27 08:24:00,75.0,80.0,11.0,Sameer Menon,Store Manager,Lucknow - Hazratganj,Lucknow,Uttar Pradesh,Opening Checklist,daily_checklist,Dev Reddy,2026-06-27,2026-06-22,No,2026-06
1425,102,16,2026-06-27 23:01:00,87.5,80.0,11.0,Sameer Menon,Store Manager,Lucknow - Hazratganj,Lucknow,Uttar Pradesh,Closing Checklist,daily_checklist,Dev Reddy,2026-06-27,2026-06-22,Yes,2026-06
1426,101,57,2026-06-28 09:14:00,75.0,80.0,11.0,Nitin Pillai,Crew Member,Lucknow - Hazratganj,Lucknow,Uttar Pradesh,Opening Checklist,daily_checklist,Dev Reddy,2026-06-28,2026-06-22,No,2026-06
1427,102,58,2026-06-28 23:25:00,87.5,80.0,11.0,Neha Bhat,Crew Member,Lucknow - Hazratganj,Lucknow,Uttar Pradesh,Closing Checklist,daily_checklist,Dev Reddy,2026-06-28,2026-06-22,Yes,2026-06
1428,101,58,2026-06-30 08:43:00,87.5,80.0,11.0,Neha Bhat,Crew Member,Lucknow - Hazratganj,Lucknow,Uttar Pradesh,Opening Checklist,daily_checklist,Dev Reddy,2026-06-30,2026-06-29,Yes,2026-06
1429,102,57,2026-06-30 21:35:00,87.5,80.0,11.0,Nitin Pillai,Crew Member,Lucknow - Hazratganj,Lucknow,Uttar Pradesh,Closing Checklist,daily_checklist,Dev Reddy,2026-06-30,2026-06-29,Yes,2026-06
1430,101,16,2026-07-01 07:00:00,100.0,80.0,11.0,Sameer Menon,Store Manager,Lucknow - Hazratganj,Lucknow,Uttar Pradesh,Opening Checklist,daily_checklist,Dev Reddy,2026-07-01,2026-06-29,Yes,2026-07
1431,102,56,2026-07-01 23:35:00,100.0,80.0,11.0,Rakesh Menon,Crew Member,Lucknow - Hazratganj,Lucknow,Uttar Pradesh,Closing Checklist,daily_checklist,Dev Reddy,2026-07-01,2026-06-29,Yes,2026-07
1432,101,58,2026-07-02 07:47:00,100.0,80.0,11.0,Neha Bhat,Crew Member,Lucknow - Hazratganj,Lucknow,Uttar Pradesh,Opening Checklist,daily_checklist,Dev Reddy,2026-07-02,2026-06-29,Yes,2026-07
1433,102,57,2026-07-04 21:26:00,100.0,80.0,11.0,Nitin Pillai,Crew Member,Lucknow - Hazratganj,Lucknow,Uttar Pradesh,Closing Checklist,daily_checklist,Dev Reddy,2026-07-04,2026-06-29,Yes,2026-07
1434,101,58,2026-07-05 07:14:00,87.5,80.0,11.0,Neha Bhat,Crew Member,Lucknow - Hazratganj,Lucknow,Uttar Pradesh,Opening Checklist,daily_checklist,Dev Reddy,2026-07-05,2026-06-29,Yes,2026-07
1435,102,57,2026-07-05 21:07:00,75.0,80.0,11.0,Nitin Pillai,Crew Member,Lucknow - Hazratganj,Lucknow,Uttar Pradesh,Closing Checklist,daily_checklist,Dev Reddy,2026-07-05,2026-06-29,No,2026-07
1436,101,16,2026-07-06 07:54:00,75.0,80.0,11.0,Sameer Menon,Store Manager,Lucknow - Hazratganj,Lucknow,Uttar Pradesh,Opening Checklist,daily_checklist,Dev Reddy,2026-07-06,2026-07-06,No,2026-07
1437,102,56,2026-07-06 23:35:00,75.0,80.0,11.0,Rakesh Menon,Crew Member,Lucknow - Hazratganj,Lucknow,Uttar Pradesh,Closing Checklist,daily_checklist,Dev Reddy,2026-07-06,2026-07-06,No,2026-07
1438,101,58,2026-07-07 09:04:00,75.0,80.0,11.0,Neha Bhat,Crew Member,Lucknow - Hazratganj,Lucknow,Uttar Pradesh,Opening Checklist,daily_checklist,Dev Reddy,2026-07-07,2026-07-06,No,2026-07
1439,101,16,2026-07-08 07:12:00,87.5,80.0,11.0,Sameer Menon,Store Manager,Lucknow - Hazratganj,Lucknow,Uttar Pradesh,Opening Checklist,daily_checklist,Dev Reddy,2026-07-08,2026-07-06,Yes,2026-07
1440,101,57,2026-07-09 08:22:00,50.0,80.0,11.0,Nitin Pillai,Crew Member,Lucknow - Hazratganj,Lucknow,Uttar Pradesh,Opening Checklist,daily_checklist,Dev Reddy,2026-07-09,2026-07-06,No,2026-07
1441,102,57,2026-07-09 23:41:00,75.0,80.0,11.0,Nitin Pillai,Crew Member,Lucknow - Hazratganj,Lucknow,Uttar Pradesh,Closing Checklist,daily_checklist,Dev Reddy,2026-07-09,2026-07-06,No,2026-07
1442,102,56,2026-07-10 22:39:00,87.5,80.0,11.0,Rakesh Menon,Crew Member,Lucknow - Hazratganj,Lucknow,Uttar Pradesh,Closing Checklist,daily_checklist,Dev Reddy,2026-07-10,2026-07-06,Yes,2026-07
1443,101,16,2026-07-11 08:31:00,87.5,80.0,11.0,Sameer Menon,Store Manager,Lucknow - Hazratganj,Lucknow,Uttar Pradesh,Opening Checklist,daily_checklist,Dev Reddy,2026-07-11,2026-07-06,Yes,2026-07
1444,102,58,2026-07-11 22:39:00,87.5,80.0,11.0,Neha Bhat,Crew Member,Lucknow - Hazratganj,Lucknow,Uttar Pradesh,Closing Checklist,daily_checklist,Dev Reddy,2026-07-11,2026-07-06,Yes,2026-07
1445,101,58,2026-07-12 07:36:00,87.5,80.0,11.0,Neha Bhat,Crew Member,Lucknow - Hazratganj,Lucknow,Uttar Pradesh,Opening Checklist,daily_checklist,Dev Reddy,2026-07-12,2026-07-06,Yes,2026-07
1446,102,57,2026-07-12 22:27:00,75.0,80.0,11.0,Nitin Pillai,Crew Member,Lucknow - Hazratganj,Lucknow,Uttar Pradesh,Closing Checklist,daily_checklist,Dev Reddy,2026-07-12,2026-07-06,No,2026-07
1447,102,57,2026-07-13 22:15:00,75.0,80.0,11.0,Nitin Pillai,Crew Member,Lucknow - Hazratganj,Lucknow,Uttar Pradesh,Closing Checklist,daily_checklist,Dev Reddy,2026-07-13,2026-07-13,No,2026-07
1448,101,58,2026-07-14 08:53:00,100.0,80.0,11.0,Neha Bhat,Crew Member,Lucknow - Hazratganj,Lucknow,Uttar Pradesh,Opening Checklist,daily_checklist,Dev Reddy,2026-07-14,2026-07-13,Yes,2026-07
1449,102,58,2026-07-14 21:43:00,87.5,80.0,11.0,Neha Bhat,Crew Member,Lucknow - Hazratganj,Lucknow,Uttar Pradesh,Closing Checklist,daily_checklist,Dev Reddy,2026-07-14,2026-07-13,Yes,2026-07
1450,101,58,2026-07-15 08:28:00,87.5,80.0,11.0,Neha Bhat,Crew Member,Lucknow - Hazratganj,Lucknow,Uttar Pradesh,Opening Checklist,daily_checklist,Dev Reddy,2026-07-15,2026-07-13,Yes,2026-07
1451,101,56,2026-07-16 08:31:00,75.0,80.0,11.0,Rakesh Menon,Crew Member,Lucknow - Hazratganj,Lucknow,Uttar Pradesh,Opening Checklist,daily_checklist,Dev Reddy,2026-07-16,2026-07-13,No,2026-07
1452,102,56,2026-07-18 21:41:00,87.5,80.0,11.0,Rakesh Menon,Crew Member,Lucknow - Hazratganj,Lucknow,Uttar Pradesh,Closing Checklist,daily_checklist,Dev Reddy,2026-07-18,2026-07-13,Yes,2026-07
1453,101,57,2026-07-19 07:57:00,75.0,80.0,11.0,Nitin Pillai,Crew Member,Lucknow - Hazratganj,Lucknow,Uttar Pradesh,Opening Checklist,daily_checklist,Dev Reddy,2026-07-19,2026-07-13,No,2026-07
1454,102,56,2026-07-19 22:46:00,87.5,80.0,11.0,Rakesh Menon,Crew Member,Lucknow - Hazratganj,Lucknow,Uttar Pradesh,Closing Checklist,daily_checklist,Dev Reddy,2026-07-19,2026-07-13,Yes,2026-07
1455,101,56,2026-07-20 07:54:00,87.5,80.0,11.0,Rakesh Menon,Crew Member,Lucknow - Hazratganj,Lucknow,Uttar Pradesh,Opening Checklist,daily_checklist,Dev Reddy,2026-07-20,2026-07-20,Yes,2026-07
1456,101,16,2026-07-21 09:37:00,62.5,80.0,11.0,Sameer Menon,Store Manager,Lucknow - Hazratganj,Lucknow,Uttar Pradesh,Opening Checklist,daily_checklist,Dev Reddy,2026-07-21,2026-07-20,No,2026-07
1457,102,56,2026-07-21 23:13:00,87.5,80.0,11.0,Rakesh Menon,Crew Member,Lucknow - Hazratganj,Lucknow,Uttar Pradesh,Closing Checklist,daily_checklist,Dev Reddy,2026-07-21,2026-07-20,Yes,2026-07
1458,101,16,2026-07-22 08:34:00,75.0,80.0,11.0,Sameer Menon,Store Manager,Lucknow - Hazratganj,Lucknow,Uttar Pradesh,Opening Checklist,daily_checklist,Dev Reddy,2026-07-22,2026-07-20,No,2026-07
1459,101,57,2026-07-24 09:49:00,75.0,80.0,11.0,Nitin Pillai,Crew Member,Lucknow - Hazratganj,Lucknow,Uttar Pradesh,Opening Checklist,daily_checklist,Dev Reddy,2026-07-24,2026-07-20,No,2026-07
1460,102,57,2026-07-24 22:25:00,87.5,80.0,11.0,Nitin Pillai,Crew Member,Lucknow - Hazratganj,Lucknow,Uttar Pradesh,Closing Checklist,daily_checklist,Dev Reddy,2026-07-24,2026-07-20,Yes,2026-07
1461,102,58,2026-07-25 23:54:00,50.0,80.0,11.0,Neha Bhat,Crew Member,Lucknow - Hazratganj,Lucknow,Uttar Pradesh,Closing Checklist,daily_checklist,Dev Reddy,2026-07-25,2026-07-20,No,2026-07
1462,102,56,2026-07-26 22:32:00,75.0,80.0,11.0,Rakesh Menon,Crew Member,Lucknow - Hazratganj,Lucknow,Uttar Pradesh,Closing Checklist,daily_checklist,Dev Reddy,2026-07-26,2026-07-20,No,2026-07
1463,101,56,2026-07-27 08:32:00,100.0,80.0,11.0,Rakesh Menon,Crew Member,Lucknow - Hazratganj,Lucknow,Uttar Pradesh,Opening Checklist,daily_checklist,Dev Reddy,2026-07-27,2026-07-27,Yes,2026-07
1464,102,57,2026-07-27 23:15:00,100.0,80.0,11.0,Nitin Pillai,Crew Member,Lucknow - Hazratganj,Lucknow,Uttar Pradesh,Closing Checklist,daily_checklist,Dev Reddy,2026-07-27,2026-07-27,Yes,2026-07
1465,101,57,2026-07-29 07:28:00,87.5,80.0,11.0,Nitin Pillai,Crew Member,Lucknow - Hazratganj,Lucknow,Uttar Pradesh,Opening Checklist,daily_checklist,Dev Reddy,2026-07-29,2026-07-27,Yes,2026-07
1466,102,57,2026-07-29 21:36:00,87.5,80.0,11.0,Nitin Pillai,Crew Member,Lucknow - Hazratganj,Lucknow,Uttar Pradesh,Closing Checklist,daily_checklist,Dev Reddy,2026-07-29,2026-07-27,Yes,2026-07
1467,101,57,2026-07-30 08:02:00,75.0,80.0,11.0,Nitin Pillai,Crew Member,Lucknow - Hazratganj,Lucknow,Uttar Pradesh,Opening Checklist,daily_checklist,Dev Reddy,2026-07-30,2026-07-27,No,2026-07
1468,102,56,2026-07-30 22:14:00,87.5,80.0,11.0,Rakesh Menon,Crew Member,Lucknow - Hazratganj,Lucknow,Uttar Pradesh,Closing Checklist,daily_checklist,Dev Reddy,2026-07-30,2026-07-27,Yes,2026-07
1469,101,56,2026-07-31 08:14:00,62.5,80.0,11.0,Rakesh Menon,Crew Member,Lucknow - Hazratganj,Lucknow,Uttar Pradesh,Opening Checklist,daily_checklist,Dev Reddy,2026-07-31,2026-07-27,No,2026-07
1470,102,58,2026-07-31 23:13:00,75.0,80.0,11.0,Neha Bhat,Crew Member,Lucknow - Hazratganj,Lucknow,Uttar Pradesh,Closing Checklist,daily_checklist,Dev Reddy,2026-07-31,2026-07-27,No,2026-07
1471,102,16,2026-08-01 22:58:00,62.5,80.0,11.0,Sameer Menon,Store Manager,Lucknow - Hazratganj,Lucknow,Uttar Pradesh,Closing Checklist,daily_checklist,Dev Reddy,2026-08-01,2026-07-27,No,2026-08
1472,101,58,2026-08-02 07:41:00,75.0,80.0,11.0,Neha Bhat,Crew Member,Lucknow - Hazratganj,Lucknow,Uttar Pradesh,Opening Checklist,daily_checklist,Dev Reddy,2026-08-02,2026-07-27,No,2026-08
1473,102,58,2026-08-02 21:45:00,62.5,80.0,11.0,Neha Bhat,Crew Member,Lucknow - Hazratganj,Lucknow,Uttar Pradesh,Closing Checklist,daily_checklist,Dev Reddy,2026-08-02,2026-07-27,No,2026-08
1474,101,57,2026-08-03 09:34:00,62.5,80.0,11.0,Nitin Pillai,Crew Member,Lucknow - Hazratganj,Lucknow,Uttar Pradesh,Opening Checklist,daily_checklist,Dev Reddy,2026-08-03,2026-08-03,No,2026-08
1475,102,16,2026-08-03 22:41:00,100.0,80.0,11.0,Sameer Menon,Store Manager,Lucknow - Hazratganj,Lucknow,Uttar Pradesh,Closing Checklist,daily_checklist,Dev Reddy,2026-08-03,2026-08-03,Yes,2026-08
1476,101,56,2026-08-04 09:41:00,75.0,80.0,11.0,Rakesh Menon,Crew Member,Lucknow - Hazratganj,Lucknow,Uttar Pradesh,Opening Checklist,daily_checklist,Dev Reddy,2026-08-04,2026-08-03,No,2026-08
1477,102,16,2026-08-04 23:16:00,100.0,80.0,11.0,Sameer Menon,Store Manager,Lucknow - Hazratganj,Lucknow,Uttar Pradesh,Closing Checklist,daily_checklist,Dev Reddy,2026-08-04,2026-08-03,Yes,2026-08
1478,101,58,2026-08-05 09:25:00,75.0,80.0,11.0,Neha Bhat,Crew Member,Lucknow - Hazratganj,Lucknow,Uttar Pradesh,Opening Checklist,daily_checklist,Dev Reddy,2026-08-05,2026-08-03,No,2026-08
1479,102,16,2026-08-05 22:31:00,75.0,80.0,11.0,Sameer Menon,Store Manager,Lucknow - Hazratganj,Lucknow,Uttar Pradesh,Closing Checklist,daily_checklist,Dev Reddy,2026-08-05,2026-08-03,No,2026-08
1480,101,57,2026-08-06 07:32:00,100.0,80.0,11.0,Nitin Pillai,Crew Member,Lucknow - Hazratganj,Lucknow,Uttar Pradesh,Opening Checklist,daily_checklist,Dev Reddy,2026-08-06,2026-08-03,Yes,2026-08
1481,102,57,2026-08-06 22:10:00,50.0,80.0,11.0,Nitin Pillai,Crew Member,Lucknow - Hazratganj,Lucknow,Uttar Pradesh,Closing Checklist,daily_checklist,Dev Reddy,2026-08-06,2026-08-03,No,2026-08
1482,101,58,2026-08-07 09:41:00,62.5,80.0,11.0,Neha Bhat,Crew Member,Lucknow - Hazratganj,Lucknow,Uttar Pradesh,Opening Checklist,daily_checklist,Dev Reddy,2026-08-07,2026-08-03,No,2026-08
1483,102,57,2026-08-07 21:09:00,87.5,80.0,11.0,Nitin Pillai,Crew Member,Lucknow - Hazratganj,Lucknow,Uttar Pradesh,Closing Checklist,daily_checklist,Dev Reddy,2026-08-07,2026-08-03,Yes,2026-08
1484,101,56,2026-08-08 08:38:00,87.5,80.0,11.0,Rakesh Menon,Crew Member,Lucknow - Hazratganj,Lucknow,Uttar Pradesh,Opening Checklist,daily_checklist,Dev Reddy,2026-08-08,2026-08-03,Yes,2026-08
1485,102,16,2026-08-08 23:14:00,100.0,80.0,11.0,Sameer Menon,Store Manager,Lucknow - Hazratganj,Lucknow,Uttar Pradesh,Closing Checklist,daily_checklist,Dev Reddy,2026-08-08,2026-08-03,Yes,2026-08
1486,101,16,2026-08-09 09:07:00,62.5,80.0,11.0,Sameer Menon,Store Manager,Lucknow - Hazratganj,Lucknow,Uttar Pradesh,Opening Checklist,daily_checklist,Dev Reddy,2026-08-09,2026-08-03,No,2026-08
1487,101,16,2026-08-10 09:30:00,75.0,80.0,11.0,Sameer Menon,Store Manager,Lucknow - Hazratganj,Lucknow,Uttar Pradesh,Opening Checklist,daily_checklist,Dev Reddy,2026-08-10,2026-08-10,No,2026-08
1488,102,57,2026-08-10 21:37:00,87.5,80.0,11.0,Nitin Pillai,Crew Member,Lucknow - Hazratganj,Lucknow,Uttar Pradesh,Closing Checklist,daily_checklist,Dev Reddy,2026-08-10,2026-08-10,Yes,2026-08
1489,101,56,2026-08-11 07:15:00,25.0,80.0,11.0,Rakesh Menon,Crew Member,Lucknow - Hazratganj,Lucknow,Uttar Pradesh,Opening Checklist,daily_checklist,Dev Reddy,2026-08-11,2026-08-10,No,2026-08
1490,102,57,2026-08-11 21:36:00,87.5,80.0,11.0,Nitin Pillai,Crew Member,Lucknow - Hazratganj,Lucknow,Uttar Pradesh,Closing Checklist,daily_checklist,Dev Reddy,2026-08-11,2026-08-10,Yes,2026-08
1491,101,56,2026-08-12 09:32:00,62.5,80.0,11.0,Rakesh Menon,Crew Member,Lucknow - Hazratganj,Lucknow,Uttar Pradesh,Opening Checklist,daily_checklist,Dev Reddy,2026-08-12,2026-08-10,No,2026-08
1492,102,56,2026-08-12 23:09:00,75.0,80.0,11.0,Rakesh Menon,Crew Member,Lucknow - Hazratganj,Lucknow,Uttar Pradesh,Closing Checklist,daily_checklist,Dev Reddy,2026-08-12,2026-08-10,No,2026-08
1493,102,57,2026-08-13 22:59:00,87.5,80.0,11.0,Nitin Pillai,Crew Member,Lucknow - Hazratganj,Lucknow,Uttar Pradesh,Closing Checklist,daily_checklist,Dev Reddy,2026-08-13,2026-08-10,Yes,2026-08
1494,101,56,2026-08-14 08:38:00,62.5,80.0,11.0,Rakesh Menon,Crew Member,Lucknow - Hazratganj,Lucknow,Uttar Pradesh,Opening Checklist,daily_checklist,Dev Reddy,2026-08-14,2026-08-10,No,2026-08
1495,102,58,2026-08-14 23:46:00,75.0,80.0,11.0,Neha Bhat,Crew Member,Lucknow - Hazratganj,Lucknow,Uttar Pradesh,Closing Checklist,daily_checklist,Dev Reddy,2026-08-14,2026-08-10,No,2026-08
1496,101,16,2026-08-15 07:28:00,75.0,80.0,11.0,Sameer Menon,Store Manager,Lucknow - Hazratganj,Lucknow,Uttar Pradesh,Opening Checklist,daily_checklist,Dev Reddy,2026-08-15,2026-08-10,No,2026-08
1497,102,57,2026-08-15 22:10:00,87.5,80.0,11.0,Nitin Pillai,Crew Member,Lucknow - Hazratganj,Lucknow,Uttar Pradesh,Closing Checklist,daily_checklist,Dev Reddy,2026-08-15,2026-08-10,Yes,2026-08
1498,101,57,2026-08-16 09:09:00,87.5,80.0,11.0,Nitin Pillai,Crew Member,Lucknow - Hazratganj,Lucknow,Uttar Pradesh,Opening Checklist,daily_checklist,Dev Reddy,2026-08-16,2026-08-10,Yes,2026-08
1499,101,58,2026-08-17 09:42:00,87.5,80.0,11.0,Neha Bhat,Crew Member,Lucknow - Hazratganj,Lucknow,Uttar Pradesh,Opening Checklist,daily_checklist,Dev Reddy,2026-08-17,2026-08-17,Yes,2026-08
1500,102,58,2026-08-17 21:46:00,87.5,80.0,11.0,Neha Bhat,Crew Member,Lucknow - Hazratganj,Lucknow,Uttar Pradesh,Closing Checklist,daily_checklist,Dev Reddy,2026-08-17,2026-08-17,Yes,2026-08
1501,101,59,2026-05-19 09:37:00,62.5,80.0,12.0,Oindri Kulkarni,Crew Member,Indore - Vijay Nagar,Indore,Madhya Pradesh,Opening Checklist,daily_checklist,Dev Reddy,2026-05-19,2026-05-18,No,2026-05
1502,102,17,2026-05-19 21:24:00,87.5,80.0,12.0,Ankit Pillai,Store Manager,Indore - Vijay Nagar,Indore,Madhya Pradesh,Closing Checklist,daily_checklist,Dev Reddy,2026-05-19,2026-05-18,Yes,2026-05
1503,102,60,2026-05-20 21:01:00,100.0,80.0,12.0,Shreya Sharma,Crew Member,Indore - Vijay Nagar,Indore,Madhya Pradesh,Closing Checklist,daily_checklist,Dev Reddy,2026-05-20,2026-05-18,Yes,2026-05
1504,101,17,2026-05-21 09:43:00,100.0,80.0,12.0,Ankit Pillai,Store Manager,Indore - Vijay Nagar,Indore,Madhya Pradesh,Opening Checklist,daily_checklist,Dev Reddy,2026-05-21,2026-05-18,Yes,2026-05
1505,102,59,2026-05-21 21:38:00,87.5,80.0,12.0,Oindri Kulkarni,Crew Member,Indore - Vijay Nagar,Indore,Madhya Pradesh,Closing Checklist,daily_checklist,Dev Reddy,2026-05-21,2026-05-18,Yes,2026-05
1506,101,59,2026-05-22 08:57:00,100.0,80.0,12.0,Oindri Kulkarni,Crew Member,Indore - Vijay Nagar,Indore,Madhya Pradesh,Opening Checklist,daily_checklist,Dev Reddy,2026-05-22,2026-05-18,Yes,2026-05
1507,102,59,2026-05-22 23:32:00,75.0,80.0,12.0,Oindri Kulkarni,Crew Member,Indore - Vijay Nagar,Indore,Madhya Pradesh,Closing Checklist,daily_checklist,Dev Reddy,2026-05-22,2026-05-18,No,2026-05
1508,101,60,2026-05-23 08:42:00,75.0,80.0,12.0,Shreya Sharma,Crew Member,Indore - Vijay Nagar,Indore,Madhya Pradesh,Opening Checklist,daily_checklist,Dev Reddy,2026-05-23,2026-05-18,No,2026-05
1509,102,59,2026-05-23 23:34:00,100.0,80.0,12.0,Oindri Kulkarni,Crew Member,Indore - Vijay Nagar,Indore,Madhya Pradesh,Closing Checklist,daily_checklist,Dev Reddy,2026-05-23,2026-05-18,Yes,2026-05
1510,101,61,2026-05-24 09:26:00,100.0,80.0,12.0,Faisal Verma,Crew Member,Indore - Vijay Nagar,Indore,Madhya Pradesh,Opening Checklist,daily_checklist,Dev Reddy,2026-05-24,2026-05-18,Yes,2026-05
1511,102,17,2026-05-24 21:44:00,75.0,80.0,12.0,Ankit Pillai,Store Manager,Indore - Vijay Nagar,Indore,Madhya Pradesh,Closing Checklist,daily_checklist,Dev Reddy,2026-05-24,2026-05-18,No,2026-05
1512,101,17,2026-05-25 08:50:00,100.0,80.0,12.0,Ankit Pillai,Store Manager,Indore - Vijay Nagar,Indore,Madhya Pradesh,Opening Checklist,daily_checklist,Dev Reddy,2026-05-25,2026-05-25,Yes,2026-05
1513,102,59,2026-05-25 22:37:00,100.0,80.0,12.0,Oindri Kulkarni,Crew Member,Indore - Vijay Nagar,Indore,Madhya Pradesh,Closing Checklist,daily_checklist,Dev Reddy,2026-05-25,2026-05-25,Yes,2026-05
1514,101,17,2026-05-26 07:16:00,87.5,80.0,12.0,Ankit Pillai,Store Manager,Indore - Vijay Nagar,Indore,Madhya Pradesh,Opening Checklist,daily_checklist,Dev Reddy,2026-05-26,2026-05-25,Yes,2026-05
1515,102,59,2026-05-26 21:58:00,100.0,80.0,12.0,Oindri Kulkarni,Crew Member,Indore - Vijay Nagar,Indore,Madhya Pradesh,Closing Checklist,daily_checklist,Dev Reddy,2026-05-26,2026-05-25,Yes,2026-05
1516,101,17,2026-05-27 09:56:00,87.5,80.0,12.0,Ankit Pillai,Store Manager,Indore - Vijay Nagar,Indore,Madhya Pradesh,Opening Checklist,daily_checklist,Dev Reddy,2026-05-27,2026-05-25,Yes,2026-05
1517,102,59,2026-05-27 22:12:00,100.0,80.0,12.0,Oindri Kulkarni,Crew Member,Indore - Vijay Nagar,Indore,Madhya Pradesh,Closing Checklist,daily_checklist,Dev Reddy,2026-05-27,2026-05-25,Yes,2026-05
1518,101,59,2026-05-28 09:33:00,100.0,80.0,12.0,Oindri Kulkarni,Crew Member,Indore - Vijay Nagar,Indore,Madhya Pradesh,Opening Checklist,daily_checklist,Dev Reddy,2026-05-28,2026-05-25,Yes,2026-05
1519,102,17,2026-05-28 23:00:00,100.0,80.0,12.0,Ankit Pillai,Store Manager,Indore - Vijay Nagar,Indore,Madhya Pradesh,Closing Checklist,daily_checklist,Dev Reddy,2026-05-28,2026-05-25,Yes,2026-05
1520,101,61,2026-05-29 09:51:00,87.5,80.0,12.0,Faisal Verma,Crew Member,Indore - Vijay Nagar,Indore,Madhya Pradesh,Opening Checklist,daily_checklist,Dev Reddy,2026-05-29,2026-05-25,Yes,2026-05
1521,102,59,2026-05-29 22:23:00,87.5,80.0,12.0,Oindri Kulkarni,Crew Member,Indore - Vijay Nagar,Indore,Madhya Pradesh,Closing Checklist,daily_checklist,Dev Reddy,2026-05-29,2026-05-25,Yes,2026-05
1522,101,61,2026-05-30 08:41:00,100.0,80.0,12.0,Faisal Verma,Crew Member,Indore - Vijay Nagar,Indore,Madhya Pradesh,Opening Checklist,daily_checklist,Dev Reddy,2026-05-30,2026-05-25,Yes,2026-05
1523,102,17,2026-05-30 22:54:00,75.0,80.0,12.0,Ankit Pillai,Store Manager,Indore - Vijay Nagar,Indore,Madhya Pradesh,Closing Checklist,daily_checklist,Dev Reddy,2026-05-30,2026-05-25,No,2026-05
1524,101,61,2026-05-31 08:39:00,100.0,80.0,12.0,Faisal Verma,Crew Member,Indore - Vijay Nagar,Indore,Madhya Pradesh,Opening Checklist,daily_checklist,Dev Reddy,2026-05-31,2026-05-25,Yes,2026-05
1525,102,60,2026-05-31 23:25:00,87.5,80.0,12.0,Shreya Sharma,Crew Member,Indore - Vijay Nagar,Indore,Madhya Pradesh,Closing Checklist,daily_checklist,Dev Reddy,2026-05-31,2026-05-25,Yes,2026-05
1526,101,17,2026-06-01 09:50:00,87.5,80.0,12.0,Ankit Pillai,Store Manager,Indore - Vijay Nagar,Indore,Madhya Pradesh,Opening Checklist,daily_checklist,Dev Reddy,2026-06-01,2026-06-01,Yes,2026-06
1527,102,17,2026-06-01 21:23:00,100.0,80.0,12.0,Ankit Pillai,Store Manager,Indore - Vijay Nagar,Indore,Madhya Pradesh,Closing Checklist,daily_checklist,Dev Reddy,2026-06-01,2026-06-01,Yes,2026-06
1528,101,61,2026-06-02 08:36:00,100.0,80.0,12.0,Faisal Verma,Crew Member,Indore - Vijay Nagar,Indore,Madhya Pradesh,Opening Checklist,daily_checklist,Dev Reddy,2026-06-02,2026-06-01,Yes,2026-06
1529,102,60,2026-06-02 23:25:00,75.0,80.0,12.0,Shreya Sharma,Crew Member,Indore - Vijay Nagar,Indore,Madhya Pradesh,Closing Checklist,daily_checklist,Dev Reddy,2026-06-02,2026-06-01,No,2026-06
1530,101,17,2026-06-03 09:14:00,100.0,80.0,12.0,Ankit Pillai,Store Manager,Indore - Vijay Nagar,Indore,Madhya Pradesh,Opening Checklist,daily_checklist,Dev Reddy,2026-06-03,2026-06-01,Yes,2026-06
1531,102,59,2026-06-03 23:10:00,100.0,80.0,12.0,Oindri Kulkarni,Crew Member,Indore - Vijay Nagar,Indore,Madhya Pradesh,Closing Checklist,daily_checklist,Dev Reddy,2026-06-03,2026-06-01,Yes,2026-06
1532,101,61,2026-06-04 09:25:00,100.0,80.0,12.0,Faisal Verma,Crew Member,Indore - Vijay Nagar,Indore,Madhya Pradesh,Opening Checklist,daily_checklist,Dev Reddy,2026-06-04,2026-06-01,Yes,2026-06
1533,102,59,2026-06-04 23:39:00,87.5,80.0,12.0,Oindri Kulkarni,Crew Member,Indore - Vijay Nagar,Indore,Madhya Pradesh,Closing Checklist,daily_checklist,Dev Reddy,2026-06-04,2026-06-01,Yes,2026-06
1534,101,59,2026-06-05 08:40:00,87.5,80.0,12.0,Oindri Kulkarni,Crew Member,Indore - Vijay Nagar,Indore,Madhya Pradesh,Opening Checklist,daily_checklist,Dev Reddy,2026-06-05,2026-06-01,Yes,2026-06
1535,102,60,2026-06-05 21:52:00,75.0,80.0,12.0,Shreya Sharma,Crew Member,Indore - Vijay Nagar,Indore,Madhya Pradesh,Closing Checklist,daily_checklist,Dev Reddy,2026-06-05,2026-06-01,No,2026-06
1536,101,59,2026-06-06 09:27:00,87.5,80.0,12.0,Oindri Kulkarni,Crew Member,Indore - Vijay Nagar,Indore,Madhya Pradesh,Opening Checklist,daily_checklist,Dev Reddy,2026-06-06,2026-06-01,Yes,2026-06
1537,102,60,2026-06-06 21:16:00,87.5,80.0,12.0,Shreya Sharma,Crew Member,Indore - Vijay Nagar,Indore,Madhya Pradesh,Closing Checklist,daily_checklist,Dev Reddy,2026-06-06,2026-06-01,Yes,2026-06
1538,101,59,2026-06-07 07:38:00,75.0,80.0,12.0,Oindri Kulkarni,Crew Member,Indore - Vijay Nagar,Indore,Madhya Pradesh,Opening Checklist,daily_checklist,Dev Reddy,2026-06-07,2026-06-01,No,2026-06
1539,102,17,2026-06-07 23:24:00,87.5,80.0,12.0,Ankit Pillai,Store Manager,Indore - Vijay Nagar,Indore,Madhya Pradesh,Closing Checklist,daily_checklist,Dev Reddy,2026-06-07,2026-06-01,Yes,2026-06
1540,101,61,2026-06-08 09:33:00,100.0,80.0,12.0,Faisal Verma,Crew Member,Indore - Vijay Nagar,Indore,Madhya Pradesh,Opening Checklist,daily_checklist,Dev Reddy,2026-06-08,2026-06-08,Yes,2026-06
1541,102,59,2026-06-08 23:38:00,100.0,80.0,12.0,Oindri Kulkarni,Crew Member,Indore - Vijay Nagar,Indore,Madhya Pradesh,Closing Checklist,daily_checklist,Dev Reddy,2026-06-08,2026-06-08,Yes,2026-06
1542,101,17,2026-06-09 09:31:00,100.0,80.0,12.0,Ankit Pillai,Store Manager,Indore - Vijay Nagar,Indore,Madhya Pradesh,Opening Checklist,daily_checklist,Dev Reddy,2026-06-09,2026-06-08,Yes,2026-06
1543,102,61,2026-06-09 21:12:00,100.0,80.0,12.0,Faisal Verma,Crew Member,Indore - Vijay Nagar,Indore,Madhya Pradesh,Closing Checklist,daily_checklist,Dev Reddy,2026-06-09,2026-06-08,Yes,2026-06
1544,101,60,2026-06-10 07:50:00,100.0,80.0,12.0,Shreya Sharma,Crew Member,Indore - Vijay Nagar,Indore,Madhya Pradesh,Opening Checklist,daily_checklist,Dev Reddy,2026-06-10,2026-06-08,Yes,2026-06
1545,102,59,2026-06-10 23:10:00,75.0,80.0,12.0,Oindri Kulkarni,Crew Member,Indore - Vijay Nagar,Indore,Madhya Pradesh,Closing Checklist,daily_checklist,Dev Reddy,2026-06-10,2026-06-08,No,2026-06
1546,101,59,2026-06-11 07:41:00,75.0,80.0,12.0,Oindri Kulkarni,Crew Member,Indore - Vijay Nagar,Indore,Madhya Pradesh,Opening Checklist,daily_checklist,Dev Reddy,2026-06-11,2026-06-08,No,2026-06
1547,102,61,2026-06-11 21:05:00,100.0,80.0,12.0,Faisal Verma,Crew Member,Indore - Vijay Nagar,Indore,Madhya Pradesh,Closing Checklist,daily_checklist,Dev Reddy,2026-06-11,2026-06-08,Yes,2026-06
1548,101,17,2026-06-12 08:42:00,87.5,80.0,12.0,Ankit Pillai,Store Manager,Indore - Vijay Nagar,Indore,Madhya Pradesh,Opening Checklist,daily_checklist,Dev Reddy,2026-06-12,2026-06-08,Yes,2026-06
1549,102,60,2026-06-12 22:37:00,87.5,80.0,12.0,Shreya Sharma,Crew Member,Indore - Vijay Nagar,Indore,Madhya Pradesh,Closing Checklist,daily_checklist,Dev Reddy,2026-06-12,2026-06-08,Yes,2026-06
1550,101,59,2026-06-13 07:47:00,100.0,80.0,12.0,Oindri Kulkarni,Crew Member,Indore - Vijay Nagar,Indore,Madhya Pradesh,Opening Checklist,daily_checklist,Dev Reddy,2026-06-13,2026-06-08,Yes,2026-06
1551,102,61,2026-06-13 21:35:00,100.0,80.0,12.0,Faisal Verma,Crew Member,Indore - Vijay Nagar,Indore,Madhya Pradesh,Closing Checklist,daily_checklist,Dev Reddy,2026-06-13,2026-06-08,Yes,2026-06
1552,101,61,2026-06-14 09:22:00,100.0,80.0,12.0,Faisal Verma,Crew Member,Indore - Vijay Nagar,Indore,Madhya Pradesh,Opening Checklist,daily_checklist,Dev Reddy,2026-06-14,2026-06-08,Yes,2026-06
1553,102,60,2026-06-14 22:14:00,100.0,80.0,12.0,Shreya Sharma,Crew Member,Indore - Vijay Nagar,Indore,Madhya Pradesh,Closing Checklist,daily_checklist,Dev Reddy,2026-06-14,2026-06-08,Yes,2026-06
1554,101,59,2026-06-15 08:36:00,87.5,80.0,12.0,Oindri Kulkarni,Crew Member,Indore - Vijay Nagar,Indore,Madhya Pradesh,Opening Checklist,daily_checklist,Dev Reddy,2026-06-15,2026-06-15,Yes,2026-06
1555,102,17,2026-06-15 22:11:00,100.0,80.0,12.0,Ankit Pillai,Store Manager,Indore - Vijay Nagar,Indore,Madhya Pradesh,Closing Checklist,daily_checklist,Dev Reddy,2026-06-15,2026-06-15,Yes,2026-06
1556,101,59,2026-06-16 07:35:00,87.5,80.0,12.0,Oindri Kulkarni,Crew Member,Indore - Vijay Nagar,Indore,Madhya Pradesh,Opening Checklist,daily_checklist,Dev Reddy,2026-06-16,2026-06-15,Yes,2026-06
1557,102,61,2026-06-16 23:18:00,100.0,80.0,12.0,Faisal Verma,Crew Member,Indore - Vijay Nagar,Indore,Madhya Pradesh,Closing Checklist,daily_checklist,Dev Reddy,2026-06-16,2026-06-15,Yes,2026-06
1558,101,61,2026-06-17 09:16:00,87.5,80.0,12.0,Faisal Verma,Crew Member,Indore - Vijay Nagar,Indore,Madhya Pradesh,Opening Checklist,daily_checklist,Dev Reddy,2026-06-17,2026-06-15,Yes,2026-06
1559,102,17,2026-06-17 23:28:00,75.0,80.0,12.0,Ankit Pillai,Store Manager,Indore - Vijay Nagar,Indore,Madhya Pradesh,Closing Checklist,daily_checklist,Dev Reddy,2026-06-17,2026-06-15,No,2026-06
1560,101,60,2026-06-18 08:49:00,100.0,80.0,12.0,Shreya Sharma,Crew Member,Indore - Vijay Nagar,Indore,Madhya Pradesh,Opening Checklist,daily_checklist,Dev Reddy,2026-06-18,2026-06-15,Yes,2026-06
1561,101,17,2026-06-19 08:49:00,75.0,80.0,12.0,Ankit Pillai,Store Manager,Indore - Vijay Nagar,Indore,Madhya Pradesh,Opening Checklist,daily_checklist,Dev Reddy,2026-06-19,2026-06-15,No,2026-06
1562,102,59,2026-06-19 23:29:00,100.0,80.0,12.0,Oindri Kulkarni,Crew Member,Indore - Vijay Nagar,Indore,Madhya Pradesh,Closing Checklist,daily_checklist,Dev Reddy,2026-06-19,2026-06-15,Yes,2026-06
1563,101,59,2026-06-20 07:16:00,87.5,80.0,12.0,Oindri Kulkarni,Crew Member,Indore - Vijay Nagar,Indore,Madhya Pradesh,Opening Checklist,daily_checklist,Dev Reddy,2026-06-20,2026-06-15,Yes,2026-06
1564,102,60,2026-06-20 22:40:00,100.0,80.0,12.0,Shreya Sharma,Crew Member,Indore - Vijay Nagar,Indore,Madhya Pradesh,Closing Checklist,daily_checklist,Dev Reddy,2026-06-20,2026-06-15,Yes,2026-06
1565,101,61,2026-06-21 08:26:00,75.0,80.0,12.0,Faisal Verma,Crew Member,Indore - Vijay Nagar,Indore,Madhya Pradesh,Opening Checklist,daily_checklist,Dev Reddy,2026-06-21,2026-06-15,No,2026-06
1566,102,59,2026-06-21 23:34:00,100.0,80.0,12.0,Oindri Kulkarni,Crew Member,Indore - Vijay Nagar,Indore,Madhya Pradesh,Closing Checklist,daily_checklist,Dev Reddy,2026-06-21,2026-06-15,Yes,2026-06
1567,101,59,2026-06-22 07:18:00,75.0,80.0,12.0,Oindri Kulkarni,Crew Member,Indore - Vijay Nagar,Indore,Madhya Pradesh,Opening Checklist,daily_checklist,Dev Reddy,2026-06-22,2026-06-22,No,2026-06
1568,102,61,2026-06-22 22:43:00,100.0,80.0,12.0,Faisal Verma,Crew Member,Indore - Vijay Nagar,Indore,Madhya Pradesh,Closing Checklist,daily_checklist,Dev Reddy,2026-06-22,2026-06-22,Yes,2026-06
1569,101,60,2026-06-23 09:59:00,62.5,80.0,12.0,Shreya Sharma,Crew Member,Indore - Vijay Nagar,Indore,Madhya Pradesh,Opening Checklist,daily_checklist,Dev Reddy,2026-06-23,2026-06-22,No,2026-06
1570,102,61,2026-06-23 22:20:00,100.0,80.0,12.0,Faisal Verma,Crew Member,Indore - Vijay Nagar,Indore,Madhya Pradesh,Closing Checklist,daily_checklist,Dev Reddy,2026-06-23,2026-06-22,Yes,2026-06
1571,101,60,2026-06-24 09:17:00,100.0,80.0,12.0,Shreya Sharma,Crew Member,Indore - Vijay Nagar,Indore,Madhya Pradesh,Opening Checklist,daily_checklist,Dev Reddy,2026-06-24,2026-06-22,Yes,2026-06
1572,102,60,2026-06-24 23:43:00,62.5,80.0,12.0,Shreya Sharma,Crew Member,Indore - Vijay Nagar,Indore,Madhya Pradesh,Closing Checklist,daily_checklist,Dev Reddy,2026-06-24,2026-06-22,No,2026-06
1573,101,60,2026-06-25 09:12:00,100.0,80.0,12.0,Shreya Sharma,Crew Member,Indore - Vijay Nagar,Indore,Madhya Pradesh,Opening Checklist,daily_checklist,Dev Reddy,2026-06-25,2026-06-22,Yes,2026-06
1574,102,61,2026-06-25 23:15:00,100.0,80.0,12.0,Faisal Verma,Crew Member,Indore - Vijay Nagar,Indore,Madhya Pradesh,Closing Checklist,daily_checklist,Dev Reddy,2026-06-25,2026-06-22,Yes,2026-06
1575,101,60,2026-06-26 07:12:00,75.0,80.0,12.0,Shreya Sharma,Crew Member,Indore - Vijay Nagar,Indore,Madhya Pradesh,Opening Checklist,daily_checklist,Dev Reddy,2026-06-26,2026-06-22,No,2026-06
1576,102,60,2026-06-26 23:22:00,100.0,80.0,12.0,Shreya Sharma,Crew Member,Indore - Vijay Nagar,Indore,Madhya Pradesh,Closing Checklist,daily_checklist,Dev Reddy,2026-06-26,2026-06-22,Yes,2026-06
1577,101,59,2026-06-27 07:58:00,87.5,80.0,12.0,Oindri Kulkarni,Crew Member,Indore - Vijay Nagar,Indore,Madhya Pradesh,Opening Checklist,daily_checklist,Dev Reddy,2026-06-27,2026-06-22,Yes,2026-06
1578,102,17,2026-06-27 23:42:00,87.5,80.0,12.0,Ankit Pillai,Store Manager,Indore - Vijay Nagar,Indore,Madhya Pradesh,Closing Checklist,daily_checklist,Dev Reddy,2026-06-27,2026-06-22,Yes,2026-06
1579,101,59,2026-06-28 07:48:00,87.5,80.0,12.0,Oindri Kulkarni,Crew Member,Indore - Vijay Nagar,Indore,Madhya Pradesh,Opening Checklist,daily_checklist,Dev Reddy,2026-06-28,2026-06-22,Yes,2026-06
1580,102,61,2026-06-28 22:23:00,87.5,80.0,12.0,Faisal Verma,Crew Member,Indore - Vijay Nagar,Indore,Madhya Pradesh,Closing Checklist,daily_checklist,Dev Reddy,2026-06-28,2026-06-22,Yes,2026-06
1581,101,61,2026-06-29 09:55:00,62.5,80.0,12.0,Faisal Verma,Crew Member,Indore - Vijay Nagar,Indore,Madhya Pradesh,Opening Checklist,daily_checklist,Dev Reddy,2026-06-29,2026-06-29,No,2026-06
1582,102,61,2026-06-29 22:11:00,75.0,80.0,12.0,Faisal Verma,Crew Member,Indore - Vijay Nagar,Indore,Madhya Pradesh,Closing Checklist,daily_checklist,Dev Reddy,2026-06-29,2026-06-29,No,2026-06
1583,101,60,2026-06-30 07:48:00,87.5,80.0,12.0,Shreya Sharma,Crew Member,Indore - Vijay Nagar,Indore,Madhya Pradesh,Opening Checklist,daily_checklist,Dev Reddy,2026-06-30,2026-06-29,Yes,2026-06
1584,102,17,2026-06-30 21:33:00,87.5,80.0,12.0,Ankit Pillai,Store Manager,Indore - Vijay Nagar,Indore,Madhya Pradesh,Closing Checklist,daily_checklist,Dev Reddy,2026-06-30,2026-06-29,Yes,2026-06
1585,101,61,2026-07-01 09:02:00,87.5,80.0,12.0,Faisal Verma,Crew Member,Indore - Vijay Nagar,Indore,Madhya Pradesh,Opening Checklist,daily_checklist,Dev Reddy,2026-07-01,2026-06-29,Yes,2026-07
1586,102,60,2026-07-01 22:55:00,87.5,80.0,12.0,Shreya Sharma,Crew Member,Indore - Vijay Nagar,Indore,Madhya Pradesh,Closing Checklist,daily_checklist,Dev Reddy,2026-07-01,2026-06-29,Yes,2026-07
1587,101,17,2026-07-02 07:44:00,100.0,80.0,12.0,Ankit Pillai,Store Manager,Indore - Vijay Nagar,Indore,Madhya Pradesh,Opening Checklist,daily_checklist,Dev Reddy,2026-07-02,2026-06-29,Yes,2026-07
1588,102,59,2026-07-02 22:44:00,87.5,80.0,12.0,Oindri Kulkarni,Crew Member,Indore - Vijay Nagar,Indore,Madhya Pradesh,Closing Checklist,daily_checklist,Dev Reddy,2026-07-02,2026-06-29,Yes,2026-07
1589,101,17,2026-07-03 09:13:00,87.5,80.0,12.0,Ankit Pillai,Store Manager,Indore - Vijay Nagar,Indore,Madhya Pradesh,Opening Checklist,daily_checklist,Dev Reddy,2026-07-03,2026-06-29,Yes,2026-07
1590,102,61,2026-07-03 23:06:00,75.0,80.0,12.0,Faisal Verma,Crew Member,Indore - Vijay Nagar,Indore,Madhya Pradesh,Closing Checklist,daily_checklist,Dev Reddy,2026-07-03,2026-06-29,No,2026-07
1591,101,61,2026-07-04 09:55:00,100.0,80.0,12.0,Faisal Verma,Crew Member,Indore - Vijay Nagar,Indore,Madhya Pradesh,Opening Checklist,daily_checklist,Dev Reddy,2026-07-04,2026-06-29,Yes,2026-07
1592,102,61,2026-07-04 21:35:00,75.0,80.0,12.0,Faisal Verma,Crew Member,Indore - Vijay Nagar,Indore,Madhya Pradesh,Closing Checklist,daily_checklist,Dev Reddy,2026-07-04,2026-06-29,No,2026-07
1593,101,61,2026-07-05 08:30:00,87.5,80.0,12.0,Faisal Verma,Crew Member,Indore - Vijay Nagar,Indore,Madhya Pradesh,Opening Checklist,daily_checklist,Dev Reddy,2026-07-05,2026-06-29,Yes,2026-07
1594,102,17,2026-07-05 22:11:00,87.5,80.0,12.0,Ankit Pillai,Store Manager,Indore - Vijay Nagar,Indore,Madhya Pradesh,Closing Checklist,daily_checklist,Dev Reddy,2026-07-05,2026-06-29,Yes,2026-07
1595,101,61,2026-07-06 07:26:00,100.0,80.0,12.0,Faisal Verma,Crew Member,Indore - Vijay Nagar,Indore,Madhya Pradesh,Opening Checklist,daily_checklist,Dev Reddy,2026-07-06,2026-07-06,Yes,2026-07
1596,102,17,2026-07-06 22:54:00,100.0,80.0,12.0,Ankit Pillai,Store Manager,Indore - Vijay Nagar,Indore,Madhya Pradesh,Closing Checklist,daily_checklist,Dev Reddy,2026-07-06,2026-07-06,Yes,2026-07
1597,101,60,2026-07-07 08:11:00,100.0,80.0,12.0,Shreya Sharma,Crew Member,Indore - Vijay Nagar,Indore,Madhya Pradesh,Opening Checklist,daily_checklist,Dev Reddy,2026-07-07,2026-07-06,Yes,2026-07
1598,102,60,2026-07-07 23:43:00,87.5,80.0,12.0,Shreya Sharma,Crew Member,Indore - Vijay Nagar,Indore,Madhya Pradesh,Closing Checklist,daily_checklist,Dev Reddy,2026-07-07,2026-07-06,Yes,2026-07
1599,101,60,2026-07-08 09:17:00,87.5,80.0,12.0,Shreya Sharma,Crew Member,Indore - Vijay Nagar,Indore,Madhya Pradesh,Opening Checklist,daily_checklist,Dev Reddy,2026-07-08,2026-07-06,Yes,2026-07
1600,102,17,2026-07-08 23:27:00,100.0,80.0,12.0,Ankit Pillai,Store Manager,Indore - Vijay Nagar,Indore,Madhya Pradesh,Closing Checklist,daily_checklist,Dev Reddy,2026-07-08,2026-07-06,Yes,2026-07
1601,101,60,2026-07-09 07:51:00,100.0,80.0,12.0,Shreya Sharma,Crew Member,Indore - Vijay Nagar,Indore,Madhya Pradesh,Opening Checklist,daily_checklist,Dev Reddy,2026-07-09,2026-07-06,Yes,2026-07
1602,102,59,2026-07-09 22:51:00,100.0,80.0,12.0,Oindri Kulkarni,Crew Member,Indore - Vijay Nagar,Indore,Madhya Pradesh,Closing Checklist,daily_checklist,Dev Reddy,2026-07-09,2026-07-06,Yes,2026-07
1603,101,60,2026-07-10 08:31:00,87.5,80.0,12.0,Shreya Sharma,Crew Member,Indore - Vijay Nagar,Indore,Madhya Pradesh,Opening Checklist,daily_checklist,Dev Reddy,2026-07-10,2026-07-06,Yes,2026-07
1604,102,61,2026-07-10 23:33:00,87.5,80.0,12.0,Faisal Verma,Crew Member,Indore - Vijay Nagar,Indore,Madhya Pradesh,Closing Checklist,daily_checklist,Dev Reddy,2026-07-10,2026-07-06,Yes,2026-07
1605,101,59,2026-07-11 08:16:00,75.0,80.0,12.0,Oindri Kulkarni,Crew Member,Indore - Vijay Nagar,Indore,Madhya Pradesh,Opening Checklist,daily_checklist,Dev Reddy,2026-07-11,2026-07-06,No,2026-07
1606,102,60,2026-07-11 22:06:00,100.0,80.0,12.0,Shreya Sharma,Crew Member,Indore - Vijay Nagar,Indore,Madhya Pradesh,Closing Checklist,daily_checklist,Dev Reddy,2026-07-11,2026-07-06,Yes,2026-07
1607,101,61,2026-07-12 07:52:00,100.0,80.0,12.0,Faisal Verma,Crew Member,Indore - Vijay Nagar,Indore,Madhya Pradesh,Opening Checklist,daily_checklist,Dev Reddy,2026-07-12,2026-07-06,Yes,2026-07
1608,102,59,2026-07-12 22:53:00,100.0,80.0,12.0,Oindri Kulkarni,Crew Member,Indore - Vijay Nagar,Indore,Madhya Pradesh,Closing Checklist,daily_checklist,Dev Reddy,2026-07-12,2026-07-06,Yes,2026-07
1609,101,61,2026-07-13 09:21:00,75.0,80.0,12.0,Faisal Verma,Crew Member,Indore - Vijay Nagar,Indore,Madhya Pradesh,Opening Checklist,daily_checklist,Dev Reddy,2026-07-13,2026-07-13,No,2026-07
1610,102,61,2026-07-13 22:23:00,100.0,80.0,12.0,Faisal Verma,Crew Member,Indore - Vijay Nagar,Indore,Madhya Pradesh,Closing Checklist,daily_checklist,Dev Reddy,2026-07-13,2026-07-13,Yes,2026-07
1611,101,59,2026-07-14 07:26:00,100.0,80.0,12.0,Oindri Kulkarni,Crew Member,Indore - Vijay Nagar,Indore,Madhya Pradesh,Opening Checklist,daily_checklist,Dev Reddy,2026-07-14,2026-07-13,Yes,2026-07
1612,102,60,2026-07-14 22:55:00,100.0,80.0,12.0,Shreya Sharma,Crew Member,Indore - Vijay Nagar,Indore,Madhya Pradesh,Closing Checklist,daily_checklist,Dev Reddy,2026-07-14,2026-07-13,Yes,2026-07
1613,101,60,2026-07-15 09:41:00,100.0,80.0,12.0,Shreya Sharma,Crew Member,Indore - Vijay Nagar,Indore,Madhya Pradesh,Opening Checklist,daily_checklist,Dev Reddy,2026-07-15,2026-07-13,Yes,2026-07
1614,102,61,2026-07-15 22:22:00,100.0,80.0,12.0,Faisal Verma,Crew Member,Indore - Vijay Nagar,Indore,Madhya Pradesh,Closing Checklist,daily_checklist,Dev Reddy,2026-07-15,2026-07-13,Yes,2026-07
1615,101,17,2026-07-16 08:49:00,100.0,80.0,12.0,Ankit Pillai,Store Manager,Indore - Vijay Nagar,Indore,Madhya Pradesh,Opening Checklist,daily_checklist,Dev Reddy,2026-07-16,2026-07-13,Yes,2026-07
1616,102,61,2026-07-16 21:24:00,75.0,80.0,12.0,Faisal Verma,Crew Member,Indore - Vijay Nagar,Indore,Madhya Pradesh,Closing Checklist,daily_checklist,Dev Reddy,2026-07-16,2026-07-13,No,2026-07
1617,101,60,2026-07-17 09:09:00,87.5,80.0,12.0,Shreya Sharma,Crew Member,Indore - Vijay Nagar,Indore,Madhya Pradesh,Opening Checklist,daily_checklist,Dev Reddy,2026-07-17,2026-07-13,Yes,2026-07
1618,101,61,2026-07-18 09:51:00,87.5,80.0,12.0,Faisal Verma,Crew Member,Indore - Vijay Nagar,Indore,Madhya Pradesh,Opening Checklist,daily_checklist,Dev Reddy,2026-07-18,2026-07-13,Yes,2026-07
1619,102,17,2026-07-18 22:40:00,100.0,80.0,12.0,Ankit Pillai,Store Manager,Indore - Vijay Nagar,Indore,Madhya Pradesh,Closing Checklist,daily_checklist,Dev Reddy,2026-07-18,2026-07-13,Yes,2026-07
1620,101,61,2026-07-19 07:10:00,75.0,80.0,12.0,Faisal Verma,Crew Member,Indore - Vijay Nagar,Indore,Madhya Pradesh,Opening Checklist,daily_checklist,Dev Reddy,2026-07-19,2026-07-13,No,2026-07
1621,102,61,2026-07-19 21:20:00,87.5,80.0,12.0,Faisal Verma,Crew Member,Indore - Vijay Nagar,Indore,Madhya Pradesh,Closing Checklist,daily_checklist,Dev Reddy,2026-07-19,2026-07-13,Yes,2026-07
1622,101,17,2026-07-20 09:17:00,87.5,80.0,12.0,Ankit Pillai,Store Manager,Indore - Vijay Nagar,Indore,Madhya Pradesh,Opening Checklist,daily_checklist,Dev Reddy,2026-07-20,2026-07-20,Yes,2026-07
1623,102,17,2026-07-20 22:56:00,87.5,80.0,12.0,Ankit Pillai,Store Manager,Indore - Vijay Nagar,Indore,Madhya Pradesh,Closing Checklist,daily_checklist,Dev Reddy,2026-07-20,2026-07-20,Yes,2026-07
1624,101,17,2026-07-21 09:37:00,87.5,80.0,12.0,Ankit Pillai,Store Manager,Indore - Vijay Nagar,Indore,Madhya Pradesh,Opening Checklist,daily_checklist,Dev Reddy,2026-07-21,2026-07-20,Yes,2026-07
1625,102,60,2026-07-21 22:10:00,100.0,80.0,12.0,Shreya Sharma,Crew Member,Indore - Vijay Nagar,Indore,Madhya Pradesh,Closing Checklist,daily_checklist,Dev Reddy,2026-07-21,2026-07-20,Yes,2026-07
1626,101,60,2026-07-22 07:46:00,100.0,80.0,12.0,Shreya Sharma,Crew Member,Indore - Vijay Nagar,Indore,Madhya Pradesh,Opening Checklist,daily_checklist,Dev Reddy,2026-07-22,2026-07-20,Yes,2026-07
1627,102,59,2026-07-22 23:16:00,100.0,80.0,12.0,Oindri Kulkarni,Crew Member,Indore - Vijay Nagar,Indore,Madhya Pradesh,Closing Checklist,daily_checklist,Dev Reddy,2026-07-22,2026-07-20,Yes,2026-07
1628,101,59,2026-07-23 07:25:00,100.0,80.0,12.0,Oindri Kulkarni,Crew Member,Indore - Vijay Nagar,Indore,Madhya Pradesh,Opening Checklist,daily_checklist,Dev Reddy,2026-07-23,2026-07-20,Yes,2026-07
1629,102,17,2026-07-23 21:04:00,62.5,80.0,12.0,Ankit Pillai,Store Manager,Indore - Vijay Nagar,Indore,Madhya Pradesh,Closing Checklist,daily_checklist,Dev Reddy,2026-07-23,2026-07-20,No,2026-07
1630,101,17,2026-07-24 07:01:00,100.0,80.0,12.0,Ankit Pillai,Store Manager,Indore - Vijay Nagar,Indore,Madhya Pradesh,Opening Checklist,daily_checklist,Dev Reddy,2026-07-24,2026-07-20,Yes,2026-07
1631,102,59,2026-07-24 23:48:00,87.5,80.0,12.0,Oindri Kulkarni,Crew Member,Indore - Vijay Nagar,Indore,Madhya Pradesh,Closing Checklist,daily_checklist,Dev Reddy,2026-07-24,2026-07-20,Yes,2026-07
1632,101,60,2026-07-25 08:39:00,75.0,80.0,12.0,Shreya Sharma,Crew Member,Indore - Vijay Nagar,Indore,Madhya Pradesh,Opening Checklist,daily_checklist,Dev Reddy,2026-07-25,2026-07-20,No,2026-07
1633,102,17,2026-07-25 21:41:00,100.0,80.0,12.0,Ankit Pillai,Store Manager,Indore - Vijay Nagar,Indore,Madhya Pradesh,Closing Checklist,daily_checklist,Dev Reddy,2026-07-25,2026-07-20,Yes,2026-07
1634,101,61,2026-07-26 07:15:00,100.0,80.0,12.0,Faisal Verma,Crew Member,Indore - Vijay Nagar,Indore,Madhya Pradesh,Opening Checklist,daily_checklist,Dev Reddy,2026-07-26,2026-07-20,Yes,2026-07
1635,102,60,2026-07-26 22:40:00,100.0,80.0,12.0,Shreya Sharma,Crew Member,Indore - Vijay Nagar,Indore,Madhya Pradesh,Closing Checklist,daily_checklist,Dev Reddy,2026-07-26,2026-07-20,Yes,2026-07
1636,101,60,2026-07-27 09:53:00,100.0,80.0,12.0,Shreya Sharma,Crew Member,Indore - Vijay Nagar,Indore,Madhya Pradesh,Opening Checklist,daily_checklist,Dev Reddy,2026-07-27,2026-07-27,Yes,2026-07
1637,102,61,2026-07-27 21:02:00,100.0,80.0,12.0,Faisal Verma,Crew Member,Indore - Vijay Nagar,Indore,Madhya Pradesh,Closing Checklist,daily_checklist,Dev Reddy,2026-07-27,2026-07-27,Yes,2026-07
1638,101,61,2026-07-28 08:29:00,100.0,80.0,12.0,Faisal Verma,Crew Member,Indore - Vijay Nagar,Indore,Madhya Pradesh,Opening Checklist,daily_checklist,Dev Reddy,2026-07-28,2026-07-27,Yes,2026-07
1639,102,60,2026-07-28 23:28:00,87.5,80.0,12.0,Shreya Sharma,Crew Member,Indore - Vijay Nagar,Indore,Madhya Pradesh,Closing Checklist,daily_checklist,Dev Reddy,2026-07-28,2026-07-27,Yes,2026-07
1640,101,17,2026-07-29 07:37:00,87.5,80.0,12.0,Ankit Pillai,Store Manager,Indore - Vijay Nagar,Indore,Madhya Pradesh,Opening Checklist,daily_checklist,Dev Reddy,2026-07-29,2026-07-27,Yes,2026-07
1641,102,17,2026-07-29 23:47:00,75.0,80.0,12.0,Ankit Pillai,Store Manager,Indore - Vijay Nagar,Indore,Madhya Pradesh,Closing Checklist,daily_checklist,Dev Reddy,2026-07-29,2026-07-27,No,2026-07
1642,101,61,2026-07-30 09:40:00,100.0,80.0,12.0,Faisal Verma,Crew Member,Indore - Vijay Nagar,Indore,Madhya Pradesh,Opening Checklist,daily_checklist,Dev Reddy,2026-07-30,2026-07-27,Yes,2026-07
1643,102,60,2026-07-30 22:30:00,100.0,80.0,12.0,Shreya Sharma,Crew Member,Indore - Vijay Nagar,Indore,Madhya Pradesh,Closing Checklist,daily_checklist,Dev Reddy,2026-07-30,2026-07-27,Yes,2026-07
1644,101,61,2026-07-31 08:19:00,87.5,80.0,12.0,Faisal Verma,Crew Member,Indore - Vijay Nagar,Indore,Madhya Pradesh,Opening Checklist,daily_checklist,Dev Reddy,2026-07-31,2026-07-27,Yes,2026-07
1645,102,60,2026-07-31 22:16:00,87.5,80.0,12.0,Shreya Sharma,Crew Member,Indore - Vijay Nagar,Indore,Madhya Pradesh,Closing Checklist,daily_checklist,Dev Reddy,2026-07-31,2026-07-27,Yes,2026-07
1646,101,60,2026-08-01 07:00:00,75.0,80.0,12.0,Shreya Sharma,Crew Member,Indore - Vijay Nagar,Indore,Madhya Pradesh,Opening Checklist,daily_checklist,Dev Reddy,2026-08-01,2026-07-27,No,2026-08
1647,102,17,2026-08-01 22:18:00,87.5,80.0,12.0,Ankit Pillai,Store Manager,Indore - Vijay Nagar,Indore,Madhya Pradesh,Closing Checklist,daily_checklist,Dev Reddy,2026-08-01,2026-07-27,Yes,2026-08
1648,101,17,2026-08-02 07:44:00,87.5,80.0,12.0,Ankit Pillai,Store Manager,Indore - Vijay Nagar,Indore,Madhya Pradesh,Opening Checklist,daily_checklist,Dev Reddy,2026-08-02,2026-07-27,Yes,2026-08
1649,102,59,2026-08-02 22:19:00,87.5,80.0,12.0,Oindri Kulkarni,Crew Member,Indore - Vijay Nagar,Indore,Madhya Pradesh,Closing Checklist,daily_checklist,Dev Reddy,2026-08-02,2026-07-27,Yes,2026-08
1650,101,60,2026-08-03 08:38:00,87.5,80.0,12.0,Shreya Sharma,Crew Member,Indore - Vijay Nagar,Indore,Madhya Pradesh,Opening Checklist,daily_checklist,Dev Reddy,2026-08-03,2026-08-03,Yes,2026-08
1651,102,61,2026-08-03 21:35:00,100.0,80.0,12.0,Faisal Verma,Crew Member,Indore - Vijay Nagar,Indore,Madhya Pradesh,Closing Checklist,daily_checklist,Dev Reddy,2026-08-03,2026-08-03,Yes,2026-08
1652,101,17,2026-08-04 08:56:00,100.0,80.0,12.0,Ankit Pillai,Store Manager,Indore - Vijay Nagar,Indore,Madhya Pradesh,Opening Checklist,daily_checklist,Dev Reddy,2026-08-04,2026-08-03,Yes,2026-08
1653,102,60,2026-08-04 22:15:00,100.0,80.0,12.0,Shreya Sharma,Crew Member,Indore - Vijay Nagar,Indore,Madhya Pradesh,Closing Checklist,daily_checklist,Dev Reddy,2026-08-04,2026-08-03,Yes,2026-08
1654,101,61,2026-08-05 08:14:00,100.0,80.0,12.0,Faisal Verma,Crew Member,Indore - Vijay Nagar,Indore,Madhya Pradesh,Opening Checklist,daily_checklist,Dev Reddy,2026-08-05,2026-08-03,Yes,2026-08
1655,102,60,2026-08-05 21:27:00,75.0,80.0,12.0,Shreya Sharma,Crew Member,Indore - Vijay Nagar,Indore,Madhya Pradesh,Closing Checklist,daily_checklist,Dev Reddy,2026-08-05,2026-08-03,No,2026-08
1656,101,61,2026-08-06 09:51:00,100.0,80.0,12.0,Faisal Verma,Crew Member,Indore - Vijay Nagar,Indore,Madhya Pradesh,Opening Checklist,daily_checklist,Dev Reddy,2026-08-06,2026-08-03,Yes,2026-08
1657,102,61,2026-08-06 22:41:00,100.0,80.0,12.0,Faisal Verma,Crew Member,Indore - Vijay Nagar,Indore,Madhya Pradesh,Closing Checklist,daily_checklist,Dev Reddy,2026-08-06,2026-08-03,Yes,2026-08
1658,101,59,2026-08-07 07:54:00,75.0,80.0,12.0,Oindri Kulkarni,Crew Member,Indore - Vijay Nagar,Indore,Madhya Pradesh,Opening Checklist,daily_checklist,Dev Reddy,2026-08-07,2026-08-03,No,2026-08
1659,102,61,2026-08-07 21:08:00,87.5,80.0,12.0,Faisal Verma,Crew Member,Indore - Vijay Nagar,Indore,Madhya Pradesh,Closing Checklist,daily_checklist,Dev Reddy,2026-08-07,2026-08-03,Yes,2026-08
1660,101,17,2026-08-08 09:29:00,100.0,80.0,12.0,Ankit Pillai,Store Manager,Indore - Vijay Nagar,Indore,Madhya Pradesh,Opening Checklist,daily_checklist,Dev Reddy,2026-08-08,2026-08-03,Yes,2026-08
1661,102,17,2026-08-08 22:44:00,87.5,80.0,12.0,Ankit Pillai,Store Manager,Indore - Vijay Nagar,Indore,Madhya Pradesh,Closing Checklist,daily_checklist,Dev Reddy,2026-08-08,2026-08-03,Yes,2026-08
1662,101,60,2026-08-09 08:01:00,87.5,80.0,12.0,Shreya Sharma,Crew Member,Indore - Vijay Nagar,Indore,Madhya Pradesh,Opening Checklist,daily_checklist,Dev Reddy,2026-08-09,2026-08-03,Yes,2026-08
1663,102,59,2026-08-09 21:34:00,87.5,80.0,12.0,Oindri Kulkarni,Crew Member,Indore - Vijay Nagar,Indore,Madhya Pradesh,Closing Checklist,daily_checklist,Dev Reddy,2026-08-09,2026-08-03,Yes,2026-08
1664,101,61,2026-08-10 07:18:00,87.5,80.0,12.0,Faisal Verma,Crew Member,Indore - Vijay Nagar,Indore,Madhya Pradesh,Opening Checklist,daily_checklist,Dev Reddy,2026-08-10,2026-08-10,Yes,2026-08
1665,102,17,2026-08-10 21:45:00,100.0,80.0,12.0,Ankit Pillai,Store Manager,Indore - Vijay Nagar,Indore,Madhya Pradesh,Closing Checklist,daily_checklist,Dev Reddy,2026-08-10,2026-08-10,Yes,2026-08
1666,101,60,2026-08-11 07:05:00,100.0,80.0,12.0,Shreya Sharma,Crew Member,Indore - Vijay Nagar,Indore,Madhya Pradesh,Opening Checklist,daily_checklist,Dev Reddy,2026-08-11,2026-08-10,Yes,2026-08
1667,102,60,2026-08-11 21:31:00,87.5,80.0,12.0,Shreya Sharma,Crew Member,Indore - Vijay Nagar,Indore,Madhya Pradesh,Closing Checklist,daily_checklist,Dev Reddy,2026-08-11,2026-08-10,Yes,2026-08
1668,101,17,2026-08-12 08:19:00,75.0,80.0,12.0,Ankit Pillai,Store Manager,Indore - Vijay Nagar,Indore,Madhya Pradesh,Opening Checklist,daily_checklist,Dev Reddy,2026-08-12,2026-08-10,No,2026-08
1669,102,59,2026-08-12 22:29:00,100.0,80.0,12.0,Oindri Kulkarni,Crew Member,Indore - Vijay Nagar,Indore,Madhya Pradesh,Closing Checklist,daily_checklist,Dev Reddy,2026-08-12,2026-08-10,Yes,2026-08
1670,101,60,2026-08-13 07:53:00,87.5,80.0,12.0,Shreya Sharma,Crew Member,Indore - Vijay Nagar,Indore,Madhya Pradesh,Opening Checklist,daily_checklist,Dev Reddy,2026-08-13,2026-08-10,Yes,2026-08
1671,102,17,2026-08-13 21:17:00,100.0,80.0,12.0,Ankit Pillai,Store Manager,Indore - Vijay Nagar,Indore,Madhya Pradesh,Closing Checklist,daily_checklist,Dev Reddy,2026-08-13,2026-08-10,Yes,2026-08
1672,101,60,2026-08-14 09:30:00,87.5,80.0,12.0,Shreya Sharma,Crew Member,Indore - Vijay Nagar,Indore,Madhya Pradesh,Opening Checklist,daily_checklist,Dev Reddy,2026-08-14,2026-08-10,Yes,2026-08
1673,102,61,2026-08-14 21:57:00,100.0,80.0,12.0,Faisal Verma,Crew Member,Indore - Vijay Nagar,Indore,Madhya Pradesh,Closing Checklist,daily_checklist,Dev Reddy,2026-08-14,2026-08-10,Yes,2026-08
1674,101,60,2026-08-15 07:07:00,87.5,80.0,12.0,Shreya Sharma,Crew Member,Indore - Vijay Nagar,Indore,Madhya Pradesh,Opening Checklist,daily_checklist,Dev Reddy,2026-08-15,2026-08-10,Yes,2026-08
1675,102,17,2026-08-15 22:49:00,87.5,80.0,12.0,Ankit Pillai,Store Manager,Indore - Vijay Nagar,Indore,Madhya Pradesh,Closing Checklist,daily_checklist,Dev Reddy,2026-08-15,2026-08-10,Yes,2026-08
1676,101,60,2026-08-16 09:02:00,87.5,80.0,12.0,Shreya Sharma,Crew Member,Indore - Vijay Nagar,Indore,Madhya Pradesh,Opening Checklist,daily_checklist,Dev Reddy,2026-08-16,2026-08-10,Yes,2026-08
1677,102,59,2026-08-16 22:47:00,87.5,80.0,12.0,Oindri Kulkarni,Crew Member,Indore - Vijay Nagar,Indore,Madhya Pradesh,Closing Checklist,daily_checklist,Dev Reddy,2026-08-16,2026-08-10,Yes,2026-08
1678,101,17,2026-08-17 09:13:00,87.5,80.0,12.0,Ankit Pillai,Store Manager,Indore - Vijay Nagar,Indore,Madhya Pradesh,Opening Checklist,daily_checklist,Dev Reddy,2026-08-17,2026-08-17,Yes,2026-08
1679,102,61,2026-08-17 22:43:00,100.0,80.0,12.0,Faisal Verma,Crew Member,Indore - Vijay Nagar,Indore,Madhya Pradesh,Closing Checklist,daily_checklist,Dev Reddy,2026-08-17,2026-08-17,Yes,2026-08
1680,101,62,2026-05-19 07:40:00,87.5,80.0,13.0,Sandeep Iyer,Crew Member,Kochi - MG Road,Kochi,Kerala,Opening Checklist,daily_checklist,Dev Reddy,2026-05-19,2026-05-18,Yes,2026-05
1681,102,62,2026-05-19 23:59:00,75.0,80.0,13.0,Sandeep Iyer,Crew Member,Kochi - MG Road,Kochi,Kerala,Closing Checklist,daily_checklist,Dev Reddy,2026-05-19,2026-05-18,No,2026-05
1682,102,64,2026-05-20 22:40:00,100.0,80.0,13.0,Rahul Reddy,Crew Member,Kochi - MG Road,Kochi,Kerala,Closing Checklist,daily_checklist,Dev Reddy,2026-05-20,2026-05-18,Yes,2026-05
1683,101,62,2026-05-21 08:56:00,100.0,80.0,13.0,Sandeep Iyer,Crew Member,Kochi - MG Road,Kochi,Kerala,Opening Checklist,daily_checklist,Dev Reddy,2026-05-21,2026-05-18,Yes,2026-05
1684,102,62,2026-05-21 23:13:00,75.0,80.0,13.0,Sandeep Iyer,Crew Member,Kochi - MG Road,Kochi,Kerala,Closing Checklist,daily_checklist,Dev Reddy,2026-05-21,2026-05-18,No,2026-05
1685,101,64,2026-05-22 09:27:00,100.0,80.0,13.0,Rahul Reddy,Crew Member,Kochi - MG Road,Kochi,Kerala,Opening Checklist,daily_checklist,Dev Reddy,2026-05-22,2026-05-18,Yes,2026-05
1686,102,64,2026-05-22 21:10:00,100.0,80.0,13.0,Rahul Reddy,Crew Member,Kochi - MG Road,Kochi,Kerala,Closing Checklist,daily_checklist,Dev Reddy,2026-05-22,2026-05-18,Yes,2026-05
1687,101,63,2026-05-23 07:25:00,75.0,80.0,13.0,Nikhil Nair,Crew Member,Kochi - MG Road,Kochi,Kerala,Opening Checklist,daily_checklist,Dev Reddy,2026-05-23,2026-05-18,No,2026-05
1688,101,18,2026-05-24 07:02:00,75.0,80.0,13.0,Anu Bhat,Store Manager,Kochi - MG Road,Kochi,Kerala,Opening Checklist,daily_checklist,Dev Reddy,2026-05-24,2026-05-18,No,2026-05
1689,102,63,2026-05-24 23:38:00,87.5,80.0,13.0,Nikhil Nair,Crew Member,Kochi - MG Road,Kochi,Kerala,Closing Checklist,daily_checklist,Dev Reddy,2026-05-24,2026-05-18,Yes,2026-05
1690,101,63,2026-05-25 07:15:00,87.5,80.0,13.0,Nikhil Nair,Crew Member,Kochi - MG Road,Kochi,Kerala,Opening Checklist,daily_checklist,Dev Reddy,2026-05-25,2026-05-25,Yes,2026-05
1691,102,64,2026-05-25 22:05:00,100.0,80.0,13.0,Rahul Reddy,Crew Member,Kochi - MG Road,Kochi,Kerala,Closing Checklist,daily_checklist,Dev Reddy,2026-05-25,2026-05-25,Yes,2026-05
1692,101,63,2026-05-26 07:22:00,87.5,80.0,13.0,Nikhil Nair,Crew Member,Kochi - MG Road,Kochi,Kerala,Opening Checklist,daily_checklist,Dev Reddy,2026-05-26,2026-05-25,Yes,2026-05
1693,102,62,2026-05-26 23:34:00,75.0,80.0,13.0,Sandeep Iyer,Crew Member,Kochi - MG Road,Kochi,Kerala,Closing Checklist,daily_checklist,Dev Reddy,2026-05-26,2026-05-25,No,2026-05
1694,101,64,2026-05-27 08:14:00,75.0,80.0,13.0,Rahul Reddy,Crew Member,Kochi - MG Road,Kochi,Kerala,Opening Checklist,daily_checklist,Dev Reddy,2026-05-27,2026-05-25,No,2026-05
1695,102,64,2026-05-27 23:50:00,100.0,80.0,13.0,Rahul Reddy,Crew Member,Kochi - MG Road,Kochi,Kerala,Closing Checklist,daily_checklist,Dev Reddy,2026-05-27,2026-05-25,Yes,2026-05
1696,101,62,2026-05-28 09:12:00,75.0,80.0,13.0,Sandeep Iyer,Crew Member,Kochi - MG Road,Kochi,Kerala,Opening Checklist,daily_checklist,Dev Reddy,2026-05-28,2026-05-25,No,2026-05
1697,102,64,2026-05-28 23:24:00,100.0,80.0,13.0,Rahul Reddy,Crew Member,Kochi - MG Road,Kochi,Kerala,Closing Checklist,daily_checklist,Dev Reddy,2026-05-28,2026-05-25,Yes,2026-05
1698,101,62,2026-05-29 08:57:00,87.5,80.0,13.0,Sandeep Iyer,Crew Member,Kochi - MG Road,Kochi,Kerala,Opening Checklist,daily_checklist,Dev Reddy,2026-05-29,2026-05-25,Yes,2026-05
1699,102,18,2026-05-29 22:45:00,87.5,80.0,13.0,Anu Bhat,Store Manager,Kochi - MG Road,Kochi,Kerala,Closing Checklist,daily_checklist,Dev Reddy,2026-05-29,2026-05-25,Yes,2026-05
1700,101,18,2026-05-30 08:34:00,100.0,80.0,13.0,Anu Bhat,Store Manager,Kochi - MG Road,Kochi,Kerala,Opening Checklist,daily_checklist,Dev Reddy,2026-05-30,2026-05-25,Yes,2026-05
1701,101,63,2026-05-31 07:36:00,87.5,80.0,13.0,Nikhil Nair,Crew Member,Kochi - MG Road,Kochi,Kerala,Opening Checklist,daily_checklist,Dev Reddy,2026-05-31,2026-05-25,Yes,2026-05
1702,102,64,2026-05-31 23:22:00,87.5,80.0,13.0,Rahul Reddy,Crew Member,Kochi - MG Road,Kochi,Kerala,Closing Checklist,daily_checklist,Dev Reddy,2026-05-31,2026-05-25,Yes,2026-05
1703,102,63,2026-06-01 22:55:00,87.5,80.0,13.0,Nikhil Nair,Crew Member,Kochi - MG Road,Kochi,Kerala,Closing Checklist,daily_checklist,Dev Reddy,2026-06-01,2026-06-01,Yes,2026-06
1704,101,18,2026-06-02 09:09:00,87.5,80.0,13.0,Anu Bhat,Store Manager,Kochi - MG Road,Kochi,Kerala,Opening Checklist,daily_checklist,Dev Reddy,2026-06-02,2026-06-01,Yes,2026-06
1705,102,64,2026-06-02 22:52:00,87.5,80.0,13.0,Rahul Reddy,Crew Member,Kochi - MG Road,Kochi,Kerala,Closing Checklist,daily_checklist,Dev Reddy,2026-06-02,2026-06-01,Yes,2026-06
1706,101,62,2026-06-03 08:29:00,87.5,80.0,13.0,Sandeep Iyer,Crew Member,Kochi - MG Road,Kochi,Kerala,Opening Checklist,daily_checklist,Dev Reddy,2026-06-03,2026-06-01,Yes,2026-06
1707,101,18,2026-06-04 09:32:00,50.0,80.0,13.0,Anu Bhat,Store Manager,Kochi - MG Road,Kochi,Kerala,Opening Checklist,daily_checklist,Dev Reddy,2026-06-04,2026-06-01,No,2026-06
1708,102,62,2026-06-04 23:11:00,62.5,80.0,13.0,Sandeep Iyer,Crew Member,Kochi - MG Road,Kochi,Kerala,Closing Checklist,daily_checklist,Dev Reddy,2026-06-04,2026-06-01,No,2026-06
1709,101,63,2026-06-05 08:49:00,100.0,80.0,13.0,Nikhil Nair,Crew Member,Kochi - MG Road,Kochi,Kerala,Opening Checklist,daily_checklist,Dev Reddy,2026-06-05,2026-06-01,Yes,2026-06
1710,102,62,2026-06-05 22:46:00,100.0,80.0,13.0,Sandeep Iyer,Crew Member,Kochi - MG Road,Kochi,Kerala,Closing Checklist,daily_checklist,Dev Reddy,2026-06-05,2026-06-01,Yes,2026-06
1711,101,18,2026-06-06 08:12:00,87.5,80.0,13.0,Anu Bhat,Store Manager,Kochi - MG Road,Kochi,Kerala,Opening Checklist,daily_checklist,Dev Reddy,2026-06-06,2026-06-01,Yes,2026-06
1712,102,64,2026-06-06 23:09:00,87.5,80.0,13.0,Rahul Reddy,Crew Member,Kochi - MG Road,Kochi,Kerala,Closing Checklist,daily_checklist,Dev Reddy,2026-06-06,2026-06-01,Yes,2026-06
1713,101,64,2026-06-07 08:41:00,100.0,80.0,13.0,Rahul Reddy,Crew Member,Kochi - MG Road,Kochi,Kerala,Opening Checklist,daily_checklist,Dev Reddy,2026-06-07,2026-06-01,Yes,2026-06
1714,102,62,2026-06-07 21:06:00,87.5,80.0,13.0,Sandeep Iyer,Crew Member,Kochi - MG Road,Kochi,Kerala,Closing Checklist,daily_checklist,Dev Reddy,2026-06-07,2026-06-01,Yes,2026-06
1715,101,62,2026-06-08 07:11:00,62.5,80.0,13.0,Sandeep Iyer,Crew Member,Kochi - MG Road,Kochi,Kerala,Opening Checklist,daily_checklist,Dev Reddy,2026-06-08,2026-06-08,No,2026-06
1716,101,18,2026-06-09 07:06:00,100.0,80.0,13.0,Anu Bhat,Store Manager,Kochi - MG Road,Kochi,Kerala,Opening Checklist,daily_checklist,Dev Reddy,2026-06-09,2026-06-08,Yes,2026-06
1717,102,62,2026-06-09 21:06:00,87.5,80.0,13.0,Sandeep Iyer,Crew Member,Kochi - MG Road,Kochi,Kerala,Closing Checklist,daily_checklist,Dev Reddy,2026-06-09,2026-06-08,Yes,2026-06
1718,101,18,2026-06-10 09:53:00,62.5,80.0,13.0,Anu Bhat,Store Manager,Kochi - MG Road,Kochi,Kerala,Opening Checklist,daily_checklist,Dev Reddy,2026-06-10,2026-06-08,No,2026-06
1719,102,64,2026-06-10 23:31:00,100.0,80.0,13.0,Rahul Reddy,Crew Member,Kochi - MG Road,Kochi,Kerala,Closing Checklist,daily_checklist,Dev Reddy,2026-06-10,2026-06-08,Yes,2026-06
1720,101,62,2026-06-11 08:14:00,75.0,80.0,13.0,Sandeep Iyer,Crew Member,Kochi - MG Road,Kochi,Kerala,Opening Checklist,daily_checklist,Dev Reddy,2026-06-11,2026-06-08,No,2026-06
1721,102,63,2026-06-11 21:59:00,62.5,80.0,13.0,Nikhil Nair,Crew Member,Kochi - MG Road,Kochi,Kerala,Closing Checklist,daily_checklist,Dev Reddy,2026-06-11,2026-06-08,No,2026-06
1722,101,62,2026-06-12 07:29:00,75.0,80.0,13.0,Sandeep Iyer,Crew Member,Kochi - MG Road,Kochi,Kerala,Opening Checklist,daily_checklist,Dev Reddy,2026-06-12,2026-06-08,No,2026-06
1723,102,18,2026-06-12 22:35:00,87.5,80.0,13.0,Anu Bhat,Store Manager,Kochi - MG Road,Kochi,Kerala,Closing Checklist,daily_checklist,Dev Reddy,2026-06-12,2026-06-08,Yes,2026-06
1724,101,64,2026-06-13 09:03:00,87.5,80.0,13.0,Rahul Reddy,Crew Member,Kochi - MG Road,Kochi,Kerala,Opening Checklist,daily_checklist,Dev Reddy,2026-06-13,2026-06-08,Yes,2026-06
1725,102,62,2026-06-13 23:02:00,75.0,80.0,13.0,Sandeep Iyer,Crew Member,Kochi - MG Road,Kochi,Kerala,Closing Checklist,daily_checklist,Dev Reddy,2026-06-13,2026-06-08,No,2026-06
1726,102,62,2026-06-14 21:13:00,87.5,80.0,13.0,Sandeep Iyer,Crew Member,Kochi - MG Road,Kochi,Kerala,Closing Checklist,daily_checklist,Dev Reddy,2026-06-14,2026-06-08,Yes,2026-06
1727,101,18,2026-06-15 09:14:00,100.0,80.0,13.0,Anu Bhat,Store Manager,Kochi - MG Road,Kochi,Kerala,Opening Checklist,daily_checklist,Dev Reddy,2026-06-15,2026-06-15,Yes,2026-06
1728,102,63,2026-06-15 21:12:00,87.5,80.0,13.0,Nikhil Nair,Crew Member,Kochi - MG Road,Kochi,Kerala,Closing Checklist,daily_checklist,Dev Reddy,2026-06-15,2026-06-15,Yes,2026-06
1729,101,18,2026-06-16 09:11:00,87.5,80.0,13.0,Anu Bhat,Store Manager,Kochi - MG Road,Kochi,Kerala,Opening Checklist,daily_checklist,Dev Reddy,2026-06-16,2026-06-15,Yes,2026-06
1730,102,64,2026-06-16 23:06:00,100.0,80.0,13.0,Rahul Reddy,Crew Member,Kochi - MG Road,Kochi,Kerala,Closing Checklist,daily_checklist,Dev Reddy,2026-06-16,2026-06-15,Yes,2026-06
1731,101,18,2026-06-17 09:42:00,100.0,80.0,13.0,Anu Bhat,Store Manager,Kochi - MG Road,Kochi,Kerala,Opening Checklist,daily_checklist,Dev Reddy,2026-06-17,2026-06-15,Yes,2026-06
1732,101,63,2026-06-18 07:10:00,75.0,80.0,13.0,Nikhil Nair,Crew Member,Kochi - MG Road,Kochi,Kerala,Opening Checklist,daily_checklist,Dev Reddy,2026-06-18,2026-06-15,No,2026-06
1733,102,64,2026-06-18 23:25:00,87.5,80.0,13.0,Rahul Reddy,Crew Member,Kochi - MG Road,Kochi,Kerala,Closing Checklist,daily_checklist,Dev Reddy,2026-06-18,2026-06-15,Yes,2026-06
1734,101,18,2026-06-19 09:38:00,87.5,80.0,13.0,Anu Bhat,Store Manager,Kochi - MG Road,Kochi,Kerala,Opening Checklist,daily_checklist,Dev Reddy,2026-06-19,2026-06-15,Yes,2026-06
1735,102,64,2026-06-19 22:57:00,87.5,80.0,13.0,Rahul Reddy,Crew Member,Kochi - MG Road,Kochi,Kerala,Closing Checklist,daily_checklist,Dev Reddy,2026-06-19,2026-06-15,Yes,2026-06
1736,101,64,2026-06-20 08:54:00,87.5,80.0,13.0,Rahul Reddy,Crew Member,Kochi - MG Road,Kochi,Kerala,Opening Checklist,daily_checklist,Dev Reddy,2026-06-20,2026-06-15,Yes,2026-06
1737,102,18,2026-06-20 22:48:00,75.0,80.0,13.0,Anu Bhat,Store Manager,Kochi - MG Road,Kochi,Kerala,Closing Checklist,daily_checklist,Dev Reddy,2026-06-20,2026-06-15,No,2026-06
1738,101,63,2026-06-21 09:15:00,87.5,80.0,13.0,Nikhil Nair,Crew Member,Kochi - MG Road,Kochi,Kerala,Opening Checklist,daily_checklist,Dev Reddy,2026-06-21,2026-06-15,Yes,2026-06
1739,102,64,2026-06-21 22:49:00,75.0,80.0,13.0,Rahul Reddy,Crew Member,Kochi - MG Road,Kochi,Kerala,Closing Checklist,daily_checklist,Dev Reddy,2026-06-21,2026-06-15,No,2026-06
1740,101,18,2026-06-22 08:28:00,100.0,80.0,13.0,Anu Bhat,Store Manager,Kochi - MG Road,Kochi,Kerala,Opening Checklist,daily_checklist,Dev Reddy,2026-06-22,2026-06-22,Yes,2026-06
1741,102,62,2026-06-22 21:46:00,87.5,80.0,13.0,Sandeep Iyer,Crew Member,Kochi - MG Road,Kochi,Kerala,Closing Checklist,daily_checklist,Dev Reddy,2026-06-22,2026-06-22,Yes,2026-06
1742,101,63,2026-06-23 09:01:00,87.5,80.0,13.0,Nikhil Nair,Crew Member,Kochi - MG Road,Kochi,Kerala,Opening Checklist,daily_checklist,Dev Reddy,2026-06-23,2026-06-22,Yes,2026-06
1743,102,64,2026-06-23 22:00:00,100.0,80.0,13.0,Rahul Reddy,Crew Member,Kochi - MG Road,Kochi,Kerala,Closing Checklist,daily_checklist,Dev Reddy,2026-06-23,2026-06-22,Yes,2026-06
1744,101,64,2026-06-24 07:54:00,87.5,80.0,13.0,Rahul Reddy,Crew Member,Kochi - MG Road,Kochi,Kerala,Opening Checklist,daily_checklist,Dev Reddy,2026-06-24,2026-06-22,Yes,2026-06
1745,102,64,2026-06-24 21:49:00,100.0,80.0,13.0,Rahul Reddy,Crew Member,Kochi - MG Road,Kochi,Kerala,Closing Checklist,daily_checklist,Dev Reddy,2026-06-24,2026-06-22,Yes,2026-06
1746,101,63,2026-06-25 09:35:00,87.5,80.0,13.0,Nikhil Nair,Crew Member,Kochi - MG Road,Kochi,Kerala,Opening Checklist,daily_checklist,Dev Reddy,2026-06-25,2026-06-22,Yes,2026-06
1747,102,18,2026-06-25 21:02:00,100.0,80.0,13.0,Anu Bhat,Store Manager,Kochi - MG Road,Kochi,Kerala,Closing Checklist,daily_checklist,Dev Reddy,2026-06-25,2026-06-22,Yes,2026-06
1748,101,64,2026-06-26 07:08:00,87.5,80.0,13.0,Rahul Reddy,Crew Member,Kochi - MG Road,Kochi,Kerala,Opening Checklist,daily_checklist,Dev Reddy,2026-06-26,2026-06-22,Yes,2026-06
1749,102,63,2026-06-26 22:56:00,100.0,80.0,13.0,Nikhil Nair,Crew Member,Kochi - MG Road,Kochi,Kerala,Closing Checklist,daily_checklist,Dev Reddy,2026-06-26,2026-06-22,Yes,2026-06
1750,101,64,2026-06-27 08:51:00,87.5,80.0,13.0,Rahul Reddy,Crew Member,Kochi - MG Road,Kochi,Kerala,Opening Checklist,daily_checklist,Dev Reddy,2026-06-27,2026-06-22,Yes,2026-06
1751,102,18,2026-06-27 21:36:00,100.0,80.0,13.0,Anu Bhat,Store Manager,Kochi - MG Road,Kochi,Kerala,Closing Checklist,daily_checklist,Dev Reddy,2026-06-27,2026-06-22,Yes,2026-06
1752,101,62,2026-06-28 07:46:00,87.5,80.0,13.0,Sandeep Iyer,Crew Member,Kochi - MG Road,Kochi,Kerala,Opening Checklist,daily_checklist,Dev Reddy,2026-06-28,2026-06-22,Yes,2026-06
1753,102,18,2026-06-28 23:20:00,100.0,80.0,13.0,Anu Bhat,Store Manager,Kochi - MG Road,Kochi,Kerala,Closing Checklist,daily_checklist,Dev Reddy,2026-06-28,2026-06-22,Yes,2026-06
1754,101,62,2026-06-29 08:52:00,100.0,80.0,13.0,Sandeep Iyer,Crew Member,Kochi - MG Road,Kochi,Kerala,Opening Checklist,daily_checklist,Dev Reddy,2026-06-29,2026-06-29,Yes,2026-06
1755,101,64,2026-06-30 09:41:00,75.0,80.0,13.0,Rahul Reddy,Crew Member,Kochi - MG Road,Kochi,Kerala,Opening Checklist,daily_checklist,Dev Reddy,2026-06-30,2026-06-29,No,2026-06
1756,102,18,2026-06-30 21:46:00,100.0,80.0,13.0,Anu Bhat,Store Manager,Kochi - MG Road,Kochi,Kerala,Closing Checklist,daily_checklist,Dev Reddy,2026-06-30,2026-06-29,Yes,2026-06
1757,101,64,2026-07-01 07:58:00,100.0,80.0,13.0,Rahul Reddy,Crew Member,Kochi - MG Road,Kochi,Kerala,Opening Checklist,daily_checklist,Dev Reddy,2026-07-01,2026-06-29,Yes,2026-07
1758,102,18,2026-07-01 22:56:00,100.0,80.0,13.0,Anu Bhat,Store Manager,Kochi - MG Road,Kochi,Kerala,Closing Checklist,daily_checklist,Dev Reddy,2026-07-01,2026-06-29,Yes,2026-07
1759,101,63,2026-07-02 07:55:00,100.0,80.0,13.0,Nikhil Nair,Crew Member,Kochi - MG Road,Kochi,Kerala,Opening Checklist,daily_checklist,Dev Reddy,2026-07-02,2026-06-29,Yes,2026-07
1760,102,62,2026-07-02 23:41:00,100.0,80.0,13.0,Sandeep Iyer,Crew Member,Kochi - MG Road,Kochi,Kerala,Closing Checklist,daily_checklist,Dev Reddy,2026-07-02,2026-06-29,Yes,2026-07
1761,101,62,2026-07-03 07:19:00,87.5,80.0,13.0,Sandeep Iyer,Crew Member,Kochi - MG Road,Kochi,Kerala,Opening Checklist,daily_checklist,Dev Reddy,2026-07-03,2026-06-29,Yes,2026-07
1762,101,63,2026-07-05 08:34:00,100.0,80.0,13.0,Nikhil Nair,Crew Member,Kochi - MG Road,Kochi,Kerala,Opening Checklist,daily_checklist,Dev Reddy,2026-07-05,2026-06-29,Yes,2026-07
1763,102,63,2026-07-05 22:32:00,75.0,80.0,13.0,Nikhil Nair,Crew Member,Kochi - MG Road,Kochi,Kerala,Closing Checklist,daily_checklist,Dev Reddy,2026-07-05,2026-06-29,No,2026-07
1764,101,18,2026-07-06 07:43:00,87.5,80.0,13.0,Anu Bhat,Store Manager,Kochi - MG Road,Kochi,Kerala,Opening Checklist,daily_checklist,Dev Reddy,2026-07-06,2026-07-06,Yes,2026-07
1765,102,62,2026-07-06 22:48:00,87.5,80.0,13.0,Sandeep Iyer,Crew Member,Kochi - MG Road,Kochi,Kerala,Closing Checklist,daily_checklist,Dev Reddy,2026-07-06,2026-07-06,Yes,2026-07
1766,101,18,2026-07-07 08:18:00,62.5,80.0,13.0,Anu Bhat,Store Manager,Kochi - MG Road,Kochi,Kerala,Opening Checklist,daily_checklist,Dev Reddy,2026-07-07,2026-07-06,No,2026-07
1767,102,64,2026-07-08 21:08:00,62.5,80.0,13.0,Rahul Reddy,Crew Member,Kochi - MG Road,Kochi,Kerala,Closing Checklist,daily_checklist,Dev Reddy,2026-07-08,2026-07-06,No,2026-07
1768,101,62,2026-07-09 08:36:00,100.0,80.0,13.0,Sandeep Iyer,Crew Member,Kochi - MG Road,Kochi,Kerala,Opening Checklist,daily_checklist,Dev Reddy,2026-07-09,2026-07-06,Yes,2026-07
1769,101,64,2026-07-10 09:25:00,75.0,80.0,13.0,Rahul Reddy,Crew Member,Kochi - MG Road,Kochi,Kerala,Opening Checklist,daily_checklist,Dev Reddy,2026-07-10,2026-07-06,No,2026-07
1770,102,18,2026-07-10 21:25:00,87.5,80.0,13.0,Anu Bhat,Store Manager,Kochi - MG Road,Kochi,Kerala,Closing Checklist,daily_checklist,Dev Reddy,2026-07-10,2026-07-06,Yes,2026-07
1771,102,63,2026-07-11 21:30:00,100.0,80.0,13.0,Nikhil Nair,Crew Member,Kochi - MG Road,Kochi,Kerala,Closing Checklist,daily_checklist,Dev Reddy,2026-07-11,2026-07-06,Yes,2026-07
1772,101,63,2026-07-12 08:41:00,87.5,80.0,13.0,Nikhil Nair,Crew Member,Kochi - MG Road,Kochi,Kerala,Opening Checklist,daily_checklist,Dev Reddy,2026-07-12,2026-07-06,Yes,2026-07
1773,102,63,2026-07-12 23:39:00,100.0,80.0,13.0,Nikhil Nair,Crew Member,Kochi - MG Road,Kochi,Kerala,Closing Checklist,daily_checklist,Dev Reddy,2026-07-12,2026-07-06,Yes,2026-07
1774,101,18,2026-07-13 07:17:00,87.5,80.0,13.0,Anu Bhat,Store Manager,Kochi - MG Road,Kochi,Kerala,Opening Checklist,daily_checklist,Dev Reddy,2026-07-13,2026-07-13,Yes,2026-07
1775,102,62,2026-07-13 22:43:00,75.0,80.0,13.0,Sandeep Iyer,Crew Member,Kochi - MG Road,Kochi,Kerala,Closing Checklist,daily_checklist,Dev Reddy,2026-07-13,2026-07-13,No,2026-07
1776,101,18,2026-07-14 09:26:00,87.5,80.0,13.0,Anu Bhat,Store Manager,Kochi - MG Road,Kochi,Kerala,Opening Checklist,daily_checklist,Dev Reddy,2026-07-14,2026-07-13,Yes,2026-07
1777,102,63,2026-07-14 22:22:00,100.0,80.0,13.0,Nikhil Nair,Crew Member,Kochi - MG Road,Kochi,Kerala,Closing Checklist,daily_checklist,Dev Reddy,2026-07-14,2026-07-13,Yes,2026-07
1778,101,62,2026-07-15 08:38:00,100.0,80.0,13.0,Sandeep Iyer,Crew Member,Kochi - MG Road,Kochi,Kerala,Opening Checklist,daily_checklist,Dev Reddy,2026-07-15,2026-07-13,Yes,2026-07
1779,102,64,2026-07-15 22:10:00,87.5,80.0,13.0,Rahul Reddy,Crew Member,Kochi - MG Road,Kochi,Kerala,Closing Checklist,daily_checklist,Dev Reddy,2026-07-15,2026-07-13,Yes,2026-07
1780,101,63,2026-07-16 08:39:00,87.5,80.0,13.0,Nikhil Nair,Crew Member,Kochi - MG Road,Kochi,Kerala,Opening Checklist,daily_checklist,Dev Reddy,2026-07-16,2026-07-13,Yes,2026-07
1781,102,63,2026-07-16 22:02:00,62.5,80.0,13.0,Nikhil Nair,Crew Member,Kochi - MG Road,Kochi,Kerala,Closing Checklist,daily_checklist,Dev Reddy,2026-07-16,2026-07-13,No,2026-07
1782,101,63,2026-07-17 09:23:00,100.0,80.0,13.0,Nikhil Nair,Crew Member,Kochi - MG Road,Kochi,Kerala,Opening Checklist,daily_checklist,Dev Reddy,2026-07-17,2026-07-13,Yes,2026-07
1783,102,62,2026-07-17 23:54:00,100.0,80.0,13.0,Sandeep Iyer,Crew Member,Kochi - MG Road,Kochi,Kerala,Closing Checklist,daily_checklist,Dev Reddy,2026-07-17,2026-07-13,Yes,2026-07
1784,101,63,2026-07-18 09:03:00,87.5,80.0,13.0,Nikhil Nair,Crew Member,Kochi - MG Road,Kochi,Kerala,Opening Checklist,daily_checklist,Dev Reddy,2026-07-18,2026-07-13,Yes,2026-07
1785,102,63,2026-07-18 23:59:00,100.0,80.0,13.0,Nikhil Nair,Crew Member,Kochi - MG Road,Kochi,Kerala,Closing Checklist,daily_checklist,Dev Reddy,2026-07-18,2026-07-13,Yes,2026-07
1786,101,62,2026-07-19 07:21:00,62.5,80.0,13.0,Sandeep Iyer,Crew Member,Kochi - MG Road,Kochi,Kerala,Opening Checklist,daily_checklist,Dev Reddy,2026-07-19,2026-07-13,No,2026-07
1787,102,18,2026-07-19 22:28:00,100.0,80.0,13.0,Anu Bhat,Store Manager,Kochi - MG Road,Kochi,Kerala,Closing Checklist,daily_checklist,Dev Reddy,2026-07-19,2026-07-13,Yes,2026-07
1788,101,63,2026-07-20 08:13:00,75.0,80.0,13.0,Nikhil Nair,Crew Member,Kochi - MG Road,Kochi,Kerala,Opening Checklist,daily_checklist,Dev Reddy,2026-07-20,2026-07-20,No,2026-07
1789,102,64,2026-07-20 21:34:00,100.0,80.0,13.0,Rahul Reddy,Crew Member,Kochi - MG Road,Kochi,Kerala,Closing Checklist,daily_checklist,Dev Reddy,2026-07-20,2026-07-20,Yes,2026-07
1790,101,63,2026-07-21 08:39:00,75.0,80.0,13.0,Nikhil Nair,Crew Member,Kochi - MG Road,Kochi,Kerala,Opening Checklist,daily_checklist,Dev Reddy,2026-07-21,2026-07-20,No,2026-07
1791,102,62,2026-07-21 23:44:00,100.0,80.0,13.0,Sandeep Iyer,Crew Member,Kochi - MG Road,Kochi,Kerala,Closing Checklist,daily_checklist,Dev Reddy,2026-07-21,2026-07-20,Yes,2026-07
1792,101,62,2026-07-22 09:57:00,75.0,80.0,13.0,Sandeep Iyer,Crew Member,Kochi - MG Road,Kochi,Kerala,Opening Checklist,daily_checklist,Dev Reddy,2026-07-22,2026-07-20,No,2026-07
1793,102,62,2026-07-22 22:10:00,87.5,80.0,13.0,Sandeep Iyer,Crew Member,Kochi - MG Road,Kochi,Kerala,Closing Checklist,daily_checklist,Dev Reddy,2026-07-22,2026-07-20,Yes,2026-07
1794,101,64,2026-07-23 07:50:00,87.5,80.0,13.0,Rahul Reddy,Crew Member,Kochi - MG Road,Kochi,Kerala,Opening Checklist,daily_checklist,Dev Reddy,2026-07-23,2026-07-20,Yes,2026-07
1795,102,62,2026-07-23 21:29:00,62.5,80.0,13.0,Sandeep Iyer,Crew Member,Kochi - MG Road,Kochi,Kerala,Closing Checklist,daily_checklist,Dev Reddy,2026-07-23,2026-07-20,No,2026-07
1796,101,64,2026-07-24 08:42:00,87.5,80.0,13.0,Rahul Reddy,Crew Member,Kochi - MG Road,Kochi,Kerala,Opening Checklist,daily_checklist,Dev Reddy,2026-07-24,2026-07-20,Yes,2026-07
1797,102,64,2026-07-24 23:54:00,87.5,80.0,13.0,Rahul Reddy,Crew Member,Kochi - MG Road,Kochi,Kerala,Closing Checklist,daily_checklist,Dev Reddy,2026-07-24,2026-07-20,Yes,2026-07
1798,101,18,2026-07-25 07:18:00,87.5,80.0,13.0,Anu Bhat,Store Manager,Kochi - MG Road,Kochi,Kerala,Opening Checklist,daily_checklist,Dev Reddy,2026-07-25,2026-07-20,Yes,2026-07
1799,101,62,2026-07-26 07:24:00,87.5,80.0,13.0,Sandeep Iyer,Crew Member,Kochi - MG Road,Kochi,Kerala,Opening Checklist,daily_checklist,Dev Reddy,2026-07-26,2026-07-20,Yes,2026-07
1800,102,62,2026-07-26 22:31:00,87.5,80.0,13.0,Sandeep Iyer,Crew Member,Kochi - MG Road,Kochi,Kerala,Closing Checklist,daily_checklist,Dev Reddy,2026-07-26,2026-07-20,Yes,2026-07
1801,101,18,2026-07-27 07:32:00,62.5,80.0,13.0,Anu Bhat,Store Manager,Kochi - MG Road,Kochi,Kerala,Opening Checklist,daily_checklist,Dev Reddy,2026-07-27,2026-07-27,No,2026-07
1802,101,62,2026-07-28 09:59:00,87.5,80.0,13.0,Sandeep Iyer,Crew Member,Kochi - MG Road,Kochi,Kerala,Opening Checklist,daily_checklist,Dev Reddy,2026-07-28,2026-07-27,Yes,2026-07
1803,102,64,2026-07-28 21:15:00,87.5,80.0,13.0,Rahul Reddy,Crew Member,Kochi - MG Road,Kochi,Kerala,Closing Checklist,daily_checklist,Dev Reddy,2026-07-28,2026-07-27,Yes,2026-07
1804,102,63,2026-07-29 22:25:00,100.0,80.0,13.0,Nikhil Nair,Crew Member,Kochi - MG Road,Kochi,Kerala,Closing Checklist,daily_checklist,Dev Reddy,2026-07-29,2026-07-27,Yes,2026-07
1805,101,64,2026-07-30 08:43:00,87.5,80.0,13.0,Rahul Reddy,Crew Member,Kochi - MG Road,Kochi,Kerala,Opening Checklist,daily_checklist,Dev Reddy,2026-07-30,2026-07-27,Yes,2026-07
1806,102,64,2026-07-30 22:40:00,87.5,80.0,13.0,Rahul Reddy,Crew Member,Kochi - MG Road,Kochi,Kerala,Closing Checklist,daily_checklist,Dev Reddy,2026-07-30,2026-07-27,Yes,2026-07
1807,102,62,2026-08-01 23:17:00,100.0,80.0,13.0,Sandeep Iyer,Crew Member,Kochi - MG Road,Kochi,Kerala,Closing Checklist,daily_checklist,Dev Reddy,2026-08-01,2026-07-27,Yes,2026-08
1808,101,62,2026-08-02 08:56:00,100.0,80.0,13.0,Sandeep Iyer,Crew Member,Kochi - MG Road,Kochi,Kerala,Opening Checklist,daily_checklist,Dev Reddy,2026-08-02,2026-07-27,Yes,2026-08
1809,102,63,2026-08-02 23:17:00,75.0,80.0,13.0,Nikhil Nair,Crew Member,Kochi - MG Road,Kochi,Kerala,Closing Checklist,daily_checklist,Dev Reddy,2026-08-02,2026-07-27,No,2026-08
1810,101,18,2026-08-03 08:57:00,87.5,80.0,13.0,Anu Bhat,Store Manager,Kochi - MG Road,Kochi,Kerala,Opening Checklist,daily_checklist,Dev Reddy,2026-08-03,2026-08-03,Yes,2026-08
1811,102,62,2026-08-03 23:08:00,100.0,80.0,13.0,Sandeep Iyer,Crew Member,Kochi - MG Road,Kochi,Kerala,Closing Checklist,daily_checklist,Dev Reddy,2026-08-03,2026-08-03,Yes,2026-08
1812,101,63,2026-08-04 09:43:00,75.0,80.0,13.0,Nikhil Nair,Crew Member,Kochi - MG Road,Kochi,Kerala,Opening Checklist,daily_checklist,Dev Reddy,2026-08-04,2026-08-03,No,2026-08
1813,102,63,2026-08-04 22:15:00,87.5,80.0,13.0,Nikhil Nair,Crew Member,Kochi - MG Road,Kochi,Kerala,Closing Checklist,daily_checklist,Dev Reddy,2026-08-04,2026-08-03,Yes,2026-08
1814,101,64,2026-08-05 08:58:00,87.5,80.0,13.0,Rahul Reddy,Crew Member,Kochi - MG Road,Kochi,Kerala,Opening Checklist,daily_checklist,Dev Reddy,2026-08-05,2026-08-03,Yes,2026-08
1815,101,63,2026-08-06 08:34:00,100.0,80.0,13.0,Nikhil Nair,Crew Member,Kochi - MG Road,Kochi,Kerala,Opening Checklist,daily_checklist,Dev Reddy,2026-08-06,2026-08-03,Yes,2026-08
1816,102,63,2026-08-06 21:41:00,87.5,80.0,13.0,Nikhil Nair,Crew Member,Kochi - MG Road,Kochi,Kerala,Closing Checklist,daily_checklist,Dev Reddy,2026-08-06,2026-08-03,Yes,2026-08
1817,101,63,2026-08-08 09:43:00,75.0,80.0,13.0,Nikhil Nair,Crew Member,Kochi - MG Road,Kochi,Kerala,Opening Checklist,daily_checklist,Dev Reddy,2026-08-08,2026-08-03,No,2026-08
1818,102,63,2026-08-08 21:19:00,100.0,80.0,13.0,Nikhil Nair,Crew Member,Kochi - MG Road,Kochi,Kerala,Closing Checklist,daily_checklist,Dev Reddy,2026-08-08,2026-08-03,Yes,2026-08
1819,101,63,2026-08-09 07:41:00,87.5,80.0,13.0,Nikhil Nair,Crew Member,Kochi - MG Road,Kochi,Kerala,Opening Checklist,daily_checklist,Dev Reddy,2026-08-09,2026-08-03,Yes,2026-08
1820,102,62,2026-08-09 22:04:00,87.5,80.0,13.0,Sandeep Iyer,Crew Member,Kochi - MG Road,Kochi,Kerala,Closing Checklist,daily_checklist,Dev Reddy,2026-08-09,2026-08-03,Yes,2026-08
1821,101,63,2026-08-10 08:53:00,100.0,80.0,13.0,Nikhil Nair,Crew Member,Kochi - MG Road,Kochi,Kerala,Opening Checklist,daily_checklist,Dev Reddy,2026-08-10,2026-08-10,Yes,2026-08
1822,102,64,2026-08-10 23:01:00,100.0,80.0,13.0,Rahul Reddy,Crew Member,Kochi - MG Road,Kochi,Kerala,Closing Checklist,daily_checklist,Dev Reddy,2026-08-10,2026-08-10,Yes,2026-08
1823,101,18,2026-08-11 08:19:00,100.0,80.0,13.0,Anu Bhat,Store Manager,Kochi - MG Road,Kochi,Kerala,Opening Checklist,daily_checklist,Dev Reddy,2026-08-11,2026-08-10,Yes,2026-08
1824,101,64,2026-08-12 09:59:00,50.0,80.0,13.0,Rahul Reddy,Crew Member,Kochi - MG Road,Kochi,Kerala,Opening Checklist,daily_checklist,Dev Reddy,2026-08-12,2026-08-10,No,2026-08
1825,102,63,2026-08-12 21:49:00,100.0,80.0,13.0,Nikhil Nair,Crew Member,Kochi - MG Road,Kochi,Kerala,Closing Checklist,daily_checklist,Dev Reddy,2026-08-12,2026-08-10,Yes,2026-08
1826,101,62,2026-08-13 07:11:00,87.5,80.0,13.0,Sandeep Iyer,Crew Member,Kochi - MG Road,Kochi,Kerala,Opening Checklist,daily_checklist,Dev Reddy,2026-08-13,2026-08-10,Yes,2026-08
1827,102,64,2026-08-13 23:39:00,75.0,80.0,13.0,Rahul Reddy,Crew Member,Kochi - MG Road,Kochi,Kerala,Closing Checklist,daily_checklist,Dev Reddy,2026-08-13,2026-08-10,No,2026-08
1828,101,63,2026-08-14 09:39:00,75.0,80.0,13.0,Nikhil Nair,Crew Member,Kochi - MG Road,Kochi,Kerala,Opening Checklist,daily_checklist,Dev Reddy,2026-08-14,2026-08-10,No,2026-08
1829,102,63,2026-08-14 23:14:00,87.5,80.0,13.0,Nikhil Nair,Crew Member,Kochi - MG Road,Kochi,Kerala,Closing Checklist,daily_checklist,Dev Reddy,2026-08-14,2026-08-10,Yes,2026-08
1830,101,18,2026-08-15 08:05:00,87.5,80.0,13.0,Anu Bhat,Store Manager,Kochi - MG Road,Kochi,Kerala,Opening Checklist,daily_checklist,Dev Reddy,2026-08-15,2026-08-10,Yes,2026-08
1831,102,18,2026-08-15 21:32:00,100.0,80.0,13.0,Anu Bhat,Store Manager,Kochi - MG Road,Kochi,Kerala,Closing Checklist,daily_checklist,Dev Reddy,2026-08-15,2026-08-10,Yes,2026-08
1832,101,18,2026-08-16 07:54:00,87.5,80.0,13.0,Anu Bhat,Store Manager,Kochi - MG Road,Kochi,Kerala,Opening Checklist,daily_checklist,Dev Reddy,2026-08-16,2026-08-10,Yes,2026-08
1833,102,63,2026-08-16 22:30:00,100.0,80.0,13.0,Nikhil Nair,Crew Member,Kochi - MG Road,Kochi,Kerala,Closing Checklist,daily_checklist,Dev Reddy,2026-08-16,2026-08-10,Yes,2026-08
1834,101,62,2026-08-17 07:14:00,87.5,80.0,13.0,Sandeep Iyer,Crew Member,Kochi - MG Road,Kochi,Kerala,Opening Checklist,daily_checklist,Dev Reddy,2026-08-17,2026-08-17,Yes,2026-08
1835,102,62,2026-08-17 22:48:00,87.5,80.0,13.0,Sandeep Iyer,Crew Member,Kochi - MG Road,Kochi,Kerala,Closing Checklist,daily_checklist,Dev Reddy,2026-08-17,2026-08-17,Yes,2026-08
1836,101,66,2026-05-20 08:14:00,87.5,80.0,14.0,Sunita Gupta,Crew Member,Nagpur - Civil Lines,Nagpur,Maharashtra,Opening Checklist,daily_checklist,Dev Reddy,2026-05-20,2026-05-18,Yes,2026-05
1837,102,66,2026-05-20 21:04:00,87.5,80.0,14.0,Sunita Gupta,Crew Member,Nagpur - Civil Lines,Nagpur,Maharashtra,Closing Checklist,daily_checklist,Dev Reddy,2026-05-20,2026-05-18,Yes,2026-05
1838,101,67,2026-05-21 09:31:00,37.5,80.0,14.0,Prateek Singh,Crew Member,Nagpur - Civil Lines,Nagpur,Maharashtra,Opening Checklist,daily_checklist,Dev Reddy,2026-05-21,2026-05-18,No,2026-05
1839,102,66,2026-05-21 22:56:00,87.5,80.0,14.0,Sunita Gupta,Crew Member,Nagpur - Civil Lines,Nagpur,Maharashtra,Closing Checklist,daily_checklist,Dev Reddy,2026-05-21,2026-05-18,Yes,2026-05
1840,102,65,2026-05-23 22:49:00,87.5,80.0,14.0,Rohit Patel,Crew Member,Nagpur - Civil Lines,Nagpur,Maharashtra,Closing Checklist,daily_checklist,Dev Reddy,2026-05-23,2026-05-18,Yes,2026-05
1841,101,19,2026-05-24 09:52:00,75.0,80.0,14.0,Alok Kulkarni,Store Manager,Nagpur - Civil Lines,Nagpur,Maharashtra,Opening Checklist,daily_checklist,Dev Reddy,2026-05-24,2026-05-18,No,2026-05
1842,101,19,2026-05-25 09:20:00,100.0,80.0,14.0,Alok Kulkarni,Store Manager,Nagpur - Civil Lines,Nagpur,Maharashtra,Opening Checklist,daily_checklist,Dev Reddy,2026-05-25,2026-05-25,Yes,2026-05
1843,101,65,2026-05-26 09:47:00,87.5,80.0,14.0,Rohit Patel,Crew Member,Nagpur - Civil Lines,Nagpur,Maharashtra,Opening Checklist,daily_checklist,Dev Reddy,2026-05-26,2026-05-25,Yes,2026-05
1844,102,19,2026-05-26 23:06:00,62.5,80.0,14.0,Alok Kulkarni,Store Manager,Nagpur - Civil Lines,Nagpur,Maharashtra,Closing Checklist,daily_checklist,Dev Reddy,2026-05-26,2026-05-25,No,2026-05
1845,102,66,2026-05-28 21:56:00,87.5,80.0,14.0,Sunita Gupta,Crew Member,Nagpur - Civil Lines,Nagpur,Maharashtra,Closing Checklist,daily_checklist,Dev Reddy,2026-05-28,2026-05-25,Yes,2026-05
1846,101,65,2026-05-29 09:25:00,87.5,80.0,14.0,Rohit Patel,Crew Member,Nagpur - Civil Lines,Nagpur,Maharashtra,Opening Checklist,daily_checklist,Dev Reddy,2026-05-29,2026-05-25,Yes,2026-05
1847,101,65,2026-05-31 09:24:00,75.0,80.0,14.0,Rohit Patel,Crew Member,Nagpur - Civil Lines,Nagpur,Maharashtra,Opening Checklist,daily_checklist,Dev Reddy,2026-05-31,2026-05-25,No,2026-05
1848,101,19,2026-06-03 07:18:00,75.0,80.0,14.0,Alok Kulkarni,Store Manager,Nagpur - Civil Lines,Nagpur,Maharashtra,Opening Checklist,daily_checklist,Dev Reddy,2026-06-03,2026-06-01,No,2026-06
1849,102,67,2026-06-03 22:56:00,87.5,80.0,14.0,Prateek Singh,Crew Member,Nagpur - Civil Lines,Nagpur,Maharashtra,Closing Checklist,daily_checklist,Dev Reddy,2026-06-03,2026-06-01,Yes,2026-06
1850,101,19,2026-06-04 08:10:00,75.0,80.0,14.0,Alok Kulkarni,Store Manager,Nagpur - Civil Lines,Nagpur,Maharashtra,Opening Checklist,daily_checklist,Dev Reddy,2026-06-04,2026-06-01,No,2026-06
1851,101,65,2026-06-05 08:39:00,75.0,80.0,14.0,Rohit Patel,Crew Member,Nagpur - Civil Lines,Nagpur,Maharashtra,Opening Checklist,daily_checklist,Dev Reddy,2026-06-05,2026-06-01,No,2026-06
1852,101,66,2026-06-06 09:33:00,62.5,80.0,14.0,Sunita Gupta,Crew Member,Nagpur - Civil Lines,Nagpur,Maharashtra,Opening Checklist,daily_checklist,Dev Reddy,2026-06-06,2026-06-01,No,2026-06
1853,101,19,2026-06-07 08:53:00,75.0,80.0,14.0,Alok Kulkarni,Store Manager,Nagpur - Civil Lines,Nagpur,Maharashtra,Opening Checklist,daily_checklist,Dev Reddy,2026-06-07,2026-06-01,No,2026-06
1854,102,65,2026-06-09 21:46:00,62.5,80.0,14.0,Rohit Patel,Crew Member,Nagpur - Civil Lines,Nagpur,Maharashtra,Closing Checklist,daily_checklist,Dev Reddy,2026-06-09,2026-06-08,No,2026-06
1855,102,66,2026-06-11 23:57:00,75.0,80.0,14.0,Sunita Gupta,Crew Member,Nagpur - Civil Lines,Nagpur,Maharashtra,Closing Checklist,daily_checklist,Dev Reddy,2026-06-11,2026-06-08,No,2026-06
1856,102,19,2026-06-12 22:20:00,50.0,80.0,14.0,Alok Kulkarni,Store Manager,Nagpur - Civil Lines,Nagpur,Maharashtra,Closing Checklist,daily_checklist,Dev Reddy,2026-06-12,2026-06-08,No,2026-06
1857,102,66,2026-06-14 21:29:00,87.5,80.0,14.0,Sunita Gupta,Crew Member,Nagpur - Civil Lines,Nagpur,Maharashtra,Closing Checklist,daily_checklist,Dev Reddy,2026-06-14,2026-06-08,Yes,2026-06
1858,101,67,2026-06-15 07:16:00,50.0,80.0,14.0,Prateek Singh,Crew Member,Nagpur - Civil Lines,Nagpur,Maharashtra,Opening Checklist,daily_checklist,Dev Reddy,2026-06-15,2026-06-15,No,2026-06
1859,101,66,2026-06-16 09:41:00,75.0,80.0,14.0,Sunita Gupta,Crew Member,Nagpur - Civil Lines,Nagpur,Maharashtra,Opening Checklist,daily_checklist,Dev Reddy,2026-06-16,2026-06-15,No,2026-06
1860,102,65,2026-06-18 23:46:00,100.0,80.0,14.0,Rohit Patel,Crew Member,Nagpur - Civil Lines,Nagpur,Maharashtra,Closing Checklist,daily_checklist,Dev Reddy,2026-06-18,2026-06-15,Yes,2026-06
1861,101,19,2026-06-20 07:45:00,62.5,80.0,14.0,Alok Kulkarni,Store Manager,Nagpur - Civil Lines,Nagpur,Maharashtra,Opening Checklist,daily_checklist,Dev Reddy,2026-06-20,2026-06-15,No,2026-06
1862,102,65,2026-06-20 23:23:00,75.0,80.0,14.0,Rohit Patel,Crew Member,Nagpur - Civil Lines,Nagpur,Maharashtra,Closing Checklist,daily_checklist,Dev Reddy,2026-06-20,2026-06-15,No,2026-06
1863,101,66,2026-06-22 09:24:00,62.5,80.0,14.0,Sunita Gupta,Crew Member,Nagpur - Civil Lines,Nagpur,Maharashtra,Opening Checklist,daily_checklist,Dev Reddy,2026-06-22,2026-06-22,No,2026-06
1864,102,19,2026-06-22 22:35:00,75.0,80.0,14.0,Alok Kulkarni,Store Manager,Nagpur - Civil Lines,Nagpur,Maharashtra,Closing Checklist,daily_checklist,Dev Reddy,2026-06-22,2026-06-22,No,2026-06
1865,101,67,2026-06-23 07:58:00,75.0,80.0,14.0,Prateek Singh,Crew Member,Nagpur - Civil Lines,Nagpur,Maharashtra,Opening Checklist,daily_checklist,Dev Reddy,2026-06-23,2026-06-22,No,2026-06
1866,102,66,2026-06-24 23:55:00,75.0,80.0,14.0,Sunita Gupta,Crew Member,Nagpur - Civil Lines,Nagpur,Maharashtra,Closing Checklist,daily_checklist,Dev Reddy,2026-06-24,2026-06-22,No,2026-06
1867,102,65,2026-06-25 21:11:00,75.0,80.0,14.0,Rohit Patel,Crew Member,Nagpur - Civil Lines,Nagpur,Maharashtra,Closing Checklist,daily_checklist,Dev Reddy,2026-06-25,2026-06-22,No,2026-06
1868,102,19,2026-06-26 22:19:00,75.0,80.0,14.0,Alok Kulkarni,Store Manager,Nagpur - Civil Lines,Nagpur,Maharashtra,Closing Checklist,daily_checklist,Dev Reddy,2026-06-26,2026-06-22,No,2026-06
1869,102,65,2026-06-27 23:11:00,25.0,80.0,14.0,Rohit Patel,Crew Member,Nagpur - Civil Lines,Nagpur,Maharashtra,Closing Checklist,daily_checklist,Dev Reddy,2026-06-27,2026-06-22,No,2026-06
1870,102,67,2026-06-30 21:00:00,100.0,80.0,14.0,Prateek Singh,Crew Member,Nagpur - Civil Lines,Nagpur,Maharashtra,Closing Checklist,daily_checklist,Dev Reddy,2026-06-30,2026-06-29,Yes,2026-06
1871,101,19,2026-07-01 08:31:00,37.5,80.0,14.0,Alok Kulkarni,Store Manager,Nagpur - Civil Lines,Nagpur,Maharashtra,Opening Checklist,daily_checklist,Dev Reddy,2026-07-01,2026-06-29,No,2026-07
1872,102,65,2026-07-01 23:51:00,75.0,80.0,14.0,Rohit Patel,Crew Member,Nagpur - Civil Lines,Nagpur,Maharashtra,Closing Checklist,daily_checklist,Dev Reddy,2026-07-01,2026-06-29,No,2026-07
1873,101,66,2026-07-02 08:15:00,37.5,80.0,14.0,Sunita Gupta,Crew Member,Nagpur - Civil Lines,Nagpur,Maharashtra,Opening Checklist,daily_checklist,Dev Reddy,2026-07-02,2026-06-29,No,2026-07
1874,102,19,2026-07-02 23:42:00,75.0,80.0,14.0,Alok Kulkarni,Store Manager,Nagpur - Civil Lines,Nagpur,Maharashtra,Closing Checklist,daily_checklist,Dev Reddy,2026-07-02,2026-06-29,No,2026-07
1875,101,65,2026-07-03 08:28:00,50.0,80.0,14.0,Rohit Patel,Crew Member,Nagpur - Civil Lines,Nagpur,Maharashtra,Opening Checklist,daily_checklist,Dev Reddy,2026-07-03,2026-06-29,No,2026-07
1876,102,65,2026-07-03 23:38:00,62.5,80.0,14.0,Rohit Patel,Crew Member,Nagpur - Civil Lines,Nagpur,Maharashtra,Closing Checklist,daily_checklist,Dev Reddy,2026-07-03,2026-06-29,No,2026-07
1877,102,66,2026-07-04 23:17:00,62.5,80.0,14.0,Sunita Gupta,Crew Member,Nagpur - Civil Lines,Nagpur,Maharashtra,Closing Checklist,daily_checklist,Dev Reddy,2026-07-04,2026-06-29,No,2026-07
1878,101,65,2026-07-07 07:09:00,87.5,80.0,14.0,Rohit Patel,Crew Member,Nagpur - Civil Lines,Nagpur,Maharashtra,Opening Checklist,daily_checklist,Dev Reddy,2026-07-07,2026-07-06,Yes,2026-07
1879,101,65,2026-07-08 09:22:00,62.5,80.0,14.0,Rohit Patel,Crew Member,Nagpur - Civil Lines,Nagpur,Maharashtra,Opening Checklist,daily_checklist,Dev Reddy,2026-07-08,2026-07-06,No,2026-07
1880,101,65,2026-07-09 07:54:00,37.5,80.0,14.0,Rohit Patel,Crew Member,Nagpur - Civil Lines,Nagpur,Maharashtra,Opening Checklist,daily_checklist,Dev Reddy,2026-07-09,2026-07-06,No,2026-07
1881,101,67,2026-07-10 09:36:00,75.0,80.0,14.0,Prateek Singh,Crew Member,Nagpur - Civil Lines,Nagpur,Maharashtra,Opening Checklist,daily_checklist,Dev Reddy,2026-07-10,2026-07-06,No,2026-07
1882,102,65,2026-07-10 22:58:00,62.5,80.0,14.0,Rohit Patel,Crew Member,Nagpur - Civil Lines,Nagpur,Maharashtra,Closing Checklist,daily_checklist,Dev Reddy,2026-07-10,2026-07-06,No,2026-07
1883,101,66,2026-07-11 07:26:00,50.0,80.0,14.0,Sunita Gupta,Crew Member,Nagpur - Civil Lines,Nagpur,Maharashtra,Opening Checklist,daily_checklist,Dev Reddy,2026-07-11,2026-07-06,No,2026-07
1884,102,67,2026-07-11 21:43:00,25.0,80.0,14.0,Prateek Singh,Crew Member,Nagpur - Civil Lines,Nagpur,Maharashtra,Closing Checklist,daily_checklist,Dev Reddy,2026-07-11,2026-07-06,No,2026-07
1885,102,66,2026-07-12 23:44:00,50.0,80.0,14.0,Sunita Gupta,Crew Member,Nagpur - Civil Lines,Nagpur,Maharashtra,Closing Checklist,daily_checklist,Dev Reddy,2026-07-12,2026-07-06,No,2026-07
1886,101,67,2026-07-13 09:37:00,50.0,80.0,14.0,Prateek Singh,Crew Member,Nagpur - Civil Lines,Nagpur,Maharashtra,Opening Checklist,daily_checklist,Dev Reddy,2026-07-13,2026-07-13,No,2026-07
1887,101,67,2026-07-14 07:05:00,75.0,80.0,14.0,Prateek Singh,Crew Member,Nagpur - Civil Lines,Nagpur,Maharashtra,Opening Checklist,daily_checklist,Dev Reddy,2026-07-14,2026-07-13,No,2026-07
1888,101,19,2026-07-15 08:23:00,62.5,80.0,14.0,Alok Kulkarni,Store Manager,Nagpur - Civil Lines,Nagpur,Maharashtra,Opening Checklist,daily_checklist,Dev Reddy,2026-07-15,2026-07-13,No,2026-07
1889,102,19,2026-07-16 21:48:00,50.0,80.0,14.0,Alok Kulkarni,Store Manager,Nagpur - Civil Lines,Nagpur,Maharashtra,Closing Checklist,daily_checklist,Dev Reddy,2026-07-16,2026-07-13,No,2026-07
1890,102,19,2026-07-19 21:18:00,62.5,80.0,14.0,Alok Kulkarni,Store Manager,Nagpur - Civil Lines,Nagpur,Maharashtra,Closing Checklist,daily_checklist,Dev Reddy,2026-07-19,2026-07-13,No,2026-07
1891,101,67,2026-07-20 07:44:00,87.5,80.0,14.0,Prateek Singh,Crew Member,Nagpur - Civil Lines,Nagpur,Maharashtra,Opening Checklist,daily_checklist,Dev Reddy,2026-07-20,2026-07-20,Yes,2026-07
1892,102,19,2026-07-21 22:33:00,75.0,80.0,14.0,Alok Kulkarni,Store Manager,Nagpur - Civil Lines,Nagpur,Maharashtra,Closing Checklist,daily_checklist,Dev Reddy,2026-07-21,2026-07-20,No,2026-07
1893,102,66,2026-07-22 21:44:00,25.0,80.0,14.0,Sunita Gupta,Crew Member,Nagpur - Civil Lines,Nagpur,Maharashtra,Closing Checklist,daily_checklist,Dev Reddy,2026-07-22,2026-07-20,No,2026-07
1894,101,65,2026-07-23 07:06:00,75.0,80.0,14.0,Rohit Patel,Crew Member,Nagpur - Civil Lines,Nagpur,Maharashtra,Opening Checklist,daily_checklist,Dev Reddy,2026-07-23,2026-07-20,No,2026-07
1895,102,67,2026-07-24 22:46:00,37.5,80.0,14.0,Prateek Singh,Crew Member,Nagpur - Civil Lines,Nagpur,Maharashtra,Closing Checklist,daily_checklist,Dev Reddy,2026-07-24,2026-07-20,No,2026-07
1896,101,67,2026-07-26 09:54:00,37.5,80.0,14.0,Prateek Singh,Crew Member,Nagpur - Civil Lines,Nagpur,Maharashtra,Opening Checklist,daily_checklist,Dev Reddy,2026-07-26,2026-07-20,No,2026-07
1897,102,67,2026-07-26 22:33:00,37.5,80.0,14.0,Prateek Singh,Crew Member,Nagpur - Civil Lines,Nagpur,Maharashtra,Closing Checklist,daily_checklist,Dev Reddy,2026-07-26,2026-07-20,No,2026-07
1898,101,19,2026-07-27 09:36:00,62.5,80.0,14.0,Alok Kulkarni,Store Manager,Nagpur - Civil Lines,Nagpur,Maharashtra,Opening Checklist,daily_checklist,Dev Reddy,2026-07-27,2026-07-27,No,2026-07
1899,101,19,2026-07-28 09:46:00,37.5,80.0,14.0,Alok Kulkarni,Store Manager,Nagpur - Civil Lines,Nagpur,Maharashtra,Opening Checklist,daily_checklist,Dev Reddy,2026-07-28,2026-07-27,No,2026-07
1900,101,66,2026-07-29 08:51:00,25.0,80.0,14.0,Sunita Gupta,Crew Member,Nagpur - Civil Lines,Nagpur,Maharashtra,Opening Checklist,daily_checklist,Dev Reddy,2026-07-29,2026-07-27,No,2026-07
1901,102,67,2026-07-30 23:14:00,62.5,80.0,14.0,Prateek Singh,Crew Member,Nagpur - Civil Lines,Nagpur,Maharashtra,Closing Checklist,daily_checklist,Dev Reddy,2026-07-30,2026-07-27,No,2026-07
1902,101,65,2026-07-31 07:07:00,50.0,80.0,14.0,Rohit Patel,Crew Member,Nagpur - Civil Lines,Nagpur,Maharashtra,Opening Checklist,daily_checklist,Dev Reddy,2026-07-31,2026-07-27,No,2026-07
1903,102,65,2026-08-01 22:40:00,50.0,80.0,14.0,Rohit Patel,Crew Member,Nagpur - Civil Lines,Nagpur,Maharashtra,Closing Checklist,daily_checklist,Dev Reddy,2026-08-01,2026-07-27,No,2026-08
1904,102,19,2026-08-05 23:26:00,37.5,80.0,14.0,Alok Kulkarni,Store Manager,Nagpur - Civil Lines,Nagpur,Maharashtra,Closing Checklist,daily_checklist,Dev Reddy,2026-08-05,2026-08-03,No,2026-08
1905,102,66,2026-08-06 22:22:00,37.5,80.0,14.0,Sunita Gupta,Crew Member,Nagpur - Civil Lines,Nagpur,Maharashtra,Closing Checklist,daily_checklist,Dev Reddy,2026-08-06,2026-08-03,No,2026-08
1906,101,67,2026-08-07 09:12:00,50.0,80.0,14.0,Prateek Singh,Crew Member,Nagpur - Civil Lines,Nagpur,Maharashtra,Opening Checklist,daily_checklist,Dev Reddy,2026-08-07,2026-08-03,No,2026-08
1907,101,65,2026-08-09 08:50:00,50.0,80.0,14.0,Rohit Patel,Crew Member,Nagpur - Civil Lines,Nagpur,Maharashtra,Opening Checklist,daily_checklist,Dev Reddy,2026-08-09,2026-08-03,No,2026-08
1908,102,67,2026-08-09 22:19:00,37.5,80.0,14.0,Prateek Singh,Crew Member,Nagpur - Civil Lines,Nagpur,Maharashtra,Closing Checklist,daily_checklist,Dev Reddy,2026-08-09,2026-08-03,No,2026-08
1909,101,67,2026-08-11 07:43:00,50.0,80.0,14.0,Prateek Singh,Crew Member,Nagpur - Civil Lines,Nagpur,Maharashtra,Opening Checklist,daily_checklist,Dev Reddy,2026-08-11,2026-08-10,No,2026-08
1910,102,65,2026-08-11 22:25:00,62.5,80.0,14.0,Rohit Patel,Crew Member,Nagpur - Civil Lines,Nagpur,Maharashtra,Closing Checklist,daily_checklist,Dev Reddy,2026-08-11,2026-08-10,No,2026-08
1911,101,67,2026-08-12 07:21:00,50.0,80.0,14.0,Prateek Singh,Crew Member,Nagpur - Civil Lines,Nagpur,Maharashtra,Opening Checklist,daily_checklist,Dev Reddy,2026-08-12,2026-08-10,No,2026-08
1912,102,19,2026-08-14 23:30:00,50.0,80.0,14.0,Alok Kulkarni,Store Manager,Nagpur - Civil Lines,Nagpur,Maharashtra,Closing Checklist,daily_checklist,Dev Reddy,2026-08-14,2026-08-10,No,2026-08
1913,101,19,2026-08-15 09:08:00,25.0,80.0,14.0,Alok Kulkarni,Store Manager,Nagpur - Civil Lines,Nagpur,Maharashtra,Opening Checklist,daily_checklist,Dev Reddy,2026-08-15,2026-08-10,No,2026-08
1914,102,19,2026-08-16 21:40:00,50.0,80.0,14.0,Alok Kulkarni,Store Manager,Nagpur - Civil Lines,Nagpur,Maharashtra,Closing Checklist,daily_checklist,Dev Reddy,2026-08-16,2026-08-10,No,2026-08
1915,101,19,2026-08-17 08:29:00,25.0,80.0,14.0,Alok Kulkarni,Store Manager,Nagpur - Civil Lines,Nagpur,Maharashtra,Opening Checklist,daily_checklist,Dev Reddy,2026-08-17,2026-08-17,No,2026-08
1916,101,70,2026-05-19 09:03:00,100.0,80.0,15.0,Kiran Das,Crew Member,Surat - Vesu,Surat,Gujarat,Opening Checklist,daily_checklist,Dev Reddy,2026-05-19,2026-05-18,Yes,2026-05
1917,102,70,2026-05-19 23:46:00,100.0,80.0,15.0,Kiran Das,Crew Member,Surat - Vesu,Surat,Gujarat,Closing Checklist,daily_checklist,Dev Reddy,2026-05-19,2026-05-18,Yes,2026-05
1918,101,69,2026-05-20 09:01:00,75.0,80.0,15.0,Uma Rao,Crew Member,Surat - Vesu,Surat,Gujarat,Opening Checklist,daily_checklist,Dev Reddy,2026-05-20,2026-05-18,No,2026-05
1919,102,70,2026-05-20 23:43:00,100.0,80.0,15.0,Kiran Das,Crew Member,Surat - Vesu,Surat,Gujarat,Closing Checklist,daily_checklist,Dev Reddy,2026-05-20,2026-05-18,Yes,2026-05
1920,101,70,2026-05-21 07:09:00,100.0,80.0,15.0,Kiran Das,Crew Member,Surat - Vesu,Surat,Gujarat,Opening Checklist,daily_checklist,Dev Reddy,2026-05-21,2026-05-18,Yes,2026-05
1921,102,20,2026-05-21 21:21:00,100.0,80.0,15.0,Namita Sharma,Store Manager,Surat - Vesu,Surat,Gujarat,Closing Checklist,daily_checklist,Dev Reddy,2026-05-21,2026-05-18,Yes,2026-05
1922,101,20,2026-05-22 07:36:00,87.5,80.0,15.0,Namita Sharma,Store Manager,Surat - Vesu,Surat,Gujarat,Opening Checklist,daily_checklist,Dev Reddy,2026-05-22,2026-05-18,Yes,2026-05
1923,102,68,2026-05-22 21:38:00,100.0,80.0,15.0,Juhi Mehta,Crew Member,Surat - Vesu,Surat,Gujarat,Closing Checklist,daily_checklist,Dev Reddy,2026-05-22,2026-05-18,Yes,2026-05
1924,101,70,2026-05-23 09:54:00,100.0,80.0,15.0,Kiran Das,Crew Member,Surat - Vesu,Surat,Gujarat,Opening Checklist,daily_checklist,Dev Reddy,2026-05-23,2026-05-18,Yes,2026-05
1925,102,70,2026-05-23 23:02:00,87.5,80.0,15.0,Kiran Das,Crew Member,Surat - Vesu,Surat,Gujarat,Closing Checklist,daily_checklist,Dev Reddy,2026-05-23,2026-05-18,Yes,2026-05
1926,101,69,2026-05-24 07:31:00,100.0,80.0,15.0,Uma Rao,Crew Member,Surat - Vesu,Surat,Gujarat,Opening Checklist,daily_checklist,Dev Reddy,2026-05-24,2026-05-18,Yes,2026-05
1927,102,70,2026-05-24 22:28:00,100.0,80.0,15.0,Kiran Das,Crew Member,Surat - Vesu,Surat,Gujarat,Closing Checklist,daily_checklist,Dev Reddy,2026-05-24,2026-05-18,Yes,2026-05
1928,101,69,2026-05-25 09:19:00,100.0,80.0,15.0,Uma Rao,Crew Member,Surat - Vesu,Surat,Gujarat,Opening Checklist,daily_checklist,Dev Reddy,2026-05-25,2026-05-25,Yes,2026-05
1929,102,68,2026-05-25 21:23:00,87.5,80.0,15.0,Juhi Mehta,Crew Member,Surat - Vesu,Surat,Gujarat,Closing Checklist,daily_checklist,Dev Reddy,2026-05-25,2026-05-25,Yes,2026-05
1930,101,68,2026-05-26 07:28:00,100.0,80.0,15.0,Juhi Mehta,Crew Member,Surat - Vesu,Surat,Gujarat,Opening Checklist,daily_checklist,Dev Reddy,2026-05-26,2026-05-25,Yes,2026-05
1931,102,69,2026-05-26 22:57:00,100.0,80.0,15.0,Uma Rao,Crew Member,Surat - Vesu,Surat,Gujarat,Closing Checklist,daily_checklist,Dev Reddy,2026-05-26,2026-05-25,Yes,2026-05
1932,101,20,2026-05-27 08:59:00,87.5,80.0,15.0,Namita Sharma,Store Manager,Surat - Vesu,Surat,Gujarat,Opening Checklist,daily_checklist,Dev Reddy,2026-05-27,2026-05-25,Yes,2026-05
1933,101,70,2026-05-28 09:55:00,100.0,80.0,15.0,Kiran Das,Crew Member,Surat - Vesu,Surat,Gujarat,Opening Checklist,daily_checklist,Dev Reddy,2026-05-28,2026-05-25,Yes,2026-05
1934,102,68,2026-05-28 22:09:00,100.0,80.0,15.0,Juhi Mehta,Crew Member,Surat - Vesu,Surat,Gujarat,Closing Checklist,daily_checklist,Dev Reddy,2026-05-28,2026-05-25,Yes,2026-05
1935,101,69,2026-05-29 09:08:00,100.0,80.0,15.0,Uma Rao,Crew Member,Surat - Vesu,Surat,Gujarat,Opening Checklist,daily_checklist,Dev Reddy,2026-05-29,2026-05-25,Yes,2026-05
1936,102,20,2026-05-29 23:02:00,100.0,80.0,15.0,Namita Sharma,Store Manager,Surat - Vesu,Surat,Gujarat,Closing Checklist,daily_checklist,Dev Reddy,2026-05-29,2026-05-25,Yes,2026-05
1937,101,68,2026-05-30 09:55:00,100.0,80.0,15.0,Juhi Mehta,Crew Member,Surat - Vesu,Surat,Gujarat,Opening Checklist,daily_checklist,Dev Reddy,2026-05-30,2026-05-25,Yes,2026-05
1938,102,68,2026-06-01 21:19:00,100.0,80.0,15.0,Juhi Mehta,Crew Member,Surat - Vesu,Surat,Gujarat,Closing Checklist,daily_checklist,Dev Reddy,2026-06-01,2026-06-01,Yes,2026-06
1939,101,20,2026-06-02 07:21:00,100.0,80.0,15.0,Namita Sharma,Store Manager,Surat - Vesu,Surat,Gujarat,Opening Checklist,daily_checklist,Dev Reddy,2026-06-02,2026-06-01,Yes,2026-06
1940,102,70,2026-06-02 21:06:00,100.0,80.0,15.0,Kiran Das,Crew Member,Surat - Vesu,Surat,Gujarat,Closing Checklist,daily_checklist,Dev Reddy,2026-06-02,2026-06-01,Yes,2026-06
1941,101,70,2026-06-03 09:48:00,100.0,80.0,15.0,Kiran Das,Crew Member,Surat - Vesu,Surat,Gujarat,Opening Checklist,daily_checklist,Dev Reddy,2026-06-03,2026-06-01,Yes,2026-06
1942,102,69,2026-06-03 23:57:00,100.0,80.0,15.0,Uma Rao,Crew Member,Surat - Vesu,Surat,Gujarat,Closing Checklist,daily_checklist,Dev Reddy,2026-06-03,2026-06-01,Yes,2026-06
1943,101,70,2026-06-04 07:12:00,100.0,80.0,15.0,Kiran Das,Crew Member,Surat - Vesu,Surat,Gujarat,Opening Checklist,daily_checklist,Dev Reddy,2026-06-04,2026-06-01,Yes,2026-06
1944,102,70,2026-06-04 22:34:00,100.0,80.0,15.0,Kiran Das,Crew Member,Surat - Vesu,Surat,Gujarat,Closing Checklist,daily_checklist,Dev Reddy,2026-06-04,2026-06-01,Yes,2026-06
1945,101,70,2026-06-05 09:07:00,100.0,80.0,15.0,Kiran Das,Crew Member,Surat - Vesu,Surat,Gujarat,Opening Checklist,daily_checklist,Dev Reddy,2026-06-05,2026-06-01,Yes,2026-06
1946,102,70,2026-06-05 21:10:00,100.0,80.0,15.0,Kiran Das,Crew Member,Surat - Vesu,Surat,Gujarat,Closing Checklist,daily_checklist,Dev Reddy,2026-06-05,2026-06-01,Yes,2026-06
1947,101,68,2026-06-06 07:39:00,100.0,80.0,15.0,Juhi Mehta,Crew Member,Surat - Vesu,Surat,Gujarat,Opening Checklist,daily_checklist,Dev Reddy,2026-06-06,2026-06-01,Yes,2026-06
1948,102,70,2026-06-06 21:34:00,100.0,80.0,15.0,Kiran Das,Crew Member,Surat - Vesu,Surat,Gujarat,Closing Checklist,daily_checklist,Dev Reddy,2026-06-06,2026-06-01,Yes,2026-06
1949,101,69,2026-06-07 08:17:00,100.0,80.0,15.0,Uma Rao,Crew Member,Surat - Vesu,Surat,Gujarat,Opening Checklist,daily_checklist,Dev Reddy,2026-06-07,2026-06-01,Yes,2026-06
1950,102,70,2026-06-07 23:51:00,100.0,80.0,15.0,Kiran Das,Crew Member,Surat - Vesu,Surat,Gujarat,Closing Checklist,daily_checklist,Dev Reddy,2026-06-07,2026-06-01,Yes,2026-06
1951,101,68,2026-06-08 07:10:00,87.5,80.0,15.0,Juhi Mehta,Crew Member,Surat - Vesu,Surat,Gujarat,Opening Checklist,daily_checklist,Dev Reddy,2026-06-08,2026-06-08,Yes,2026-06
1952,102,70,2026-06-08 22:39:00,100.0,80.0,15.0,Kiran Das,Crew Member,Surat - Vesu,Surat,Gujarat,Closing Checklist,daily_checklist,Dev Reddy,2026-06-08,2026-06-08,Yes,2026-06
1953,101,69,2026-06-09 08:03:00,100.0,80.0,15.0,Uma Rao,Crew Member,Surat - Vesu,Surat,Gujarat,Opening Checklist,daily_checklist,Dev Reddy,2026-06-09,2026-06-08,Yes,2026-06
1954,102,68,2026-06-09 21:30:00,87.5,80.0,15.0,Juhi Mehta,Crew Member,Surat - Vesu,Surat,Gujarat,Closing Checklist,daily_checklist,Dev Reddy,2026-06-09,2026-06-08,Yes,2026-06
1955,101,68,2026-06-10 08:03:00,100.0,80.0,15.0,Juhi Mehta,Crew Member,Surat - Vesu,Surat,Gujarat,Opening Checklist,daily_checklist,Dev Reddy,2026-06-10,2026-06-08,Yes,2026-06
1956,102,69,2026-06-10 22:25:00,100.0,80.0,15.0,Uma Rao,Crew Member,Surat - Vesu,Surat,Gujarat,Closing Checklist,daily_checklist,Dev Reddy,2026-06-10,2026-06-08,Yes,2026-06
1957,101,20,2026-06-11 09:40:00,100.0,80.0,15.0,Namita Sharma,Store Manager,Surat - Vesu,Surat,Gujarat,Opening Checklist,daily_checklist,Dev Reddy,2026-06-11,2026-06-08,Yes,2026-06
1958,102,70,2026-06-11 23:22:00,100.0,80.0,15.0,Kiran Das,Crew Member,Surat - Vesu,Surat,Gujarat,Closing Checklist,daily_checklist,Dev Reddy,2026-06-11,2026-06-08,Yes,2026-06
1959,102,68,2026-06-12 21:45:00,100.0,80.0,15.0,Juhi Mehta,Crew Member,Surat - Vesu,Surat,Gujarat,Closing Checklist,daily_checklist,Dev Reddy,2026-06-12,2026-06-08,Yes,2026-06
1960,101,68,2026-06-13 09:08:00,87.5,80.0,15.0,Juhi Mehta,Crew Member,Surat - Vesu,Surat,Gujarat,Opening Checklist,daily_checklist,Dev Reddy,2026-06-13,2026-06-08,Yes,2026-06
1961,102,68,2026-06-13 23:29:00,87.5,80.0,15.0,Juhi Mehta,Crew Member,Surat - Vesu,Surat,Gujarat,Closing Checklist,daily_checklist,Dev Reddy,2026-06-13,2026-06-08,Yes,2026-06
1962,101,20,2026-06-14 08:43:00,87.5,80.0,15.0,Namita Sharma,Store Manager,Surat - Vesu,Surat,Gujarat,Opening Checklist,daily_checklist,Dev Reddy,2026-06-14,2026-06-08,Yes,2026-06
1963,102,69,2026-06-14 22:14:00,100.0,80.0,15.0,Uma Rao,Crew Member,Surat - Vesu,Surat,Gujarat,Closing Checklist,daily_checklist,Dev Reddy,2026-06-14,2026-06-08,Yes,2026-06
1964,101,70,2026-06-15 09:16:00,100.0,80.0,15.0,Kiran Das,Crew Member,Surat - Vesu,Surat,Gujarat,Opening Checklist,daily_checklist,Dev Reddy,2026-06-15,2026-06-15,Yes,2026-06
1965,102,70,2026-06-15 22:11:00,87.5,80.0,15.0,Kiran Das,Crew Member,Surat - Vesu,Surat,Gujarat,Closing Checklist,daily_checklist,Dev Reddy,2026-06-15,2026-06-15,Yes,2026-06
1966,101,68,2026-06-16 08:31:00,100.0,80.0,15.0,Juhi Mehta,Crew Member,Surat - Vesu,Surat,Gujarat,Opening Checklist,daily_checklist,Dev Reddy,2026-06-16,2026-06-15,Yes,2026-06
1967,102,68,2026-06-16 21:30:00,87.5,80.0,15.0,Juhi Mehta,Crew Member,Surat - Vesu,Surat,Gujarat,Closing Checklist,daily_checklist,Dev Reddy,2026-06-16,2026-06-15,Yes,2026-06
1968,101,69,2026-06-17 08:29:00,100.0,80.0,15.0,Uma Rao,Crew Member,Surat - Vesu,Surat,Gujarat,Opening Checklist,daily_checklist,Dev Reddy,2026-06-17,2026-06-15,Yes,2026-06
1969,101,70,2026-06-18 08:49:00,100.0,80.0,15.0,Kiran Das,Crew Member,Surat - Vesu,Surat,Gujarat,Opening Checklist,daily_checklist,Dev Reddy,2026-06-18,2026-06-15,Yes,2026-06
1970,102,69,2026-06-18 23:36:00,100.0,80.0,15.0,Uma Rao,Crew Member,Surat - Vesu,Surat,Gujarat,Closing Checklist,daily_checklist,Dev Reddy,2026-06-18,2026-06-15,Yes,2026-06
1971,101,68,2026-06-19 07:25:00,100.0,80.0,15.0,Juhi Mehta,Crew Member,Surat - Vesu,Surat,Gujarat,Opening Checklist,daily_checklist,Dev Reddy,2026-06-19,2026-06-15,Yes,2026-06
1972,102,68,2026-06-19 22:35:00,100.0,80.0,15.0,Juhi Mehta,Crew Member,Surat - Vesu,Surat,Gujarat,Closing Checklist,daily_checklist,Dev Reddy,2026-06-19,2026-06-15,Yes,2026-06
1973,101,20,2026-06-20 09:29:00,100.0,80.0,15.0,Namita Sharma,Store Manager,Surat - Vesu,Surat,Gujarat,Opening Checklist,daily_checklist,Dev Reddy,2026-06-20,2026-06-15,Yes,2026-06
1974,102,69,2026-06-20 23:26:00,100.0,80.0,15.0,Uma Rao,Crew Member,Surat - Vesu,Surat,Gujarat,Closing Checklist,daily_checklist,Dev Reddy,2026-06-20,2026-06-15,Yes,2026-06
1975,101,69,2026-06-21 07:35:00,100.0,80.0,15.0,Uma Rao,Crew Member,Surat - Vesu,Surat,Gujarat,Opening Checklist,daily_checklist,Dev Reddy,2026-06-21,2026-06-15,Yes,2026-06
1976,102,68,2026-06-21 22:24:00,100.0,80.0,15.0,Juhi Mehta,Crew Member,Surat - Vesu,Surat,Gujarat,Closing Checklist,daily_checklist,Dev Reddy,2026-06-21,2026-06-15,Yes,2026-06
1977,101,20,2026-06-22 07:52:00,87.5,80.0,15.0,Namita Sharma,Store Manager,Surat - Vesu,Surat,Gujarat,Opening Checklist,daily_checklist,Dev Reddy,2026-06-22,2026-06-22,Yes,2026-06
1978,102,70,2026-06-23 22:36:00,87.5,80.0,15.0,Kiran Das,Crew Member,Surat - Vesu,Surat,Gujarat,Closing Checklist,daily_checklist,Dev Reddy,2026-06-23,2026-06-22,Yes,2026-06
1979,101,69,2026-06-24 09:15:00,100.0,80.0,15.0,Uma Rao,Crew Member,Surat - Vesu,Surat,Gujarat,Opening Checklist,daily_checklist,Dev Reddy,2026-06-24,2026-06-22,Yes,2026-06
1980,102,68,2026-06-24 23:42:00,100.0,80.0,15.0,Juhi Mehta,Crew Member,Surat - Vesu,Surat,Gujarat,Closing Checklist,daily_checklist,Dev Reddy,2026-06-24,2026-06-22,Yes,2026-06
1981,101,20,2026-06-25 08:07:00,75.0,80.0,15.0,Namita Sharma,Store Manager,Surat - Vesu,Surat,Gujarat,Opening Checklist,daily_checklist,Dev Reddy,2026-06-25,2026-06-22,No,2026-06
1982,102,68,2026-06-25 22:35:00,100.0,80.0,15.0,Juhi Mehta,Crew Member,Surat - Vesu,Surat,Gujarat,Closing Checklist,daily_checklist,Dev Reddy,2026-06-25,2026-06-22,Yes,2026-06
1983,101,20,2026-06-26 07:19:00,75.0,80.0,15.0,Namita Sharma,Store Manager,Surat - Vesu,Surat,Gujarat,Opening Checklist,daily_checklist,Dev Reddy,2026-06-26,2026-06-22,No,2026-06
1984,102,68,2026-06-26 21:38:00,87.5,80.0,15.0,Juhi Mehta,Crew Member,Surat - Vesu,Surat,Gujarat,Closing Checklist,daily_checklist,Dev Reddy,2026-06-26,2026-06-22,Yes,2026-06
1985,101,20,2026-06-27 08:20:00,87.5,80.0,15.0,Namita Sharma,Store Manager,Surat - Vesu,Surat,Gujarat,Opening Checklist,daily_checklist,Dev Reddy,2026-06-27,2026-06-22,Yes,2026-06
1986,102,68,2026-06-27 23:42:00,87.5,80.0,15.0,Juhi Mehta,Crew Member,Surat - Vesu,Surat,Gujarat,Closing Checklist,daily_checklist,Dev Reddy,2026-06-27,2026-06-22,Yes,2026-06
1987,101,69,2026-06-28 07:52:00,75.0,80.0,15.0,Uma Rao,Crew Member,Surat - Vesu,Surat,Gujarat,Opening Checklist,daily_checklist,Dev Reddy,2026-06-28,2026-06-22,No,2026-06
1988,102,68,2026-06-28 23:57:00,100.0,80.0,15.0,Juhi Mehta,Crew Member,Surat - Vesu,Surat,Gujarat,Closing Checklist,daily_checklist,Dev Reddy,2026-06-28,2026-06-22,Yes,2026-06
1989,101,20,2026-06-29 09:09:00,87.5,80.0,15.0,Namita Sharma,Store Manager,Surat - Vesu,Surat,Gujarat,Opening Checklist,daily_checklist,Dev Reddy,2026-06-29,2026-06-29,Yes,2026-06
1990,102,20,2026-06-29 23:18:00,100.0,80.0,15.0,Namita Sharma,Store Manager,Surat - Vesu,Surat,Gujarat,Closing Checklist,daily_checklist,Dev Reddy,2026-06-29,2026-06-29,Yes,2026-06
1991,101,69,2026-06-30 09:28:00,100.0,80.0,15.0,Uma Rao,Crew Member,Surat - Vesu,Surat,Gujarat,Opening Checklist,daily_checklist,Dev Reddy,2026-06-30,2026-06-29,Yes,2026-06
1992,102,70,2026-06-30 21:43:00,87.5,80.0,15.0,Kiran Das,Crew Member,Surat - Vesu,Surat,Gujarat,Closing Checklist,daily_checklist,Dev Reddy,2026-06-30,2026-06-29,Yes,2026-06
1993,101,70,2026-07-01 09:50:00,87.5,80.0,15.0,Kiran Das,Crew Member,Surat - Vesu,Surat,Gujarat,Opening Checklist,daily_checklist,Dev Reddy,2026-07-01,2026-06-29,Yes,2026-07
1994,102,70,2026-07-01 22:45:00,87.5,80.0,15.0,Kiran Das,Crew Member,Surat - Vesu,Surat,Gujarat,Closing Checklist,daily_checklist,Dev Reddy,2026-07-01,2026-06-29,Yes,2026-07
1995,101,20,2026-07-02 09:00:00,100.0,80.0,15.0,Namita Sharma,Store Manager,Surat - Vesu,Surat,Gujarat,Opening Checklist,daily_checklist,Dev Reddy,2026-07-02,2026-06-29,Yes,2026-07
1996,102,70,2026-07-02 21:54:00,100.0,80.0,15.0,Kiran Das,Crew Member,Surat - Vesu,Surat,Gujarat,Closing Checklist,daily_checklist,Dev Reddy,2026-07-02,2026-06-29,Yes,2026-07
1997,101,68,2026-07-03 08:57:00,87.5,80.0,15.0,Juhi Mehta,Crew Member,Surat - Vesu,Surat,Gujarat,Opening Checklist,daily_checklist,Dev Reddy,2026-07-03,2026-06-29,Yes,2026-07
1998,101,70,2026-07-04 07:45:00,75.0,80.0,15.0,Kiran Das,Crew Member,Surat - Vesu,Surat,Gujarat,Opening Checklist,daily_checklist,Dev Reddy,2026-07-04,2026-06-29,No,2026-07
1999,102,70,2026-07-04 21:55:00,100.0,80.0,15.0,Kiran Das,Crew Member,Surat - Vesu,Surat,Gujarat,Closing Checklist,daily_checklist,Dev Reddy,2026-07-04,2026-06-29,Yes,2026-07
2000,101,20,2026-07-05 07:27:00,87.5,80.0,15.0,Namita Sharma,Store Manager,Surat - Vesu,Surat,Gujarat,Opening Checklist,daily_checklist,Dev Reddy,2026-07-05,2026-06-29,Yes,2026-07
2001,102,20,2026-07-05 23:20:00,100.0,80.0,15.0,Namita Sharma,Store Manager,Surat - Vesu,Surat,Gujarat,Closing Checklist,daily_checklist,Dev Reddy,2026-07-05,2026-06-29,Yes,2026-07
2002,101,69,2026-07-06 08:27:00,100.0,80.0,15.0,Uma Rao,Crew Member,Surat - Vesu,Surat,Gujarat,Opening Checklist,daily_checklist,Dev Reddy,2026-07-06,2026-07-06,Yes,2026-07
2003,102,20,2026-07-06 23:11:00,100.0,80.0,15.0,Namita Sharma,Store Manager,Surat - Vesu,Surat,Gujarat,Closing Checklist,daily_checklist,Dev Reddy,2026-07-06,2026-07-06,Yes,2026-07
2004,101,20,2026-07-07 07:35:00,100.0,80.0,15.0,Namita Sharma,Store Manager,Surat - Vesu,Surat,Gujarat,Opening Checklist,daily_checklist,Dev Reddy,2026-07-07,2026-07-06,Yes,2026-07
2005,102,20,2026-07-07 22:53:00,100.0,80.0,15.0,Namita Sharma,Store Manager,Surat - Vesu,Surat,Gujarat,Closing Checklist,daily_checklist,Dev Reddy,2026-07-07,2026-07-06,Yes,2026-07
2006,101,69,2026-07-08 08:55:00,100.0,80.0,15.0,Uma Rao,Crew Member,Surat - Vesu,Surat,Gujarat,Opening Checklist,daily_checklist,Dev Reddy,2026-07-08,2026-07-06,Yes,2026-07
2007,102,68,2026-07-08 21:00:00,87.5,80.0,15.0,Juhi Mehta,Crew Member,Surat - Vesu,Surat,Gujarat,Closing Checklist,daily_checklist,Dev Reddy,2026-07-08,2026-07-06,Yes,2026-07
2008,102,20,2026-07-09 21:46:00,100.0,80.0,15.0,Namita Sharma,Store Manager,Surat - Vesu,Surat,Gujarat,Closing Checklist,daily_checklist,Dev Reddy,2026-07-09,2026-07-06,Yes,2026-07
2009,101,69,2026-07-10 07:05:00,100.0,80.0,15.0,Uma Rao,Crew Member,Surat - Vesu,Surat,Gujarat,Opening Checklist,daily_checklist,Dev Reddy,2026-07-10,2026-07-06,Yes,2026-07
2010,102,20,2026-07-10 23:51:00,100.0,80.0,15.0,Namita Sharma,Store Manager,Surat - Vesu,Surat,Gujarat,Closing Checklist,daily_checklist,Dev Reddy,2026-07-10,2026-07-06,Yes,2026-07
2011,101,20,2026-07-11 09:38:00,87.5,80.0,15.0,Namita Sharma,Store Manager,Surat - Vesu,Surat,Gujarat,Opening Checklist,daily_checklist,Dev Reddy,2026-07-11,2026-07-06,Yes,2026-07
2012,102,20,2026-07-11 23:11:00,87.5,80.0,15.0,Namita Sharma,Store Manager,Surat - Vesu,Surat,Gujarat,Closing Checklist,daily_checklist,Dev Reddy,2026-07-11,2026-07-06,Yes,2026-07
2013,101,20,2026-07-12 08:35:00,100.0,80.0,15.0,Namita Sharma,Store Manager,Surat - Vesu,Surat,Gujarat,Opening Checklist,daily_checklist,Dev Reddy,2026-07-12,2026-07-06,Yes,2026-07
2014,102,69,2026-07-12 22:22:00,75.0,80.0,15.0,Uma Rao,Crew Member,Surat - Vesu,Surat,Gujarat,Closing Checklist,daily_checklist,Dev Reddy,2026-07-12,2026-07-06,No,2026-07
2015,101,68,2026-07-13 08:38:00,100.0,80.0,15.0,Juhi Mehta,Crew Member,Surat - Vesu,Surat,Gujarat,Opening Checklist,daily_checklist,Dev Reddy,2026-07-13,2026-07-13,Yes,2026-07
2016,102,69,2026-07-13 23:31:00,100.0,80.0,15.0,Uma Rao,Crew Member,Surat - Vesu,Surat,Gujarat,Closing Checklist,daily_checklist,Dev Reddy,2026-07-13,2026-07-13,Yes,2026-07
2017,101,70,2026-07-14 08:26:00,87.5,80.0,15.0,Kiran Das,Crew Member,Surat - Vesu,Surat,Gujarat,Opening Checklist,daily_checklist,Dev Reddy,2026-07-14,2026-07-13,Yes,2026-07
2018,102,20,2026-07-14 21:02:00,100.0,80.0,15.0,Namita Sharma,Store Manager,Surat - Vesu,Surat,Gujarat,Closing Checklist,daily_checklist,Dev Reddy,2026-07-14,2026-07-13,Yes,2026-07
2019,101,20,2026-07-15 07:37:00,87.5,80.0,15.0,Namita Sharma,Store Manager,Surat - Vesu,Surat,Gujarat,Opening Checklist,daily_checklist,Dev Reddy,2026-07-15,2026-07-13,Yes,2026-07
2020,102,69,2026-07-15 23:05:00,87.5,80.0,15.0,Uma Rao,Crew Member,Surat - Vesu,Surat,Gujarat,Closing Checklist,daily_checklist,Dev Reddy,2026-07-15,2026-07-13,Yes,2026-07
2021,101,68,2026-07-16 08:29:00,87.5,80.0,15.0,Juhi Mehta,Crew Member,Surat - Vesu,Surat,Gujarat,Opening Checklist,daily_checklist,Dev Reddy,2026-07-16,2026-07-13,Yes,2026-07
2022,102,68,2026-07-16 23:56:00,100.0,80.0,15.0,Juhi Mehta,Crew Member,Surat - Vesu,Surat,Gujarat,Closing Checklist,daily_checklist,Dev Reddy,2026-07-16,2026-07-13,Yes,2026-07
2023,101,68,2026-07-17 08:40:00,87.5,80.0,15.0,Juhi Mehta,Crew Member,Surat - Vesu,Surat,Gujarat,Opening Checklist,daily_checklist,Dev Reddy,2026-07-17,2026-07-13,Yes,2026-07
2024,102,70,2026-07-17 23:40:00,100.0,80.0,15.0,Kiran Das,Crew Member,Surat - Vesu,Surat,Gujarat,Closing Checklist,daily_checklist,Dev Reddy,2026-07-17,2026-07-13,Yes,2026-07
2025,101,70,2026-07-18 07:57:00,100.0,80.0,15.0,Kiran Das,Crew Member,Surat - Vesu,Surat,Gujarat,Opening Checklist,daily_checklist,Dev Reddy,2026-07-18,2026-07-13,Yes,2026-07
2026,102,68,2026-07-18 23:49:00,100.0,80.0,15.0,Juhi Mehta,Crew Member,Surat - Vesu,Surat,Gujarat,Closing Checklist,daily_checklist,Dev Reddy,2026-07-18,2026-07-13,Yes,2026-07
2027,101,20,2026-07-19 08:32:00,100.0,80.0,15.0,Namita Sharma,Store Manager,Surat - Vesu,Surat,Gujarat,Opening Checklist,daily_checklist,Dev Reddy,2026-07-19,2026-07-13,Yes,2026-07
2028,102,70,2026-07-19 23:46:00,100.0,80.0,15.0,Kiran Das,Crew Member,Surat - Vesu,Surat,Gujarat,Closing Checklist,daily_checklist,Dev Reddy,2026-07-19,2026-07-13,Yes,2026-07
2029,101,70,2026-07-20 08:51:00,100.0,80.0,15.0,Kiran Das,Crew Member,Surat - Vesu,Surat,Gujarat,Opening Checklist,daily_checklist,Dev Reddy,2026-07-20,2026-07-20,Yes,2026-07
2030,101,68,2026-07-21 08:10:00,100.0,80.0,15.0,Juhi Mehta,Crew Member,Surat - Vesu,Surat,Gujarat,Opening Checklist,daily_checklist,Dev Reddy,2026-07-21,2026-07-20,Yes,2026-07
2031,102,70,2026-07-21 23:59:00,87.5,80.0,15.0,Kiran Das,Crew Member,Surat - Vesu,Surat,Gujarat,Closing Checklist,daily_checklist,Dev Reddy,2026-07-21,2026-07-20,Yes,2026-07
2032,101,20,2026-07-22 08:03:00,87.5,80.0,15.0,Namita Sharma,Store Manager,Surat - Vesu,Surat,Gujarat,Opening Checklist,daily_checklist,Dev Reddy,2026-07-22,2026-07-20,Yes,2026-07
2033,102,68,2026-07-22 23:10:00,100.0,80.0,15.0,Juhi Mehta,Crew Member,Surat - Vesu,Surat,Gujarat,Closing Checklist,daily_checklist,Dev Reddy,2026-07-22,2026-07-20,Yes,2026-07
2034,101,68,2026-07-23 09:39:00,75.0,80.0,15.0,Juhi Mehta,Crew Member,Surat - Vesu,Surat,Gujarat,Opening Checklist,daily_checklist,Dev Reddy,2026-07-23,2026-07-20,No,2026-07
2035,102,68,2026-07-23 22:31:00,100.0,80.0,15.0,Juhi Mehta,Crew Member,Surat - Vesu,Surat,Gujarat,Closing Checklist,daily_checklist,Dev Reddy,2026-07-23,2026-07-20,Yes,2026-07
2036,101,70,2026-07-24 09:04:00,87.5,80.0,15.0,Kiran Das,Crew Member,Surat - Vesu,Surat,Gujarat,Opening Checklist,daily_checklist,Dev Reddy,2026-07-24,2026-07-20,Yes,2026-07
2037,102,70,2026-07-24 22:08:00,87.5,80.0,15.0,Kiran Das,Crew Member,Surat - Vesu,Surat,Gujarat,Closing Checklist,daily_checklist,Dev Reddy,2026-07-24,2026-07-20,Yes,2026-07
2038,101,68,2026-07-25 08:00:00,87.5,80.0,15.0,Juhi Mehta,Crew Member,Surat - Vesu,Surat,Gujarat,Opening Checklist,daily_checklist,Dev Reddy,2026-07-25,2026-07-20,Yes,2026-07
2039,102,69,2026-07-25 23:11:00,100.0,80.0,15.0,Uma Rao,Crew Member,Surat - Vesu,Surat,Gujarat,Closing Checklist,daily_checklist,Dev Reddy,2026-07-25,2026-07-20,Yes,2026-07
2040,101,69,2026-07-26 08:51:00,87.5,80.0,15.0,Uma Rao,Crew Member,Surat - Vesu,Surat,Gujarat,Opening Checklist,daily_checklist,Dev Reddy,2026-07-26,2026-07-20,Yes,2026-07
2041,102,69,2026-07-26 22:50:00,100.0,80.0,15.0,Uma Rao,Crew Member,Surat - Vesu,Surat,Gujarat,Closing Checklist,daily_checklist,Dev Reddy,2026-07-26,2026-07-20,Yes,2026-07
2042,102,68,2026-07-27 21:51:00,100.0,80.0,15.0,Juhi Mehta,Crew Member,Surat - Vesu,Surat,Gujarat,Closing Checklist,daily_checklist,Dev Reddy,2026-07-27,2026-07-27,Yes,2026-07
2043,101,69,2026-07-28 07:09:00,87.5,80.0,15.0,Uma Rao,Crew Member,Surat - Vesu,Surat,Gujarat,Opening Checklist,daily_checklist,Dev Reddy,2026-07-28,2026-07-27,Yes,2026-07
2044,102,20,2026-07-28 22:48:00,100.0,80.0,15.0,Namita Sharma,Store Manager,Surat - Vesu,Surat,Gujarat,Closing Checklist,daily_checklist,Dev Reddy,2026-07-28,2026-07-27,Yes,2026-07
2045,101,20,2026-07-29 07:42:00,100.0,80.0,15.0,Namita Sharma,Store Manager,Surat - Vesu,Surat,Gujarat,Opening Checklist,daily_checklist,Dev Reddy,2026-07-29,2026-07-27,Yes,2026-07
2046,102,69,2026-07-29 23:40:00,87.5,80.0,15.0,Uma Rao,Crew Member,Surat - Vesu,Surat,Gujarat,Closing Checklist,daily_checklist,Dev Reddy,2026-07-29,2026-07-27,Yes,2026-07
2047,102,70,2026-07-30 23:46:00,100.0,80.0,15.0,Kiran Das,Crew Member,Surat - Vesu,Surat,Gujarat,Closing Checklist,daily_checklist,Dev Reddy,2026-07-30,2026-07-27,Yes,2026-07
2048,101,68,2026-07-31 09:16:00,100.0,80.0,15.0,Juhi Mehta,Crew Member,Surat - Vesu,Surat,Gujarat,Opening Checklist,daily_checklist,Dev Reddy,2026-07-31,2026-07-27,Yes,2026-07
2049,102,20,2026-07-31 21:10:00,87.5,80.0,15.0,Namita Sharma,Store Manager,Surat - Vesu,Surat,Gujarat,Closing Checklist,daily_checklist,Dev Reddy,2026-07-31,2026-07-27,Yes,2026-07
2050,101,20,2026-08-01 08:19:00,100.0,80.0,15.0,Namita Sharma,Store Manager,Surat - Vesu,Surat,Gujarat,Opening Checklist,daily_checklist,Dev Reddy,2026-08-01,2026-07-27,Yes,2026-08
2051,102,69,2026-08-01 23:48:00,100.0,80.0,15.0,Uma Rao,Crew Member,Surat - Vesu,Surat,Gujarat,Closing Checklist,daily_checklist,Dev Reddy,2026-08-01,2026-07-27,Yes,2026-08
2052,101,20,2026-08-02 09:45:00,87.5,80.0,15.0,Namita Sharma,Store Manager,Surat - Vesu,Surat,Gujarat,Opening Checklist,daily_checklist,Dev Reddy,2026-08-02,2026-07-27,Yes,2026-08
2053,102,69,2026-08-02 22:16:00,100.0,80.0,15.0,Uma Rao,Crew Member,Surat - Vesu,Surat,Gujarat,Closing Checklist,daily_checklist,Dev Reddy,2026-08-02,2026-07-27,Yes,2026-08
2054,101,70,2026-08-03 08:00:00,100.0,80.0,15.0,Kiran Das,Crew Member,Surat - Vesu,Surat,Gujarat,Opening Checklist,daily_checklist,Dev Reddy,2026-08-03,2026-08-03,Yes,2026-08
2055,102,70,2026-08-03 22:24:00,100.0,80.0,15.0,Kiran Das,Crew Member,Surat - Vesu,Surat,Gujarat,Closing Checklist,daily_checklist,Dev Reddy,2026-08-03,2026-08-03,Yes,2026-08
2056,101,68,2026-08-04 09:02:00,75.0,80.0,15.0,Juhi Mehta,Crew Member,Surat - Vesu,Surat,Gujarat,Opening Checklist,daily_checklist,Dev Reddy,2026-08-04,2026-08-03,No,2026-08
2057,102,70,2026-08-04 23:40:00,100.0,80.0,15.0,Kiran Das,Crew Member,Surat - Vesu,Surat,Gujarat,Closing Checklist,daily_checklist,Dev Reddy,2026-08-04,2026-08-03,Yes,2026-08
2058,101,70,2026-08-05 09:58:00,100.0,80.0,15.0,Kiran Das,Crew Member,Surat - Vesu,Surat,Gujarat,Opening Checklist,daily_checklist,Dev Reddy,2026-08-05,2026-08-03,Yes,2026-08
2059,102,70,2026-08-05 22:17:00,100.0,80.0,15.0,Kiran Das,Crew Member,Surat - Vesu,Surat,Gujarat,Closing Checklist,daily_checklist,Dev Reddy,2026-08-05,2026-08-03,Yes,2026-08
2060,101,20,2026-08-06 08:41:00,87.5,80.0,15.0,Namita Sharma,Store Manager,Surat - Vesu,Surat,Gujarat,Opening Checklist,daily_checklist,Dev Reddy,2026-08-06,2026-08-03,Yes,2026-08
2061,101,69,2026-08-07 08:49:00,87.5,80.0,15.0,Uma Rao,Crew Member,Surat - Vesu,Surat,Gujarat,Opening Checklist,daily_checklist,Dev Reddy,2026-08-07,2026-08-03,Yes,2026-08
2062,102,69,2026-08-07 23:43:00,100.0,80.0,15.0,Uma Rao,Crew Member,Surat - Vesu,Surat,Gujarat,Closing Checklist,daily_checklist,Dev Reddy,2026-08-07,2026-08-03,Yes,2026-08
2063,101,69,2026-08-08 08:43:00,100.0,80.0,15.0,Uma Rao,Crew Member,Surat - Vesu,Surat,Gujarat,Opening Checklist,daily_checklist,Dev Reddy,2026-08-08,2026-08-03,Yes,2026-08
2064,102,68,2026-08-08 22:35:00,87.5,80.0,15.0,Juhi Mehta,Crew Member,Surat - Vesu,Surat,Gujarat,Closing Checklist,daily_checklist,Dev Reddy,2026-08-08,2026-08-03,Yes,2026-08
2065,101,20,2026-08-09 07:00:00,100.0,80.0,15.0,Namita Sharma,Store Manager,Surat - Vesu,Surat,Gujarat,Opening Checklist,daily_checklist,Dev Reddy,2026-08-09,2026-08-03,Yes,2026-08
2066,102,68,2026-08-09 21:33:00,87.5,80.0,15.0,Juhi Mehta,Crew Member,Surat - Vesu,Surat,Gujarat,Closing Checklist,daily_checklist,Dev Reddy,2026-08-09,2026-08-03,Yes,2026-08
2067,101,70,2026-08-10 08:14:00,100.0,80.0,15.0,Kiran Das,Crew Member,Surat - Vesu,Surat,Gujarat,Opening Checklist,daily_checklist,Dev Reddy,2026-08-10,2026-08-10,Yes,2026-08
2068,102,68,2026-08-10 22:12:00,100.0,80.0,15.0,Juhi Mehta,Crew Member,Surat - Vesu,Surat,Gujarat,Closing Checklist,daily_checklist,Dev Reddy,2026-08-10,2026-08-10,Yes,2026-08
2069,102,68,2026-08-11 23:05:00,100.0,80.0,15.0,Juhi Mehta,Crew Member,Surat - Vesu,Surat,Gujarat,Closing Checklist,daily_checklist,Dev Reddy,2026-08-11,2026-08-10,Yes,2026-08
2070,101,69,2026-08-12 09:57:00,100.0,80.0,15.0,Uma Rao,Crew Member,Surat - Vesu,Surat,Gujarat,Opening Checklist,daily_checklist,Dev Reddy,2026-08-12,2026-08-10,Yes,2026-08
2071,102,68,2026-08-12 23:40:00,87.5,80.0,15.0,Juhi Mehta,Crew Member,Surat - Vesu,Surat,Gujarat,Closing Checklist,daily_checklist,Dev Reddy,2026-08-12,2026-08-10,Yes,2026-08
2072,101,69,2026-08-13 07:54:00,87.5,80.0,15.0,Uma Rao,Crew Member,Surat - Vesu,Surat,Gujarat,Opening Checklist,daily_checklist,Dev Reddy,2026-08-13,2026-08-10,Yes,2026-08
2073,102,69,2026-08-13 22:42:00,100.0,80.0,15.0,Uma Rao,Crew Member,Surat - Vesu,Surat,Gujarat,Closing Checklist,daily_checklist,Dev Reddy,2026-08-13,2026-08-10,Yes,2026-08
2074,101,70,2026-08-14 09:11:00,87.5,80.0,15.0,Kiran Das,Crew Member,Surat - Vesu,Surat,Gujarat,Opening Checklist,daily_checklist,Dev Reddy,2026-08-14,2026-08-10,Yes,2026-08
2075,101,68,2026-08-15 08:29:00,100.0,80.0,15.0,Juhi Mehta,Crew Member,Surat - Vesu,Surat,Gujarat,Opening Checklist,daily_checklist,Dev Reddy,2026-08-15,2026-08-10,Yes,2026-08
2076,102,70,2026-08-15 23:29:00,100.0,80.0,15.0,Kiran Das,Crew Member,Surat - Vesu,Surat,Gujarat,Closing Checklist,daily_checklist,Dev Reddy,2026-08-15,2026-08-10,Yes,2026-08
2077,101,70,2026-08-16 09:57:00,100.0,80.0,15.0,Kiran Das,Crew Member,Surat - Vesu,Surat,Gujarat,Opening Checklist,daily_checklist,Dev Reddy,2026-08-16,2026-08-10,Yes,2026-08
2078,102,68,2026-08-16 22:10:00,87.5,80.0,15.0,Juhi Mehta,Crew Member,Surat - Vesu,Surat,Gujarat,Closing Checklist,daily_checklist,Dev Reddy,2026-08-16,2026-08-10,Yes,2026-08
2079,101,20,2026-08-17 07:24:00,100.0,80.0,15.0,Namita Sharma,Store Manager,Surat - Vesu,Surat,Gujarat,Opening Checklist,daily_checklist,Dev Reddy,2026-08-17,2026-08-17,Yes,2026-08
2080,102,70,2026-08-17 22:03:00,100.0,80.0,15.0,Kiran Das,Crew Member,Surat - Vesu,Surat,Gujarat,Closing Checklist,daily_checklist,Dev Reddy,2026-08-17,2026-08-17,Yes,2026-08
2081,101,71,2026-05-19 07:28:00,75.0,80.0,16.0,Hemant Kapoor,Crew Member,Bhopal - MP Nagar,Bhopal,Madhya Pradesh,Opening Checklist,daily_checklist,Vinod Patel,2026-05-19,2026-05-18,No,2026-05
2082,102,72,2026-05-19 22:59:00,87.5,80.0,16.0,Girish Chopra,Crew Member,Bhopal - MP Nagar,Bhopal,Madhya Pradesh,Closing Checklist,daily_checklist,Vinod Patel,2026-05-19,2026-05-18,Yes,2026-05
2083,101,21,2026-05-21 08:11:00,75.0,80.0,16.0,Queenie Verma,Store Manager,Bhopal - MP Nagar,Bhopal,Madhya Pradesh,Opening Checklist,daily_checklist,Vinod Patel,2026-05-21,2026-05-18,No,2026-05
2084,101,21,2026-05-22 07:09:00,75.0,80.0,16.0,Queenie Verma,Store Manager,Bhopal - MP Nagar,Bhopal,Madhya Pradesh,Opening Checklist,daily_checklist,Vinod Patel,2026-05-22,2026-05-18,No,2026-05
2085,102,71,2026-05-22 21:39:00,87.5,80.0,16.0,Hemant Kapoor,Crew Member,Bhopal - MP Nagar,Bhopal,Madhya Pradesh,Closing Checklist,daily_checklist,Vinod Patel,2026-05-22,2026-05-18,Yes,2026-05
2086,101,71,2026-05-24 09:16:00,87.5,80.0,16.0,Hemant Kapoor,Crew Member,Bhopal - MP Nagar,Bhopal,Madhya Pradesh,Opening Checklist,daily_checklist,Vinod Patel,2026-05-24,2026-05-18,Yes,2026-05
2087,102,71,2026-05-24 21:04:00,87.5,80.0,16.0,Hemant Kapoor,Crew Member,Bhopal - MP Nagar,Bhopal,Madhya Pradesh,Closing Checklist,daily_checklist,Vinod Patel,2026-05-24,2026-05-18,Yes,2026-05
2088,101,21,2026-05-25 09:16:00,75.0,80.0,16.0,Queenie Verma,Store Manager,Bhopal - MP Nagar,Bhopal,Madhya Pradesh,Opening Checklist,daily_checklist,Vinod Patel,2026-05-25,2026-05-25,No,2026-05
2089,102,21,2026-05-25 21:57:00,100.0,80.0,16.0,Queenie Verma,Store Manager,Bhopal - MP Nagar,Bhopal,Madhya Pradesh,Closing Checklist,daily_checklist,Vinod Patel,2026-05-25,2026-05-25,Yes,2026-05
2090,101,71,2026-05-26 09:40:00,62.5,80.0,16.0,Hemant Kapoor,Crew Member,Bhopal - MP Nagar,Bhopal,Madhya Pradesh,Opening Checklist,daily_checklist,Vinod Patel,2026-05-26,2026-05-25,No,2026-05
2091,102,21,2026-05-26 21:42:00,87.5,80.0,16.0,Queenie Verma,Store Manager,Bhopal - MP Nagar,Bhopal,Madhya Pradesh,Closing Checklist,daily_checklist,Vinod Patel,2026-05-26,2026-05-25,Yes,2026-05
2092,102,73,2026-05-28 21:44:00,87.5,80.0,16.0,Simran Joshi,Crew Member,Bhopal - MP Nagar,Bhopal,Madhya Pradesh,Closing Checklist,daily_checklist,Vinod Patel,2026-05-28,2026-05-25,Yes,2026-05
2093,101,21,2026-05-30 09:00:00,62.5,80.0,16.0,Queenie Verma,Store Manager,Bhopal - MP Nagar,Bhopal,Madhya Pradesh,Opening Checklist,daily_checklist,Vinod Patel,2026-05-30,2026-05-25,No,2026-05
2094,101,21,2026-05-31 08:27:00,75.0,80.0,16.0,Queenie Verma,Store Manager,Bhopal - MP Nagar,Bhopal,Madhya Pradesh,Opening Checklist,daily_checklist,Vinod Patel,2026-05-31,2026-05-25,No,2026-05
2095,101,71,2026-06-01 09:49:00,62.5,80.0,16.0,Hemant Kapoor,Crew Member,Bhopal - MP Nagar,Bhopal,Madhya Pradesh,Opening Checklist,daily_checklist,Vinod Patel,2026-06-01,2026-06-01,No,2026-06
2096,102,71,2026-06-01 23:14:00,75.0,80.0,16.0,Hemant Kapoor,Crew Member,Bhopal - MP Nagar,Bhopal,Madhya Pradesh,Closing Checklist,daily_checklist,Vinod Patel,2026-06-01,2026-06-01,No,2026-06
2097,101,21,2026-06-02 09:52:00,100.0,80.0,16.0,Queenie Verma,Store Manager,Bhopal - MP Nagar,Bhopal,Madhya Pradesh,Opening Checklist,daily_checklist,Vinod Patel,2026-06-02,2026-06-01,Yes,2026-06
2098,101,73,2026-06-03 07:36:00,87.5,80.0,16.0,Simran Joshi,Crew Member,Bhopal - MP Nagar,Bhopal,Madhya Pradesh,Opening Checklist,daily_checklist,Vinod Patel,2026-06-03,2026-06-01,Yes,2026-06
2099,102,73,2026-06-03 22:43:00,62.5,80.0,16.0,Simran Joshi,Crew Member,Bhopal - MP Nagar,Bhopal,Madhya Pradesh,Closing Checklist,daily_checklist,Vinod Patel,2026-06-03,2026-06-01,No,2026-06
2100,102,71,2026-06-04 21:40:00,75.0,80.0,16.0,Hemant Kapoor,Crew Member,Bhopal - MP Nagar,Bhopal,Madhya Pradesh,Closing Checklist,daily_checklist,Vinod Patel,2026-06-04,2026-06-01,No,2026-06
2101,101,73,2026-06-05 09:54:00,100.0,80.0,16.0,Simran Joshi,Crew Member,Bhopal - MP Nagar,Bhopal,Madhya Pradesh,Opening Checklist,daily_checklist,Vinod Patel,2026-06-05,2026-06-01,Yes,2026-06
2102,102,21,2026-06-05 21:53:00,75.0,80.0,16.0,Queenie Verma,Store Manager,Bhopal - MP Nagar,Bhopal,Madhya Pradesh,Closing Checklist,daily_checklist,Vinod Patel,2026-06-05,2026-06-01,No,2026-06
2103,101,72,2026-06-08 09:12:00,87.5,80.0,16.0,Girish Chopra,Crew Member,Bhopal - MP Nagar,Bhopal,Madhya Pradesh,Opening Checklist,daily_checklist,Vinod Patel,2026-06-08,2026-06-08,Yes,2026-06
2104,102,21,2026-06-08 23:02:00,75.0,80.0,16.0,Queenie Verma,Store Manager,Bhopal - MP Nagar,Bhopal,Madhya Pradesh,Closing Checklist,daily_checklist,Vinod Patel,2026-06-08,2026-06-08,No,2026-06
2105,101,21,2026-06-09 08:44:00,100.0,80.0,16.0,Queenie Verma,Store Manager,Bhopal - MP Nagar,Bhopal,Madhya Pradesh,Opening Checklist,daily_checklist,Vinod Patel,2026-06-09,2026-06-08,Yes,2026-06
2106,101,73,2026-06-10 07:40:00,62.5,80.0,16.0,Simran Joshi,Crew Member,Bhopal - MP Nagar,Bhopal,Madhya Pradesh,Opening Checklist,daily_checklist,Vinod Patel,2026-06-10,2026-06-08,No,2026-06
2107,102,21,2026-06-11 22:05:00,100.0,80.0,16.0,Queenie Verma,Store Manager,Bhopal - MP Nagar,Bhopal,Madhya Pradesh,Closing Checklist,daily_checklist,Vinod Patel,2026-06-11,2026-06-08,Yes,2026-06
2108,101,72,2026-06-12 07:02:00,62.5,80.0,16.0,Girish Chopra,Crew Member,Bhopal - MP Nagar,Bhopal,Madhya Pradesh,Opening Checklist,daily_checklist,Vinod Patel,2026-06-12,2026-06-08,No,2026-06
2109,102,72,2026-06-12 21:46:00,87.5,80.0,16.0,Girish Chopra,Crew Member,Bhopal - MP Nagar,Bhopal,Madhya Pradesh,Closing Checklist,daily_checklist,Vinod Patel,2026-06-12,2026-06-08,Yes,2026-06
2110,101,73,2026-06-13 08:04:00,75.0,80.0,16.0,Simran Joshi,Crew Member,Bhopal - MP Nagar,Bhopal,Madhya Pradesh,Opening Checklist,daily_checklist,Vinod Patel,2026-06-13,2026-06-08,No,2026-06
2111,102,21,2026-06-13 22:34:00,75.0,80.0,16.0,Queenie Verma,Store Manager,Bhopal - MP Nagar,Bhopal,Madhya Pradesh,Closing Checklist,daily_checklist,Vinod Patel,2026-06-13,2026-06-08,No,2026-06
2112,102,71,2026-06-15 21:21:00,100.0,80.0,16.0,Hemant Kapoor,Crew Member,Bhopal - MP Nagar,Bhopal,Madhya Pradesh,Closing Checklist,daily_checklist,Vinod Patel,2026-06-15,2026-06-15,Yes,2026-06
2113,102,21,2026-06-17 23:02:00,100.0,80.0,16.0,Queenie Verma,Store Manager,Bhopal - MP Nagar,Bhopal,Madhya Pradesh,Closing Checklist,daily_checklist,Vinod Patel,2026-06-17,2026-06-15,Yes,2026-06
2114,101,21,2026-06-19 07:51:00,87.5,80.0,16.0,Queenie Verma,Store Manager,Bhopal - MP Nagar,Bhopal,Madhya Pradesh,Opening Checklist,daily_checklist,Vinod Patel,2026-06-19,2026-06-15,Yes,2026-06
2115,101,72,2026-06-20 09:55:00,100.0,80.0,16.0,Girish Chopra,Crew Member,Bhopal - MP Nagar,Bhopal,Madhya Pradesh,Opening Checklist,daily_checklist,Vinod Patel,2026-06-20,2026-06-15,Yes,2026-06
2116,101,72,2026-06-23 09:37:00,100.0,80.0,16.0,Girish Chopra,Crew Member,Bhopal - MP Nagar,Bhopal,Madhya Pradesh,Opening Checklist,daily_checklist,Vinod Patel,2026-06-23,2026-06-22,Yes,2026-06
2117,102,72,2026-06-23 21:02:00,87.5,80.0,16.0,Girish Chopra,Crew Member,Bhopal - MP Nagar,Bhopal,Madhya Pradesh,Closing Checklist,daily_checklist,Vinod Patel,2026-06-23,2026-06-22,Yes,2026-06
2118,101,21,2026-06-24 09:01:00,100.0,80.0,16.0,Queenie Verma,Store Manager,Bhopal - MP Nagar,Bhopal,Madhya Pradesh,Opening Checklist,daily_checklist,Vinod Patel,2026-06-24,2026-06-22,Yes,2026-06
2119,102,72,2026-06-24 23:02:00,75.0,80.0,16.0,Girish Chopra,Crew Member,Bhopal - MP Nagar,Bhopal,Madhya Pradesh,Closing Checklist,daily_checklist,Vinod Patel,2026-06-24,2026-06-22,No,2026-06
2120,101,71,2026-06-25 07:11:00,87.5,80.0,16.0,Hemant Kapoor,Crew Member,Bhopal - MP Nagar,Bhopal,Madhya Pradesh,Opening Checklist,daily_checklist,Vinod Patel,2026-06-25,2026-06-22,Yes,2026-06
2121,101,71,2026-06-26 08:52:00,100.0,80.0,16.0,Hemant Kapoor,Crew Member,Bhopal - MP Nagar,Bhopal,Madhya Pradesh,Opening Checklist,daily_checklist,Vinod Patel,2026-06-26,2026-06-22,Yes,2026-06
2122,101,72,2026-06-27 08:39:00,87.5,80.0,16.0,Girish Chopra,Crew Member,Bhopal - MP Nagar,Bhopal,Madhya Pradesh,Opening Checklist,daily_checklist,Vinod Patel,2026-06-27,2026-06-22,Yes,2026-06
2123,102,71,2026-06-28 23:04:00,62.5,80.0,16.0,Hemant Kapoor,Crew Member,Bhopal - MP Nagar,Bhopal,Madhya Pradesh,Closing Checklist,daily_checklist,Vinod Patel,2026-06-28,2026-06-22,No,2026-06
2124,101,72,2026-06-29 08:38:00,87.5,80.0,16.0,Girish Chopra,Crew Member,Bhopal - MP Nagar,Bhopal,Madhya Pradesh,Opening Checklist,daily_checklist,Vinod Patel,2026-06-29,2026-06-29,Yes,2026-06
2125,102,72,2026-06-29 21:51:00,100.0,80.0,16.0,Girish Chopra,Crew Member,Bhopal - MP Nagar,Bhopal,Madhya Pradesh,Closing Checklist,daily_checklist,Vinod Patel,2026-06-29,2026-06-29,Yes,2026-06
2126,101,21,2026-06-30 08:51:00,100.0,80.0,16.0,Queenie Verma,Store Manager,Bhopal - MP Nagar,Bhopal,Madhya Pradesh,Opening Checklist,daily_checklist,Vinod Patel,2026-06-30,2026-06-29,Yes,2026-06
2127,102,72,2026-06-30 22:07:00,100.0,80.0,16.0,Girish Chopra,Crew Member,Bhopal - MP Nagar,Bhopal,Madhya Pradesh,Closing Checklist,daily_checklist,Vinod Patel,2026-06-30,2026-06-29,Yes,2026-06
2128,101,71,2026-07-01 07:48:00,75.0,80.0,16.0,Hemant Kapoor,Crew Member,Bhopal - MP Nagar,Bhopal,Madhya Pradesh,Opening Checklist,daily_checklist,Vinod Patel,2026-07-01,2026-06-29,No,2026-07
2129,102,73,2026-07-01 23:11:00,87.5,80.0,16.0,Simran Joshi,Crew Member,Bhopal - MP Nagar,Bhopal,Madhya Pradesh,Closing Checklist,daily_checklist,Vinod Patel,2026-07-01,2026-06-29,Yes,2026-07
2130,101,72,2026-07-02 07:17:00,62.5,80.0,16.0,Girish Chopra,Crew Member,Bhopal - MP Nagar,Bhopal,Madhya Pradesh,Opening Checklist,daily_checklist,Vinod Patel,2026-07-02,2026-06-29,No,2026-07
2131,101,73,2026-07-03 08:10:00,87.5,80.0,16.0,Simran Joshi,Crew Member,Bhopal - MP Nagar,Bhopal,Madhya Pradesh,Opening Checklist,daily_checklist,Vinod Patel,2026-07-03,2026-06-29,Yes,2026-07
2132,102,21,2026-07-03 23:10:00,87.5,80.0,16.0,Queenie Verma,Store Manager,Bhopal - MP Nagar,Bhopal,Madhya Pradesh,Closing Checklist,daily_checklist,Vinod Patel,2026-07-03,2026-06-29,Yes,2026-07
2133,101,72,2026-07-04 09:02:00,87.5,80.0,16.0,Girish Chopra,Crew Member,Bhopal - MP Nagar,Bhopal,Madhya Pradesh,Opening Checklist,daily_checklist,Vinod Patel,2026-07-04,2026-06-29,Yes,2026-07
2134,102,21,2026-07-04 21:50:00,87.5,80.0,16.0,Queenie Verma,Store Manager,Bhopal - MP Nagar,Bhopal,Madhya Pradesh,Closing Checklist,daily_checklist,Vinod Patel,2026-07-04,2026-06-29,Yes,2026-07
2135,102,21,2026-07-05 21:56:00,87.5,80.0,16.0,Queenie Verma,Store Manager,Bhopal - MP Nagar,Bhopal,Madhya Pradesh,Closing Checklist,daily_checklist,Vinod Patel,2026-07-05,2026-06-29,Yes,2026-07
2136,102,72,2026-07-06 21:00:00,100.0,80.0,16.0,Girish Chopra,Crew Member,Bhopal - MP Nagar,Bhopal,Madhya Pradesh,Closing Checklist,daily_checklist,Vinod Patel,2026-07-06,2026-07-06,Yes,2026-07
2137,101,73,2026-07-07 09:41:00,62.5,80.0,16.0,Simran Joshi,Crew Member,Bhopal - MP Nagar,Bhopal,Madhya Pradesh,Opening Checklist,daily_checklist,Vinod Patel,2026-07-07,2026-07-06,No,2026-07
2138,102,21,2026-07-07 22:44:00,87.5,80.0,16.0,Queenie Verma,Store Manager,Bhopal - MP Nagar,Bhopal,Madhya Pradesh,Closing Checklist,daily_checklist,Vinod Patel,2026-07-07,2026-07-06,Yes,2026-07
2139,101,73,2026-07-08 07:09:00,62.5,80.0,16.0,Simran Joshi,Crew Member,Bhopal - MP Nagar,Bhopal,Madhya Pradesh,Opening Checklist,daily_checklist,Vinod Patel,2026-07-08,2026-07-06,No,2026-07
2140,102,21,2026-07-08 23:28:00,100.0,80.0,16.0,Queenie Verma,Store Manager,Bhopal - MP Nagar,Bhopal,Madhya Pradesh,Closing Checklist,daily_checklist,Vinod Patel,2026-07-08,2026-07-06,Yes,2026-07
2141,102,71,2026-07-12 21:39:00,87.5,80.0,16.0,Hemant Kapoor,Crew Member,Bhopal - MP Nagar,Bhopal,Madhya Pradesh,Closing Checklist,daily_checklist,Vinod Patel,2026-07-12,2026-07-06,Yes,2026-07
2142,101,21,2026-07-13 07:45:00,100.0,80.0,16.0,Queenie Verma,Store Manager,Bhopal - MP Nagar,Bhopal,Madhya Pradesh,Opening Checklist,daily_checklist,Vinod Patel,2026-07-13,2026-07-13,Yes,2026-07
2143,102,73,2026-07-14 23:05:00,75.0,80.0,16.0,Simran Joshi,Crew Member,Bhopal - MP Nagar,Bhopal,Madhya Pradesh,Closing Checklist,daily_checklist,Vinod Patel,2026-07-14,2026-07-13,No,2026-07
2144,101,72,2026-07-15 08:00:00,75.0,80.0,16.0,Girish Chopra,Crew Member,Bhopal - MP Nagar,Bhopal,Madhya Pradesh,Opening Checklist,daily_checklist,Vinod Patel,2026-07-15,2026-07-13,No,2026-07
2145,102,71,2026-07-15 21:07:00,100.0,80.0,16.0,Hemant Kapoor,Crew Member,Bhopal - MP Nagar,Bhopal,Madhya Pradesh,Closing Checklist,daily_checklist,Vinod Patel,2026-07-15,2026-07-13,Yes,2026-07
2146,101,72,2026-07-16 08:55:00,75.0,80.0,16.0,Girish Chopra,Crew Member,Bhopal - MP Nagar,Bhopal,Madhya Pradesh,Opening Checklist,daily_checklist,Vinod Patel,2026-07-16,2026-07-13,No,2026-07
2147,102,72,2026-07-16 22:49:00,100.0,80.0,16.0,Girish Chopra,Crew Member,Bhopal - MP Nagar,Bhopal,Madhya Pradesh,Closing Checklist,daily_checklist,Vinod Patel,2026-07-16,2026-07-13,Yes,2026-07
2148,102,71,2026-07-17 21:12:00,87.5,80.0,16.0,Hemant Kapoor,Crew Member,Bhopal - MP Nagar,Bhopal,Madhya Pradesh,Closing Checklist,daily_checklist,Vinod Patel,2026-07-17,2026-07-13,Yes,2026-07
2149,101,21,2026-07-18 09:54:00,87.5,80.0,16.0,Queenie Verma,Store Manager,Bhopal - MP Nagar,Bhopal,Madhya Pradesh,Opening Checklist,daily_checklist,Vinod Patel,2026-07-18,2026-07-13,Yes,2026-07
2150,102,72,2026-07-18 22:11:00,62.5,80.0,16.0,Girish Chopra,Crew Member,Bhopal - MP Nagar,Bhopal,Madhya Pradesh,Closing Checklist,daily_checklist,Vinod Patel,2026-07-18,2026-07-13,No,2026-07
2151,101,73,2026-07-19 07:41:00,87.5,80.0,16.0,Simran Joshi,Crew Member,Bhopal - MP Nagar,Bhopal,Madhya Pradesh,Opening Checklist,daily_checklist,Vinod Patel,2026-07-19,2026-07-13,Yes,2026-07
2152,102,21,2026-07-19 22:13:00,100.0,80.0,16.0,Queenie Verma,Store Manager,Bhopal - MP Nagar,Bhopal,Madhya Pradesh,Closing Checklist,daily_checklist,Vinod Patel,2026-07-19,2026-07-13,Yes,2026-07
2153,102,21,2026-07-20 22:39:00,75.0,80.0,16.0,Queenie Verma,Store Manager,Bhopal - MP Nagar,Bhopal,Madhya Pradesh,Closing Checklist,daily_checklist,Vinod Patel,2026-07-20,2026-07-20,No,2026-07
2154,101,71,2026-07-21 07:47:00,75.0,80.0,16.0,Hemant Kapoor,Crew Member,Bhopal - MP Nagar,Bhopal,Madhya Pradesh,Opening Checklist,daily_checklist,Vinod Patel,2026-07-21,2026-07-20,No,2026-07
2155,102,72,2026-07-21 23:11:00,87.5,80.0,16.0,Girish Chopra,Crew Member,Bhopal - MP Nagar,Bhopal,Madhya Pradesh,Closing Checklist,daily_checklist,Vinod Patel,2026-07-21,2026-07-20,Yes,2026-07
2156,102,71,2026-07-22 22:32:00,75.0,80.0,16.0,Hemant Kapoor,Crew Member,Bhopal - MP Nagar,Bhopal,Madhya Pradesh,Closing Checklist,daily_checklist,Vinod Patel,2026-07-22,2026-07-20,No,2026-07
2157,101,21,2026-07-23 07:46:00,87.5,80.0,16.0,Queenie Verma,Store Manager,Bhopal - MP Nagar,Bhopal,Madhya Pradesh,Opening Checklist,daily_checklist,Vinod Patel,2026-07-23,2026-07-20,Yes,2026-07
2158,102,73,2026-07-23 23:37:00,100.0,80.0,16.0,Simran Joshi,Crew Member,Bhopal - MP Nagar,Bhopal,Madhya Pradesh,Closing Checklist,daily_checklist,Vinod Patel,2026-07-23,2026-07-20,Yes,2026-07
2159,101,73,2026-07-24 07:47:00,100.0,80.0,16.0,Simran Joshi,Crew Member,Bhopal - MP Nagar,Bhopal,Madhya Pradesh,Opening Checklist,daily_checklist,Vinod Patel,2026-07-24,2026-07-20,Yes,2026-07
2160,102,71,2026-07-24 21:49:00,75.0,80.0,16.0,Hemant Kapoor,Crew Member,Bhopal - MP Nagar,Bhopal,Madhya Pradesh,Closing Checklist,daily_checklist,Vinod Patel,2026-07-24,2026-07-20,No,2026-07
2161,101,72,2026-07-25 07:06:00,87.5,80.0,16.0,Girish Chopra,Crew Member,Bhopal - MP Nagar,Bhopal,Madhya Pradesh,Opening Checklist,daily_checklist,Vinod Patel,2026-07-25,2026-07-20,Yes,2026-07
2162,101,72,2026-07-28 09:26:00,62.5,80.0,16.0,Girish Chopra,Crew Member,Bhopal - MP Nagar,Bhopal,Madhya Pradesh,Opening Checklist,daily_checklist,Vinod Patel,2026-07-28,2026-07-27,No,2026-07
2163,102,72,2026-07-28 22:57:00,75.0,80.0,16.0,Girish Chopra,Crew Member,Bhopal - MP Nagar,Bhopal,Madhya Pradesh,Closing Checklist,daily_checklist,Vinod Patel,2026-07-28,2026-07-27,No,2026-07
2164,101,21,2026-07-29 08:37:00,87.5,80.0,16.0,Queenie Verma,Store Manager,Bhopal - MP Nagar,Bhopal,Madhya Pradesh,Opening Checklist,daily_checklist,Vinod Patel,2026-07-29,2026-07-27,Yes,2026-07
2165,102,21,2026-07-29 21:56:00,87.5,80.0,16.0,Queenie Verma,Store Manager,Bhopal - MP Nagar,Bhopal,Madhya Pradesh,Closing Checklist,daily_checklist,Vinod Patel,2026-07-29,2026-07-27,Yes,2026-07
2166,101,21,2026-07-30 07:59:00,62.5,80.0,16.0,Queenie Verma,Store Manager,Bhopal - MP Nagar,Bhopal,Madhya Pradesh,Opening Checklist,daily_checklist,Vinod Patel,2026-07-30,2026-07-27,No,2026-07
2167,102,73,2026-07-30 21:24:00,75.0,80.0,16.0,Simran Joshi,Crew Member,Bhopal - MP Nagar,Bhopal,Madhya Pradesh,Closing Checklist,daily_checklist,Vinod Patel,2026-07-30,2026-07-27,No,2026-07
2168,102,72,2026-07-31 22:46:00,100.0,80.0,16.0,Girish Chopra,Crew Member,Bhopal - MP Nagar,Bhopal,Madhya Pradesh,Closing Checklist,daily_checklist,Vinod Patel,2026-07-31,2026-07-27,Yes,2026-07
2169,102,73,2026-08-01 22:12:00,87.5,80.0,16.0,Simran Joshi,Crew Member,Bhopal - MP Nagar,Bhopal,Madhya Pradesh,Closing Checklist,daily_checklist,Vinod Patel,2026-08-01,2026-07-27,Yes,2026-08
2170,101,71,2026-08-02 07:44:00,75.0,80.0,16.0,Hemant Kapoor,Crew Member,Bhopal - MP Nagar,Bhopal,Madhya Pradesh,Opening Checklist,daily_checklist,Vinod Patel,2026-08-02,2026-07-27,No,2026-08
2171,102,71,2026-08-02 22:08:00,100.0,80.0,16.0,Hemant Kapoor,Crew Member,Bhopal - MP Nagar,Bhopal,Madhya Pradesh,Closing Checklist,daily_checklist,Vinod Patel,2026-08-02,2026-07-27,Yes,2026-08
2172,101,72,2026-08-03 08:26:00,87.5,80.0,16.0,Girish Chopra,Crew Member,Bhopal - MP Nagar,Bhopal,Madhya Pradesh,Opening Checklist,daily_checklist,Vinod Patel,2026-08-03,2026-08-03,Yes,2026-08
2173,102,73,2026-08-03 22:14:00,87.5,80.0,16.0,Simran Joshi,Crew Member,Bhopal - MP Nagar,Bhopal,Madhya Pradesh,Closing Checklist,daily_checklist,Vinod Patel,2026-08-03,2026-08-03,Yes,2026-08
2174,101,72,2026-08-04 07:50:00,87.5,80.0,16.0,Girish Chopra,Crew Member,Bhopal - MP Nagar,Bhopal,Madhya Pradesh,Opening Checklist,daily_checklist,Vinod Patel,2026-08-04,2026-08-03,Yes,2026-08
2175,101,72,2026-08-05 09:35:00,87.5,80.0,16.0,Girish Chopra,Crew Member,Bhopal - MP Nagar,Bhopal,Madhya Pradesh,Opening Checklist,daily_checklist,Vinod Patel,2026-08-05,2026-08-03,Yes,2026-08
2176,102,21,2026-08-05 21:26:00,87.5,80.0,16.0,Queenie Verma,Store Manager,Bhopal - MP Nagar,Bhopal,Madhya Pradesh,Closing Checklist,daily_checklist,Vinod Patel,2026-08-05,2026-08-03,Yes,2026-08
2177,102,21,2026-08-06 23:30:00,100.0,80.0,16.0,Queenie Verma,Store Manager,Bhopal - MP Nagar,Bhopal,Madhya Pradesh,Closing Checklist,daily_checklist,Vinod Patel,2026-08-06,2026-08-03,Yes,2026-08
2178,101,21,2026-08-07 07:46:00,100.0,80.0,16.0,Queenie Verma,Store Manager,Bhopal - MP Nagar,Bhopal,Madhya Pradesh,Opening Checklist,daily_checklist,Vinod Patel,2026-08-07,2026-08-03,Yes,2026-08
2179,102,72,2026-08-07 23:55:00,100.0,80.0,16.0,Girish Chopra,Crew Member,Bhopal - MP Nagar,Bhopal,Madhya Pradesh,Closing Checklist,daily_checklist,Vinod Patel,2026-08-07,2026-08-03,Yes,2026-08
2180,101,72,2026-08-08 08:27:00,100.0,80.0,16.0,Girish Chopra,Crew Member,Bhopal - MP Nagar,Bhopal,Madhya Pradesh,Opening Checklist,daily_checklist,Vinod Patel,2026-08-08,2026-08-03,Yes,2026-08
2181,102,71,2026-08-08 23:09:00,50.0,80.0,16.0,Hemant Kapoor,Crew Member,Bhopal - MP Nagar,Bhopal,Madhya Pradesh,Closing Checklist,daily_checklist,Vinod Patel,2026-08-08,2026-08-03,No,2026-08
2182,101,21,2026-08-09 07:02:00,87.5,80.0,16.0,Queenie Verma,Store Manager,Bhopal - MP Nagar,Bhopal,Madhya Pradesh,Opening Checklist,daily_checklist,Vinod Patel,2026-08-09,2026-08-03,Yes,2026-08
2183,102,71,2026-08-09 23:49:00,100.0,80.0,16.0,Hemant Kapoor,Crew Member,Bhopal - MP Nagar,Bhopal,Madhya Pradesh,Closing Checklist,daily_checklist,Vinod Patel,2026-08-09,2026-08-03,Yes,2026-08
2184,101,21,2026-08-10 09:25:00,87.5,80.0,16.0,Queenie Verma,Store Manager,Bhopal - MP Nagar,Bhopal,Madhya Pradesh,Opening Checklist,daily_checklist,Vinod Patel,2026-08-10,2026-08-10,Yes,2026-08
2185,102,71,2026-08-10 23:52:00,62.5,80.0,16.0,Hemant Kapoor,Crew Member,Bhopal - MP Nagar,Bhopal,Madhya Pradesh,Closing Checklist,daily_checklist,Vinod Patel,2026-08-10,2026-08-10,No,2026-08
2186,101,71,2026-08-11 08:15:00,100.0,80.0,16.0,Hemant Kapoor,Crew Member,Bhopal - MP Nagar,Bhopal,Madhya Pradesh,Opening Checklist,daily_checklist,Vinod Patel,2026-08-11,2026-08-10,Yes,2026-08
2187,102,71,2026-08-11 23:48:00,100.0,80.0,16.0,Hemant Kapoor,Crew Member,Bhopal - MP Nagar,Bhopal,Madhya Pradesh,Closing Checklist,daily_checklist,Vinod Patel,2026-08-11,2026-08-10,Yes,2026-08
2188,102,73,2026-08-12 21:08:00,62.5,80.0,16.0,Simran Joshi,Crew Member,Bhopal - MP Nagar,Bhopal,Madhya Pradesh,Closing Checklist,daily_checklist,Vinod Patel,2026-08-12,2026-08-10,No,2026-08
2189,101,71,2026-08-13 07:41:00,87.5,80.0,16.0,Hemant Kapoor,Crew Member,Bhopal - MP Nagar,Bhopal,Madhya Pradesh,Opening Checklist,daily_checklist,Vinod Patel,2026-08-13,2026-08-10,Yes,2026-08
2190,102,73,2026-08-13 21:30:00,87.5,80.0,16.0,Simran Joshi,Crew Member,Bhopal - MP Nagar,Bhopal,Madhya Pradesh,Closing Checklist,daily_checklist,Vinod Patel,2026-08-13,2026-08-10,Yes,2026-08
2191,101,71,2026-08-14 09:29:00,100.0,80.0,16.0,Hemant Kapoor,Crew Member,Bhopal - MP Nagar,Bhopal,Madhya Pradesh,Opening Checklist,daily_checklist,Vinod Patel,2026-08-14,2026-08-10,Yes,2026-08
2192,102,72,2026-08-14 22:29:00,87.5,80.0,16.0,Girish Chopra,Crew Member,Bhopal - MP Nagar,Bhopal,Madhya Pradesh,Closing Checklist,daily_checklist,Vinod Patel,2026-08-14,2026-08-10,Yes,2026-08
2193,101,73,2026-08-15 07:50:00,50.0,80.0,16.0,Simran Joshi,Crew Member,Bhopal - MP Nagar,Bhopal,Madhya Pradesh,Opening Checklist,daily_checklist,Vinod Patel,2026-08-15,2026-08-10,No,2026-08
2194,102,71,2026-08-15 23:29:00,75.0,80.0,16.0,Hemant Kapoor,Crew Member,Bhopal - MP Nagar,Bhopal,Madhya Pradesh,Closing Checklist,daily_checklist,Vinod Patel,2026-08-15,2026-08-10,No,2026-08
2195,101,73,2026-08-16 08:57:00,100.0,80.0,16.0,Simran Joshi,Crew Member,Bhopal - MP Nagar,Bhopal,Madhya Pradesh,Opening Checklist,daily_checklist,Vinod Patel,2026-08-16,2026-08-10,Yes,2026-08
2196,102,73,2026-08-16 23:02:00,87.5,80.0,16.0,Simran Joshi,Crew Member,Bhopal - MP Nagar,Bhopal,Madhya Pradesh,Closing Checklist,daily_checklist,Vinod Patel,2026-08-16,2026-08-10,Yes,2026-08
2197,101,72,2026-08-17 08:44:00,62.5,80.0,16.0,Girish Chopra,Crew Member,Bhopal - MP Nagar,Bhopal,Madhya Pradesh,Opening Checklist,daily_checklist,Vinod Patel,2026-08-17,2026-08-17,No,2026-08
2198,102,73,2026-08-17 23:05:00,50.0,80.0,16.0,Simran Joshi,Crew Member,Bhopal - MP Nagar,Bhopal,Madhya Pradesh,Closing Checklist,daily_checklist,Vinod Patel,2026-08-17,2026-08-17,No,2026-08
2199,101,76,2026-05-19 09:58:00,100.0,80.0,17.0,Sania Menon,Crew Member,Coimbatore - RS Puram,Coimbatore,Tamil Nadu,Opening Checklist,daily_checklist,Vinod Patel,2026-05-19,2026-05-18,Yes,2026-05
2200,102,22,2026-05-19 21:07:00,100.0,80.0,17.0,Kajal Iyer,Store Manager,Coimbatore - RS Puram,Coimbatore,Tamil Nadu,Closing Checklist,daily_checklist,Vinod Patel,2026-05-19,2026-05-18,Yes,2026-05
2201,101,74,2026-05-20 08:39:00,100.0,80.0,17.0,Nisha Malhotra,Crew Member,Coimbatore - RS Puram,Coimbatore,Tamil Nadu,Opening Checklist,daily_checklist,Vinod Patel,2026-05-20,2026-05-18,Yes,2026-05
2202,102,75,2026-05-20 22:23:00,100.0,80.0,17.0,Lokesh Bose,Crew Member,Coimbatore - RS Puram,Coimbatore,Tamil Nadu,Closing Checklist,daily_checklist,Vinod Patel,2026-05-20,2026-05-18,Yes,2026-05
2203,101,75,2026-05-21 09:04:00,87.5,80.0,17.0,Lokesh Bose,Crew Member,Coimbatore - RS Puram,Coimbatore,Tamil Nadu,Opening Checklist,daily_checklist,Vinod Patel,2026-05-21,2026-05-18,Yes,2026-05
2204,101,75,2026-05-22 07:21:00,87.5,80.0,17.0,Lokesh Bose,Crew Member,Coimbatore - RS Puram,Coimbatore,Tamil Nadu,Opening Checklist,daily_checklist,Vinod Patel,2026-05-22,2026-05-18,Yes,2026-05
2205,101,22,2026-05-23 09:07:00,87.5,80.0,17.0,Kajal Iyer,Store Manager,Coimbatore - RS Puram,Coimbatore,Tamil Nadu,Opening Checklist,daily_checklist,Vinod Patel,2026-05-23,2026-05-18,Yes,2026-05
2206,102,75,2026-05-23 23:48:00,87.5,80.0,17.0,Lokesh Bose,Crew Member,Coimbatore - RS Puram,Coimbatore,Tamil Nadu,Closing Checklist,daily_checklist,Vinod Patel,2026-05-23,2026-05-18,Yes,2026-05
2207,101,76,2026-05-24 08:22:00,100.0,80.0,17.0,Sania Menon,Crew Member,Coimbatore - RS Puram,Coimbatore,Tamil Nadu,Opening Checklist,daily_checklist,Vinod Patel,2026-05-24,2026-05-18,Yes,2026-05
2208,102,22,2026-05-24 23:43:00,87.5,80.0,17.0,Kajal Iyer,Store Manager,Coimbatore - RS Puram,Coimbatore,Tamil Nadu,Closing Checklist,daily_checklist,Vinod Patel,2026-05-24,2026-05-18,Yes,2026-05
2209,101,76,2026-05-25 07:04:00,100.0,80.0,17.0,Sania Menon,Crew Member,Coimbatore - RS Puram,Coimbatore,Tamil Nadu,Opening Checklist,daily_checklist,Vinod Patel,2026-05-25,2026-05-25,Yes,2026-05
2210,102,22,2026-05-25 22:28:00,100.0,80.0,17.0,Kajal Iyer,Store Manager,Coimbatore - RS Puram,Coimbatore,Tamil Nadu,Closing Checklist,daily_checklist,Vinod Patel,2026-05-25,2026-05-25,Yes,2026-05
2211,101,74,2026-05-26 09:53:00,87.5,80.0,17.0,Nisha Malhotra,Crew Member,Coimbatore - RS Puram,Coimbatore,Tamil Nadu,Opening Checklist,daily_checklist,Vinod Patel,2026-05-26,2026-05-25,Yes,2026-05
2212,102,76,2026-05-26 22:45:00,100.0,80.0,17.0,Sania Menon,Crew Member,Coimbatore - RS Puram,Coimbatore,Tamil Nadu,Closing Checklist,daily_checklist,Vinod Patel,2026-05-26,2026-05-25,Yes,2026-05
2213,101,74,2026-05-27 09:23:00,87.5,80.0,17.0,Nisha Malhotra,Crew Member,Coimbatore - RS Puram,Coimbatore,Tamil Nadu,Opening Checklist,daily_checklist,Vinod Patel,2026-05-27,2026-05-25,Yes,2026-05
2214,102,22,2026-05-27 21:57:00,100.0,80.0,17.0,Kajal Iyer,Store Manager,Coimbatore - RS Puram,Coimbatore,Tamil Nadu,Closing Checklist,daily_checklist,Vinod Patel,2026-05-27,2026-05-25,Yes,2026-05
2215,101,75,2026-05-28 07:25:00,100.0,80.0,17.0,Lokesh Bose,Crew Member,Coimbatore - RS Puram,Coimbatore,Tamil Nadu,Opening Checklist,daily_checklist,Vinod Patel,2026-05-28,2026-05-25,Yes,2026-05
2216,102,74,2026-05-28 22:04:00,100.0,80.0,17.0,Nisha Malhotra,Crew Member,Coimbatore - RS Puram,Coimbatore,Tamil Nadu,Closing Checklist,daily_checklist,Vinod Patel,2026-05-28,2026-05-25,Yes,2026-05
2217,101,75,2026-05-29 08:07:00,100.0,80.0,17.0,Lokesh Bose,Crew Member,Coimbatore - RS Puram,Coimbatore,Tamil Nadu,Opening Checklist,daily_checklist,Vinod Patel,2026-05-29,2026-05-25,Yes,2026-05
2218,102,75,2026-05-29 22:09:00,100.0,80.0,17.0,Lokesh Bose,Crew Member,Coimbatore - RS Puram,Coimbatore,Tamil Nadu,Closing Checklist,daily_checklist,Vinod Patel,2026-05-29,2026-05-25,Yes,2026-05
2219,101,76,2026-05-30 09:01:00,87.5,80.0,17.0,Sania Menon,Crew Member,Coimbatore - RS Puram,Coimbatore,Tamil Nadu,Opening Checklist,daily_checklist,Vinod Patel,2026-05-30,2026-05-25,Yes,2026-05
2220,102,75,2026-05-30 22:43:00,87.5,80.0,17.0,Lokesh Bose,Crew Member,Coimbatore - RS Puram,Coimbatore,Tamil Nadu,Closing Checklist,daily_checklist,Vinod Patel,2026-05-30,2026-05-25,Yes,2026-05
2221,101,22,2026-05-31 08:26:00,100.0,80.0,17.0,Kajal Iyer,Store Manager,Coimbatore - RS Puram,Coimbatore,Tamil Nadu,Opening Checklist,daily_checklist,Vinod Patel,2026-05-31,2026-05-25,Yes,2026-05
2222,102,74,2026-05-31 23:41:00,100.0,80.0,17.0,Nisha Malhotra,Crew Member,Coimbatore - RS Puram,Coimbatore,Tamil Nadu,Closing Checklist,daily_checklist,Vinod Patel,2026-05-31,2026-05-25,Yes,2026-05
2223,101,74,2026-06-01 07:04:00,100.0,80.0,17.0,Nisha Malhotra,Crew Member,Coimbatore - RS Puram,Coimbatore,Tamil Nadu,Opening Checklist,daily_checklist,Vinod Patel,2026-06-01,2026-06-01,Yes,2026-06
2224,101,76,2026-06-02 07:53:00,100.0,80.0,17.0,Sania Menon,Crew Member,Coimbatore - RS Puram,Coimbatore,Tamil Nadu,Opening Checklist,daily_checklist,Vinod Patel,2026-06-02,2026-06-01,Yes,2026-06
2225,102,76,2026-06-02 22:37:00,87.5,80.0,17.0,Sania Menon,Crew Member,Coimbatore - RS Puram,Coimbatore,Tamil Nadu,Closing Checklist,daily_checklist,Vinod Patel,2026-06-02,2026-06-01,Yes,2026-06
2226,101,22,2026-06-03 08:37:00,87.5,80.0,17.0,Kajal Iyer,Store Manager,Coimbatore - RS Puram,Coimbatore,Tamil Nadu,Opening Checklist,daily_checklist,Vinod Patel,2026-06-03,2026-06-01,Yes,2026-06
2227,102,75,2026-06-03 22:19:00,87.5,80.0,17.0,Lokesh Bose,Crew Member,Coimbatore - RS Puram,Coimbatore,Tamil Nadu,Closing Checklist,daily_checklist,Vinod Patel,2026-06-03,2026-06-01,Yes,2026-06
2228,101,76,2026-06-04 07:50:00,87.5,80.0,17.0,Sania Menon,Crew Member,Coimbatore - RS Puram,Coimbatore,Tamil Nadu,Opening Checklist,daily_checklist,Vinod Patel,2026-06-04,2026-06-01,Yes,2026-06
2229,102,76,2026-06-04 21:30:00,100.0,80.0,17.0,Sania Menon,Crew Member,Coimbatore - RS Puram,Coimbatore,Tamil Nadu,Closing Checklist,daily_checklist,Vinod Patel,2026-06-04,2026-06-01,Yes,2026-06
2230,102,76,2026-06-05 21:09:00,100.0,80.0,17.0,Sania Menon,Crew Member,Coimbatore - RS Puram,Coimbatore,Tamil Nadu,Closing Checklist,daily_checklist,Vinod Patel,2026-06-05,2026-06-01,Yes,2026-06
2231,102,75,2026-06-06 22:10:00,100.0,80.0,17.0,Lokesh Bose,Crew Member,Coimbatore - RS Puram,Coimbatore,Tamil Nadu,Closing Checklist,daily_checklist,Vinod Patel,2026-06-06,2026-06-01,Yes,2026-06
2232,101,75,2026-06-07 08:11:00,100.0,80.0,17.0,Lokesh Bose,Crew Member,Coimbatore - RS Puram,Coimbatore,Tamil Nadu,Opening Checklist,daily_checklist,Vinod Patel,2026-06-07,2026-06-01,Yes,2026-06
2233,101,75,2026-06-08 09:44:00,87.5,80.0,17.0,Lokesh Bose,Crew Member,Coimbatore - RS Puram,Coimbatore,Tamil Nadu,Opening Checklist,daily_checklist,Vinod Patel,2026-06-08,2026-06-08,Yes,2026-06
2234,102,74,2026-06-08 21:15:00,87.5,80.0,17.0,Nisha Malhotra,Crew Member,Coimbatore - RS Puram,Coimbatore,Tamil Nadu,Closing Checklist,daily_checklist,Vinod Patel,2026-06-08,2026-06-08,Yes,2026-06
2235,101,75,2026-06-09 08:36:00,100.0,80.0,17.0,Lokesh Bose,Crew Member,Coimbatore - RS Puram,Coimbatore,Tamil Nadu,Opening Checklist,daily_checklist,Vinod Patel,2026-06-09,2026-06-08,Yes,2026-06
2236,102,76,2026-06-09 22:16:00,100.0,80.0,17.0,Sania Menon,Crew Member,Coimbatore - RS Puram,Coimbatore,Tamil Nadu,Closing Checklist,daily_checklist,Vinod Patel,2026-06-09,2026-06-08,Yes,2026-06
2237,101,74,2026-06-10 07:35:00,100.0,80.0,17.0,Nisha Malhotra,Crew Member,Coimbatore - RS Puram,Coimbatore,Tamil Nadu,Opening Checklist,daily_checklist,Vinod Patel,2026-06-10,2026-06-08,Yes,2026-06
2238,102,76,2026-06-10 23:20:00,100.0,80.0,17.0,Sania Menon,Crew Member,Coimbatore - RS Puram,Coimbatore,Tamil Nadu,Closing Checklist,daily_checklist,Vinod Patel,2026-06-10,2026-06-08,Yes,2026-06
2239,101,75,2026-06-11 08:28:00,87.5,80.0,17.0,Lokesh Bose,Crew Member,Coimbatore - RS Puram,Coimbatore,Tamil Nadu,Opening Checklist,daily_checklist,Vinod Patel,2026-06-11,2026-06-08,Yes,2026-06
2240,102,74,2026-06-11 23:19:00,100.0,80.0,17.0,Nisha Malhotra,Crew Member,Coimbatore - RS Puram,Coimbatore,Tamil Nadu,Closing Checklist,daily_checklist,Vinod Patel,2026-06-11,2026-06-08,Yes,2026-06
2241,101,22,2026-06-12 08:59:00,87.5,80.0,17.0,Kajal Iyer,Store Manager,Coimbatore - RS Puram,Coimbatore,Tamil Nadu,Opening Checklist,daily_checklist,Vinod Patel,2026-06-12,2026-06-08,Yes,2026-06
2242,102,76,2026-06-12 21:29:00,87.5,80.0,17.0,Sania Menon,Crew Member,Coimbatore - RS Puram,Coimbatore,Tamil Nadu,Closing Checklist,daily_checklist,Vinod Patel,2026-06-12,2026-06-08,Yes,2026-06
2243,101,76,2026-06-13 07:47:00,100.0,80.0,17.0,Sania Menon,Crew Member,Coimbatore - RS Puram,Coimbatore,Tamil Nadu,Opening Checklist,daily_checklist,Vinod Patel,2026-06-13,2026-06-08,Yes,2026-06
2244,102,76,2026-06-13 23:45:00,87.5,80.0,17.0,Sania Menon,Crew Member,Coimbatore - RS Puram,Coimbatore,Tamil Nadu,Closing Checklist,daily_checklist,Vinod Patel,2026-06-13,2026-06-08,Yes,2026-06
2245,101,75,2026-06-14 08:48:00,100.0,80.0,17.0,Lokesh Bose,Crew Member,Coimbatore - RS Puram,Coimbatore,Tamil Nadu,Opening Checklist,daily_checklist,Vinod Patel,2026-06-14,2026-06-08,Yes,2026-06
2246,102,22,2026-06-14 23:46:00,100.0,80.0,17.0,Kajal Iyer,Store Manager,Coimbatore - RS Puram,Coimbatore,Tamil Nadu,Closing Checklist,daily_checklist,Vinod Patel,2026-06-14,2026-06-08,Yes,2026-06
2247,101,22,2026-06-15 09:07:00,100.0,80.0,17.0,Kajal Iyer,Store Manager,Coimbatore - RS Puram,Coimbatore,Tamil Nadu,Opening Checklist,daily_checklist,Vinod Patel,2026-06-15,2026-06-15,Yes,2026-06
2248,102,74,2026-06-15 21:08:00,100.0,80.0,17.0,Nisha Malhotra,Crew Member,Coimbatore - RS Puram,Coimbatore,Tamil Nadu,Closing Checklist,daily_checklist,Vinod Patel,2026-06-15,2026-06-15,Yes,2026-06
2249,102,75,2026-06-16 21:25:00,100.0,80.0,17.0,Lokesh Bose,Crew Member,Coimbatore - RS Puram,Coimbatore,Tamil Nadu,Closing Checklist,daily_checklist,Vinod Patel,2026-06-16,2026-06-15,Yes,2026-06
2250,101,76,2026-06-17 08:05:00,87.5,80.0,17.0,Sania Menon,Crew Member,Coimbatore - RS Puram,Coimbatore,Tamil Nadu,Opening Checklist,daily_checklist,Vinod Patel,2026-06-17,2026-06-15,Yes,2026-06
2251,102,75,2026-06-17 21:38:00,87.5,80.0,17.0,Lokesh Bose,Crew Member,Coimbatore - RS Puram,Coimbatore,Tamil Nadu,Closing Checklist,daily_checklist,Vinod Patel,2026-06-17,2026-06-15,Yes,2026-06
2252,101,76,2026-06-18 09:14:00,75.0,80.0,17.0,Sania Menon,Crew Member,Coimbatore - RS Puram,Coimbatore,Tamil Nadu,Opening Checklist,daily_checklist,Vinod Patel,2026-06-18,2026-06-15,No,2026-06
2253,102,74,2026-06-18 21:01:00,100.0,80.0,17.0,Nisha Malhotra,Crew Member,Coimbatore - RS Puram,Coimbatore,Tamil Nadu,Closing Checklist,daily_checklist,Vinod Patel,2026-06-18,2026-06-15,Yes,2026-06
2254,101,74,2026-06-19 08:43:00,100.0,80.0,17.0,Nisha Malhotra,Crew Member,Coimbatore - RS Puram,Coimbatore,Tamil Nadu,Opening Checklist,daily_checklist,Vinod Patel,2026-06-19,2026-06-15,Yes,2026-06
2255,102,75,2026-06-19 23:25:00,87.5,80.0,17.0,Lokesh Bose,Crew Member,Coimbatore - RS Puram,Coimbatore,Tamil Nadu,Closing Checklist,daily_checklist,Vinod Patel,2026-06-19,2026-06-15,Yes,2026-06
2256,102,74,2026-06-20 22:38:00,100.0,80.0,17.0,Nisha Malhotra,Crew Member,Coimbatore - RS Puram,Coimbatore,Tamil Nadu,Closing Checklist,daily_checklist,Vinod Patel,2026-06-20,2026-06-15,Yes,2026-06
2257,101,22,2026-06-21 08:09:00,100.0,80.0,17.0,Kajal Iyer,Store Manager,Coimbatore - RS Puram,Coimbatore,Tamil Nadu,Opening Checklist,daily_checklist,Vinod Patel,2026-06-21,2026-06-15,Yes,2026-06
2258,102,76,2026-06-21 22:24:00,100.0,80.0,17.0,Sania Menon,Crew Member,Coimbatore - RS Puram,Coimbatore,Tamil Nadu,Closing Checklist,daily_checklist,Vinod Patel,2026-06-21,2026-06-15,Yes,2026-06
2259,101,76,2026-06-22 08:22:00,87.5,80.0,17.0,Sania Menon,Crew Member,Coimbatore - RS Puram,Coimbatore,Tamil Nadu,Opening Checklist,daily_checklist,Vinod Patel,2026-06-22,2026-06-22,Yes,2026-06
2260,102,74,2026-06-22 22:28:00,100.0,80.0,17.0,Nisha Malhotra,Crew Member,Coimbatore - RS Puram,Coimbatore,Tamil Nadu,Closing Checklist,daily_checklist,Vinod Patel,2026-06-22,2026-06-22,Yes,2026-06
2261,101,22,2026-06-23 09:56:00,87.5,80.0,17.0,Kajal Iyer,Store Manager,Coimbatore - RS Puram,Coimbatore,Tamil Nadu,Opening Checklist,daily_checklist,Vinod Patel,2026-06-23,2026-06-22,Yes,2026-06
2262,102,22,2026-06-23 23:26:00,100.0,80.0,17.0,Kajal Iyer,Store Manager,Coimbatore - RS Puram,Coimbatore,Tamil Nadu,Closing Checklist,daily_checklist,Vinod Patel,2026-06-23,2026-06-22,Yes,2026-06
2263,101,22,2026-06-24 07:51:00,87.5,80.0,17.0,Kajal Iyer,Store Manager,Coimbatore - RS Puram,Coimbatore,Tamil Nadu,Opening Checklist,daily_checklist,Vinod Patel,2026-06-24,2026-06-22,Yes,2026-06
2264,102,22,2026-06-24 23:57:00,100.0,80.0,17.0,Kajal Iyer,Store Manager,Coimbatore - RS Puram,Coimbatore,Tamil Nadu,Closing Checklist,daily_checklist,Vinod Patel,2026-06-24,2026-06-22,Yes,2026-06
2265,101,74,2026-06-25 09:38:00,100.0,80.0,17.0,Nisha Malhotra,Crew Member,Coimbatore - RS Puram,Coimbatore,Tamil Nadu,Opening Checklist,daily_checklist,Vinod Patel,2026-06-25,2026-06-22,Yes,2026-06
2266,102,76,2026-06-25 21:13:00,87.5,80.0,17.0,Sania Menon,Crew Member,Coimbatore - RS Puram,Coimbatore,Tamil Nadu,Closing Checklist,daily_checklist,Vinod Patel,2026-06-25,2026-06-22,Yes,2026-06
2267,101,74,2026-06-26 09:21:00,100.0,80.0,17.0,Nisha Malhotra,Crew Member,Coimbatore - RS Puram,Coimbatore,Tamil Nadu,Opening Checklist,daily_checklist,Vinod Patel,2026-06-26,2026-06-22,Yes,2026-06
2268,102,22,2026-06-26 23:48:00,75.0,80.0,17.0,Kajal Iyer,Store Manager,Coimbatore - RS Puram,Coimbatore,Tamil Nadu,Closing Checklist,daily_checklist,Vinod Patel,2026-06-26,2026-06-22,No,2026-06
2269,101,76,2026-06-27 07:26:00,100.0,80.0,17.0,Sania Menon,Crew Member,Coimbatore - RS Puram,Coimbatore,Tamil Nadu,Opening Checklist,daily_checklist,Vinod Patel,2026-06-27,2026-06-22,Yes,2026-06
2270,102,22,2026-06-27 22:11:00,87.5,80.0,17.0,Kajal Iyer,Store Manager,Coimbatore - RS Puram,Coimbatore,Tamil Nadu,Closing Checklist,daily_checklist,Vinod Patel,2026-06-27,2026-06-22,Yes,2026-06
2271,102,75,2026-06-28 21:12:00,100.0,80.0,17.0,Lokesh Bose,Crew Member,Coimbatore - RS Puram,Coimbatore,Tamil Nadu,Closing Checklist,daily_checklist,Vinod Patel,2026-06-28,2026-06-22,Yes,2026-06
2272,102,22,2026-06-29 22:35:00,87.5,80.0,17.0,Kajal Iyer,Store Manager,Coimbatore - RS Puram,Coimbatore,Tamil Nadu,Closing Checklist,daily_checklist,Vinod Patel,2026-06-29,2026-06-29,Yes,2026-06
2273,101,76,2026-06-30 08:53:00,100.0,80.0,17.0,Sania Menon,Crew Member,Coimbatore - RS Puram,Coimbatore,Tamil Nadu,Opening Checklist,daily_checklist,Vinod Patel,2026-06-30,2026-06-29,Yes,2026-06
2274,101,22,2026-07-01 08:35:00,100.0,80.0,17.0,Kajal Iyer,Store Manager,Coimbatore - RS Puram,Coimbatore,Tamil Nadu,Opening Checklist,daily_checklist,Vinod Patel,2026-07-01,2026-06-29,Yes,2026-07
2275,102,74,2026-07-01 21:01:00,100.0,80.0,17.0,Nisha Malhotra,Crew Member,Coimbatore - RS Puram,Coimbatore,Tamil Nadu,Closing Checklist,daily_checklist,Vinod Patel,2026-07-01,2026-06-29,Yes,2026-07
2276,101,22,2026-07-02 08:19:00,100.0,80.0,17.0,Kajal Iyer,Store Manager,Coimbatore - RS Puram,Coimbatore,Tamil Nadu,Opening Checklist,daily_checklist,Vinod Patel,2026-07-02,2026-06-29,Yes,2026-07
2277,102,76,2026-07-02 21:41:00,100.0,80.0,17.0,Sania Menon,Crew Member,Coimbatore - RS Puram,Coimbatore,Tamil Nadu,Closing Checklist,daily_checklist,Vinod Patel,2026-07-02,2026-06-29,Yes,2026-07
2278,101,75,2026-07-03 07:31:00,87.5,80.0,17.0,Lokesh Bose,Crew Member,Coimbatore - RS Puram,Coimbatore,Tamil Nadu,Opening Checklist,daily_checklist,Vinod Patel,2026-07-03,2026-06-29,Yes,2026-07
2279,102,76,2026-07-03 21:07:00,100.0,80.0,17.0,Sania Menon,Crew Member,Coimbatore - RS Puram,Coimbatore,Tamil Nadu,Closing Checklist,daily_checklist,Vinod Patel,2026-07-03,2026-06-29,Yes,2026-07
2280,101,76,2026-07-04 07:38:00,100.0,80.0,17.0,Sania Menon,Crew Member,Coimbatore - RS Puram,Coimbatore,Tamil Nadu,Opening Checklist,daily_checklist,Vinod Patel,2026-07-04,2026-06-29,Yes,2026-07
2281,101,22,2026-07-05 09:30:00,100.0,80.0,17.0,Kajal Iyer,Store Manager,Coimbatore - RS Puram,Coimbatore,Tamil Nadu,Opening Checklist,daily_checklist,Vinod Patel,2026-07-05,2026-06-29,Yes,2026-07
2282,102,22,2026-07-05 22:40:00,100.0,80.0,17.0,Kajal Iyer,Store Manager,Coimbatore - RS Puram,Coimbatore,Tamil Nadu,Closing Checklist,daily_checklist,Vinod Patel,2026-07-05,2026-06-29,Yes,2026-07
2283,101,74,2026-07-06 08:32:00,100.0,80.0,17.0,Nisha Malhotra,Crew Member,Coimbatore - RS Puram,Coimbatore,Tamil Nadu,Opening Checklist,daily_checklist,Vinod Patel,2026-07-06,2026-07-06,Yes,2026-07
2284,102,74,2026-07-06 22:10:00,87.5,80.0,17.0,Nisha Malhotra,Crew Member,Coimbatore - RS Puram,Coimbatore,Tamil Nadu,Closing Checklist,daily_checklist,Vinod Patel,2026-07-06,2026-07-06,Yes,2026-07
2285,101,75,2026-07-07 08:29:00,100.0,80.0,17.0,Lokesh Bose,Crew Member,Coimbatore - RS Puram,Coimbatore,Tamil Nadu,Opening Checklist,daily_checklist,Vinod Patel,2026-07-07,2026-07-06,Yes,2026-07
2286,102,74,2026-07-07 22:10:00,100.0,80.0,17.0,Nisha Malhotra,Crew Member,Coimbatore - RS Puram,Coimbatore,Tamil Nadu,Closing Checklist,daily_checklist,Vinod Patel,2026-07-07,2026-07-06,Yes,2026-07
2287,101,76,2026-07-08 08:26:00,87.5,80.0,17.0,Sania Menon,Crew Member,Coimbatore - RS Puram,Coimbatore,Tamil Nadu,Opening Checklist,daily_checklist,Vinod Patel,2026-07-08,2026-07-06,Yes,2026-07
2288,102,76,2026-07-08 21:18:00,100.0,80.0,17.0,Sania Menon,Crew Member,Coimbatore - RS Puram,Coimbatore,Tamil Nadu,Closing Checklist,daily_checklist,Vinod Patel,2026-07-08,2026-07-06,Yes,2026-07
2289,101,74,2026-07-09 09:59:00,87.5,80.0,17.0,Nisha Malhotra,Crew Member,Coimbatore - RS Puram,Coimbatore,Tamil Nadu,Opening Checklist,daily_checklist,Vinod Patel,2026-07-09,2026-07-06,Yes,2026-07
2290,102,75,2026-07-09 23:12:00,100.0,80.0,17.0,Lokesh Bose,Crew Member,Coimbatore - RS Puram,Coimbatore,Tamil Nadu,Closing Checklist,daily_checklist,Vinod Patel,2026-07-09,2026-07-06,Yes,2026-07
2291,101,75,2026-07-10 09:48:00,87.5,80.0,17.0,Lokesh Bose,Crew Member,Coimbatore - RS Puram,Coimbatore,Tamil Nadu,Opening Checklist,daily_checklist,Vinod Patel,2026-07-10,2026-07-06,Yes,2026-07
2292,102,76,2026-07-10 23:20:00,100.0,80.0,17.0,Sania Menon,Crew Member,Coimbatore - RS Puram,Coimbatore,Tamil Nadu,Closing Checklist,daily_checklist,Vinod Patel,2026-07-10,2026-07-06,Yes,2026-07
2293,101,76,2026-07-11 08:43:00,87.5,80.0,17.0,Sania Menon,Crew Member,Coimbatore - RS Puram,Coimbatore,Tamil Nadu,Opening Checklist,daily_checklist,Vinod Patel,2026-07-11,2026-07-06,Yes,2026-07
2294,102,76,2026-07-11 21:34:00,75.0,80.0,17.0,Sania Menon,Crew Member,Coimbatore - RS Puram,Coimbatore,Tamil Nadu,Closing Checklist,daily_checklist,Vinod Patel,2026-07-11,2026-07-06,No,2026-07
2295,101,76,2026-07-12 07:08:00,100.0,80.0,17.0,Sania Menon,Crew Member,Coimbatore - RS Puram,Coimbatore,Tamil Nadu,Opening Checklist,daily_checklist,Vinod Patel,2026-07-12,2026-07-06,Yes,2026-07
2296,102,22,2026-07-12 22:49:00,87.5,80.0,17.0,Kajal Iyer,Store Manager,Coimbatore - RS Puram,Coimbatore,Tamil Nadu,Closing Checklist,daily_checklist,Vinod Patel,2026-07-12,2026-07-06,Yes,2026-07
2297,101,75,2026-07-13 08:58:00,100.0,80.0,17.0,Lokesh Bose,Crew Member,Coimbatore - RS Puram,Coimbatore,Tamil Nadu,Opening Checklist,daily_checklist,Vinod Patel,2026-07-13,2026-07-13,Yes,2026-07
2298,102,75,2026-07-13 21:13:00,100.0,80.0,17.0,Lokesh Bose,Crew Member,Coimbatore - RS Puram,Coimbatore,Tamil Nadu,Closing Checklist,daily_checklist,Vinod Patel,2026-07-13,2026-07-13,Yes,2026-07
2299,101,75,2026-07-14 07:53:00,100.0,80.0,17.0,Lokesh Bose,Crew Member,Coimbatore - RS Puram,Coimbatore,Tamil Nadu,Opening Checklist,daily_checklist,Vinod Patel,2026-07-14,2026-07-13,Yes,2026-07
2300,102,74,2026-07-14 23:39:00,87.5,80.0,17.0,Nisha Malhotra,Crew Member,Coimbatore - RS Puram,Coimbatore,Tamil Nadu,Closing Checklist,daily_checklist,Vinod Patel,2026-07-14,2026-07-13,Yes,2026-07
2301,101,74,2026-07-15 08:58:00,100.0,80.0,17.0,Nisha Malhotra,Crew Member,Coimbatore - RS Puram,Coimbatore,Tamil Nadu,Opening Checklist,daily_checklist,Vinod Patel,2026-07-15,2026-07-13,Yes,2026-07
2302,102,75,2026-07-15 21:52:00,75.0,80.0,17.0,Lokesh Bose,Crew Member,Coimbatore - RS Puram,Coimbatore,Tamil Nadu,Closing Checklist,daily_checklist,Vinod Patel,2026-07-15,2026-07-13,No,2026-07
2303,101,76,2026-07-16 08:22:00,100.0,80.0,17.0,Sania Menon,Crew Member,Coimbatore - RS Puram,Coimbatore,Tamil Nadu,Opening Checklist,daily_checklist,Vinod Patel,2026-07-16,2026-07-13,Yes,2026-07
2304,102,75,2026-07-16 23:23:00,100.0,80.0,17.0,Lokesh Bose,Crew Member,Coimbatore - RS Puram,Coimbatore,Tamil Nadu,Closing Checklist,daily_checklist,Vinod Patel,2026-07-16,2026-07-13,Yes,2026-07
2305,101,76,2026-07-17 09:33:00,100.0,80.0,17.0,Sania Menon,Crew Member,Coimbatore - RS Puram,Coimbatore,Tamil Nadu,Opening Checklist,daily_checklist,Vinod Patel,2026-07-17,2026-07-13,Yes,2026-07
2306,102,76,2026-07-17 21:45:00,100.0,80.0,17.0,Sania Menon,Crew Member,Coimbatore - RS Puram,Coimbatore,Tamil Nadu,Closing Checklist,daily_checklist,Vinod Patel,2026-07-17,2026-07-13,Yes,2026-07
2307,101,74,2026-07-18 09:52:00,100.0,80.0,17.0,Nisha Malhotra,Crew Member,Coimbatore - RS Puram,Coimbatore,Tamil Nadu,Opening Checklist,daily_checklist,Vinod Patel,2026-07-18,2026-07-13,Yes,2026-07
2308,102,75,2026-07-18 21:08:00,100.0,80.0,17.0,Lokesh Bose,Crew Member,Coimbatore - RS Puram,Coimbatore,Tamil Nadu,Closing Checklist,daily_checklist,Vinod Patel,2026-07-18,2026-07-13,Yes,2026-07
2309,101,75,2026-07-19 08:08:00,87.5,80.0,17.0,Lokesh Bose,Crew Member,Coimbatore - RS Puram,Coimbatore,Tamil Nadu,Opening Checklist,daily_checklist,Vinod Patel,2026-07-19,2026-07-13,Yes,2026-07
2310,102,22,2026-07-19 21:05:00,100.0,80.0,17.0,Kajal Iyer,Store Manager,Coimbatore - RS Puram,Coimbatore,Tamil Nadu,Closing Checklist,daily_checklist,Vinod Patel,2026-07-19,2026-07-13,Yes,2026-07
2311,101,22,2026-07-20 07:01:00,62.5,80.0,17.0,Kajal Iyer,Store Manager,Coimbatore - RS Puram,Coimbatore,Tamil Nadu,Opening Checklist,daily_checklist,Vinod Patel,2026-07-20,2026-07-20,No,2026-07
2312,102,75,2026-07-20 22:02:00,100.0,80.0,17.0,Lokesh Bose,Crew Member,Coimbatore - RS Puram,Coimbatore,Tamil Nadu,Closing Checklist,daily_checklist,Vinod Patel,2026-07-20,2026-07-20,Yes,2026-07
2313,101,74,2026-07-22 07:50:00,100.0,80.0,17.0,Nisha Malhotra,Crew Member,Coimbatore - RS Puram,Coimbatore,Tamil Nadu,Opening Checklist,daily_checklist,Vinod Patel,2026-07-22,2026-07-20,Yes,2026-07
2314,102,76,2026-07-22 22:07:00,87.5,80.0,17.0,Sania Menon,Crew Member,Coimbatore - RS Puram,Coimbatore,Tamil Nadu,Closing Checklist,daily_checklist,Vinod Patel,2026-07-22,2026-07-20,Yes,2026-07
2315,101,74,2026-07-23 07:19:00,87.5,80.0,17.0,Nisha Malhotra,Crew Member,Coimbatore - RS Puram,Coimbatore,Tamil Nadu,Opening Checklist,daily_checklist,Vinod Patel,2026-07-23,2026-07-20,Yes,2026-07
2316,102,74,2026-07-23 21:50:00,100.0,80.0,17.0,Nisha Malhotra,Crew Member,Coimbatore - RS Puram,Coimbatore,Tamil Nadu,Closing Checklist,daily_checklist,Vinod Patel,2026-07-23,2026-07-20,Yes,2026-07
2317,101,75,2026-07-24 07:37:00,87.5,80.0,17.0,Lokesh Bose,Crew Member,Coimbatore - RS Puram,Coimbatore,Tamil Nadu,Opening Checklist,daily_checklist,Vinod Patel,2026-07-24,2026-07-20,Yes,2026-07
2318,102,76,2026-07-24 21:42:00,87.5,80.0,17.0,Sania Menon,Crew Member,Coimbatore - RS Puram,Coimbatore,Tamil Nadu,Closing Checklist,daily_checklist,Vinod Patel,2026-07-24,2026-07-20,Yes,2026-07
2319,101,76,2026-07-25 07:09:00,75.0,80.0,17.0,Sania Menon,Crew Member,Coimbatore - RS Puram,Coimbatore,Tamil Nadu,Opening Checklist,daily_checklist,Vinod Patel,2026-07-25,2026-07-20,No,2026-07
2320,102,76,2026-07-25 23:22:00,100.0,80.0,17.0,Sania Menon,Crew Member,Coimbatore - RS Puram,Coimbatore,Tamil Nadu,Closing Checklist,daily_checklist,Vinod Patel,2026-07-25,2026-07-20,Yes,2026-07
2321,101,75,2026-07-26 09:49:00,87.5,80.0,17.0,Lokesh Bose,Crew Member,Coimbatore - RS Puram,Coimbatore,Tamil Nadu,Opening Checklist,daily_checklist,Vinod Patel,2026-07-26,2026-07-20,Yes,2026-07
2322,102,74,2026-07-26 23:36:00,87.5,80.0,17.0,Nisha Malhotra,Crew Member,Coimbatore - RS Puram,Coimbatore,Tamil Nadu,Closing Checklist,daily_checklist,Vinod Patel,2026-07-26,2026-07-20,Yes,2026-07
2323,101,74,2026-07-27 09:48:00,100.0,80.0,17.0,Nisha Malhotra,Crew Member,Coimbatore - RS Puram,Coimbatore,Tamil Nadu,Opening Checklist,daily_checklist,Vinod Patel,2026-07-27,2026-07-27,Yes,2026-07
2324,102,75,2026-07-27 23:13:00,100.0,80.0,17.0,Lokesh Bose,Crew Member,Coimbatore - RS Puram,Coimbatore,Tamil Nadu,Closing Checklist,daily_checklist,Vinod Patel,2026-07-27,2026-07-27,Yes,2026-07
2325,101,74,2026-07-28 07:57:00,100.0,80.0,17.0,Nisha Malhotra,Crew Member,Coimbatore - RS Puram,Coimbatore,Tamil Nadu,Opening Checklist,daily_checklist,Vinod Patel,2026-07-28,2026-07-27,Yes,2026-07
2326,102,75,2026-07-28 23:06:00,100.0,80.0,17.0,Lokesh Bose,Crew Member,Coimbatore - RS Puram,Coimbatore,Tamil Nadu,Closing Checklist,daily_checklist,Vinod Patel,2026-07-28,2026-07-27,Yes,2026-07
2327,101,76,2026-07-29 09:30:00,75.0,80.0,17.0,Sania Menon,Crew Member,Coimbatore - RS Puram,Coimbatore,Tamil Nadu,Opening Checklist,daily_checklist,Vinod Patel,2026-07-29,2026-07-27,No,2026-07
2328,101,75,2026-07-30 09:37:00,75.0,80.0,17.0,Lokesh Bose,Crew Member,Coimbatore - RS Puram,Coimbatore,Tamil Nadu,Opening Checklist,daily_checklist,Vinod Patel,2026-07-30,2026-07-27,No,2026-07
2329,102,74,2026-07-30 22:43:00,100.0,80.0,17.0,Nisha Malhotra,Crew Member,Coimbatore - RS Puram,Coimbatore,Tamil Nadu,Closing Checklist,daily_checklist,Vinod Patel,2026-07-30,2026-07-27,Yes,2026-07
2330,101,22,2026-07-31 08:24:00,75.0,80.0,17.0,Kajal Iyer,Store Manager,Coimbatore - RS Puram,Coimbatore,Tamil Nadu,Opening Checklist,daily_checklist,Vinod Patel,2026-07-31,2026-07-27,No,2026-07
2331,102,75,2026-07-31 21:32:00,100.0,80.0,17.0,Lokesh Bose,Crew Member,Coimbatore - RS Puram,Coimbatore,Tamil Nadu,Closing Checklist,daily_checklist,Vinod Patel,2026-07-31,2026-07-27,Yes,2026-07
2332,101,76,2026-08-01 07:48:00,75.0,80.0,17.0,Sania Menon,Crew Member,Coimbatore - RS Puram,Coimbatore,Tamil Nadu,Opening Checklist,daily_checklist,Vinod Patel,2026-08-01,2026-07-27,No,2026-08
2333,102,74,2026-08-01 21:29:00,100.0,80.0,17.0,Nisha Malhotra,Crew Member,Coimbatore - RS Puram,Coimbatore,Tamil Nadu,Closing Checklist,daily_checklist,Vinod Patel,2026-08-01,2026-07-27,Yes,2026-08
2334,101,76,2026-08-02 07:31:00,100.0,80.0,17.0,Sania Menon,Crew Member,Coimbatore - RS Puram,Coimbatore,Tamil Nadu,Opening Checklist,daily_checklist,Vinod Patel,2026-08-02,2026-07-27,Yes,2026-08
2335,102,74,2026-08-02 23:18:00,100.0,80.0,17.0,Nisha Malhotra,Crew Member,Coimbatore - RS Puram,Coimbatore,Tamil Nadu,Closing Checklist,daily_checklist,Vinod Patel,2026-08-02,2026-07-27,Yes,2026-08
2336,101,74,2026-08-03 08:31:00,100.0,80.0,17.0,Nisha Malhotra,Crew Member,Coimbatore - RS Puram,Coimbatore,Tamil Nadu,Opening Checklist,daily_checklist,Vinod Patel,2026-08-03,2026-08-03,Yes,2026-08
2337,102,22,2026-08-03 22:18:00,100.0,80.0,17.0,Kajal Iyer,Store Manager,Coimbatore - RS Puram,Coimbatore,Tamil Nadu,Closing Checklist,daily_checklist,Vinod Patel,2026-08-03,2026-08-03,Yes,2026-08
2338,101,22,2026-08-04 09:19:00,75.0,80.0,17.0,Kajal Iyer,Store Manager,Coimbatore - RS Puram,Coimbatore,Tamil Nadu,Opening Checklist,daily_checklist,Vinod Patel,2026-08-04,2026-08-03,No,2026-08
2339,102,22,2026-08-04 21:35:00,87.5,80.0,17.0,Kajal Iyer,Store Manager,Coimbatore - RS Puram,Coimbatore,Tamil Nadu,Closing Checklist,daily_checklist,Vinod Patel,2026-08-04,2026-08-03,Yes,2026-08
2340,101,74,2026-08-05 08:12:00,87.5,80.0,17.0,Nisha Malhotra,Crew Member,Coimbatore - RS Puram,Coimbatore,Tamil Nadu,Opening Checklist,daily_checklist,Vinod Patel,2026-08-05,2026-08-03,Yes,2026-08
2341,102,76,2026-08-05 22:43:00,100.0,80.0,17.0,Sania Menon,Crew Member,Coimbatore - RS Puram,Coimbatore,Tamil Nadu,Closing Checklist,daily_checklist,Vinod Patel,2026-08-05,2026-08-03,Yes,2026-08
2342,102,22,2026-08-06 21:43:00,100.0,80.0,17.0,Kajal Iyer,Store Manager,Coimbatore - RS Puram,Coimbatore,Tamil Nadu,Closing Checklist,daily_checklist,Vinod Patel,2026-08-06,2026-08-03,Yes,2026-08
2343,101,74,2026-08-07 08:28:00,62.5,80.0,17.0,Nisha Malhotra,Crew Member,Coimbatore - RS Puram,Coimbatore,Tamil Nadu,Opening Checklist,daily_checklist,Vinod Patel,2026-08-07,2026-08-03,No,2026-08
2344,102,22,2026-08-07 21:09:00,100.0,80.0,17.0,Kajal Iyer,Store Manager,Coimbatore - RS Puram,Coimbatore,Tamil Nadu,Closing Checklist,daily_checklist,Vinod Patel,2026-08-07,2026-08-03,Yes,2026-08
2345,101,74,2026-08-08 09:37:00,100.0,80.0,17.0,Nisha Malhotra,Crew Member,Coimbatore - RS Puram,Coimbatore,Tamil Nadu,Opening Checklist,daily_checklist,Vinod Patel,2026-08-08,2026-08-03,Yes,2026-08
2346,102,75,2026-08-08 23:59:00,100.0,80.0,17.0,Lokesh Bose,Crew Member,Coimbatore - RS Puram,Coimbatore,Tamil Nadu,Closing Checklist,daily_checklist,Vinod Patel,2026-08-08,2026-08-03,Yes,2026-08
2347,101,76,2026-08-09 08:12:00,87.5,80.0,17.0,Sania Menon,Crew Member,Coimbatore - RS Puram,Coimbatore,Tamil Nadu,Opening Checklist,daily_checklist,Vinod Patel,2026-08-09,2026-08-03,Yes,2026-08
2348,102,22,2026-08-09 21:38:00,100.0,80.0,17.0,Kajal Iyer,Store Manager,Coimbatore - RS Puram,Coimbatore,Tamil Nadu,Closing Checklist,daily_checklist,Vinod Patel,2026-08-09,2026-08-03,Yes,2026-08
2349,101,22,2026-08-10 07:53:00,87.5,80.0,17.0,Kajal Iyer,Store Manager,Coimbatore - RS Puram,Coimbatore,Tamil Nadu,Opening Checklist,daily_checklist,Vinod Patel,2026-08-10,2026-08-10,Yes,2026-08
2350,102,76,2026-08-10 23:31:00,100.0,80.0,17.0,Sania Menon,Crew Member,Coimbatore - RS Puram,Coimbatore,Tamil Nadu,Closing Checklist,daily_checklist,Vinod Patel,2026-08-10,2026-08-10,Yes,2026-08
2351,101,22,2026-08-11 09:17:00,87.5,80.0,17.0,Kajal Iyer,Store Manager,Coimbatore - RS Puram,Coimbatore,Tamil Nadu,Opening Checklist,daily_checklist,Vinod Patel,2026-08-11,2026-08-10,Yes,2026-08
2352,102,22,2026-08-11 22:30:00,100.0,80.0,17.0,Kajal Iyer,Store Manager,Coimbatore - RS Puram,Coimbatore,Tamil Nadu,Closing Checklist,daily_checklist,Vinod Patel,2026-08-11,2026-08-10,Yes,2026-08
2353,101,75,2026-08-12 09:17:00,87.5,80.0,17.0,Lokesh Bose,Crew Member,Coimbatore - RS Puram,Coimbatore,Tamil Nadu,Opening Checklist,daily_checklist,Vinod Patel,2026-08-12,2026-08-10,Yes,2026-08
2354,102,74,2026-08-12 22:06:00,87.5,80.0,17.0,Nisha Malhotra,Crew Member,Coimbatore - RS Puram,Coimbatore,Tamil Nadu,Closing Checklist,daily_checklist,Vinod Patel,2026-08-12,2026-08-10,Yes,2026-08
2355,101,75,2026-08-13 08:31:00,75.0,80.0,17.0,Lokesh Bose,Crew Member,Coimbatore - RS Puram,Coimbatore,Tamil Nadu,Opening Checklist,daily_checklist,Vinod Patel,2026-08-13,2026-08-10,No,2026-08
2356,102,74,2026-08-13 23:08:00,100.0,80.0,17.0,Nisha Malhotra,Crew Member,Coimbatore - RS Puram,Coimbatore,Tamil Nadu,Closing Checklist,daily_checklist,Vinod Patel,2026-08-13,2026-08-10,Yes,2026-08
2357,102,74,2026-08-14 23:03:00,100.0,80.0,17.0,Nisha Malhotra,Crew Member,Coimbatore - RS Puram,Coimbatore,Tamil Nadu,Closing Checklist,daily_checklist,Vinod Patel,2026-08-14,2026-08-10,Yes,2026-08
2358,101,75,2026-08-15 09:01:00,75.0,80.0,17.0,Lokesh Bose,Crew Member,Coimbatore - RS Puram,Coimbatore,Tamil Nadu,Opening Checklist,daily_checklist,Vinod Patel,2026-08-15,2026-08-10,No,2026-08
2359,102,76,2026-08-15 22:38:00,100.0,80.0,17.0,Sania Menon,Crew Member,Coimbatore - RS Puram,Coimbatore,Tamil Nadu,Closing Checklist,daily_checklist,Vinod Patel,2026-08-15,2026-08-10,Yes,2026-08
2360,101,74,2026-08-16 08:39:00,100.0,80.0,17.0,Nisha Malhotra,Crew Member,Coimbatore - RS Puram,Coimbatore,Tamil Nadu,Opening Checklist,daily_checklist,Vinod Patel,2026-08-16,2026-08-10,Yes,2026-08
2361,102,22,2026-08-16 21:42:00,100.0,80.0,17.0,Kajal Iyer,Store Manager,Coimbatore - RS Puram,Coimbatore,Tamil Nadu,Closing Checklist,daily_checklist,Vinod Patel,2026-08-16,2026-08-10,Yes,2026-08
2362,101,22,2026-08-17 07:18:00,100.0,80.0,17.0,Kajal Iyer,Store Manager,Coimbatore - RS Puram,Coimbatore,Tamil Nadu,Opening Checklist,daily_checklist,Vinod Patel,2026-08-17,2026-08-17,Yes,2026-08
2363,102,76,2026-08-17 22:32:00,100.0,80.0,17.0,Sania Menon,Crew Member,Coimbatore - RS Puram,Coimbatore,Tamil Nadu,Closing Checklist,daily_checklist,Vinod Patel,2026-08-17,2026-08-17,Yes,2026-08
2364,102,77,2026-05-19 22:51:00,75.0,80.0,18.0,Vikram Pillai,Crew Member,Vadodara - Alkapuri,Vadodara,Gujarat,Closing Checklist,daily_checklist,Vinod Patel,2026-05-19,2026-05-18,No,2026-05
2365,101,77,2026-05-20 08:56:00,62.5,80.0,18.0,Vikram Pillai,Crew Member,Vadodara - Alkapuri,Vadodara,Gujarat,Opening Checklist,daily_checklist,Vinod Patel,2026-05-20,2026-05-18,No,2026-05
2366,102,79,2026-05-20 22:28:00,100.0,80.0,18.0,Gunjan Kulkarni,Crew Member,Vadodara - Alkapuri,Vadodara,Gujarat,Closing Checklist,daily_checklist,Vinod Patel,2026-05-20,2026-05-18,Yes,2026-05
2367,101,77,2026-05-21 08:29:00,75.0,80.0,18.0,Vikram Pillai,Crew Member,Vadodara - Alkapuri,Vadodara,Gujarat,Opening Checklist,daily_checklist,Vinod Patel,2026-05-21,2026-05-18,No,2026-05
2368,102,79,2026-05-21 21:11:00,62.5,80.0,18.0,Gunjan Kulkarni,Crew Member,Vadodara - Alkapuri,Vadodara,Gujarat,Closing Checklist,daily_checklist,Vinod Patel,2026-05-21,2026-05-18,No,2026-05
2369,101,78,2026-05-22 08:27:00,87.5,80.0,18.0,Manish Bhat,Crew Member,Vadodara - Alkapuri,Vadodara,Gujarat,Opening Checklist,daily_checklist,Vinod Patel,2026-05-22,2026-05-18,Yes,2026-05
2370,102,23,2026-05-22 22:45:00,87.5,80.0,18.0,Aparna Nair,Store Manager,Vadodara - Alkapuri,Vadodara,Gujarat,Closing Checklist,daily_checklist,Vinod Patel,2026-05-22,2026-05-18,Yes,2026-05
2371,101,23,2026-05-23 07:36:00,87.5,80.0,18.0,Aparna Nair,Store Manager,Vadodara - Alkapuri,Vadodara,Gujarat,Opening Checklist,daily_checklist,Vinod Patel,2026-05-23,2026-05-18,Yes,2026-05
2372,101,23,2026-05-24 09:35:00,100.0,80.0,18.0,Aparna Nair,Store Manager,Vadodara - Alkapuri,Vadodara,Gujarat,Opening Checklist,daily_checklist,Vinod Patel,2026-05-24,2026-05-18,Yes,2026-05
2373,102,78,2026-05-25 22:35:00,75.0,80.0,18.0,Manish Bhat,Crew Member,Vadodara - Alkapuri,Vadodara,Gujarat,Closing Checklist,daily_checklist,Vinod Patel,2026-05-25,2026-05-25,No,2026-05
2374,101,79,2026-05-26 07:25:00,75.0,80.0,18.0,Gunjan Kulkarni,Crew Member,Vadodara - Alkapuri,Vadodara,Gujarat,Opening Checklist,daily_checklist,Vinod Patel,2026-05-26,2026-05-25,No,2026-05
2375,102,23,2026-05-26 22:37:00,75.0,80.0,18.0,Aparna Nair,Store Manager,Vadodara - Alkapuri,Vadodara,Gujarat,Closing Checklist,daily_checklist,Vinod Patel,2026-05-26,2026-05-25,No,2026-05
2376,102,79,2026-05-27 23:22:00,87.5,80.0,18.0,Gunjan Kulkarni,Crew Member,Vadodara - Alkapuri,Vadodara,Gujarat,Closing Checklist,daily_checklist,Vinod Patel,2026-05-27,2026-05-25,Yes,2026-05
2377,101,77,2026-05-28 07:01:00,87.5,80.0,18.0,Vikram Pillai,Crew Member,Vadodara - Alkapuri,Vadodara,Gujarat,Opening Checklist,daily_checklist,Vinod Patel,2026-05-28,2026-05-25,Yes,2026-05
2378,102,79,2026-05-28 21:53:00,100.0,80.0,18.0,Gunjan Kulkarni,Crew Member,Vadodara - Alkapuri,Vadodara,Gujarat,Closing Checklist,daily_checklist,Vinod Patel,2026-05-28,2026-05-25,Yes,2026-05
2379,102,77,2026-05-29 23:37:00,87.5,80.0,18.0,Vikram Pillai,Crew Member,Vadodara - Alkapuri,Vadodara,Gujarat,Closing Checklist,daily_checklist,Vinod Patel,2026-05-29,2026-05-25,Yes,2026-05
2380,101,23,2026-05-30 08:06:00,75.0,80.0,18.0,Aparna Nair,Store Manager,Vadodara - Alkapuri,Vadodara,Gujarat,Opening Checklist,daily_checklist,Vinod Patel,2026-05-30,2026-05-25,No,2026-05
2381,102,23,2026-05-30 22:22:00,100.0,80.0,18.0,Aparna Nair,Store Manager,Vadodara - Alkapuri,Vadodara,Gujarat,Closing Checklist,daily_checklist,Vinod Patel,2026-05-30,2026-05-25,Yes,2026-05
2382,102,78,2026-05-31 21:42:00,75.0,80.0,18.0,Manish Bhat,Crew Member,Vadodara - Alkapuri,Vadodara,Gujarat,Closing Checklist,daily_checklist,Vinod Patel,2026-05-31,2026-05-25,No,2026-05
2383,101,79,2026-06-01 07:41:00,87.5,80.0,18.0,Gunjan Kulkarni,Crew Member,Vadodara - Alkapuri,Vadodara,Gujarat,Opening Checklist,daily_checklist,Vinod Patel,2026-06-01,2026-06-01,Yes,2026-06
2384,102,77,2026-06-01 23:05:00,62.5,80.0,18.0,Vikram Pillai,Crew Member,Vadodara - Alkapuri,Vadodara,Gujarat,Closing Checklist,daily_checklist,Vinod Patel,2026-06-01,2026-06-01,No,2026-06
2385,101,78,2026-06-02 07:21:00,75.0,80.0,18.0,Manish Bhat,Crew Member,Vadodara - Alkapuri,Vadodara,Gujarat,Opening Checklist,daily_checklist,Vinod Patel,2026-06-02,2026-06-01,No,2026-06
2386,102,79,2026-06-02 21:34:00,100.0,80.0,18.0,Gunjan Kulkarni,Crew Member,Vadodara - Alkapuri,Vadodara,Gujarat,Closing Checklist,daily_checklist,Vinod Patel,2026-06-02,2026-06-01,Yes,2026-06
2387,102,23,2026-06-03 22:42:00,87.5,80.0,18.0,Aparna Nair,Store Manager,Vadodara - Alkapuri,Vadodara,Gujarat,Closing Checklist,daily_checklist,Vinod Patel,2026-06-03,2026-06-01,Yes,2026-06
2388,102,23,2026-06-05 23:57:00,75.0,80.0,18.0,Aparna Nair,Store Manager,Vadodara - Alkapuri,Vadodara,Gujarat,Closing Checklist,daily_checklist,Vinod Patel,2026-06-05,2026-06-01,No,2026-06
2389,101,23,2026-06-08 07:44:00,87.5,80.0,18.0,Aparna Nair,Store Manager,Vadodara - Alkapuri,Vadodara,Gujarat,Opening Checklist,daily_checklist,Vinod Patel,2026-06-08,2026-06-08,Yes,2026-06
2390,101,79,2026-06-09 09:01:00,87.5,80.0,18.0,Gunjan Kulkarni,Crew Member,Vadodara - Alkapuri,Vadodara,Gujarat,Opening Checklist,daily_checklist,Vinod Patel,2026-06-09,2026-06-08,Yes,2026-06
2391,102,23,2026-06-10 22:36:00,100.0,80.0,18.0,Aparna Nair,Store Manager,Vadodara - Alkapuri,Vadodara,Gujarat,Closing Checklist,daily_checklist,Vinod Patel,2026-06-10,2026-06-08,Yes,2026-06
2392,102,23,2026-06-11 23:06:00,87.5,80.0,18.0,Aparna Nair,Store Manager,Vadodara - Alkapuri,Vadodara,Gujarat,Closing Checklist,daily_checklist,Vinod Patel,2026-06-11,2026-06-08,Yes,2026-06
2393,101,78,2026-06-12 09:43:00,87.5,80.0,18.0,Manish Bhat,Crew Member,Vadodara - Alkapuri,Vadodara,Gujarat,Opening Checklist,daily_checklist,Vinod Patel,2026-06-12,2026-06-08,Yes,2026-06
2394,102,79,2026-06-12 22:31:00,87.5,80.0,18.0,Gunjan Kulkarni,Crew Member,Vadodara - Alkapuri,Vadodara,Gujarat,Closing Checklist,daily_checklist,Vinod Patel,2026-06-12,2026-06-08,Yes,2026-06
2395,101,79,2026-06-13 09:19:00,100.0,80.0,18.0,Gunjan Kulkarni,Crew Member,Vadodara - Alkapuri,Vadodara,Gujarat,Opening Checklist,daily_checklist,Vinod Patel,2026-06-13,2026-06-08,Yes,2026-06
2396,102,23,2026-06-13 22:12:00,75.0,80.0,18.0,Aparna Nair,Store Manager,Vadodara - Alkapuri,Vadodara,Gujarat,Closing Checklist,daily_checklist,Vinod Patel,2026-06-13,2026-06-08,No,2026-06
2397,101,79,2026-06-14 09:13:00,87.5,80.0,18.0,Gunjan Kulkarni,Crew Member,Vadodara - Alkapuri,Vadodara,Gujarat,Opening Checklist,daily_checklist,Vinod Patel,2026-06-14,2026-06-08,Yes,2026-06
2398,101,79,2026-06-15 08:03:00,62.5,80.0,18.0,Gunjan Kulkarni,Crew Member,Vadodara - Alkapuri,Vadodara,Gujarat,Opening Checklist,daily_checklist,Vinod Patel,2026-06-15,2026-06-15,No,2026-06
2399,102,78,2026-06-15 23:25:00,87.5,80.0,18.0,Manish Bhat,Crew Member,Vadodara - Alkapuri,Vadodara,Gujarat,Closing Checklist,daily_checklist,Vinod Patel,2026-06-15,2026-06-15,Yes,2026-06
2400,101,77,2026-06-16 09:05:00,87.5,80.0,18.0,Vikram Pillai,Crew Member,Vadodara - Alkapuri,Vadodara,Gujarat,Opening Checklist,daily_checklist,Vinod Patel,2026-06-16,2026-06-15,Yes,2026-06
2401,102,79,2026-06-16 23:21:00,75.0,80.0,18.0,Gunjan Kulkarni,Crew Member,Vadodara - Alkapuri,Vadodara,Gujarat,Closing Checklist,daily_checklist,Vinod Patel,2026-06-16,2026-06-15,No,2026-06
2402,101,23,2026-06-17 09:51:00,87.5,80.0,18.0,Aparna Nair,Store Manager,Vadodara - Alkapuri,Vadodara,Gujarat,Opening Checklist,daily_checklist,Vinod Patel,2026-06-17,2026-06-15,Yes,2026-06
2403,101,79,2026-06-18 08:13:00,62.5,80.0,18.0,Gunjan Kulkarni,Crew Member,Vadodara - Alkapuri,Vadodara,Gujarat,Opening Checklist,daily_checklist,Vinod Patel,2026-06-18,2026-06-15,No,2026-06
2404,102,79,2026-06-19 21:41:00,75.0,80.0,18.0,Gunjan Kulkarni,Crew Member,Vadodara - Alkapuri,Vadodara,Gujarat,Closing Checklist,daily_checklist,Vinod Patel,2026-06-19,2026-06-15,No,2026-06
2405,101,79,2026-06-21 08:27:00,62.5,80.0,18.0,Gunjan Kulkarni,Crew Member,Vadodara - Alkapuri,Vadodara,Gujarat,Opening Checklist,daily_checklist,Vinod Patel,2026-06-21,2026-06-15,No,2026-06
2406,101,23,2026-06-22 07:26:00,87.5,80.0,18.0,Aparna Nair,Store Manager,Vadodara - Alkapuri,Vadodara,Gujarat,Opening Checklist,daily_checklist,Vinod Patel,2026-06-22,2026-06-22,Yes,2026-06
2407,102,23,2026-06-22 22:39:00,50.0,80.0,18.0,Aparna Nair,Store Manager,Vadodara - Alkapuri,Vadodara,Gujarat,Closing Checklist,daily_checklist,Vinod Patel,2026-06-22,2026-06-22,No,2026-06
2408,102,77,2026-06-24 21:56:00,87.5,80.0,18.0,Vikram Pillai,Crew Member,Vadodara - Alkapuri,Vadodara,Gujarat,Closing Checklist,daily_checklist,Vinod Patel,2026-06-24,2026-06-22,Yes,2026-06
2409,101,23,2026-06-25 07:36:00,50.0,80.0,18.0,Aparna Nair,Store Manager,Vadodara - Alkapuri,Vadodara,Gujarat,Opening Checklist,daily_checklist,Vinod Patel,2026-06-25,2026-06-22,No,2026-06
2410,101,23,2026-06-26 07:42:00,87.5,80.0,18.0,Aparna Nair,Store Manager,Vadodara - Alkapuri,Vadodara,Gujarat,Opening Checklist,daily_checklist,Vinod Patel,2026-06-26,2026-06-22,Yes,2026-06
2411,102,23,2026-06-26 22:59:00,75.0,80.0,18.0,Aparna Nair,Store Manager,Vadodara - Alkapuri,Vadodara,Gujarat,Closing Checklist,daily_checklist,Vinod Patel,2026-06-26,2026-06-22,No,2026-06
2412,101,77,2026-06-27 09:40:00,87.5,80.0,18.0,Vikram Pillai,Crew Member,Vadodara - Alkapuri,Vadodara,Gujarat,Opening Checklist,daily_checklist,Vinod Patel,2026-06-27,2026-06-22,Yes,2026-06
2413,102,79,2026-06-28 23:12:00,75.0,80.0,18.0,Gunjan Kulkarni,Crew Member,Vadodara - Alkapuri,Vadodara,Gujarat,Closing Checklist,daily_checklist,Vinod Patel,2026-06-28,2026-06-22,No,2026-06
2414,101,78,2026-06-29 07:15:00,87.5,80.0,18.0,Manish Bhat,Crew Member,Vadodara - Alkapuri,Vadodara,Gujarat,Opening Checklist,daily_checklist,Vinod Patel,2026-06-29,2026-06-29,Yes,2026-06
2415,102,79,2026-06-29 23:43:00,62.5,80.0,18.0,Gunjan Kulkarni,Crew Member,Vadodara - Alkapuri,Vadodara,Gujarat,Closing Checklist,daily_checklist,Vinod Patel,2026-06-29,2026-06-29,No,2026-06
2416,101,77,2026-06-30 08:20:00,75.0,80.0,18.0,Vikram Pillai,Crew Member,Vadodara - Alkapuri,Vadodara,Gujarat,Opening Checklist,daily_checklist,Vinod Patel,2026-06-30,2026-06-29,No,2026-06
2417,102,23,2026-07-01 23:13:00,75.0,80.0,18.0,Aparna Nair,Store Manager,Vadodara - Alkapuri,Vadodara,Gujarat,Closing Checklist,daily_checklist,Vinod Patel,2026-07-01,2026-06-29,No,2026-07
2418,101,78,2026-07-02 08:41:00,87.5,80.0,18.0,Manish Bhat,Crew Member,Vadodara - Alkapuri,Vadodara,Gujarat,Opening Checklist,daily_checklist,Vinod Patel,2026-07-02,2026-06-29,Yes,2026-07
2419,101,78,2026-07-03 08:43:00,75.0,80.0,18.0,Manish Bhat,Crew Member,Vadodara - Alkapuri,Vadodara,Gujarat,Opening Checklist,daily_checklist,Vinod Patel,2026-07-03,2026-06-29,No,2026-07
2420,102,77,2026-07-03 22:15:00,62.5,80.0,18.0,Vikram Pillai,Crew Member,Vadodara - Alkapuri,Vadodara,Gujarat,Closing Checklist,daily_checklist,Vinod Patel,2026-07-03,2026-06-29,No,2026-07
2421,101,78,2026-07-04 07:01:00,37.5,80.0,18.0,Manish Bhat,Crew Member,Vadodara - Alkapuri,Vadodara,Gujarat,Opening Checklist,daily_checklist,Vinod Patel,2026-07-04,2026-06-29,No,2026-07
2422,102,23,2026-07-04 22:29:00,75.0,80.0,18.0,Aparna Nair,Store Manager,Vadodara - Alkapuri,Vadodara,Gujarat,Closing Checklist,daily_checklist,Vinod Patel,2026-07-04,2026-06-29,No,2026-07
2423,102,77,2026-07-05 22:27:00,75.0,80.0,18.0,Vikram Pillai,Crew Member,Vadodara - Alkapuri,Vadodara,Gujarat,Closing Checklist,daily_checklist,Vinod Patel,2026-07-05,2026-06-29,No,2026-07
2424,101,78,2026-07-06 07:17:00,75.0,80.0,18.0,Manish Bhat,Crew Member,Vadodara - Alkapuri,Vadodara,Gujarat,Opening Checklist,daily_checklist,Vinod Patel,2026-07-06,2026-07-06,No,2026-07
2425,102,79,2026-07-06 21:16:00,75.0,80.0,18.0,Gunjan Kulkarni,Crew Member,Vadodara - Alkapuri,Vadodara,Gujarat,Closing Checklist,daily_checklist,Vinod Patel,2026-07-06,2026-07-06,No,2026-07
2426,101,77,2026-07-08 07:41:00,87.5,80.0,18.0,Vikram Pillai,Crew Member,Vadodara - Alkapuri,Vadodara,Gujarat,Opening Checklist,daily_checklist,Vinod Patel,2026-07-08,2026-07-06,Yes,2026-07
2427,102,77,2026-07-08 23:31:00,75.0,80.0,18.0,Vikram Pillai,Crew Member,Vadodara - Alkapuri,Vadodara,Gujarat,Closing Checklist,daily_checklist,Vinod Patel,2026-07-08,2026-07-06,No,2026-07
2428,101,79,2026-07-09 07:20:00,87.5,80.0,18.0,Gunjan Kulkarni,Crew Member,Vadodara - Alkapuri,Vadodara,Gujarat,Opening Checklist,daily_checklist,Vinod Patel,2026-07-09,2026-07-06,Yes,2026-07
2429,102,23,2026-07-09 21:57:00,87.5,80.0,18.0,Aparna Nair,Store Manager,Vadodara - Alkapuri,Vadodara,Gujarat,Closing Checklist,daily_checklist,Vinod Patel,2026-07-09,2026-07-06,Yes,2026-07
2430,101,77,2026-07-10 09:42:00,62.5,80.0,18.0,Vikram Pillai,Crew Member,Vadodara - Alkapuri,Vadodara,Gujarat,Opening Checklist,daily_checklist,Vinod Patel,2026-07-10,2026-07-06,No,2026-07
2431,101,78,2026-07-11 08:53:00,87.5,80.0,18.0,Manish Bhat,Crew Member,Vadodara - Alkapuri,Vadodara,Gujarat,Opening Checklist,daily_checklist,Vinod Patel,2026-07-11,2026-07-06,Yes,2026-07
2432,101,77,2026-07-12 07:07:00,87.5,80.0,18.0,Vikram Pillai,Crew Member,Vadodara - Alkapuri,Vadodara,Gujarat,Opening Checklist,daily_checklist,Vinod Patel,2026-07-12,2026-07-06,Yes,2026-07
2433,102,79,2026-07-12 23:42:00,87.5,80.0,18.0,Gunjan Kulkarni,Crew Member,Vadodara - Alkapuri,Vadodara,Gujarat,Closing Checklist,daily_checklist,Vinod Patel,2026-07-12,2026-07-06,Yes,2026-07
2434,101,77,2026-07-13 07:15:00,62.5,80.0,18.0,Vikram Pillai,Crew Member,Vadodara - Alkapuri,Vadodara,Gujarat,Opening Checklist,daily_checklist,Vinod Patel,2026-07-13,2026-07-13,No,2026-07
2435,102,23,2026-07-13 22:21:00,100.0,80.0,18.0,Aparna Nair,Store Manager,Vadodara - Alkapuri,Vadodara,Gujarat,Closing Checklist,daily_checklist,Vinod Patel,2026-07-13,2026-07-13,Yes,2026-07
2436,101,78,2026-07-14 08:13:00,87.5,80.0,18.0,Manish Bhat,Crew Member,Vadodara - Alkapuri,Vadodara,Gujarat,Opening Checklist,daily_checklist,Vinod Patel,2026-07-14,2026-07-13,Yes,2026-07
2437,102,78,2026-07-14 21:11:00,75.0,80.0,18.0,Manish Bhat,Crew Member,Vadodara - Alkapuri,Vadodara,Gujarat,Closing Checklist,daily_checklist,Vinod Patel,2026-07-14,2026-07-13,No,2026-07
2438,102,79,2026-07-15 22:26:00,62.5,80.0,18.0,Gunjan Kulkarni,Crew Member,Vadodara - Alkapuri,Vadodara,Gujarat,Closing Checklist,daily_checklist,Vinod Patel,2026-07-15,2026-07-13,No,2026-07
2439,102,79,2026-07-16 21:31:00,62.5,80.0,18.0,Gunjan Kulkarni,Crew Member,Vadodara - Alkapuri,Vadodara,Gujarat,Closing Checklist,daily_checklist,Vinod Patel,2026-07-16,2026-07-13,No,2026-07
2440,101,23,2026-07-17 08:34:00,75.0,80.0,18.0,Aparna Nair,Store Manager,Vadodara - Alkapuri,Vadodara,Gujarat,Opening Checklist,daily_checklist,Vinod Patel,2026-07-17,2026-07-13,No,2026-07
2441,102,78,2026-07-17 22:43:00,87.5,80.0,18.0,Manish Bhat,Crew Member,Vadodara - Alkapuri,Vadodara,Gujarat,Closing Checklist,daily_checklist,Vinod Patel,2026-07-17,2026-07-13,Yes,2026-07
2442,101,23,2026-07-18 07:23:00,100.0,80.0,18.0,Aparna Nair,Store Manager,Vadodara - Alkapuri,Vadodara,Gujarat,Opening Checklist,daily_checklist,Vinod Patel,2026-07-18,2026-07-13,Yes,2026-07
2443,102,79,2026-07-18 23:23:00,87.5,80.0,18.0,Gunjan Kulkarni,Crew Member,Vadodara - Alkapuri,Vadodara,Gujarat,Closing Checklist,daily_checklist,Vinod Patel,2026-07-18,2026-07-13,Yes,2026-07
2444,102,77,2026-07-20 23:57:00,75.0,80.0,18.0,Vikram Pillai,Crew Member,Vadodara - Alkapuri,Vadodara,Gujarat,Closing Checklist,daily_checklist,Vinod Patel,2026-07-20,2026-07-20,No,2026-07
2445,102,78,2026-07-21 23:58:00,100.0,80.0,18.0,Manish Bhat,Crew Member,Vadodara - Alkapuri,Vadodara,Gujarat,Closing Checklist,daily_checklist,Vinod Patel,2026-07-21,2026-07-20,Yes,2026-07
2446,102,79,2026-07-23 23:24:00,75.0,80.0,18.0,Gunjan Kulkarni,Crew Member,Vadodara - Alkapuri,Vadodara,Gujarat,Closing Checklist,daily_checklist,Vinod Patel,2026-07-23,2026-07-20,No,2026-07
2447,101,78,2026-07-24 09:07:00,75.0,80.0,18.0,Manish Bhat,Crew Member,Vadodara - Alkapuri,Vadodara,Gujarat,Opening Checklist,daily_checklist,Vinod Patel,2026-07-24,2026-07-20,No,2026-07
2448,102,77,2026-07-24 22:24:00,62.5,80.0,18.0,Vikram Pillai,Crew Member,Vadodara - Alkapuri,Vadodara,Gujarat,Closing Checklist,daily_checklist,Vinod Patel,2026-07-24,2026-07-20,No,2026-07
2449,101,77,2026-07-25 08:19:00,62.5,80.0,18.0,Vikram Pillai,Crew Member,Vadodara - Alkapuri,Vadodara,Gujarat,Opening Checklist,daily_checklist,Vinod Patel,2026-07-25,2026-07-20,No,2026-07
2450,102,78,2026-07-25 21:19:00,75.0,80.0,18.0,Manish Bhat,Crew Member,Vadodara - Alkapuri,Vadodara,Gujarat,Closing Checklist,daily_checklist,Vinod Patel,2026-07-25,2026-07-20,No,2026-07
2451,101,79,2026-07-26 08:40:00,75.0,80.0,18.0,Gunjan Kulkarni,Crew Member,Vadodara - Alkapuri,Vadodara,Gujarat,Opening Checklist,daily_checklist,Vinod Patel,2026-07-26,2026-07-20,No,2026-07
2452,102,77,2026-07-26 23:26:00,62.5,80.0,18.0,Vikram Pillai,Crew Member,Vadodara - Alkapuri,Vadodara,Gujarat,Closing Checklist,daily_checklist,Vinod Patel,2026-07-26,2026-07-20,No,2026-07
2453,101,23,2026-07-27 07:52:00,100.0,80.0,18.0,Aparna Nair,Store Manager,Vadodara - Alkapuri,Vadodara,Gujarat,Opening Checklist,daily_checklist,Vinod Patel,2026-07-27,2026-07-27,Yes,2026-07
2454,102,23,2026-07-28 22:47:00,87.5,80.0,18.0,Aparna Nair,Store Manager,Vadodara - Alkapuri,Vadodara,Gujarat,Closing Checklist,daily_checklist,Vinod Patel,2026-07-28,2026-07-27,Yes,2026-07
2455,101,77,2026-07-29 09:27:00,50.0,80.0,18.0,Vikram Pillai,Crew Member,Vadodara - Alkapuri,Vadodara,Gujarat,Opening Checklist,daily_checklist,Vinod Patel,2026-07-29,2026-07-27,No,2026-07
2456,102,79,2026-07-29 21:44:00,100.0,80.0,18.0,Gunjan Kulkarni,Crew Member,Vadodara - Alkapuri,Vadodara,Gujarat,Closing Checklist,daily_checklist,Vinod Patel,2026-07-29,2026-07-27,Yes,2026-07
2457,102,23,2026-07-30 21:22:00,75.0,80.0,18.0,Aparna Nair,Store Manager,Vadodara - Alkapuri,Vadodara,Gujarat,Closing Checklist,daily_checklist,Vinod Patel,2026-07-30,2026-07-27,No,2026-07
2458,102,79,2026-07-31 23:52:00,62.5,80.0,18.0,Gunjan Kulkarni,Crew Member,Vadodara - Alkapuri,Vadodara,Gujarat,Closing Checklist,daily_checklist,Vinod Patel,2026-07-31,2026-07-27,No,2026-07
2459,101,77,2026-08-01 09:01:00,62.5,80.0,18.0,Vikram Pillai,Crew Member,Vadodara - Alkapuri,Vadodara,Gujarat,Opening Checklist,daily_checklist,Vinod Patel,2026-08-01,2026-07-27,No,2026-08
2460,102,78,2026-08-01 23:41:00,87.5,80.0,18.0,Manish Bhat,Crew Member,Vadodara - Alkapuri,Vadodara,Gujarat,Closing Checklist,daily_checklist,Vinod Patel,2026-08-01,2026-07-27,Yes,2026-08
2461,102,77,2026-08-02 23:08:00,75.0,80.0,18.0,Vikram Pillai,Crew Member,Vadodara - Alkapuri,Vadodara,Gujarat,Closing Checklist,daily_checklist,Vinod Patel,2026-08-02,2026-07-27,No,2026-08
2462,101,79,2026-08-03 07:40:00,87.5,80.0,18.0,Gunjan Kulkarni,Crew Member,Vadodara - Alkapuri,Vadodara,Gujarat,Opening Checklist,daily_checklist,Vinod Patel,2026-08-03,2026-08-03,Yes,2026-08
2463,102,77,2026-08-03 22:36:00,62.5,80.0,18.0,Vikram Pillai,Crew Member,Vadodara - Alkapuri,Vadodara,Gujarat,Closing Checklist,daily_checklist,Vinod Patel,2026-08-03,2026-08-03,No,2026-08
2464,101,78,2026-08-05 07:15:00,75.0,80.0,18.0,Manish Bhat,Crew Member,Vadodara - Alkapuri,Vadodara,Gujarat,Opening Checklist,daily_checklist,Vinod Patel,2026-08-05,2026-08-03,No,2026-08
2465,102,23,2026-08-05 23:43:00,87.5,80.0,18.0,Aparna Nair,Store Manager,Vadodara - Alkapuri,Vadodara,Gujarat,Closing Checklist,daily_checklist,Vinod Patel,2026-08-05,2026-08-03,Yes,2026-08
2466,101,78,2026-08-06 08:30:00,100.0,80.0,18.0,Manish Bhat,Crew Member,Vadodara - Alkapuri,Vadodara,Gujarat,Opening Checklist,daily_checklist,Vinod Patel,2026-08-06,2026-08-03,Yes,2026-08
2467,102,79,2026-08-06 22:11:00,75.0,80.0,18.0,Gunjan Kulkarni,Crew Member,Vadodara - Alkapuri,Vadodara,Gujarat,Closing Checklist,daily_checklist,Vinod Patel,2026-08-06,2026-08-03,No,2026-08
2468,101,23,2026-08-07 07:05:00,87.5,80.0,18.0,Aparna Nair,Store Manager,Vadodara - Alkapuri,Vadodara,Gujarat,Opening Checklist,daily_checklist,Vinod Patel,2026-08-07,2026-08-03,Yes,2026-08
2469,101,23,2026-08-09 08:11:00,87.5,80.0,18.0,Aparna Nair,Store Manager,Vadodara - Alkapuri,Vadodara,Gujarat,Opening Checklist,daily_checklist,Vinod Patel,2026-08-09,2026-08-03,Yes,2026-08
2470,102,78,2026-08-09 22:53:00,62.5,80.0,18.0,Manish Bhat,Crew Member,Vadodara - Alkapuri,Vadodara,Gujarat,Closing Checklist,daily_checklist,Vinod Patel,2026-08-09,2026-08-03,No,2026-08
2471,102,78,2026-08-11 21:59:00,100.0,80.0,18.0,Manish Bhat,Crew Member,Vadodara - Alkapuri,Vadodara,Gujarat,Closing Checklist,daily_checklist,Vinod Patel,2026-08-11,2026-08-10,Yes,2026-08
2472,101,79,2026-08-12 08:12:00,50.0,80.0,18.0,Gunjan Kulkarni,Crew Member,Vadodara - Alkapuri,Vadodara,Gujarat,Opening Checklist,daily_checklist,Vinod Patel,2026-08-12,2026-08-10,No,2026-08
2473,102,78,2026-08-12 23:54:00,87.5,80.0,18.0,Manish Bhat,Crew Member,Vadodara - Alkapuri,Vadodara,Gujarat,Closing Checklist,daily_checklist,Vinod Patel,2026-08-12,2026-08-10,Yes,2026-08
2474,102,23,2026-08-13 22:39:00,100.0,80.0,18.0,Aparna Nair,Store Manager,Vadodara - Alkapuri,Vadodara,Gujarat,Closing Checklist,daily_checklist,Vinod Patel,2026-08-13,2026-08-10,Yes,2026-08
2475,101,77,2026-08-14 08:09:00,62.5,80.0,18.0,Vikram Pillai,Crew Member,Vadodara - Alkapuri,Vadodara,Gujarat,Opening Checklist,daily_checklist,Vinod Patel,2026-08-14,2026-08-10,No,2026-08
2476,102,77,2026-08-14 22:10:00,100.0,80.0,18.0,Vikram Pillai,Crew Member,Vadodara - Alkapuri,Vadodara,Gujarat,Closing Checklist,daily_checklist,Vinod Patel,2026-08-14,2026-08-10,Yes,2026-08
2477,102,23,2026-08-15 23:33:00,100.0,80.0,18.0,Aparna Nair,Store Manager,Vadodara - Alkapuri,Vadodara,Gujarat,Closing Checklist,daily_checklist,Vinod Patel,2026-08-15,2026-08-10,Yes,2026-08
2478,101,77,2026-08-16 09:31:00,87.5,80.0,18.0,Vikram Pillai,Crew Member,Vadodara - Alkapuri,Vadodara,Gujarat,Opening Checklist,daily_checklist,Vinod Patel,2026-08-16,2026-08-10,Yes,2026-08
2479,102,78,2026-08-16 21:45:00,62.5,80.0,18.0,Manish Bhat,Crew Member,Vadodara - Alkapuri,Vadodara,Gujarat,Closing Checklist,daily_checklist,Vinod Patel,2026-08-16,2026-08-10,No,2026-08
2480,101,23,2026-08-17 08:18:00,50.0,80.0,18.0,Aparna Nair,Store Manager,Vadodara - Alkapuri,Vadodara,Gujarat,Opening Checklist,daily_checklist,Vinod Patel,2026-08-17,2026-08-17,No,2026-08
2481,102,23,2026-08-17 22:08:00,100.0,80.0,18.0,Aparna Nair,Store Manager,Vadodara - Alkapuri,Vadodara,Gujarat,Closing Checklist,daily_checklist,Vinod Patel,2026-08-17,2026-08-17,Yes,2026-08
2482,101,82,2026-05-19 09:13:00,62.5,80.0,19.0,Kavita Iyer,Crew Member,Nashik - College Road,Nashik,Maharashtra,Opening Checklist,daily_checklist,Vinod Patel,2026-05-19,2026-05-18,No,2026-05
2483,101,81,2026-05-20 09:43:00,50.0,80.0,19.0,Poonam Verma,Crew Member,Nashik - College Road,Nashik,Maharashtra,Opening Checklist,daily_checklist,Vinod Patel,2026-05-20,2026-05-18,No,2026-05
2484,101,24,2026-05-21 08:11:00,75.0,80.0,19.0,Isha Reddy,Store Manager,Nashik - College Road,Nashik,Maharashtra,Opening Checklist,daily_checklist,Vinod Patel,2026-05-21,2026-05-18,No,2026-05
2485,101,82,2026-05-25 07:01:00,62.5,80.0,19.0,Kavita Iyer,Crew Member,Nashik - College Road,Nashik,Maharashtra,Opening Checklist,daily_checklist,Vinod Patel,2026-05-25,2026-05-25,No,2026-05
2486,102,24,2026-05-25 22:15:00,87.5,80.0,19.0,Isha Reddy,Store Manager,Nashik - College Road,Nashik,Maharashtra,Closing Checklist,daily_checklist,Vinod Patel,2026-05-25,2026-05-25,Yes,2026-05
2487,101,24,2026-05-26 08:37:00,87.5,80.0,19.0,Isha Reddy,Store Manager,Nashik - College Road,Nashik,Maharashtra,Opening Checklist,daily_checklist,Vinod Patel,2026-05-26,2026-05-25,Yes,2026-05
2488,102,24,2026-05-28 21:00:00,62.5,80.0,19.0,Isha Reddy,Store Manager,Nashik - College Road,Nashik,Maharashtra,Closing Checklist,daily_checklist,Vinod Patel,2026-05-28,2026-05-25,No,2026-05
2489,101,24,2026-05-29 08:44:00,50.0,80.0,19.0,Isha Reddy,Store Manager,Nashik - College Road,Nashik,Maharashtra,Opening Checklist,daily_checklist,Vinod Patel,2026-05-29,2026-05-25,No,2026-05
2490,102,24,2026-05-30 23:13:00,87.5,80.0,19.0,Isha Reddy,Store Manager,Nashik - College Road,Nashik,Maharashtra,Closing Checklist,daily_checklist,Vinod Patel,2026-05-30,2026-05-25,Yes,2026-05
2491,101,82,2026-05-31 09:38:00,62.5,80.0,19.0,Kavita Iyer,Crew Member,Nashik - College Road,Nashik,Maharashtra,Opening Checklist,daily_checklist,Vinod Patel,2026-05-31,2026-05-25,No,2026-05
2492,101,80,2026-06-02 07:06:00,87.5,80.0,19.0,Pooja Sharma,Crew Member,Nashik - College Road,Nashik,Maharashtra,Opening Checklist,daily_checklist,Vinod Patel,2026-06-02,2026-06-01,Yes,2026-06
2493,102,81,2026-06-02 21:21:00,62.5,80.0,19.0,Poonam Verma,Crew Member,Nashik - College Road,Nashik,Maharashtra,Closing Checklist,daily_checklist,Vinod Patel,2026-06-02,2026-06-01,No,2026-06
2494,101,80,2026-06-04 08:38:00,62.5,80.0,19.0,Pooja Sharma,Crew Member,Nashik - College Road,Nashik,Maharashtra,Opening Checklist,daily_checklist,Vinod Patel,2026-06-04,2026-06-01,No,2026-06
2495,102,24,2026-06-04 21:16:00,75.0,80.0,19.0,Isha Reddy,Store Manager,Nashik - College Road,Nashik,Maharashtra,Closing Checklist,daily_checklist,Vinod Patel,2026-06-04,2026-06-01,No,2026-06
2496,102,82,2026-06-05 22:42:00,87.5,80.0,19.0,Kavita Iyer,Crew Member,Nashik - College Road,Nashik,Maharashtra,Closing Checklist,daily_checklist,Vinod Patel,2026-06-05,2026-06-01,Yes,2026-06
2497,101,81,2026-06-06 09:02:00,62.5,80.0,19.0,Poonam Verma,Crew Member,Nashik - College Road,Nashik,Maharashtra,Opening Checklist,daily_checklist,Vinod Patel,2026-06-06,2026-06-01,No,2026-06
2498,101,24,2026-06-08 08:10:00,62.5,80.0,19.0,Isha Reddy,Store Manager,Nashik - College Road,Nashik,Maharashtra,Opening Checklist,daily_checklist,Vinod Patel,2026-06-08,2026-06-08,No,2026-06
2499,101,24,2026-06-09 08:56:00,50.0,80.0,19.0,Isha Reddy,Store Manager,Nashik - College Road,Nashik,Maharashtra,Opening Checklist,daily_checklist,Vinod Patel,2026-06-09,2026-06-08,No,2026-06
2500,101,82,2026-06-10 07:05:00,50.0,80.0,19.0,Kavita Iyer,Crew Member,Nashik - College Road,Nashik,Maharashtra,Opening Checklist,daily_checklist,Vinod Patel,2026-06-10,2026-06-08,No,2026-06
2501,101,24,2026-06-11 09:33:00,75.0,80.0,19.0,Isha Reddy,Store Manager,Nashik - College Road,Nashik,Maharashtra,Opening Checklist,daily_checklist,Vinod Patel,2026-06-11,2026-06-08,No,2026-06
2502,101,80,2026-06-12 07:16:00,75.0,80.0,19.0,Pooja Sharma,Crew Member,Nashik - College Road,Nashik,Maharashtra,Opening Checklist,daily_checklist,Vinod Patel,2026-06-12,2026-06-08,No,2026-06
2503,101,81,2026-06-13 08:02:00,50.0,80.0,19.0,Poonam Verma,Crew Member,Nashik - College Road,Nashik,Maharashtra,Opening Checklist,daily_checklist,Vinod Patel,2026-06-13,2026-06-08,No,2026-06
2504,101,82,2026-06-16 08:55:00,75.0,80.0,19.0,Kavita Iyer,Crew Member,Nashik - College Road,Nashik,Maharashtra,Opening Checklist,daily_checklist,Vinod Patel,2026-06-16,2026-06-15,No,2026-06
2505,102,24,2026-06-17 23:23:00,75.0,80.0,19.0,Isha Reddy,Store Manager,Nashik - College Road,Nashik,Maharashtra,Closing Checklist,daily_checklist,Vinod Patel,2026-06-17,2026-06-15,No,2026-06
2506,102,82,2026-06-18 22:39:00,87.5,80.0,19.0,Kavita Iyer,Crew Member,Nashik - College Road,Nashik,Maharashtra,Closing Checklist,daily_checklist,Vinod Patel,2026-06-18,2026-06-15,Yes,2026-06
2507,101,81,2026-06-19 08:27:00,62.5,80.0,19.0,Poonam Verma,Crew Member,Nashik - College Road,Nashik,Maharashtra,Opening Checklist,daily_checklist,Vinod Patel,2026-06-19,2026-06-15,No,2026-06
2508,102,24,2026-06-19 22:47:00,100.0,80.0,19.0,Isha Reddy,Store Manager,Nashik - College Road,Nashik,Maharashtra,Closing Checklist,daily_checklist,Vinod Patel,2026-06-19,2026-06-15,Yes,2026-06
2509,102,24,2026-06-20 23:54:00,12.5,80.0,19.0,Isha Reddy,Store Manager,Nashik - College Road,Nashik,Maharashtra,Closing Checklist,daily_checklist,Vinod Patel,2026-06-20,2026-06-15,No,2026-06
2510,101,80,2026-06-21 07:09:00,62.5,80.0,19.0,Pooja Sharma,Crew Member,Nashik - College Road,Nashik,Maharashtra,Opening Checklist,daily_checklist,Vinod Patel,2026-06-21,2026-06-15,No,2026-06
2511,102,80,2026-06-21 21:11:00,75.0,80.0,19.0,Pooja Sharma,Crew Member,Nashik - College Road,Nashik,Maharashtra,Closing Checklist,daily_checklist,Vinod Patel,2026-06-21,2026-06-15,No,2026-06
2512,101,24,2026-06-28 08:10:00,75.0,80.0,19.0,Isha Reddy,Store Manager,Nashik - College Road,Nashik,Maharashtra,Opening Checklist,daily_checklist,Vinod Patel,2026-06-28,2026-06-22,No,2026-06
2513,101,24,2026-06-29 08:07:00,75.0,80.0,19.0,Isha Reddy,Store Manager,Nashik - College Road,Nashik,Maharashtra,Opening Checklist,daily_checklist,Vinod Patel,2026-06-29,2026-06-29,No,2026-06
2514,102,82,2026-06-29 21:28:00,75.0,80.0,19.0,Kavita Iyer,Crew Member,Nashik - College Road,Nashik,Maharashtra,Closing Checklist,daily_checklist,Vinod Patel,2026-06-29,2026-06-29,No,2026-06
2515,102,24,2026-06-30 22:29:00,87.5,80.0,19.0,Isha Reddy,Store Manager,Nashik - College Road,Nashik,Maharashtra,Closing Checklist,daily_checklist,Vinod Patel,2026-06-30,2026-06-29,Yes,2026-06
2516,102,81,2026-07-01 23:55:00,50.0,80.0,19.0,Poonam Verma,Crew Member,Nashik - College Road,Nashik,Maharashtra,Closing Checklist,daily_checklist,Vinod Patel,2026-07-01,2026-06-29,No,2026-07
2517,102,81,2026-07-02 22:05:00,62.5,80.0,19.0,Poonam Verma,Crew Member,Nashik - College Road,Nashik,Maharashtra,Closing Checklist,daily_checklist,Vinod Patel,2026-07-02,2026-06-29,No,2026-07
2518,101,81,2026-07-03 07:53:00,62.5,80.0,19.0,Poonam Verma,Crew Member,Nashik - College Road,Nashik,Maharashtra,Opening Checklist,daily_checklist,Vinod Patel,2026-07-03,2026-06-29,No,2026-07
2519,102,82,2026-07-03 23:32:00,50.0,80.0,19.0,Kavita Iyer,Crew Member,Nashik - College Road,Nashik,Maharashtra,Closing Checklist,daily_checklist,Vinod Patel,2026-07-03,2026-06-29,No,2026-07
2520,101,81,2026-07-04 09:37:00,50.0,80.0,19.0,Poonam Verma,Crew Member,Nashik - College Road,Nashik,Maharashtra,Opening Checklist,daily_checklist,Vinod Patel,2026-07-04,2026-06-29,No,2026-07
2521,101,81,2026-07-05 09:00:00,62.5,80.0,19.0,Poonam Verma,Crew Member,Nashik - College Road,Nashik,Maharashtra,Opening Checklist,daily_checklist,Vinod Patel,2026-07-05,2026-06-29,No,2026-07
2522,102,80,2026-07-06 22:58:00,75.0,80.0,19.0,Pooja Sharma,Crew Member,Nashik - College Road,Nashik,Maharashtra,Closing Checklist,daily_checklist,Vinod Patel,2026-07-06,2026-07-06,No,2026-07
2523,101,80,2026-07-08 08:43:00,75.0,80.0,19.0,Pooja Sharma,Crew Member,Nashik - College Road,Nashik,Maharashtra,Opening Checklist,daily_checklist,Vinod Patel,2026-07-08,2026-07-06,No,2026-07
2524,102,82,2026-07-08 22:01:00,62.5,80.0,19.0,Kavita Iyer,Crew Member,Nashik - College Road,Nashik,Maharashtra,Closing Checklist,daily_checklist,Vinod Patel,2026-07-08,2026-07-06,No,2026-07
2525,102,80,2026-07-10 22:23:00,37.5,80.0,19.0,Pooja Sharma,Crew Member,Nashik - College Road,Nashik,Maharashtra,Closing Checklist,daily_checklist,Vinod Patel,2026-07-10,2026-07-06,No,2026-07
2526,101,80,2026-07-11 07:01:00,100.0,80.0,19.0,Pooja Sharma,Crew Member,Nashik - College Road,Nashik,Maharashtra,Opening Checklist,daily_checklist,Vinod Patel,2026-07-11,2026-07-06,Yes,2026-07
2527,102,24,2026-07-12 22:53:00,50.0,80.0,19.0,Isha Reddy,Store Manager,Nashik - College Road,Nashik,Maharashtra,Closing Checklist,daily_checklist,Vinod Patel,2026-07-12,2026-07-06,No,2026-07
2528,101,80,2026-07-14 09:17:00,75.0,80.0,19.0,Pooja Sharma,Crew Member,Nashik - College Road,Nashik,Maharashtra,Opening Checklist,daily_checklist,Vinod Patel,2026-07-14,2026-07-13,No,2026-07
2529,102,24,2026-07-14 22:02:00,25.0,80.0,19.0,Isha Reddy,Store Manager,Nashik - College Road,Nashik,Maharashtra,Closing Checklist,daily_checklist,Vinod Patel,2026-07-14,2026-07-13,No,2026-07
2530,101,81,2026-07-15 09:46:00,75.0,80.0,19.0,Poonam Verma,Crew Member,Nashik - College Road,Nashik,Maharashtra,Opening Checklist,daily_checklist,Vinod Patel,2026-07-15,2026-07-13,No,2026-07
2531,102,80,2026-07-15 21:55:00,50.0,80.0,19.0,Pooja Sharma,Crew Member,Nashik - College Road,Nashik,Maharashtra,Closing Checklist,daily_checklist,Vinod Patel,2026-07-15,2026-07-13,No,2026-07
2532,102,80,2026-07-17 22:51:00,50.0,80.0,19.0,Pooja Sharma,Crew Member,Nashik - College Road,Nashik,Maharashtra,Closing Checklist,daily_checklist,Vinod Patel,2026-07-17,2026-07-13,No,2026-07
2533,102,24,2026-07-19 23:38:00,62.5,80.0,19.0,Isha Reddy,Store Manager,Nashik - College Road,Nashik,Maharashtra,Closing Checklist,daily_checklist,Vinod Patel,2026-07-19,2026-07-13,No,2026-07
2534,101,81,2026-07-20 08:16:00,75.0,80.0,19.0,Poonam Verma,Crew Member,Nashik - College Road,Nashik,Maharashtra,Opening Checklist,daily_checklist,Vinod Patel,2026-07-20,2026-07-20,No,2026-07
2535,101,24,2026-07-21 07:49:00,62.5,80.0,19.0,Isha Reddy,Store Manager,Nashik - College Road,Nashik,Maharashtra,Opening Checklist,daily_checklist,Vinod Patel,2026-07-21,2026-07-20,No,2026-07
2536,102,81,2026-07-21 21:01:00,50.0,80.0,19.0,Poonam Verma,Crew Member,Nashik - College Road,Nashik,Maharashtra,Closing Checklist,daily_checklist,Vinod Patel,2026-07-21,2026-07-20,No,2026-07
2537,101,24,2026-07-23 08:49:00,75.0,80.0,19.0,Isha Reddy,Store Manager,Nashik - College Road,Nashik,Maharashtra,Opening Checklist,daily_checklist,Vinod Patel,2026-07-23,2026-07-20,No,2026-07
2538,102,81,2026-07-23 22:41:00,87.5,80.0,19.0,Poonam Verma,Crew Member,Nashik - College Road,Nashik,Maharashtra,Closing Checklist,daily_checklist,Vinod Patel,2026-07-23,2026-07-20,Yes,2026-07
2539,102,24,2026-07-26 22:31:00,75.0,80.0,19.0,Isha Reddy,Store Manager,Nashik - College Road,Nashik,Maharashtra,Closing Checklist,daily_checklist,Vinod Patel,2026-07-26,2026-07-20,No,2026-07
2540,102,81,2026-07-27 23:38:00,75.0,80.0,19.0,Poonam Verma,Crew Member,Nashik - College Road,Nashik,Maharashtra,Closing Checklist,daily_checklist,Vinod Patel,2026-07-27,2026-07-27,No,2026-07
2541,101,82,2026-07-28 09:06:00,62.5,80.0,19.0,Kavita Iyer,Crew Member,Nashik - College Road,Nashik,Maharashtra,Opening Checklist,daily_checklist,Vinod Patel,2026-07-28,2026-07-27,No,2026-07
2542,101,24,2026-08-01 09:12:00,62.5,80.0,19.0,Isha Reddy,Store Manager,Nashik - College Road,Nashik,Maharashtra,Opening Checklist,daily_checklist,Vinod Patel,2026-08-01,2026-07-27,No,2026-08
2543,102,24,2026-08-01 22:56:00,100.0,80.0,19.0,Isha Reddy,Store Manager,Nashik - College Road,Nashik,Maharashtra,Closing Checklist,daily_checklist,Vinod Patel,2026-08-01,2026-07-27,Yes,2026-08
2544,102,24,2026-08-03 22:36:00,87.5,80.0,19.0,Isha Reddy,Store Manager,Nashik - College Road,Nashik,Maharashtra,Closing Checklist,daily_checklist,Vinod Patel,2026-08-03,2026-08-03,Yes,2026-08
2545,101,82,2026-08-05 08:51:00,75.0,80.0,19.0,Kavita Iyer,Crew Member,Nashik - College Road,Nashik,Maharashtra,Opening Checklist,daily_checklist,Vinod Patel,2026-08-05,2026-08-03,No,2026-08
2546,102,24,2026-08-05 23:11:00,87.5,80.0,19.0,Isha Reddy,Store Manager,Nashik - College Road,Nashik,Maharashtra,Closing Checklist,daily_checklist,Vinod Patel,2026-08-05,2026-08-03,Yes,2026-08
2547,101,82,2026-08-06 07:02:00,75.0,80.0,19.0,Kavita Iyer,Crew Member,Nashik - College Road,Nashik,Maharashtra,Opening Checklist,daily_checklist,Vinod Patel,2026-08-06,2026-08-03,No,2026-08
2548,101,81,2026-08-07 08:43:00,75.0,80.0,19.0,Poonam Verma,Crew Member,Nashik - College Road,Nashik,Maharashtra,Opening Checklist,daily_checklist,Vinod Patel,2026-08-07,2026-08-03,No,2026-08
2549,102,81,2026-08-07 23:43:00,75.0,80.0,19.0,Poonam Verma,Crew Member,Nashik - College Road,Nashik,Maharashtra,Closing Checklist,daily_checklist,Vinod Patel,2026-08-07,2026-08-03,No,2026-08
2550,101,80,2026-08-09 09:40:00,62.5,80.0,19.0,Pooja Sharma,Crew Member,Nashik - College Road,Nashik,Maharashtra,Opening Checklist,daily_checklist,Vinod Patel,2026-08-09,2026-08-03,No,2026-08
2551,101,24,2026-08-10 08:29:00,50.0,80.0,19.0,Isha Reddy,Store Manager,Nashik - College Road,Nashik,Maharashtra,Opening Checklist,daily_checklist,Vinod Patel,2026-08-10,2026-08-10,No,2026-08
2552,102,24,2026-08-11 21:58:00,62.5,80.0,19.0,Isha Reddy,Store Manager,Nashik - College Road,Nashik,Maharashtra,Closing Checklist,daily_checklist,Vinod Patel,2026-08-11,2026-08-10,No,2026-08
2553,101,82,2026-08-12 07:08:00,50.0,80.0,19.0,Kavita Iyer,Crew Member,Nashik - College Road,Nashik,Maharashtra,Opening Checklist,daily_checklist,Vinod Patel,2026-08-12,2026-08-10,No,2026-08
2554,102,24,2026-08-12 21:33:00,50.0,80.0,19.0,Isha Reddy,Store Manager,Nashik - College Road,Nashik,Maharashtra,Closing Checklist,daily_checklist,Vinod Patel,2026-08-12,2026-08-10,No,2026-08
2555,102,80,2026-08-13 23:03:00,50.0,80.0,19.0,Pooja Sharma,Crew Member,Nashik - College Road,Nashik,Maharashtra,Closing Checklist,daily_checklist,Vinod Patel,2026-08-13,2026-08-10,No,2026-08
2556,102,24,2026-08-14 23:06:00,75.0,80.0,19.0,Isha Reddy,Store Manager,Nashik - College Road,Nashik,Maharashtra,Closing Checklist,daily_checklist,Vinod Patel,2026-08-14,2026-08-10,No,2026-08
2557,101,82,2026-08-15 07:29:00,87.5,80.0,19.0,Kavita Iyer,Crew Member,Nashik - College Road,Nashik,Maharashtra,Opening Checklist,daily_checklist,Vinod Patel,2026-08-15,2026-08-10,Yes,2026-08
2558,101,83,2026-05-20 08:16:00,75.0,80.0,20.0,Swati Nair,Crew Member,Gurgaon - Cyber Hub,Gurgaon,Haryana,Opening Checklist,daily_checklist,Vinod Patel,2026-05-20,2026-05-18,No,2026-05
2559,102,83,2026-05-20 23:01:00,100.0,80.0,20.0,Swati Nair,Crew Member,Gurgaon - Cyber Hub,Gurgaon,Haryana,Closing Checklist,daily_checklist,Vinod Patel,2026-05-20,2026-05-18,Yes,2026-05
2560,102,84,2026-05-21 21:50:00,100.0,80.0,20.0,Gaurav Reddy,Crew Member,Gurgaon - Cyber Hub,Gurgaon,Haryana,Closing Checklist,daily_checklist,Vinod Patel,2026-05-21,2026-05-18,Yes,2026-05
2561,101,25,2026-05-22 07:05:00,100.0,80.0,20.0,Karan Patel,Store Manager,Gurgaon - Cyber Hub,Gurgaon,Haryana,Opening Checklist,daily_checklist,Vinod Patel,2026-05-22,2026-05-18,Yes,2026-05
2562,102,85,2026-05-22 23:19:00,87.5,80.0,20.0,Tanvi Patel,Crew Member,Gurgaon - Cyber Hub,Gurgaon,Haryana,Closing Checklist,daily_checklist,Vinod Patel,2026-05-22,2026-05-18,Yes,2026-05
2563,101,25,2026-05-23 09:29:00,100.0,80.0,20.0,Karan Patel,Store Manager,Gurgaon - Cyber Hub,Gurgaon,Haryana,Opening Checklist,daily_checklist,Vinod Patel,2026-05-23,2026-05-18,Yes,2026-05
2564,102,85,2026-05-23 23:51:00,87.5,80.0,20.0,Tanvi Patel,Crew Member,Gurgaon - Cyber Hub,Gurgaon,Haryana,Closing Checklist,daily_checklist,Vinod Patel,2026-05-23,2026-05-18,Yes,2026-05
2565,101,84,2026-05-24 07:13:00,100.0,80.0,20.0,Gaurav Reddy,Crew Member,Gurgaon - Cyber Hub,Gurgaon,Haryana,Opening Checklist,daily_checklist,Vinod Patel,2026-05-24,2026-05-18,Yes,2026-05
2566,102,85,2026-05-24 21:47:00,87.5,80.0,20.0,Tanvi Patel,Crew Member,Gurgaon - Cyber Hub,Gurgaon,Haryana,Closing Checklist,daily_checklist,Vinod Patel,2026-05-24,2026-05-18,Yes,2026-05
2567,101,83,2026-05-25 08:34:00,100.0,80.0,20.0,Swati Nair,Crew Member,Gurgaon - Cyber Hub,Gurgaon,Haryana,Opening Checklist,daily_checklist,Vinod Patel,2026-05-25,2026-05-25,Yes,2026-05
2568,102,83,2026-05-25 21:25:00,87.5,80.0,20.0,Swati Nair,Crew Member,Gurgaon - Cyber Hub,Gurgaon,Haryana,Closing Checklist,daily_checklist,Vinod Patel,2026-05-25,2026-05-25,Yes,2026-05
2569,102,25,2026-05-26 21:41:00,100.0,80.0,20.0,Karan Patel,Store Manager,Gurgaon - Cyber Hub,Gurgaon,Haryana,Closing Checklist,daily_checklist,Vinod Patel,2026-05-26,2026-05-25,Yes,2026-05
2570,101,25,2026-05-27 09:25:00,100.0,80.0,20.0,Karan Patel,Store Manager,Gurgaon - Cyber Hub,Gurgaon,Haryana,Opening Checklist,daily_checklist,Vinod Patel,2026-05-27,2026-05-25,Yes,2026-05
2571,102,85,2026-05-27 22:39:00,87.5,80.0,20.0,Tanvi Patel,Crew Member,Gurgaon - Cyber Hub,Gurgaon,Haryana,Closing Checklist,daily_checklist,Vinod Patel,2026-05-27,2026-05-25,Yes,2026-05
2572,101,84,2026-05-28 08:05:00,100.0,80.0,20.0,Gaurav Reddy,Crew Member,Gurgaon - Cyber Hub,Gurgaon,Haryana,Opening Checklist,daily_checklist,Vinod Patel,2026-05-28,2026-05-25,Yes,2026-05
2573,102,84,2026-05-28 21:00:00,100.0,80.0,20.0,Gaurav Reddy,Crew Member,Gurgaon - Cyber Hub,Gurgaon,Haryana,Closing Checklist,daily_checklist,Vinod Patel,2026-05-28,2026-05-25,Yes,2026-05
2574,102,84,2026-05-29 21:44:00,87.5,80.0,20.0,Gaurav Reddy,Crew Member,Gurgaon - Cyber Hub,Gurgaon,Haryana,Closing Checklist,daily_checklist,Vinod Patel,2026-05-29,2026-05-25,Yes,2026-05
2575,101,84,2026-05-30 07:30:00,100.0,80.0,20.0,Gaurav Reddy,Crew Member,Gurgaon - Cyber Hub,Gurgaon,Haryana,Opening Checklist,daily_checklist,Vinod Patel,2026-05-30,2026-05-25,Yes,2026-05
2576,102,25,2026-05-30 23:15:00,100.0,80.0,20.0,Karan Patel,Store Manager,Gurgaon - Cyber Hub,Gurgaon,Haryana,Closing Checklist,daily_checklist,Vinod Patel,2026-05-30,2026-05-25,Yes,2026-05
2577,101,85,2026-05-31 07:05:00,87.5,80.0,20.0,Tanvi Patel,Crew Member,Gurgaon - Cyber Hub,Gurgaon,Haryana,Opening Checklist,daily_checklist,Vinod Patel,2026-05-31,2026-05-25,Yes,2026-05
2578,102,25,2026-05-31 22:09:00,100.0,80.0,20.0,Karan Patel,Store Manager,Gurgaon - Cyber Hub,Gurgaon,Haryana,Closing Checklist,daily_checklist,Vinod Patel,2026-05-31,2026-05-25,Yes,2026-05
2579,101,84,2026-06-01 07:07:00,100.0,80.0,20.0,Gaurav Reddy,Crew Member,Gurgaon - Cyber Hub,Gurgaon,Haryana,Opening Checklist,daily_checklist,Vinod Patel,2026-06-01,2026-06-01,Yes,2026-06
2580,101,25,2026-06-02 07:47:00,100.0,80.0,20.0,Karan Patel,Store Manager,Gurgaon - Cyber Hub,Gurgaon,Haryana,Opening Checklist,daily_checklist,Vinod Patel,2026-06-02,2026-06-01,Yes,2026-06
2581,102,83,2026-06-02 22:30:00,87.5,80.0,20.0,Swati Nair,Crew Member,Gurgaon - Cyber Hub,Gurgaon,Haryana,Closing Checklist,daily_checklist,Vinod Patel,2026-06-02,2026-06-01,Yes,2026-06
2582,101,84,2026-06-03 09:15:00,87.5,80.0,20.0,Gaurav Reddy,Crew Member,Gurgaon - Cyber Hub,Gurgaon,Haryana,Opening Checklist,daily_checklist,Vinod Patel,2026-06-03,2026-06-01,Yes,2026-06
2583,102,25,2026-06-03 22:36:00,100.0,80.0,20.0,Karan Patel,Store Manager,Gurgaon - Cyber Hub,Gurgaon,Haryana,Closing Checklist,daily_checklist,Vinod Patel,2026-06-03,2026-06-01,Yes,2026-06
2584,101,83,2026-06-04 08:00:00,87.5,80.0,20.0,Swati Nair,Crew Member,Gurgaon - Cyber Hub,Gurgaon,Haryana,Opening Checklist,daily_checklist,Vinod Patel,2026-06-04,2026-06-01,Yes,2026-06
2585,102,25,2026-06-04 23:54:00,100.0,80.0,20.0,Karan Patel,Store Manager,Gurgaon - Cyber Hub,Gurgaon,Haryana,Closing Checklist,daily_checklist,Vinod Patel,2026-06-04,2026-06-01,Yes,2026-06
2586,101,85,2026-06-05 08:47:00,87.5,80.0,20.0,Tanvi Patel,Crew Member,Gurgaon - Cyber Hub,Gurgaon,Haryana,Opening Checklist,daily_checklist,Vinod Patel,2026-06-05,2026-06-01,Yes,2026-06
2587,101,25,2026-06-06 07:31:00,100.0,80.0,20.0,Karan Patel,Store Manager,Gurgaon - Cyber Hub,Gurgaon,Haryana,Opening Checklist,daily_checklist,Vinod Patel,2026-06-06,2026-06-01,Yes,2026-06
2588,102,25,2026-06-06 22:32:00,87.5,80.0,20.0,Karan Patel,Store Manager,Gurgaon - Cyber Hub,Gurgaon,Haryana,Closing Checklist,daily_checklist,Vinod Patel,2026-06-06,2026-06-01,Yes,2026-06
2589,101,83,2026-06-07 09:03:00,87.5,80.0,20.0,Swati Nair,Crew Member,Gurgaon - Cyber Hub,Gurgaon,Haryana,Opening Checklist,daily_checklist,Vinod Patel,2026-06-07,2026-06-01,Yes,2026-06
2590,102,85,2026-06-07 22:36:00,100.0,80.0,20.0,Tanvi Patel,Crew Member,Gurgaon - Cyber Hub,Gurgaon,Haryana,Closing Checklist,daily_checklist,Vinod Patel,2026-06-07,2026-06-01,Yes,2026-06
2591,101,25,2026-06-08 07:17:00,100.0,80.0,20.0,Karan Patel,Store Manager,Gurgaon - Cyber Hub,Gurgaon,Haryana,Opening Checklist,daily_checklist,Vinod Patel,2026-06-08,2026-06-08,Yes,2026-06
2592,101,25,2026-06-09 08:07:00,100.0,80.0,20.0,Karan Patel,Store Manager,Gurgaon - Cyber Hub,Gurgaon,Haryana,Opening Checklist,daily_checklist,Vinod Patel,2026-06-09,2026-06-08,Yes,2026-06
2593,102,85,2026-06-09 23:41:00,100.0,80.0,20.0,Tanvi Patel,Crew Member,Gurgaon - Cyber Hub,Gurgaon,Haryana,Closing Checklist,daily_checklist,Vinod Patel,2026-06-09,2026-06-08,Yes,2026-06
2594,101,83,2026-06-10 09:27:00,100.0,80.0,20.0,Swati Nair,Crew Member,Gurgaon - Cyber Hub,Gurgaon,Haryana,Opening Checklist,daily_checklist,Vinod Patel,2026-06-10,2026-06-08,Yes,2026-06
2595,102,84,2026-06-10 21:18:00,100.0,80.0,20.0,Gaurav Reddy,Crew Member,Gurgaon - Cyber Hub,Gurgaon,Haryana,Closing Checklist,daily_checklist,Vinod Patel,2026-06-10,2026-06-08,Yes,2026-06
2596,101,84,2026-06-11 08:28:00,100.0,80.0,20.0,Gaurav Reddy,Crew Member,Gurgaon - Cyber Hub,Gurgaon,Haryana,Opening Checklist,daily_checklist,Vinod Patel,2026-06-11,2026-06-08,Yes,2026-06
2597,102,85,2026-06-11 23:14:00,87.5,80.0,20.0,Tanvi Patel,Crew Member,Gurgaon - Cyber Hub,Gurgaon,Haryana,Closing Checklist,daily_checklist,Vinod Patel,2026-06-11,2026-06-08,Yes,2026-06
2598,101,25,2026-06-12 09:42:00,87.5,80.0,20.0,Karan Patel,Store Manager,Gurgaon - Cyber Hub,Gurgaon,Haryana,Opening Checklist,daily_checklist,Vinod Patel,2026-06-12,2026-06-08,Yes,2026-06
2599,102,85,2026-06-12 21:56:00,100.0,80.0,20.0,Tanvi Patel,Crew Member,Gurgaon - Cyber Hub,Gurgaon,Haryana,Closing Checklist,daily_checklist,Vinod Patel,2026-06-12,2026-06-08,Yes,2026-06
2600,101,85,2026-06-13 08:53:00,87.5,80.0,20.0,Tanvi Patel,Crew Member,Gurgaon - Cyber Hub,Gurgaon,Haryana,Opening Checklist,daily_checklist,Vinod Patel,2026-06-13,2026-06-08,Yes,2026-06
2601,102,84,2026-06-13 22:51:00,75.0,80.0,20.0,Gaurav Reddy,Crew Member,Gurgaon - Cyber Hub,Gurgaon,Haryana,Closing Checklist,daily_checklist,Vinod Patel,2026-06-13,2026-06-08,No,2026-06
2602,101,83,2026-06-14 07:18:00,87.5,80.0,20.0,Swati Nair,Crew Member,Gurgaon - Cyber Hub,Gurgaon,Haryana,Opening Checklist,daily_checklist,Vinod Patel,2026-06-14,2026-06-08,Yes,2026-06
2603,102,84,2026-06-14 23:30:00,100.0,80.0,20.0,Gaurav Reddy,Crew Member,Gurgaon - Cyber Hub,Gurgaon,Haryana,Closing Checklist,daily_checklist,Vinod Patel,2026-06-14,2026-06-08,Yes,2026-06
2604,102,25,2026-06-15 21:10:00,100.0,80.0,20.0,Karan Patel,Store Manager,Gurgaon - Cyber Hub,Gurgaon,Haryana,Closing Checklist,daily_checklist,Vinod Patel,2026-06-15,2026-06-15,Yes,2026-06
2605,101,85,2026-06-16 08:31:00,100.0,80.0,20.0,Tanvi Patel,Crew Member,Gurgaon - Cyber Hub,Gurgaon,Haryana,Opening Checklist,daily_checklist,Vinod Patel,2026-06-16,2026-06-15,Yes,2026-06
2606,102,83,2026-06-16 21:13:00,87.5,80.0,20.0,Swati Nair,Crew Member,Gurgaon - Cyber Hub,Gurgaon,Haryana,Closing Checklist,daily_checklist,Vinod Patel,2026-06-16,2026-06-15,Yes,2026-06
2607,101,85,2026-06-17 08:56:00,100.0,80.0,20.0,Tanvi Patel,Crew Member,Gurgaon - Cyber Hub,Gurgaon,Haryana,Opening Checklist,daily_checklist,Vinod Patel,2026-06-17,2026-06-15,Yes,2026-06
2608,102,84,2026-06-17 22:43:00,100.0,80.0,20.0,Gaurav Reddy,Crew Member,Gurgaon - Cyber Hub,Gurgaon,Haryana,Closing Checklist,daily_checklist,Vinod Patel,2026-06-17,2026-06-15,Yes,2026-06
2609,102,83,2026-06-18 23:02:00,87.5,80.0,20.0,Swati Nair,Crew Member,Gurgaon - Cyber Hub,Gurgaon,Haryana,Closing Checklist,daily_checklist,Vinod Patel,2026-06-18,2026-06-15,Yes,2026-06
2610,101,84,2026-06-19 08:07:00,87.5,80.0,20.0,Gaurav Reddy,Crew Member,Gurgaon - Cyber Hub,Gurgaon,Haryana,Opening Checklist,daily_checklist,Vinod Patel,2026-06-19,2026-06-15,Yes,2026-06
2611,101,84,2026-06-20 07:35:00,100.0,80.0,20.0,Gaurav Reddy,Crew Member,Gurgaon - Cyber Hub,Gurgaon,Haryana,Opening Checklist,daily_checklist,Vinod Patel,2026-06-20,2026-06-15,Yes,2026-06
2612,102,85,2026-06-20 22:16:00,100.0,80.0,20.0,Tanvi Patel,Crew Member,Gurgaon - Cyber Hub,Gurgaon,Haryana,Closing Checklist,daily_checklist,Vinod Patel,2026-06-20,2026-06-15,Yes,2026-06
2613,101,85,2026-06-21 07:49:00,100.0,80.0,20.0,Tanvi Patel,Crew Member,Gurgaon - Cyber Hub,Gurgaon,Haryana,Opening Checklist,daily_checklist,Vinod Patel,2026-06-21,2026-06-15,Yes,2026-06
2614,102,83,2026-06-21 21:54:00,100.0,80.0,20.0,Swati Nair,Crew Member,Gurgaon - Cyber Hub,Gurgaon,Haryana,Closing Checklist,daily_checklist,Vinod Patel,2026-06-21,2026-06-15,Yes,2026-06
2615,101,25,2026-06-22 08:51:00,100.0,80.0,20.0,Karan Patel,Store Manager,Gurgaon - Cyber Hub,Gurgaon,Haryana,Opening Checklist,daily_checklist,Vinod Patel,2026-06-22,2026-06-22,Yes,2026-06
2616,102,83,2026-06-22 21:06:00,100.0,80.0,20.0,Swati Nair,Crew Member,Gurgaon - Cyber Hub,Gurgaon,Haryana,Closing Checklist,daily_checklist,Vinod Patel,2026-06-22,2026-06-22,Yes,2026-06
2617,101,83,2026-06-23 07:32:00,100.0,80.0,20.0,Swati Nair,Crew Member,Gurgaon - Cyber Hub,Gurgaon,Haryana,Opening Checklist,daily_checklist,Vinod Patel,2026-06-23,2026-06-22,Yes,2026-06
2618,101,83,2026-06-24 07:40:00,87.5,80.0,20.0,Swati Nair,Crew Member,Gurgaon - Cyber Hub,Gurgaon,Haryana,Opening Checklist,daily_checklist,Vinod Patel,2026-06-24,2026-06-22,Yes,2026-06
2619,102,85,2026-06-24 21:58:00,100.0,80.0,20.0,Tanvi Patel,Crew Member,Gurgaon - Cyber Hub,Gurgaon,Haryana,Closing Checklist,daily_checklist,Vinod Patel,2026-06-24,2026-06-22,Yes,2026-06
2620,101,25,2026-06-25 09:18:00,100.0,80.0,20.0,Karan Patel,Store Manager,Gurgaon - Cyber Hub,Gurgaon,Haryana,Opening Checklist,daily_checklist,Vinod Patel,2026-06-25,2026-06-22,Yes,2026-06
2621,102,83,2026-06-25 23:31:00,75.0,80.0,20.0,Swati Nair,Crew Member,Gurgaon - Cyber Hub,Gurgaon,Haryana,Closing Checklist,daily_checklist,Vinod Patel,2026-06-25,2026-06-22,No,2026-06
2622,102,85,2026-06-26 23:23:00,100.0,80.0,20.0,Tanvi Patel,Crew Member,Gurgaon - Cyber Hub,Gurgaon,Haryana,Closing Checklist,daily_checklist,Vinod Patel,2026-06-26,2026-06-22,Yes,2026-06
2623,102,84,2026-06-27 21:54:00,100.0,80.0,20.0,Gaurav Reddy,Crew Member,Gurgaon - Cyber Hub,Gurgaon,Haryana,Closing Checklist,daily_checklist,Vinod Patel,2026-06-27,2026-06-22,Yes,2026-06
2624,101,83,2026-06-28 08:49:00,75.0,80.0,20.0,Swati Nair,Crew Member,Gurgaon - Cyber Hub,Gurgaon,Haryana,Opening Checklist,daily_checklist,Vinod Patel,2026-06-28,2026-06-22,No,2026-06
2625,102,25,2026-06-28 21:53:00,100.0,80.0,20.0,Karan Patel,Store Manager,Gurgaon - Cyber Hub,Gurgaon,Haryana,Closing Checklist,daily_checklist,Vinod Patel,2026-06-28,2026-06-22,Yes,2026-06
2626,101,84,2026-06-29 08:32:00,100.0,80.0,20.0,Gaurav Reddy,Crew Member,Gurgaon - Cyber Hub,Gurgaon,Haryana,Opening Checklist,daily_checklist,Vinod Patel,2026-06-29,2026-06-29,Yes,2026-06
2627,102,85,2026-06-29 21:17:00,100.0,80.0,20.0,Tanvi Patel,Crew Member,Gurgaon - Cyber Hub,Gurgaon,Haryana,Closing Checklist,daily_checklist,Vinod Patel,2026-06-29,2026-06-29,Yes,2026-06
2628,101,84,2026-06-30 08:40:00,87.5,80.0,20.0,Gaurav Reddy,Crew Member,Gurgaon - Cyber Hub,Gurgaon,Haryana,Opening Checklist,daily_checklist,Vinod Patel,2026-06-30,2026-06-29,Yes,2026-06
2629,102,25,2026-06-30 21:48:00,87.5,80.0,20.0,Karan Patel,Store Manager,Gurgaon - Cyber Hub,Gurgaon,Haryana,Closing Checklist,daily_checklist,Vinod Patel,2026-06-30,2026-06-29,Yes,2026-06
2630,101,25,2026-07-01 07:51:00,75.0,80.0,20.0,Karan Patel,Store Manager,Gurgaon - Cyber Hub,Gurgaon,Haryana,Opening Checklist,daily_checklist,Vinod Patel,2026-07-01,2026-06-29,No,2026-07
2631,102,25,2026-07-01 22:58:00,100.0,80.0,20.0,Karan Patel,Store Manager,Gurgaon - Cyber Hub,Gurgaon,Haryana,Closing Checklist,daily_checklist,Vinod Patel,2026-07-01,2026-06-29,Yes,2026-07
2632,101,85,2026-07-02 09:50:00,100.0,80.0,20.0,Tanvi Patel,Crew Member,Gurgaon - Cyber Hub,Gurgaon,Haryana,Opening Checklist,daily_checklist,Vinod Patel,2026-07-02,2026-06-29,Yes,2026-07
2633,102,84,2026-07-02 21:28:00,100.0,80.0,20.0,Gaurav Reddy,Crew Member,Gurgaon - Cyber Hub,Gurgaon,Haryana,Closing Checklist,daily_checklist,Vinod Patel,2026-07-02,2026-06-29,Yes,2026-07
2634,101,83,2026-07-03 09:51:00,100.0,80.0,20.0,Swati Nair,Crew Member,Gurgaon - Cyber Hub,Gurgaon,Haryana,Opening Checklist,daily_checklist,Vinod Patel,2026-07-03,2026-06-29,Yes,2026-07
2635,102,85,2026-07-03 21:21:00,87.5,80.0,20.0,Tanvi Patel,Crew Member,Gurgaon - Cyber Hub,Gurgaon,Haryana,Closing Checklist,daily_checklist,Vinod Patel,2026-07-03,2026-06-29,Yes,2026-07
2636,102,83,2026-07-04 21:27:00,87.5,80.0,20.0,Swati Nair,Crew Member,Gurgaon - Cyber Hub,Gurgaon,Haryana,Closing Checklist,daily_checklist,Vinod Patel,2026-07-04,2026-06-29,Yes,2026-07
2637,101,84,2026-07-05 07:42:00,87.5,80.0,20.0,Gaurav Reddy,Crew Member,Gurgaon - Cyber Hub,Gurgaon,Haryana,Opening Checklist,daily_checklist,Vinod Patel,2026-07-05,2026-06-29,Yes,2026-07
2638,102,85,2026-07-05 23:03:00,87.5,80.0,20.0,Tanvi Patel,Crew Member,Gurgaon - Cyber Hub,Gurgaon,Haryana,Closing Checklist,daily_checklist,Vinod Patel,2026-07-05,2026-06-29,Yes,2026-07
2639,101,85,2026-07-06 08:56:00,75.0,80.0,20.0,Tanvi Patel,Crew Member,Gurgaon - Cyber Hub,Gurgaon,Haryana,Opening Checklist,daily_checklist,Vinod Patel,2026-07-06,2026-07-06,No,2026-07
2640,102,85,2026-07-06 23:47:00,100.0,80.0,20.0,Tanvi Patel,Crew Member,Gurgaon - Cyber Hub,Gurgaon,Haryana,Closing Checklist,daily_checklist,Vinod Patel,2026-07-06,2026-07-06,Yes,2026-07
2641,102,85,2026-07-07 21:52:00,100.0,80.0,20.0,Tanvi Patel,Crew Member,Gurgaon - Cyber Hub,Gurgaon,Haryana,Closing Checklist,daily_checklist,Vinod Patel,2026-07-07,2026-07-06,Yes,2026-07
2642,101,84,2026-07-08 09:58:00,100.0,80.0,20.0,Gaurav Reddy,Crew Member,Gurgaon - Cyber Hub,Gurgaon,Haryana,Opening Checklist,daily_checklist,Vinod Patel,2026-07-08,2026-07-06,Yes,2026-07
2643,102,25,2026-07-08 23:25:00,100.0,80.0,20.0,Karan Patel,Store Manager,Gurgaon - Cyber Hub,Gurgaon,Haryana,Closing Checklist,daily_checklist,Vinod Patel,2026-07-08,2026-07-06,Yes,2026-07
2644,101,25,2026-07-09 09:39:00,75.0,80.0,20.0,Karan Patel,Store Manager,Gurgaon - Cyber Hub,Gurgaon,Haryana,Opening Checklist,daily_checklist,Vinod Patel,2026-07-09,2026-07-06,No,2026-07
2645,102,25,2026-07-09 23:22:00,100.0,80.0,20.0,Karan Patel,Store Manager,Gurgaon - Cyber Hub,Gurgaon,Haryana,Closing Checklist,daily_checklist,Vinod Patel,2026-07-09,2026-07-06,Yes,2026-07
2646,101,83,2026-07-10 08:05:00,100.0,80.0,20.0,Swati Nair,Crew Member,Gurgaon - Cyber Hub,Gurgaon,Haryana,Opening Checklist,daily_checklist,Vinod Patel,2026-07-10,2026-07-06,Yes,2026-07
2647,102,25,2026-07-10 23:21:00,100.0,80.0,20.0,Karan Patel,Store Manager,Gurgaon - Cyber Hub,Gurgaon,Haryana,Closing Checklist,daily_checklist,Vinod Patel,2026-07-10,2026-07-06,Yes,2026-07
2648,101,85,2026-07-11 09:34:00,100.0,80.0,20.0,Tanvi Patel,Crew Member,Gurgaon - Cyber Hub,Gurgaon,Haryana,Opening Checklist,daily_checklist,Vinod Patel,2026-07-11,2026-07-06,Yes,2026-07
2649,102,85,2026-07-11 21:05:00,100.0,80.0,20.0,Tanvi Patel,Crew Member,Gurgaon - Cyber Hub,Gurgaon,Haryana,Closing Checklist,daily_checklist,Vinod Patel,2026-07-11,2026-07-06,Yes,2026-07
2650,101,84,2026-07-12 08:48:00,100.0,80.0,20.0,Gaurav Reddy,Crew Member,Gurgaon - Cyber Hub,Gurgaon,Haryana,Opening Checklist,daily_checklist,Vinod Patel,2026-07-12,2026-07-06,Yes,2026-07
2651,102,85,2026-07-12 21:01:00,100.0,80.0,20.0,Tanvi Patel,Crew Member,Gurgaon - Cyber Hub,Gurgaon,Haryana,Closing Checklist,daily_checklist,Vinod Patel,2026-07-12,2026-07-06,Yes,2026-07
2652,101,25,2026-07-13 08:46:00,75.0,80.0,20.0,Karan Patel,Store Manager,Gurgaon - Cyber Hub,Gurgaon,Haryana,Opening Checklist,daily_checklist,Vinod Patel,2026-07-13,2026-07-13,No,2026-07
2653,102,83,2026-07-13 23:07:00,100.0,80.0,20.0,Swati Nair,Crew Member,Gurgaon - Cyber Hub,Gurgaon,Haryana,Closing Checklist,daily_checklist,Vinod Patel,2026-07-13,2026-07-13,Yes,2026-07
2654,101,85,2026-07-14 08:40:00,87.5,80.0,20.0,Tanvi Patel,Crew Member,Gurgaon - Cyber Hub,Gurgaon,Haryana,Opening Checklist,daily_checklist,Vinod Patel,2026-07-14,2026-07-13,Yes,2026-07
2655,102,83,2026-07-14 21:03:00,87.5,80.0,20.0,Swati Nair,Crew Member,Gurgaon - Cyber Hub,Gurgaon,Haryana,Closing Checklist,daily_checklist,Vinod Patel,2026-07-14,2026-07-13,Yes,2026-07
2656,101,83,2026-07-15 08:36:00,87.5,80.0,20.0,Swati Nair,Crew Member,Gurgaon - Cyber Hub,Gurgaon,Haryana,Opening Checklist,daily_checklist,Vinod Patel,2026-07-15,2026-07-13,Yes,2026-07
2657,102,84,2026-07-15 22:21:00,100.0,80.0,20.0,Gaurav Reddy,Crew Member,Gurgaon - Cyber Hub,Gurgaon,Haryana,Closing Checklist,daily_checklist,Vinod Patel,2026-07-15,2026-07-13,Yes,2026-07
2658,101,84,2026-07-16 09:45:00,87.5,80.0,20.0,Gaurav Reddy,Crew Member,Gurgaon - Cyber Hub,Gurgaon,Haryana,Opening Checklist,daily_checklist,Vinod Patel,2026-07-16,2026-07-13,Yes,2026-07
2659,102,85,2026-07-16 22:19:00,100.0,80.0,20.0,Tanvi Patel,Crew Member,Gurgaon - Cyber Hub,Gurgaon,Haryana,Closing Checklist,daily_checklist,Vinod Patel,2026-07-16,2026-07-13,Yes,2026-07
2660,102,25,2026-07-17 23:08:00,87.5,80.0,20.0,Karan Patel,Store Manager,Gurgaon - Cyber Hub,Gurgaon,Haryana,Closing Checklist,daily_checklist,Vinod Patel,2026-07-17,2026-07-13,Yes,2026-07
2661,101,83,2026-07-18 09:15:00,100.0,80.0,20.0,Swati Nair,Crew Member,Gurgaon - Cyber Hub,Gurgaon,Haryana,Opening Checklist,daily_checklist,Vinod Patel,2026-07-18,2026-07-13,Yes,2026-07
2662,101,84,2026-07-19 08:33:00,100.0,80.0,20.0,Gaurav Reddy,Crew Member,Gurgaon - Cyber Hub,Gurgaon,Haryana,Opening Checklist,daily_checklist,Vinod Patel,2026-07-19,2026-07-13,Yes,2026-07
2663,102,83,2026-07-19 22:29:00,87.5,80.0,20.0,Swati Nair,Crew Member,Gurgaon - Cyber Hub,Gurgaon,Haryana,Closing Checklist,daily_checklist,Vinod Patel,2026-07-19,2026-07-13,Yes,2026-07
2664,101,25,2026-07-20 09:27:00,100.0,80.0,20.0,Karan Patel,Store Manager,Gurgaon - Cyber Hub,Gurgaon,Haryana,Opening Checklist,daily_checklist,Vinod Patel,2026-07-20,2026-07-20,Yes,2026-07
2665,102,83,2026-07-20 21:05:00,100.0,80.0,20.0,Swati Nair,Crew Member,Gurgaon - Cyber Hub,Gurgaon,Haryana,Closing Checklist,daily_checklist,Vinod Patel,2026-07-20,2026-07-20,Yes,2026-07
2666,101,84,2026-07-21 07:30:00,100.0,80.0,20.0,Gaurav Reddy,Crew Member,Gurgaon - Cyber Hub,Gurgaon,Haryana,Opening Checklist,daily_checklist,Vinod Patel,2026-07-21,2026-07-20,Yes,2026-07
2667,102,85,2026-07-21 22:04:00,100.0,80.0,20.0,Tanvi Patel,Crew Member,Gurgaon - Cyber Hub,Gurgaon,Haryana,Closing Checklist,daily_checklist,Vinod Patel,2026-07-21,2026-07-20,Yes,2026-07
2668,101,25,2026-07-22 08:37:00,100.0,80.0,20.0,Karan Patel,Store Manager,Gurgaon - Cyber Hub,Gurgaon,Haryana,Opening Checklist,daily_checklist,Vinod Patel,2026-07-22,2026-07-20,Yes,2026-07
2669,102,25,2026-07-22 22:37:00,87.5,80.0,20.0,Karan Patel,Store Manager,Gurgaon - Cyber Hub,Gurgaon,Haryana,Closing Checklist,daily_checklist,Vinod Patel,2026-07-22,2026-07-20,Yes,2026-07
2670,101,25,2026-07-23 08:44:00,75.0,80.0,20.0,Karan Patel,Store Manager,Gurgaon - Cyber Hub,Gurgaon,Haryana,Opening Checklist,daily_checklist,Vinod Patel,2026-07-23,2026-07-20,No,2026-07
2671,102,84,2026-07-23 23:26:00,100.0,80.0,20.0,Gaurav Reddy,Crew Member,Gurgaon - Cyber Hub,Gurgaon,Haryana,Closing Checklist,daily_checklist,Vinod Patel,2026-07-23,2026-07-20,Yes,2026-07
2672,101,25,2026-07-24 09:08:00,87.5,80.0,20.0,Karan Patel,Store Manager,Gurgaon - Cyber Hub,Gurgaon,Haryana,Opening Checklist,daily_checklist,Vinod Patel,2026-07-24,2026-07-20,Yes,2026-07
2673,102,84,2026-07-24 23:29:00,100.0,80.0,20.0,Gaurav Reddy,Crew Member,Gurgaon - Cyber Hub,Gurgaon,Haryana,Closing Checklist,daily_checklist,Vinod Patel,2026-07-24,2026-07-20,Yes,2026-07
2674,101,84,2026-07-25 09:07:00,100.0,80.0,20.0,Gaurav Reddy,Crew Member,Gurgaon - Cyber Hub,Gurgaon,Haryana,Opening Checklist,daily_checklist,Vinod Patel,2026-07-25,2026-07-20,Yes,2026-07
2675,102,83,2026-07-25 22:30:00,100.0,80.0,20.0,Swati Nair,Crew Member,Gurgaon - Cyber Hub,Gurgaon,Haryana,Closing Checklist,daily_checklist,Vinod Patel,2026-07-25,2026-07-20,Yes,2026-07
2676,101,83,2026-07-26 09:23:00,100.0,80.0,20.0,Swati Nair,Crew Member,Gurgaon - Cyber Hub,Gurgaon,Haryana,Opening Checklist,daily_checklist,Vinod Patel,2026-07-26,2026-07-20,Yes,2026-07
2677,102,25,2026-07-26 23:54:00,100.0,80.0,20.0,Karan Patel,Store Manager,Gurgaon - Cyber Hub,Gurgaon,Haryana,Closing Checklist,daily_checklist,Vinod Patel,2026-07-26,2026-07-20,Yes,2026-07
2678,101,85,2026-07-27 07:23:00,87.5,80.0,20.0,Tanvi Patel,Crew Member,Gurgaon - Cyber Hub,Gurgaon,Haryana,Opening Checklist,daily_checklist,Vinod Patel,2026-07-27,2026-07-27,Yes,2026-07
2679,102,84,2026-07-27 21:33:00,75.0,80.0,20.0,Gaurav Reddy,Crew Member,Gurgaon - Cyber Hub,Gurgaon,Haryana,Closing Checklist,daily_checklist,Vinod Patel,2026-07-27,2026-07-27,No,2026-07
2680,102,85,2026-07-28 22:19:00,100.0,80.0,20.0,Tanvi Patel,Crew Member,Gurgaon - Cyber Hub,Gurgaon,Haryana,Closing Checklist,daily_checklist,Vinod Patel,2026-07-28,2026-07-27,Yes,2026-07
2681,101,83,2026-07-29 08:31:00,87.5,80.0,20.0,Swati Nair,Crew Member,Gurgaon - Cyber Hub,Gurgaon,Haryana,Opening Checklist,daily_checklist,Vinod Patel,2026-07-29,2026-07-27,Yes,2026-07
2682,102,25,2026-07-29 21:09:00,100.0,80.0,20.0,Karan Patel,Store Manager,Gurgaon - Cyber Hub,Gurgaon,Haryana,Closing Checklist,daily_checklist,Vinod Patel,2026-07-29,2026-07-27,Yes,2026-07
2683,101,85,2026-07-30 08:56:00,100.0,80.0,20.0,Tanvi Patel,Crew Member,Gurgaon - Cyber Hub,Gurgaon,Haryana,Opening Checklist,daily_checklist,Vinod Patel,2026-07-30,2026-07-27,Yes,2026-07
2684,102,25,2026-07-30 21:11:00,87.5,80.0,20.0,Karan Patel,Store Manager,Gurgaon - Cyber Hub,Gurgaon,Haryana,Closing Checklist,daily_checklist,Vinod Patel,2026-07-30,2026-07-27,Yes,2026-07
2685,101,85,2026-07-31 07:35:00,87.5,80.0,20.0,Tanvi Patel,Crew Member,Gurgaon - Cyber Hub,Gurgaon,Haryana,Opening Checklist,daily_checklist,Vinod Patel,2026-07-31,2026-07-27,Yes,2026-07
2686,101,83,2026-08-01 07:55:00,100.0,80.0,20.0,Swati Nair,Crew Member,Gurgaon - Cyber Hub,Gurgaon,Haryana,Opening Checklist,daily_checklist,Vinod Patel,2026-08-01,2026-07-27,Yes,2026-08
2687,102,85,2026-08-01 22:30:00,100.0,80.0,20.0,Tanvi Patel,Crew Member,Gurgaon - Cyber Hub,Gurgaon,Haryana,Closing Checklist,daily_checklist,Vinod Patel,2026-08-01,2026-07-27,Yes,2026-08
2688,101,85,2026-08-02 08:57:00,100.0,80.0,20.0,Tanvi Patel,Crew Member,Gurgaon - Cyber Hub,Gurgaon,Haryana,Opening Checklist,daily_checklist,Vinod Patel,2026-08-02,2026-07-27,Yes,2026-08
2689,102,84,2026-08-02 22:30:00,100.0,80.0,20.0,Gaurav Reddy,Crew Member,Gurgaon - Cyber Hub,Gurgaon,Haryana,Closing Checklist,daily_checklist,Vinod Patel,2026-08-02,2026-07-27,Yes,2026-08
2690,101,25,2026-08-03 09:40:00,75.0,80.0,20.0,Karan Patel,Store Manager,Gurgaon - Cyber Hub,Gurgaon,Haryana,Opening Checklist,daily_checklist,Vinod Patel,2026-08-03,2026-08-03,No,2026-08
2691,102,25,2026-08-03 22:42:00,100.0,80.0,20.0,Karan Patel,Store Manager,Gurgaon - Cyber Hub,Gurgaon,Haryana,Closing Checklist,daily_checklist,Vinod Patel,2026-08-03,2026-08-03,Yes,2026-08
2692,101,83,2026-08-04 09:20:00,100.0,80.0,20.0,Swati Nair,Crew Member,Gurgaon - Cyber Hub,Gurgaon,Haryana,Opening Checklist,daily_checklist,Vinod Patel,2026-08-04,2026-08-03,Yes,2026-08
2693,102,25,2026-08-04 23:42:00,87.5,80.0,20.0,Karan Patel,Store Manager,Gurgaon - Cyber Hub,Gurgaon,Haryana,Closing Checklist,daily_checklist,Vinod Patel,2026-08-04,2026-08-03,Yes,2026-08
2694,101,25,2026-08-05 07:57:00,87.5,80.0,20.0,Karan Patel,Store Manager,Gurgaon - Cyber Hub,Gurgaon,Haryana,Opening Checklist,daily_checklist,Vinod Patel,2026-08-05,2026-08-03,Yes,2026-08
2695,102,83,2026-08-05 22:34:00,100.0,80.0,20.0,Swati Nair,Crew Member,Gurgaon - Cyber Hub,Gurgaon,Haryana,Closing Checklist,daily_checklist,Vinod Patel,2026-08-05,2026-08-03,Yes,2026-08
2696,101,83,2026-08-06 09:17:00,100.0,80.0,20.0,Swati Nair,Crew Member,Gurgaon - Cyber Hub,Gurgaon,Haryana,Opening Checklist,daily_checklist,Vinod Patel,2026-08-06,2026-08-03,Yes,2026-08
2697,102,83,2026-08-06 21:45:00,100.0,80.0,20.0,Swati Nair,Crew Member,Gurgaon - Cyber Hub,Gurgaon,Haryana,Closing Checklist,daily_checklist,Vinod Patel,2026-08-06,2026-08-03,Yes,2026-08
2698,101,85,2026-08-07 09:50:00,100.0,80.0,20.0,Tanvi Patel,Crew Member,Gurgaon - Cyber Hub,Gurgaon,Haryana,Opening Checklist,daily_checklist,Vinod Patel,2026-08-07,2026-08-03,Yes,2026-08
2699,102,83,2026-08-07 23:41:00,100.0,80.0,20.0,Swati Nair,Crew Member,Gurgaon - Cyber Hub,Gurgaon,Haryana,Closing Checklist,daily_checklist,Vinod Patel,2026-08-07,2026-08-03,Yes,2026-08
2700,101,83,2026-08-08 07:12:00,100.0,80.0,20.0,Swati Nair,Crew Member,Gurgaon - Cyber Hub,Gurgaon,Haryana,Opening Checklist,daily_checklist,Vinod Patel,2026-08-08,2026-08-03,Yes,2026-08
2701,102,84,2026-08-08 23:33:00,100.0,80.0,20.0,Gaurav Reddy,Crew Member,Gurgaon - Cyber Hub,Gurgaon,Haryana,Closing Checklist,daily_checklist,Vinod Patel,2026-08-08,2026-08-03,Yes,2026-08
2702,101,83,2026-08-09 09:57:00,87.5,80.0,20.0,Swati Nair,Crew Member,Gurgaon - Cyber Hub,Gurgaon,Haryana,Opening Checklist,daily_checklist,Vinod Patel,2026-08-09,2026-08-03,Yes,2026-08
2703,102,84,2026-08-09 21:42:00,100.0,80.0,20.0,Gaurav Reddy,Crew Member,Gurgaon - Cyber Hub,Gurgaon,Haryana,Closing Checklist,daily_checklist,Vinod Patel,2026-08-09,2026-08-03,Yes,2026-08
2704,101,84,2026-08-10 08:50:00,100.0,80.0,20.0,Gaurav Reddy,Crew Member,Gurgaon - Cyber Hub,Gurgaon,Haryana,Opening Checklist,daily_checklist,Vinod Patel,2026-08-10,2026-08-10,Yes,2026-08
2705,102,25,2026-08-10 21:53:00,100.0,80.0,20.0,Karan Patel,Store Manager,Gurgaon - Cyber Hub,Gurgaon,Haryana,Closing Checklist,daily_checklist,Vinod Patel,2026-08-10,2026-08-10,Yes,2026-08
2706,101,85,2026-08-11 09:38:00,87.5,80.0,20.0,Tanvi Patel,Crew Member,Gurgaon - Cyber Hub,Gurgaon,Haryana,Opening Checklist,daily_checklist,Vinod Patel,2026-08-11,2026-08-10,Yes,2026-08
2707,102,83,2026-08-11 22:37:00,100.0,80.0,20.0,Swati Nair,Crew Member,Gurgaon - Cyber Hub,Gurgaon,Haryana,Closing Checklist,daily_checklist,Vinod Patel,2026-08-11,2026-08-10,Yes,2026-08
2708,101,25,2026-08-12 07:21:00,100.0,80.0,20.0,Karan Patel,Store Manager,Gurgaon - Cyber Hub,Gurgaon,Haryana,Opening Checklist,daily_checklist,Vinod Patel,2026-08-12,2026-08-10,Yes,2026-08
2709,102,83,2026-08-12 21:26:00,100.0,80.0,20.0,Swati Nair,Crew Member,Gurgaon - Cyber Hub,Gurgaon,Haryana,Closing Checklist,daily_checklist,Vinod Patel,2026-08-12,2026-08-10,Yes,2026-08
2710,101,85,2026-08-13 08:24:00,100.0,80.0,20.0,Tanvi Patel,Crew Member,Gurgaon - Cyber Hub,Gurgaon,Haryana,Opening Checklist,daily_checklist,Vinod Patel,2026-08-13,2026-08-10,Yes,2026-08
2711,102,83,2026-08-13 21:07:00,87.5,80.0,20.0,Swati Nair,Crew Member,Gurgaon - Cyber Hub,Gurgaon,Haryana,Closing Checklist,daily_checklist,Vinod Patel,2026-08-13,2026-08-10,Yes,2026-08
2712,101,84,2026-08-14 07:18:00,87.5,80.0,20.0,Gaurav Reddy,Crew Member,Gurgaon - Cyber Hub,Gurgaon,Haryana,Opening Checklist,daily_checklist,Vinod Patel,2026-08-14,2026-08-10,Yes,2026-08
2713,102,83,2026-08-14 21:16:00,87.5,80.0,20.0,Swati Nair,Crew Member,Gurgaon - Cyber Hub,Gurgaon,Haryana,Closing Checklist,daily_checklist,Vinod Patel,2026-08-14,2026-08-10,Yes,2026-08
2714,101,84,2026-08-15 08:26:00,100.0,80.0,20.0,Gaurav Reddy,Crew Member,Gurgaon - Cyber Hub,Gurgaon,Haryana,Opening Checklist,daily_checklist,Vinod Patel,2026-08-15,2026-08-10,Yes,2026-08
2715,102,85,2026-08-15 21:39:00,100.0,80.0,20.0,Tanvi Patel,Crew Member,Gurgaon - Cyber Hub,Gurgaon,Haryana,Closing Checklist,daily_checklist,Vinod Patel,2026-08-15,2026-08-10,Yes,2026-08
2716,101,83,2026-08-16 07:45:00,100.0,80.0,20.0,Swati Nair,Crew Member,Gurgaon - Cyber Hub,Gurgaon,Haryana,Opening Checklist,daily_checklist,Vinod Patel,2026-08-16,2026-08-10,Yes,2026-08
2717,102,83,2026-08-16 22:24:00,100.0,80.0,20.0,Swati Nair,Crew Member,Gurgaon - Cyber Hub,Gurgaon,Haryana,Closing Checklist,daily_checklist,Vinod Patel,2026-08-16,2026-08-10,Yes,2026-08
2718,101,85,2026-08-17 07:26:00,100.0,80.0,20.0,Tanvi Patel,Crew Member,Gurgaon - Cyber Hub,Gurgaon,Haryana,Opening Checklist,daily_checklist,Vinod Patel,2026-08-17,2026-08-17,Yes,2026-08
2719,102,83,2026-08-17 22:24:00,87.5,80.0,20.0,Swati Nair,Crew Member,Gurgaon - Cyber Hub,Gurgaon,Haryana,Closing Checklist,daily_checklist,Vinod Patel,2026-08-17,2026-08-17,Yes,2026-08
2720,103,6,2026-05-27 11:48:00,61.5,85.0,1.0,Ritu Gupta,Store Manager,Mumbai - Andheri,Mumbai,Maharashtra,Hygiene & Food Safety Audit,audit_checklist,Mohit Iyer,2026-05-27,2026-05-25,No,2026-05
2721,103,6,2026-06-06 14:15:00,92.3,85.0,1.0,Ritu Gupta,Store Manager,Mumbai - Andheri,Mumbai,Maharashtra,Hygiene & Food Safety Audit,audit_checklist,Mohit Iyer,2026-06-06,2026-06-01,Yes,2026-06
2722,103,6,2026-06-19 14:48:00,92.3,85.0,1.0,Ritu Gupta,Store Manager,Mumbai - Andheri,Mumbai,Maharashtra,Hygiene & Food Safety Audit,audit_checklist,Mohit Iyer,2026-06-19,2026-06-15,Yes,2026-06
2723,103,6,2026-06-27 13:07:00,100.0,85.0,1.0,Ritu Gupta,Store Manager,Mumbai - Andheri,Mumbai,Maharashtra,Hygiene & Food Safety Audit,audit_checklist,Mohit Iyer,2026-06-27,2026-06-22,Yes,2026-06
2724,103,6,2026-07-02 10:20:00,84.6,85.0,1.0,Ritu Gupta,Store Manager,Mumbai - Andheri,Mumbai,Maharashtra,Hygiene & Food Safety Audit,audit_checklist,Mohit Iyer,2026-07-02,2026-06-29,No,2026-07
2725,103,6,2026-07-10 14:26:00,92.3,85.0,1.0,Ritu Gupta,Store Manager,Mumbai - Andheri,Mumbai,Maharashtra,Hygiene & Food Safety Audit,audit_checklist,Mohit Iyer,2026-07-10,2026-07-06,Yes,2026-07
2726,103,6,2026-07-14 13:01:00,84.6,85.0,1.0,Ritu Gupta,Store Manager,Mumbai - Andheri,Mumbai,Maharashtra,Hygiene & Food Safety Audit,audit_checklist,Mohit Iyer,2026-07-14,2026-07-13,No,2026-07
2727,103,6,2026-07-24 15:14:00,92.3,85.0,1.0,Ritu Gupta,Store Manager,Mumbai - Andheri,Mumbai,Maharashtra,Hygiene & Food Safety Audit,audit_checklist,Mohit Iyer,2026-07-24,2026-07-20,Yes,2026-07
2728,103,6,2026-07-28 12:35:00,92.3,85.0,1.0,Ritu Gupta,Store Manager,Mumbai - Andheri,Mumbai,Maharashtra,Hygiene & Food Safety Audit,audit_checklist,Mohit Iyer,2026-07-28,2026-07-27,Yes,2026-07
2729,103,6,2026-08-08 15:06:00,92.3,85.0,1.0,Ritu Gupta,Store Manager,Mumbai - Andheri,Mumbai,Maharashtra,Hygiene & Food Safety Audit,audit_checklist,Mohit Iyer,2026-08-08,2026-08-03,Yes,2026-08
2730,103,6,2026-08-12 16:35:00,100.0,85.0,1.0,Ritu Gupta,Store Manager,Mumbai - Andheri,Mumbai,Maharashtra,Hygiene & Food Safety Audit,audit_checklist,Mohit Iyer,2026-08-12,2026-08-10,Yes,2026-08
2731,103,7,2026-05-24 16:08:00,84.6,85.0,2.0,Rajesh Singh,Store Manager,Bangalore - Koramangala,Bangalore,Karnataka,Hygiene & Food Safety Audit,audit_checklist,Mohit Iyer,2026-05-24,2026-05-18,No,2026-05
2732,103,7,2026-05-28 14:26:00,84.6,85.0,2.0,Rajesh Singh,Store Manager,Bangalore - Koramangala,Bangalore,Karnataka,Hygiene & Food Safety Audit,audit_checklist,Mohit Iyer,2026-05-28,2026-05-25,No,2026-05
2733,103,7,2026-06-05 10:54:00,76.9,85.0,2.0,Rajesh Singh,Store Manager,Bangalore - Koramangala,Bangalore,Karnataka,Hygiene & Food Safety Audit,audit_checklist,Mohit Iyer,2026-06-05,2026-06-01,No,2026-06
2734,103,7,2026-06-14 14:13:00,92.3,85.0,2.0,Rajesh Singh,Store Manager,Bangalore - Koramangala,Bangalore,Karnataka,Hygiene & Food Safety Audit,audit_checklist,Mohit Iyer,2026-06-14,2026-06-08,Yes,2026-06
2735,103,7,2026-06-22 11:23:00,84.6,85.0,2.0,Rajesh Singh,Store Manager,Bangalore - Koramangala,Bangalore,Karnataka,Hygiene & Food Safety Audit,audit_checklist,Mohit Iyer,2026-06-22,2026-06-22,No,2026-06
2736,103,7,2026-06-27 11:50:00,84.6,85.0,2.0,Rajesh Singh,Store Manager,Bangalore - Koramangala,Bangalore,Karnataka,Hygiene & Food Safety Audit,audit_checklist,Mohit Iyer,2026-06-27,2026-06-22,No,2026-06
2737,103,7,2026-07-01 14:27:00,76.9,85.0,2.0,Rajesh Singh,Store Manager,Bangalore - Koramangala,Bangalore,Karnataka,Hygiene & Food Safety Audit,audit_checklist,Mohit Iyer,2026-07-01,2026-06-29,No,2026-07
2738,103,7,2026-07-11 13:02:00,69.2,85.0,2.0,Rajesh Singh,Store Manager,Bangalore - Koramangala,Bangalore,Karnataka,Hygiene & Food Safety Audit,audit_checklist,Mohit Iyer,2026-07-11,2026-07-06,No,2026-07
2739,103,7,2026-07-14 16:29:00,92.3,85.0,2.0,Rajesh Singh,Store Manager,Bangalore - Koramangala,Bangalore,Karnataka,Hygiene & Food Safety Audit,audit_checklist,Mohit Iyer,2026-07-14,2026-07-13,Yes,2026-07
2740,103,7,2026-07-27 14:18:00,69.2,85.0,2.0,Rajesh Singh,Store Manager,Bangalore - Koramangala,Bangalore,Karnataka,Hygiene & Food Safety Audit,audit_checklist,Mohit Iyer,2026-07-27,2026-07-27,No,2026-07
2741,103,7,2026-08-02 11:00:00,92.3,85.0,2.0,Rajesh Singh,Store Manager,Bangalore - Koramangala,Bangalore,Karnataka,Hygiene & Food Safety Audit,audit_checklist,Mohit Iyer,2026-08-02,2026-07-27,Yes,2026-08
2742,103,7,2026-08-04 13:17:00,100.0,85.0,2.0,Rajesh Singh,Store Manager,Bangalore - Koramangala,Bangalore,Karnataka,Hygiene & Food Safety Audit,audit_checklist,Mohit Iyer,2026-08-04,2026-08-03,Yes,2026-08
2743,103,7,2026-08-15 12:53:00,76.9,85.0,2.0,Rajesh Singh,Store Manager,Bangalore - Koramangala,Bangalore,Karnataka,Hygiene & Food Safety Audit,audit_checklist,Mohit Iyer,2026-08-15,2026-08-10,No,2026-08
2744,103,8,2026-06-14 13:22:00,53.8,85.0,3.0,Naveen Mehta,Store Manager,Delhi - Connaught Place,Delhi,Delhi,Hygiene & Food Safety Audit,audit_checklist,Mohit Iyer,2026-06-14,2026-06-08,No,2026-06
2745,103,8,2026-06-22 15:13:00,46.2,85.0,3.0,Naveen Mehta,Store Manager,Delhi - Connaught Place,Delhi,Delhi,Hygiene & Food Safety Audit,audit_checklist,Mohit Iyer,2026-06-22,2026-06-22,No,2026-06
2746,103,9,2026-05-23 16:32:00,76.9,85.0,4.0,Yash Rao,Store Manager,Pune - Kothrud,Pune,Maharashtra,Hygiene & Food Safety Audit,audit_checklist,Mohit Iyer,2026-05-23,2026-05-18,No,2026-05
2747,103,9,2026-06-11 10:10:00,69.2,85.0,4.0,Yash Rao,Store Manager,Pune - Kothrud,Pune,Maharashtra,Hygiene & Food Safety Audit,audit_checklist,Mohit Iyer,2026-06-11,2026-06-08,No,2026-06
2748,103,9,2026-06-21 14:36:00,53.8,85.0,4.0,Yash Rao,Store Manager,Pune - Kothrud,Pune,Maharashtra,Hygiene & Food Safety Audit,audit_checklist,Mohit Iyer,2026-06-21,2026-06-15,No,2026-06
2749,103,9,2026-06-30 12:05:00,84.6,85.0,4.0,Yash Rao,Store Manager,Pune - Kothrud,Pune,Maharashtra,Hygiene & Food Safety Audit,audit_checklist,Mohit Iyer,2026-06-30,2026-06-29,No,2026-06
2750,103,9,2026-07-10 15:07:00,61.5,85.0,4.0,Yash Rao,Store Manager,Pune - Kothrud,Pune,Maharashtra,Hygiene & Food Safety Audit,audit_checklist,Mohit Iyer,2026-07-10,2026-07-06,No,2026-07
2751,103,9,2026-08-03 11:46:00,61.5,85.0,4.0,Yash Rao,Store Manager,Pune - Kothrud,Pune,Maharashtra,Hygiene & Food Safety Audit,audit_checklist,Mohit Iyer,2026-08-03,2026-08-03,No,2026-08
2752,103,9,2026-08-08 12:56:00,92.3,85.0,4.0,Yash Rao,Store Manager,Pune - Kothrud,Pune,Maharashtra,Hygiene & Food Safety Audit,audit_checklist,Mohit Iyer,2026-08-08,2026-08-03,Yes,2026-08
2753,103,9,2026-08-14 11:39:00,84.6,85.0,4.0,Yash Rao,Store Manager,Pune - Kothrud,Pune,Maharashtra,Hygiene & Food Safety Audit,audit_checklist,Mohit Iyer,2026-08-14,2026-08-10,No,2026-08
2754,103,10,2026-05-30 16:20:00,100.0,85.0,5.0,Payal Das,Store Manager,Hyderabad - Banjara Hills,Hyderabad,Telangana,Hygiene & Food Safety Audit,audit_checklist,Mohit Iyer,2026-05-30,2026-05-25,Yes,2026-05
2755,103,10,2026-06-07 12:40:00,100.0,85.0,5.0,Payal Das,Store Manager,Hyderabad - Banjara Hills,Hyderabad,Telangana,Hygiene & Food Safety Audit,audit_checklist,Mohit Iyer,2026-06-07,2026-06-01,Yes,2026-06
2756,103,10,2026-06-11 16:45:00,100.0,85.0,5.0,Payal Das,Store Manager,Hyderabad - Banjara Hills,Hyderabad,Telangana,Hygiene & Food Safety Audit,audit_checklist,Mohit Iyer,2026-06-11,2026-06-08,Yes,2026-06
2757,103,10,2026-06-19 12:15:00,100.0,85.0,5.0,Payal Das,Store Manager,Hyderabad - Banjara Hills,Hyderabad,Telangana,Hygiene & Food Safety Audit,audit_checklist,Mohit Iyer,2026-06-19,2026-06-15,Yes,2026-06
2758,103,10,2026-07-05 12:21:00,84.6,85.0,5.0,Payal Das,Store Manager,Hyderabad - Banjara Hills,Hyderabad,Telangana,Hygiene & Food Safety Audit,audit_checklist,Mohit Iyer,2026-07-05,2026-06-29,No,2026-07
2759,103,10,2026-07-15 13:38:00,92.3,85.0,5.0,Payal Das,Store Manager,Hyderabad - Banjara Hills,Hyderabad,Telangana,Hygiene & Food Safety Audit,audit_checklist,Mohit Iyer,2026-07-15,2026-07-13,Yes,2026-07
2760,103,10,2026-07-23 10:58:00,100.0,85.0,5.0,Payal Das,Store Manager,Hyderabad - Banjara Hills,Hyderabad,Telangana,Hygiene & Food Safety Audit,audit_checklist,Mohit Iyer,2026-07-23,2026-07-20,Yes,2026-07
2761,103,10,2026-08-02 11:41:00,100.0,85.0,5.0,Payal Das,Store Manager,Hyderabad - Banjara Hills,Hyderabad,Telangana,Hygiene & Food Safety Audit,audit_checklist,Mohit Iyer,2026-08-02,2026-07-27,Yes,2026-08
2762,103,10,2026-08-04 14:30:00,92.3,85.0,5.0,Payal Das,Store Manager,Hyderabad - Banjara Hills,Hyderabad,Telangana,Hygiene & Food Safety Audit,audit_checklist,Mohit Iyer,2026-08-04,2026-08-03,Yes,2026-08
2763,103,10,2026-08-11 10:43:00,84.6,85.0,5.0,Payal Das,Store Manager,Hyderabad - Banjara Hills,Hyderabad,Telangana,Hygiene & Food Safety Audit,audit_checklist,Mohit Iyer,2026-08-11,2026-08-10,No,2026-08
2764,103,11,2026-05-27 13:35:00,92.3,85.0,6.0,Sonal Kapoor,Store Manager,Chennai - T Nagar,Chennai,Tamil Nadu,Hygiene & Food Safety Audit,audit_checklist,Priya Nair,2026-05-27,2026-05-25,Yes,2026-05
2765,103,11,2026-06-21 15:31:00,100.0,85.0,6.0,Sonal Kapoor,Store Manager,Chennai - T Nagar,Chennai,Tamil Nadu,Hygiene & Food Safety Audit,audit_checklist,Priya Nair,2026-06-21,2026-06-15,Yes,2026-06
2766,103,11,2026-07-06 13:34:00,84.6,85.0,6.0,Sonal Kapoor,Store Manager,Chennai - T Nagar,Chennai,Tamil Nadu,Hygiene & Food Safety Audit,audit_checklist,Priya Nair,2026-07-06,2026-07-06,No,2026-07
2767,103,11,2026-07-07 16:56:00,53.8,85.0,6.0,Sonal Kapoor,Store Manager,Chennai - T Nagar,Chennai,Tamil Nadu,Hygiene & Food Safety Audit,audit_checklist,Priya Nair,2026-07-07,2026-07-06,No,2026-07
2768,103,11,2026-08-02 15:04:00,92.3,85.0,6.0,Sonal Kapoor,Store Manager,Chennai - T Nagar,Chennai,Tamil Nadu,Hygiene & Food Safety Audit,audit_checklist,Priya Nair,2026-08-02,2026-07-27,Yes,2026-08
2769,103,11,2026-08-15 10:57:00,92.3,85.0,6.0,Sonal Kapoor,Store Manager,Chennai - T Nagar,Chennai,Tamil Nadu,Hygiene & Food Safety Audit,audit_checklist,Priya Nair,2026-08-15,2026-08-10,Yes,2026-08
2770,103,12,2026-06-08 16:42:00,69.2,85.0,7.0,Seema Chopra,Store Manager,Kolkata - Park Street,Kolkata,West Bengal,Hygiene & Food Safety Audit,audit_checklist,Priya Nair,2026-06-08,2026-06-08,No,2026-06
2771,103,12,2026-06-12 15:07:00,92.3,85.0,7.0,Seema Chopra,Store Manager,Kolkata - Park Street,Kolkata,West Bengal,Hygiene & Food Safety Audit,audit_checklist,Priya Nair,2026-06-12,2026-06-08,Yes,2026-06
2772,103,12,2026-07-02 16:24:00,76.9,85.0,7.0,Seema Chopra,Store Manager,Kolkata - Park Street,Kolkata,West Bengal,Hygiene & Food Safety Audit,audit_checklist,Priya Nair,2026-07-02,2026-06-29,No,2026-07
2773,103,12,2026-07-13 14:22:00,92.3,85.0,7.0,Seema Chopra,Store Manager,Kolkata - Park Street,Kolkata,West Bengal,Hygiene & Food Safety Audit,audit_checklist,Priya Nair,2026-07-13,2026-07-13,Yes,2026-07
2774,103,12,2026-07-24 11:53:00,92.3,85.0,7.0,Seema Chopra,Store Manager,Kolkata - Park Street,Kolkata,West Bengal,Hygiene & Food Safety Audit,audit_checklist,Priya Nair,2026-07-24,2026-07-20,Yes,2026-07
2775,103,12,2026-08-03 16:44:00,61.5,85.0,7.0,Seema Chopra,Store Manager,Kolkata - Park Street,Kolkata,West Bengal,Hygiene & Food Safety Audit,audit_checklist,Priya Nair,2026-08-03,2026-08-03,No,2026-08
2776,103,12,2026-08-04 10:29:00,76.9,85.0,7.0,Seema Chopra,Store Manager,Kolkata - Park Street,Kolkata,West Bengal,Hygiene & Food Safety Audit,audit_checklist,Priya Nair,2026-08-04,2026-08-03,No,2026-08
2777,103,13,2026-06-04 11:28:00,61.5,85.0,8.0,Meera Joshi,Store Manager,Ahmedabad - SG Highway,Ahmedabad,Gujarat,Hygiene & Food Safety Audit,audit_checklist,Priya Nair,2026-06-04,2026-06-01,No,2026-06
2778,103,13,2026-06-16 11:47:00,53.8,85.0,8.0,Meera Joshi,Store Manager,Ahmedabad - SG Highway,Ahmedabad,Gujarat,Hygiene & Food Safety Audit,audit_checklist,Priya Nair,2026-06-16,2026-06-15,No,2026-06
2779,103,13,2026-06-23 16:17:00,61.5,85.0,8.0,Meera Joshi,Store Manager,Ahmedabad - SG Highway,Ahmedabad,Gujarat,Hygiene & Food Safety Audit,audit_checklist,Priya Nair,2026-06-23,2026-06-22,No,2026-06
2780,103,13,2026-07-05 15:22:00,61.5,85.0,8.0,Meera Joshi,Store Manager,Ahmedabad - SG Highway,Ahmedabad,Gujarat,Hygiene & Food Safety Audit,audit_checklist,Priya Nair,2026-07-05,2026-06-29,No,2026-07
2781,103,13,2026-08-12 10:52:00,46.2,85.0,8.0,Meera Joshi,Store Manager,Ahmedabad - SG Highway,Ahmedabad,Gujarat,Hygiene & Food Safety Audit,audit_checklist,Priya Nair,2026-08-12,2026-08-10,No,2026-08
2782,103,14,2026-05-23 15:19:00,76.9,85.0,9.0,Vandana Malhotra,Store Manager,Jaipur - MI Road,Jaipur,Rajasthan,Hygiene & Food Safety Audit,audit_checklist,Priya Nair,2026-05-23,2026-05-18,No,2026-05
2783,103,14,2026-06-01 15:14:00,76.9,85.0,9.0,Vandana Malhotra,Store Manager,Jaipur - MI Road,Jaipur,Rajasthan,Hygiene & Food Safety Audit,audit_checklist,Priya Nair,2026-06-01,2026-06-01,No,2026-06
2784,103,14,2026-06-10 13:23:00,76.9,85.0,9.0,Vandana Malhotra,Store Manager,Jaipur - MI Road,Jaipur,Rajasthan,Hygiene & Food Safety Audit,audit_checklist,Priya Nair,2026-06-10,2026-06-08,No,2026-06
2785,103,14,2026-06-23 12:31:00,76.9,85.0,9.0,Vandana Malhotra,Store Manager,Jaipur - MI Road,Jaipur,Rajasthan,Hygiene & Food Safety Audit,audit_checklist,Priya Nair,2026-06-23,2026-06-22,No,2026-06
2786,103,14,2026-07-19 15:38:00,69.2,85.0,9.0,Vandana Malhotra,Store Manager,Jaipur - MI Road,Jaipur,Rajasthan,Hygiene & Food Safety Audit,audit_checklist,Priya Nair,2026-07-19,2026-07-13,No,2026-07
2787,103,14,2026-07-22 10:12:00,84.6,85.0,9.0,Vandana Malhotra,Store Manager,Jaipur - MI Road,Jaipur,Rajasthan,Hygiene & Food Safety Audit,audit_checklist,Priya Nair,2026-07-22,2026-07-20,No,2026-07
2788,103,14,2026-08-03 15:25:00,53.8,85.0,9.0,Vandana Malhotra,Store Manager,Jaipur - MI Road,Jaipur,Rajasthan,Hygiene & Food Safety Audit,audit_checklist,Priya Nair,2026-08-03,2026-08-03,No,2026-08
2789,103,14,2026-08-04 16:17:00,100.0,85.0,9.0,Vandana Malhotra,Store Manager,Jaipur - MI Road,Jaipur,Rajasthan,Hygiene & Food Safety Audit,audit_checklist,Priya Nair,2026-08-04,2026-08-03,Yes,2026-08
2790,103,15,2026-05-30 14:31:00,84.6,85.0,10.0,Radhika Bose,Store Manager,Chandigarh - Sector 17,Chandigarh,Chandigarh,Hygiene & Food Safety Audit,audit_checklist,Priya Nair,2026-05-30,2026-05-25,No,2026-05
2791,103,15,2026-06-03 14:12:00,76.9,85.0,10.0,Radhika Bose,Store Manager,Chandigarh - Sector 17,Chandigarh,Chandigarh,Hygiene & Food Safety Audit,audit_checklist,Priya Nair,2026-06-03,2026-06-01,No,2026-06
2792,103,15,2026-06-14 15:36:00,69.2,85.0,10.0,Radhika Bose,Store Manager,Chandigarh - Sector 17,Chandigarh,Chandigarh,Hygiene & Food Safety Audit,audit_checklist,Priya Nair,2026-06-14,2026-06-08,No,2026-06
2793,103,15,2026-06-21 15:38:00,100.0,85.0,10.0,Radhika Bose,Store Manager,Chandigarh - Sector 17,Chandigarh,Chandigarh,Hygiene & Food Safety Audit,audit_checklist,Priya Nair,2026-06-21,2026-06-15,Yes,2026-06
2794,103,15,2026-06-27 11:04:00,92.3,85.0,10.0,Radhika Bose,Store Manager,Chandigarh - Sector 17,Chandigarh,Chandigarh,Hygiene & Food Safety Audit,audit_checklist,Priya Nair,2026-06-27,2026-06-22,Yes,2026-06
2795,103,15,2026-07-04 11:47:00,100.0,85.0,10.0,Radhika Bose,Store Manager,Chandigarh - Sector 17,Chandigarh,Chandigarh,Hygiene & Food Safety Audit,audit_checklist,Priya Nair,2026-07-04,2026-06-29,Yes,2026-07
2796,103,15,2026-07-07 11:16:00,76.9,85.0,10.0,Radhika Bose,Store Manager,Chandigarh - Sector 17,Chandigarh,Chandigarh,Hygiene & Food Safety Audit,audit_checklist,Priya Nair,2026-07-07,2026-07-06,No,2026-07
2797,103,15,2026-07-25 16:14:00,92.3,85.0,10.0,Radhika Bose,Store Manager,Chandigarh - Sector 17,Chandigarh,Chandigarh,Hygiene & Food Safety Audit,audit_checklist,Priya Nair,2026-07-25,2026-07-20,Yes,2026-07
2798,103,15,2026-08-08 15:50:00,69.2,85.0,10.0,Radhika Bose,Store Manager,Chandigarh - Sector 17,Chandigarh,Chandigarh,Hygiene & Food Safety Audit,audit_checklist,Priya Nair,2026-08-08,2026-08-03,No,2026-08
2799,103,15,2026-08-13 11:54:00,76.9,85.0,10.0,Radhika Bose,Store Manager,Chandigarh - Sector 17,Chandigarh,Chandigarh,Hygiene & Food Safety Audit,audit_checklist,Priya Nair,2026-08-13,2026-08-10,No,2026-08
2800,103,16,2026-06-21 10:44:00,76.9,85.0,11.0,Sameer Menon,Store Manager,Lucknow - Hazratganj,Lucknow,Uttar Pradesh,Hygiene & Food Safety Audit,audit_checklist,Dev Reddy,2026-06-21,2026-06-15,No,2026-06
2801,103,16,2026-06-28 14:39:00,92.3,85.0,11.0,Sameer Menon,Store Manager,Lucknow - Hazratganj,Lucknow,Uttar Pradesh,Hygiene & Food Safety Audit,audit_checklist,Dev Reddy,2026-06-28,2026-06-22,Yes,2026-06
2802,103,16,2026-07-02 15:35:00,84.6,85.0,11.0,Sameer Menon,Store Manager,Lucknow - Hazratganj,Lucknow,Uttar Pradesh,Hygiene & Food Safety Audit,audit_checklist,Dev Reddy,2026-07-02,2026-06-29,No,2026-07
2803,103,16,2026-07-31 10:27:00,92.3,85.0,11.0,Sameer Menon,Store Manager,Lucknow - Hazratganj,Lucknow,Uttar Pradesh,Hygiene & Food Safety Audit,audit_checklist,Dev Reddy,2026-07-31,2026-07-27,Yes,2026-07
2804,103,16,2026-08-09 15:41:00,84.6,85.0,11.0,Sameer Menon,Store Manager,Lucknow - Hazratganj,Lucknow,Uttar Pradesh,Hygiene & Food Safety Audit,audit_checklist,Dev Reddy,2026-08-09,2026-08-03,No,2026-08
2805,103,17,2026-05-26 16:20:00,100.0,85.0,12.0,Ankit Pillai,Store Manager,Indore - Vijay Nagar,Indore,Madhya Pradesh,Hygiene & Food Safety Audit,audit_checklist,Dev Reddy,2026-05-26,2026-05-25,Yes,2026-05
2806,103,17,2026-06-05 16:26:00,100.0,85.0,12.0,Ankit Pillai,Store Manager,Indore - Vijay Nagar,Indore,Madhya Pradesh,Hygiene & Food Safety Audit,audit_checklist,Dev Reddy,2026-06-05,2026-06-01,Yes,2026-06
2807,103,17,2026-06-11 10:43:00,92.3,85.0,12.0,Ankit Pillai,Store Manager,Indore - Vijay Nagar,Indore,Madhya Pradesh,Hygiene & Food Safety Audit,audit_checklist,Dev Reddy,2026-06-11,2026-06-08,Yes,2026-06
2808,103,17,2026-06-20 13:31:00,100.0,85.0,12.0,Ankit Pillai,Store Manager,Indore - Vijay Nagar,Indore,Madhya Pradesh,Hygiene & Food Safety Audit,audit_checklist,Dev Reddy,2026-06-20,2026-06-15,Yes,2026-06
2809,103,17,2026-06-25 14:48:00,100.0,85.0,12.0,Ankit Pillai,Store Manager,Indore - Vijay Nagar,Indore,Madhya Pradesh,Hygiene & Food Safety Audit,audit_checklist,Dev Reddy,2026-06-25,2026-06-22,Yes,2026-06
2810,103,17,2026-06-30 15:14:00,92.3,85.0,12.0,Ankit Pillai,Store Manager,Indore - Vijay Nagar,Indore,Madhya Pradesh,Hygiene & Food Safety Audit,audit_checklist,Dev Reddy,2026-06-30,2026-06-29,Yes,2026-06
2811,103,17,2026-07-07 12:58:00,84.6,85.0,12.0,Ankit Pillai,Store Manager,Indore - Vijay Nagar,Indore,Madhya Pradesh,Hygiene & Food Safety Audit,audit_checklist,Dev Reddy,2026-07-07,2026-07-06,No,2026-07
2812,103,17,2026-07-17 14:28:00,84.6,85.0,12.0,Ankit Pillai,Store Manager,Indore - Vijay Nagar,Indore,Madhya Pradesh,Hygiene & Food Safety Audit,audit_checklist,Dev Reddy,2026-07-17,2026-07-13,No,2026-07
2813,103,17,2026-07-23 10:25:00,92.3,85.0,12.0,Ankit Pillai,Store Manager,Indore - Vijay Nagar,Indore,Madhya Pradesh,Hygiene & Food Safety Audit,audit_checklist,Dev Reddy,2026-07-23,2026-07-20,Yes,2026-07
2814,103,17,2026-07-29 12:05:00,84.6,85.0,12.0,Ankit Pillai,Store Manager,Indore - Vijay Nagar,Indore,Madhya Pradesh,Hygiene & Food Safety Audit,audit_checklist,Dev Reddy,2026-07-29,2026-07-27,No,2026-07
2815,103,17,2026-08-08 16:01:00,92.3,85.0,12.0,Ankit Pillai,Store Manager,Indore - Vijay Nagar,Indore,Madhya Pradesh,Hygiene & Food Safety Audit,audit_checklist,Dev Reddy,2026-08-08,2026-08-03,Yes,2026-08
2816,103,17,2026-08-16 11:44:00,84.6,85.0,12.0,Ankit Pillai,Store Manager,Indore - Vijay Nagar,Indore,Madhya Pradesh,Hygiene & Food Safety Audit,audit_checklist,Dev Reddy,2026-08-16,2026-08-10,No,2026-08
2817,103,18,2026-05-22 10:58:00,76.9,85.0,13.0,Anu Bhat,Store Manager,Kochi - MG Road,Kochi,Kerala,Hygiene & Food Safety Audit,audit_checklist,Dev Reddy,2026-05-22,2026-05-18,No,2026-05
2818,103,18,2026-05-27 11:10:00,92.3,85.0,13.0,Anu Bhat,Store Manager,Kochi - MG Road,Kochi,Kerala,Hygiene & Food Safety Audit,audit_checklist,Dev Reddy,2026-05-27,2026-05-25,Yes,2026-05
2819,103,18,2026-06-11 12:04:00,84.6,85.0,13.0,Anu Bhat,Store Manager,Kochi - MG Road,Kochi,Kerala,Hygiene & Food Safety Audit,audit_checklist,Dev Reddy,2026-06-11,2026-06-08,No,2026-06
2820,103,18,2026-06-21 15:06:00,84.6,85.0,13.0,Anu Bhat,Store Manager,Kochi - MG Road,Kochi,Kerala,Hygiene & Food Safety Audit,audit_checklist,Dev Reddy,2026-06-21,2026-06-15,No,2026-06
2821,103,18,2026-06-23 13:27:00,84.6,85.0,13.0,Anu Bhat,Store Manager,Kochi - MG Road,Kochi,Kerala,Hygiene & Food Safety Audit,audit_checklist,Dev Reddy,2026-06-23,2026-06-22,No,2026-06
2822,103,18,2026-07-13 10:37:00,92.3,85.0,13.0,Anu Bhat,Store Manager,Kochi - MG Road,Kochi,Kerala,Hygiene & Food Safety Audit,audit_checklist,Dev Reddy,2026-07-13,2026-07-13,Yes,2026-07
2823,103,18,2026-07-20 15:59:00,100.0,85.0,13.0,Anu Bhat,Store Manager,Kochi - MG Road,Kochi,Kerala,Hygiene & Food Safety Audit,audit_checklist,Dev Reddy,2026-07-20,2026-07-20,Yes,2026-07
2824,103,18,2026-07-30 16:16:00,100.0,85.0,13.0,Anu Bhat,Store Manager,Kochi - MG Road,Kochi,Kerala,Hygiene & Food Safety Audit,audit_checklist,Dev Reddy,2026-07-30,2026-07-27,Yes,2026-07
2825,103,18,2026-08-05 10:30:00,61.5,85.0,13.0,Anu Bhat,Store Manager,Kochi - MG Road,Kochi,Kerala,Hygiene & Food Safety Audit,audit_checklist,Dev Reddy,2026-08-05,2026-08-03,No,2026-08
2826,103,18,2026-08-12 12:53:00,92.3,85.0,13.0,Anu Bhat,Store Manager,Kochi - MG Road,Kochi,Kerala,Hygiene & Food Safety Audit,audit_checklist,Dev Reddy,2026-08-12,2026-08-10,Yes,2026-08
2827,103,19,2026-05-19 16:21:00,92.3,85.0,14.0,Alok Kulkarni,Store Manager,Nagpur - Civil Lines,Nagpur,Maharashtra,Hygiene & Food Safety Audit,audit_checklist,Dev Reddy,2026-05-19,2026-05-18,Yes,2026-05
2828,103,19,2026-06-20 16:15:00,69.2,85.0,14.0,Alok Kulkarni,Store Manager,Nagpur - Civil Lines,Nagpur,Maharashtra,Hygiene & Food Safety Audit,audit_checklist,Dev Reddy,2026-06-20,2026-06-15,No,2026-06
2829,103,19,2026-06-30 16:38:00,69.2,85.0,14.0,Alok Kulkarni,Store Manager,Nagpur - Civil Lines,Nagpur,Maharashtra,Hygiene & Food Safety Audit,audit_checklist,Dev Reddy,2026-06-30,2026-06-29,No,2026-06
2830,103,20,2026-05-23 13:48:00,92.3,85.0,15.0,Namita Sharma,Store Manager,Surat - Vesu,Surat,Gujarat,Hygiene & Food Safety Audit,audit_checklist,Dev Reddy,2026-05-23,2026-05-18,Yes,2026-05
2831,103,20,2026-05-26 15:28:00,92.3,85.0,15.0,Namita Sharma,Store Manager,Surat - Vesu,Surat,Gujarat,Hygiene & Food Safety Audit,audit_checklist,Dev Reddy,2026-05-26,2026-05-25,Yes,2026-05
2832,103,20,2026-06-13 10:05:00,92.3,85.0,15.0,Namita Sharma,Store Manager,Surat - Vesu,Surat,Gujarat,Hygiene & Food Safety Audit,audit_checklist,Dev Reddy,2026-06-13,2026-06-08,Yes,2026-06
2833,103,20,2026-06-16 10:24:00,100.0,85.0,15.0,Namita Sharma,Store Manager,Surat - Vesu,Surat,Gujarat,Hygiene & Food Safety Audit,audit_checklist,Dev Reddy,2026-06-16,2026-06-15,Yes,2026-06
2834,103,20,2026-06-25 16:44:00,100.0,85.0,15.0,Namita Sharma,Store Manager,Surat - Vesu,Surat,Gujarat,Hygiene & Food Safety Audit,audit_checklist,Dev Reddy,2026-06-25,2026-06-22,Yes,2026-06
2835,103,20,2026-06-30 16:08:00,84.6,85.0,15.0,Namita Sharma,Store Manager,Surat - Vesu,Surat,Gujarat,Hygiene & Food Safety Audit,audit_checklist,Dev Reddy,2026-06-30,2026-06-29,No,2026-06
2836,103,20,2026-07-07 16:28:00,100.0,85.0,15.0,Namita Sharma,Store Manager,Surat - Vesu,Surat,Gujarat,Hygiene & Food Safety Audit,audit_checklist,Dev Reddy,2026-07-07,2026-07-06,Yes,2026-07
2837,103,20,2026-07-21 12:39:00,92.3,85.0,15.0,Namita Sharma,Store Manager,Surat - Vesu,Surat,Gujarat,Hygiene & Food Safety Audit,audit_checklist,Dev Reddy,2026-07-21,2026-07-20,Yes,2026-07
2838,103,20,2026-08-02 13:04:00,84.6,85.0,15.0,Namita Sharma,Store Manager,Surat - Vesu,Surat,Gujarat,Hygiene & Food Safety Audit,audit_checklist,Dev Reddy,2026-08-02,2026-07-27,No,2026-08
2839,103,20,2026-08-04 15:03:00,92.3,85.0,15.0,Namita Sharma,Store Manager,Surat - Vesu,Surat,Gujarat,Hygiene & Food Safety Audit,audit_checklist,Dev Reddy,2026-08-04,2026-08-03,Yes,2026-08
2840,103,20,2026-08-15 10:18:00,100.0,85.0,15.0,Namita Sharma,Store Manager,Surat - Vesu,Surat,Gujarat,Hygiene & Food Safety Audit,audit_checklist,Dev Reddy,2026-08-15,2026-08-10,Yes,2026-08
2841,103,21,2026-06-22 13:25:00,76.9,85.0,16.0,Queenie Verma,Store Manager,Bhopal - MP Nagar,Bhopal,Madhya Pradesh,Hygiene & Food Safety Audit,audit_checklist,Vinod Patel,2026-06-22,2026-06-22,No,2026-06
2842,103,21,2026-07-07 14:48:00,100.0,85.0,16.0,Queenie Verma,Store Manager,Bhopal - MP Nagar,Bhopal,Madhya Pradesh,Hygiene & Food Safety Audit,audit_checklist,Vinod Patel,2026-07-07,2026-07-06,Yes,2026-07
2843,103,21,2026-07-24 11:55:00,84.6,85.0,16.0,Queenie Verma,Store Manager,Bhopal - MP Nagar,Bhopal,Madhya Pradesh,Hygiene & Food Safety Audit,audit_checklist,Vinod Patel,2026-07-24,2026-07-20,No,2026-07
2844,103,21,2026-08-01 16:42:00,76.9,85.0,16.0,Queenie Verma,Store Manager,Bhopal - MP Nagar,Bhopal,Madhya Pradesh,Hygiene & Food Safety Audit,audit_checklist,Vinod Patel,2026-08-01,2026-07-27,No,2026-08
2845,103,22,2026-05-23 10:29:00,100.0,85.0,17.0,Kajal Iyer,Store Manager,Coimbatore - RS Puram,Coimbatore,Tamil Nadu,Hygiene & Food Safety Audit,audit_checklist,Vinod Patel,2026-05-23,2026-05-18,Yes,2026-05
2846,103,22,2026-05-29 13:50:00,100.0,85.0,17.0,Kajal Iyer,Store Manager,Coimbatore - RS Puram,Coimbatore,Tamil Nadu,Hygiene & Food Safety Audit,audit_checklist,Vinod Patel,2026-05-29,2026-05-25,Yes,2026-05
2847,103,22,2026-06-26 14:39:00,84.6,85.0,17.0,Kajal Iyer,Store Manager,Coimbatore - RS Puram,Coimbatore,Tamil Nadu,Hygiene & Food Safety Audit,audit_checklist,Vinod Patel,2026-06-26,2026-06-22,No,2026-06
2848,103,22,2026-06-30 12:41:00,92.3,85.0,17.0,Kajal Iyer,Store Manager,Coimbatore - RS Puram,Coimbatore,Tamil Nadu,Hygiene & Food Safety Audit,audit_checklist,Vinod Patel,2026-06-30,2026-06-29,Yes,2026-06
2849,103,22,2026-07-19 16:01:00,100.0,85.0,17.0,Kajal Iyer,Store Manager,Coimbatore - RS Puram,Coimbatore,Tamil Nadu,Hygiene & Food Safety Audit,audit_checklist,Vinod Patel,2026-07-19,2026-07-13,Yes,2026-07
2850,103,22,2026-07-24 14:21:00,100.0,85.0,17.0,Kajal Iyer,Store Manager,Coimbatore - RS Puram,Coimbatore,Tamil Nadu,Hygiene & Food Safety Audit,audit_checklist,Vinod Patel,2026-07-24,2026-07-20,Yes,2026-07
2851,103,22,2026-08-01 11:06:00,100.0,85.0,17.0,Kajal Iyer,Store Manager,Coimbatore - RS Puram,Coimbatore,Tamil Nadu,Hygiene & Food Safety Audit,audit_checklist,Vinod Patel,2026-08-01,2026-07-27,Yes,2026-08
2852,103,22,2026-08-04 10:38:00,100.0,85.0,17.0,Kajal Iyer,Store Manager,Coimbatore - RS Puram,Coimbatore,Tamil Nadu,Hygiene & Food Safety Audit,audit_checklist,Vinod Patel,2026-08-04,2026-08-03,Yes,2026-08
2853,103,22,2026-08-16 10:37:00,100.0,85.0,17.0,Kajal Iyer,Store Manager,Coimbatore - RS Puram,Coimbatore,Tamil Nadu,Hygiene & Food Safety Audit,audit_checklist,Vinod Patel,2026-08-16,2026-08-10,Yes,2026-08
2854,103,23,2026-06-22 16:12:00,92.3,85.0,18.0,Aparna Nair,Store Manager,Vadodara - Alkapuri,Vadodara,Gujarat,Hygiene & Food Safety Audit,audit_checklist,Vinod Patel,2026-06-22,2026-06-22,Yes,2026-06
2855,103,23,2026-07-18 11:40:00,84.6,85.0,18.0,Aparna Nair,Store Manager,Vadodara - Alkapuri,Vadodara,Gujarat,Hygiene & Food Safety Audit,audit_checklist,Vinod Patel,2026-07-18,2026-07-13,No,2026-07
2856,103,23,2026-07-25 12:22:00,53.8,85.0,18.0,Aparna Nair,Store Manager,Vadodara - Alkapuri,Vadodara,Gujarat,Hygiene & Food Safety Audit,audit_checklist,Vinod Patel,2026-07-25,2026-07-20,No,2026-07
2857,103,23,2026-07-31 13:46:00,92.3,85.0,18.0,Aparna Nair,Store Manager,Vadodara - Alkapuri,Vadodara,Gujarat,Hygiene & Food Safety Audit,audit_checklist,Vinod Patel,2026-07-31,2026-07-27,Yes,2026-07
2858,103,23,2026-08-08 13:11:00,84.6,85.0,18.0,Aparna Nair,Store Manager,Vadodara - Alkapuri,Vadodara,Gujarat,Hygiene & Food Safety Audit,audit_checklist,Vinod Patel,2026-08-08,2026-08-03,No,2026-08
2859,103,23,2026-08-12 11:51:00,92.3,85.0,18.0,Aparna Nair,Store Manager,Vadodara - Alkapuri,Vadodara,Gujarat,Hygiene & Food Safety Audit,audit_checklist,Vinod Patel,2026-08-12,2026-08-10,Yes,2026-08
2860,103,24,2026-06-09 10:08:00,46.2,85.0,19.0,Isha Reddy,Store Manager,Nashik - College Road,Nashik,Maharashtra,Hygiene & Food Safety Audit,audit_checklist,Vinod Patel,2026-06-09,2026-06-08,No,2026-06
2861,103,24,2026-07-09 14:27:00,53.8,85.0,19.0,Isha Reddy,Store Manager,Nashik - College Road,Nashik,Maharashtra,Hygiene & Food Safety Audit,audit_checklist,Vinod Patel,2026-07-09,2026-07-06,No,2026-07
2862,103,24,2026-07-25 15:48:00,46.2,85.0,19.0,Isha Reddy,Store Manager,Nashik - College Road,Nashik,Maharashtra,Hygiene & Food Safety Audit,audit_checklist,Vinod Patel,2026-07-25,2026-07-20,No,2026-07
2863,103,24,2026-08-06 12:37:00,69.2,85.0,19.0,Isha Reddy,Store Manager,Nashik - College Road,Nashik,Maharashtra,Hygiene & Food Safety Audit,audit_checklist,Vinod Patel,2026-08-06,2026-08-03,No,2026-08
2864,103,25,2026-06-06 16:09:00,100.0,85.0,20.0,Karan Patel,Store Manager,Gurgaon - Cyber Hub,Gurgaon,Haryana,Hygiene & Food Safety Audit,audit_checklist,Vinod Patel,2026-06-06,2026-06-01,Yes,2026-06
2865,103,25,2026-06-10 13:19:00,84.6,85.0,20.0,Karan Patel,Store Manager,Gurgaon - Cyber Hub,Gurgaon,Haryana,Hygiene & Food Safety Audit,audit_checklist,Vinod Patel,2026-06-10,2026-06-08,No,2026-06
2866,103,25,2026-06-20 12:18:00,100.0,85.0,20.0,Karan Patel,Store Manager,Gurgaon - Cyber Hub,Gurgaon,Haryana,Hygiene & Food Safety Audit,audit_checklist,Vinod Patel,2026-06-20,2026-06-15,Yes,2026-06
2867,103,25,2026-06-25 10:33:00,100.0,85.0,20.0,Karan Patel,Store Manager,Gurgaon - Cyber Hub,Gurgaon,Haryana,Hygiene & Food Safety Audit,audit_checklist,Vinod Patel,2026-06-25,2026-06-22,Yes,2026-06
2868,103,25,2026-07-04 15:43:00,92.3,85.0,20.0,Karan Patel,Store Manager,Gurgaon - Cyber Hub,Gurgaon,Haryana,Hygiene & Food Safety Audit,audit_checklist,Vinod Patel,2026-07-04,2026-06-29,Yes,2026-07
2869,103,25,2026-07-08 10:15:00,100.0,85.0,20.0,Karan Patel,Store Manager,Gurgaon - Cyber Hub,Gurgaon,Haryana,Hygiene & Food Safety Audit,audit_checklist,Vinod Patel,2026-07-08,2026-07-06,Yes,2026-07
2870,103,25,2026-07-25 16:53:00,92.3,85.0,20.0,Karan Patel,Store Manager,Gurgaon - Cyber Hub,Gurgaon,Haryana,Hygiene & Food Safety Audit,audit_checklist,Vinod Patel,2026-07-25,2026-07-20,Yes,2026-07
2871,103,25,2026-08-15 16:03:00,100.0,85.0,20.0,Karan Patel,Store Manager,Gurgaon - Cyber Hub,Gurgaon,Haryana,Hygiene & Food Safety Audit,audit_checklist,Vinod Patel,2026-08-15,2026-08-10,Yes,2026-08
2872,104,7,2026-07-12 15:12:00,90.0,75.0,2.0,Rajesh Singh,Store Manager,Bangalore - Koramangala,Bangalore,Karnataka,Kitchen Equipment Audit,audit_checklist,Mohit Iyer,2026-07-12,2026-07-06,Yes,2026-07
2873,104,7,2026-06-13 13:50:00,70.0,75.0,2.0,Rajesh Singh,Store Manager,Bangalore - Koramangala,Bangalore,Karnataka,Kitchen Equipment Audit,audit_checklist,Mohit Iyer,2026-06-13,2026-06-08,No,2026-06
2874,104,7,2026-05-27 15:12:00,50.0,75.0,2.0,Rajesh Singh,Store Manager,Bangalore - Koramangala,Bangalore,Karnataka,Kitchen Equipment Audit,audit_checklist,Mohit Iyer,2026-05-27,2026-05-25,No,2026-05
2875,104,7,2026-08-12 17:44:00,80.0,75.0,2.0,Rajesh Singh,Store Manager,Bangalore - Koramangala,Bangalore,Karnataka,Kitchen Equipment Audit,audit_checklist,Mohit Iyer,2026-08-12,2026-08-10,Yes,2026-08
2876,104,8,2026-08-15 17:38:00,60.0,75.0,3.0,Naveen Mehta,Store Manager,Delhi - Connaught Place,Delhi,Delhi,Kitchen Equipment Audit,audit_checklist,Mohit Iyer,2026-08-15,2026-08-10,No,2026-08
2877,104,9,2026-08-15 15:54:00,80.0,75.0,4.0,Yash Rao,Store Manager,Pune - Kothrud,Pune,Maharashtra,Kitchen Equipment Audit,audit_checklist,Mohit Iyer,2026-08-15,2026-08-10,Yes,2026-08
2878,104,9,2026-08-01 15:39:00,60.0,75.0,4.0,Yash Rao,Store Manager,Pune - Kothrud,Pune,Maharashtra,Kitchen Equipment Audit,audit_checklist,Mohit Iyer,2026-08-01,2026-07-27,No,2026-08
2879,104,10,2026-06-26 16:21:00,80.0,75.0,5.0,Payal Das,Store Manager,Hyderabad - Banjara Hills,Hyderabad,Telangana,Kitchen Equipment Audit,audit_checklist,Mohit Iyer,2026-06-26,2026-06-22,Yes,2026-06
2880,104,11,2026-06-08 11:29:00,80.0,75.0,6.0,Sonal Kapoor,Store Manager,Chennai - T Nagar,Chennai,Tamil Nadu,Kitchen Equipment Audit,audit_checklist,Priya Nair,2026-06-08,2026-06-08,Yes,2026-06
2881,104,11,2026-05-24 17:14:00,80.0,75.0,6.0,Sonal Kapoor,Store Manager,Chennai - T Nagar,Chennai,Tamil Nadu,Kitchen Equipment Audit,audit_checklist,Priya Nair,2026-05-24,2026-05-18,Yes,2026-05
2882,104,12,2026-05-19 13:44:00,100.0,75.0,7.0,Seema Chopra,Store Manager,Kolkata - Park Street,Kolkata,West Bengal,Kitchen Equipment Audit,audit_checklist,Priya Nair,2026-05-19,2026-05-18,Yes,2026-05
2883,104,12,2026-06-17 17:39:00,80.0,75.0,7.0,Seema Chopra,Store Manager,Kolkata - Park Street,Kolkata,West Bengal,Kitchen Equipment Audit,audit_checklist,Priya Nair,2026-06-17,2026-06-15,Yes,2026-06
2884,104,14,2026-06-15 13:30:00,70.0,75.0,9.0,Vandana Malhotra,Store Manager,Jaipur - MI Road,Jaipur,Rajasthan,Kitchen Equipment Audit,audit_checklist,Priya Nair,2026-06-15,2026-06-15,No,2026-06
2885,104,15,2026-06-30 16:13:00,100.0,75.0,10.0,Radhika Bose,Store Manager,Chandigarh - Sector 17,Chandigarh,Chandigarh,Kitchen Equipment Audit,audit_checklist,Priya Nair,2026-06-30,2026-06-29,Yes,2026-06
2886,104,15,2026-07-09 12:52:00,90.0,75.0,10.0,Radhika Bose,Store Manager,Chandigarh - Sector 17,Chandigarh,Chandigarh,Kitchen Equipment Audit,audit_checklist,Priya Nair,2026-07-09,2026-07-06,Yes,2026-07
2887,104,16,2026-05-19 15:00:00,90.0,75.0,11.0,Sameer Menon,Store Manager,Lucknow - Hazratganj,Lucknow,Uttar Pradesh,Kitchen Equipment Audit,audit_checklist,Dev Reddy,2026-05-19,2026-05-18,Yes,2026-05
2888,104,16,2026-05-28 15:01:00,90.0,75.0,11.0,Sameer Menon,Store Manager,Lucknow - Hazratganj,Lucknow,Uttar Pradesh,Kitchen Equipment Audit,audit_checklist,Dev Reddy,2026-05-28,2026-05-25,Yes,2026-05
2889,104,17,2026-07-29 11:09:00,80.0,75.0,12.0,Ankit Pillai,Store Manager,Indore - Vijay Nagar,Indore,Madhya Pradesh,Kitchen Equipment Audit,audit_checklist,Dev Reddy,2026-07-29,2026-07-27,Yes,2026-07
2890,104,18,2026-06-25 17:12:00,90.0,75.0,13.0,Anu Bhat,Store Manager,Kochi - MG Road,Kochi,Kerala,Kitchen Equipment Audit,audit_checklist,Dev Reddy,2026-06-25,2026-06-22,Yes,2026-06
2891,104,18,2026-08-07 15:02:00,60.0,75.0,13.0,Anu Bhat,Store Manager,Kochi - MG Road,Kochi,Kerala,Kitchen Equipment Audit,audit_checklist,Dev Reddy,2026-08-07,2026-08-03,No,2026-08
2892,104,19,2026-05-22 13:12:00,80.0,75.0,14.0,Alok Kulkarni,Store Manager,Nagpur - Civil Lines,Nagpur,Maharashtra,Kitchen Equipment Audit,audit_checklist,Dev Reddy,2026-05-22,2026-05-18,Yes,2026-05
2893,104,20,2026-06-24 12:14:00,90.0,75.0,15.0,Namita Sharma,Store Manager,Surat - Vesu,Surat,Gujarat,Kitchen Equipment Audit,audit_checklist,Dev Reddy,2026-06-24,2026-06-22,Yes,2026-06
2894,104,20,2026-06-21 12:21:00,100.0,75.0,15.0,Namita Sharma,Store Manager,Surat - Vesu,Surat,Gujarat,Kitchen Equipment Audit,audit_checklist,Dev Reddy,2026-06-21,2026-06-15,Yes,2026-06
2895,104,22,2026-07-28 13:11:00,80.0,75.0,17.0,Kajal Iyer,Store Manager,Coimbatore - RS Puram,Coimbatore,Tamil Nadu,Kitchen Equipment Audit,audit_checklist,Vinod Patel,2026-07-28,2026-07-27,Yes,2026-07
2896,104,23,2026-06-13 10:11:00,50.0,75.0,18.0,Aparna Nair,Store Manager,Vadodara - Alkapuri,Vadodara,Gujarat,Kitchen Equipment Audit,audit_checklist,Vinod Patel,2026-06-13,2026-06-08,No,2026-06
2897,104,24,2026-06-21 11:01:00,90.0,75.0,19.0,Isha Reddy,Store Manager,Nashik - College Road,Nashik,Maharashtra,Kitchen Equipment Audit,audit_checklist,Vinod Patel,2026-06-21,2026-06-15,Yes,2026-06
2898,104,25,2026-08-13 12:24:00,90.0,75.0,20.0,Karan Patel,Store Manager,Gurgaon - Cyber Hub,Gurgaon,Haryana,Kitchen Equipment Audit,audit_checklist,Vinod Patel,2026-08-13,2026-08-10,Yes,2026-08
2899,104,25,2026-08-10 11:21:00,100.0,75.0,20.0,Karan Patel,Store Manager,Gurgaon - Cyber Hub,Gurgaon,Haryana,Kitchen Equipment Audit,audit_checklist,Vinod Patel,2026-08-10,2026-08-10,Yes,2026-08
2900,105,27,2026-06-14 12:29:00,,,1.0,Chandni Singh,Crew Member,Mumbai - Andheri,Mumbai,Maharashtra,Store Issue Report,issue_reporting,Mohit Iyer,2026-06-14,2026-06-08,No,2026-06
2901,105,6,2026-07-05 18:10:00,,,1.0,Ritu Gupta,Store Manager,Mumbai - Andheri,Mumbai,Maharashtra,Store Issue Report,issue_reporting,Mohit Iyer,2026-07-05,2026-06-29,No,2026-07
2902,105,27,2026-06-03 10:56:00,,,1.0,Chandni Singh,Crew Member,Mumbai - Andheri,Mumbai,Maharashtra,Store Issue Report,issue_reporting,Mohit Iyer,2026-06-03,2026-06-01,No,2026-06
2903,105,28,2026-06-12 16:24:00,,,1.0,Harsh Mehta,Crew Member,Mumbai - Andheri,Mumbai,Maharashtra,Store Issue Report,issue_reporting,Mohit Iyer,2026-06-12,2026-06-08,No,2026-06
2904,105,27,2026-08-03 14:40:00,,,1.0,Chandni Singh,Crew Member,Mumbai - Andheri,Mumbai,Maharashtra,Store Issue Report,issue_reporting,Mohit Iyer,2026-08-03,2026-08-03,No,2026-08
2905,105,28,2026-08-05 17:12:00,,,1.0,Harsh Mehta,Crew Member,Mumbai - Andheri,Mumbai,Maharashtra,Store Issue Report,issue_reporting,Mohit Iyer,2026-08-05,2026-08-03,No,2026-08
2906,105,31,2026-06-29 11:03:00,,,2.0,Shalini Kapoor,Crew Member,Bangalore - Koramangala,Bangalore,Karnataka,Store Issue Report,issue_reporting,Mohit Iyer,2026-06-29,2026-06-29,No,2026-06
2907,105,7,2026-07-23 17:56:00,,,2.0,Rajesh Singh,Store Manager,Bangalore - Koramangala,Bangalore,Karnataka,Store Issue Report,issue_reporting,Mohit Iyer,2026-07-23,2026-07-20,No,2026-07
2908,105,29,2026-05-29 20:30:00,,,2.0,Ritika Rao,Crew Member,Bangalore - Koramangala,Bangalore,Karnataka,Store Issue Report,issue_reporting,Mohit Iyer,2026-05-29,2026-05-25,No,2026-05
2909,105,31,2026-07-23 14:48:00,,,2.0,Shalini Kapoor,Crew Member,Bangalore - Koramangala,Bangalore,Karnataka,Store Issue Report,issue_reporting,Mohit Iyer,2026-07-23,2026-07-20,No,2026-07
2910,105,31,2026-07-24 15:11:00,,,2.0,Shalini Kapoor,Crew Member,Bangalore - Koramangala,Bangalore,Karnataka,Store Issue Report,issue_reporting,Mohit Iyer,2026-07-24,2026-07-20,No,2026-07
2911,105,7,2026-07-25 19:30:00,,,2.0,Rajesh Singh,Store Manager,Bangalore - Koramangala,Bangalore,Karnataka,Store Issue Report,issue_reporting,Mohit Iyer,2026-07-25,2026-07-20,No,2026-07
2912,105,32,2026-06-22 17:25:00,,,3.0,Bhavna Chopra,Crew Member,Delhi - Connaught Place,Delhi,Delhi,Store Issue Report,issue_reporting,Mohit Iyer,2026-06-22,2026-06-22,No,2026-06
2913,105,8,2026-06-16 22:12:00,,,3.0,Naveen Mehta,Store Manager,Delhi - Connaught Place,Delhi,Delhi,Store Issue Report,issue_reporting,Mohit Iyer,2026-06-16,2026-06-15,No,2026-06
2914,105,8,2026-07-08 11:19:00,,,3.0,Naveen Mehta,Store Manager,Delhi - Connaught Place,Delhi,Delhi,Store Issue Report,issue_reporting,Mohit Iyer,2026-07-08,2026-07-06,No,2026-07
2915,105,34,2026-07-31 10:59:00,,,3.0,Ashish Malhotra,Crew Member,Delhi - Connaught Place,Delhi,Delhi,Store Issue Report,issue_reporting,Mohit Iyer,2026-07-31,2026-07-27,No,2026-07
2916,105,32,2026-07-28 09:08:00,,,3.0,Bhavna Chopra,Crew Member,Delhi - Connaught Place,Delhi,Delhi,Store Issue Report,issue_reporting,Mohit Iyer,2026-07-28,2026-07-27,No,2026-07
2917,105,33,2026-07-14 16:22:00,,,3.0,Tushar Joshi,Crew Member,Delhi - Connaught Place,Delhi,Delhi,Store Issue Report,issue_reporting,Mohit Iyer,2026-07-14,2026-07-13,No,2026-07
2918,105,34,2026-05-24 15:32:00,,,3.0,Ashish Malhotra,Crew Member,Delhi - Connaught Place,Delhi,Delhi,Store Issue Report,issue_reporting,Mohit Iyer,2026-05-24,2026-05-18,No,2026-05
2919,105,8,2026-07-15 15:27:00,,,3.0,Naveen Mehta,Store Manager,Delhi - Connaught Place,Delhi,Delhi,Store Issue Report,issue_reporting,Mohit Iyer,2026-07-15,2026-07-13,No,2026-07
2920,105,8,2026-07-21 13:17:00,,,3.0,Naveen Mehta,Store Manager,Delhi - Connaught Place,Delhi,Delhi,Store Issue Report,issue_reporting,Mohit Iyer,2026-07-21,2026-07-20,No,2026-07
2921,105,34,2026-06-10 15:14:00,,,3.0,Ashish Malhotra,Crew Member,Delhi - Connaught Place,Delhi,Delhi,Store Issue Report,issue_reporting,Mohit Iyer,2026-06-10,2026-06-08,No,2026-06
2922,105,34,2026-07-03 22:05:00,,,3.0,Ashish Malhotra,Crew Member,Delhi - Connaught Place,Delhi,Delhi,Store Issue Report,issue_reporting,Mohit Iyer,2026-07-03,2026-06-29,No,2026-07
2923,105,32,2026-07-23 16:41:00,,,3.0,Bhavna Chopra,Crew Member,Delhi - Connaught Place,Delhi,Delhi,Store Issue Report,issue_reporting,Mohit Iyer,2026-07-23,2026-07-20,No,2026-07
2924,105,32,2026-06-17 09:07:00,,,3.0,Bhavna Chopra,Crew Member,Delhi - Connaught Place,Delhi,Delhi,Store Issue Report,issue_reporting,Mohit Iyer,2026-06-17,2026-06-15,No,2026-06
2925,105,34,2026-05-23 16:12:00,,,3.0,Ashish Malhotra,Crew Member,Delhi - Connaught Place,Delhi,Delhi,Store Issue Report,issue_reporting,Mohit Iyer,2026-05-23,2026-05-18,No,2026-05
2926,105,34,2026-08-13 13:16:00,,,3.0,Ashish Malhotra,Crew Member,Delhi - Connaught Place,Delhi,Delhi,Store Issue Report,issue_reporting,Mohit Iyer,2026-08-13,2026-08-10,No,2026-08
2927,105,33,2026-06-12 19:38:00,,,3.0,Tushar Joshi,Crew Member,Delhi - Connaught Place,Delhi,Delhi,Store Issue Report,issue_reporting,Mohit Iyer,2026-06-12,2026-06-08,No,2026-06
2928,105,34,2026-05-20 20:19:00,,,3.0,Ashish Malhotra,Crew Member,Delhi - Connaught Place,Delhi,Delhi,Store Issue Report,issue_reporting,Mohit Iyer,2026-05-20,2026-05-18,No,2026-05
2929,105,32,2026-07-09 14:52:00,,,3.0,Bhavna Chopra,Crew Member,Delhi - Connaught Place,Delhi,Delhi,Store Issue Report,issue_reporting,Mohit Iyer,2026-07-09,2026-07-06,No,2026-07
2930,105,33,2026-08-10 16:48:00,,,3.0,Tushar Joshi,Crew Member,Delhi - Connaught Place,Delhi,Delhi,Store Issue Report,issue_reporting,Mohit Iyer,2026-08-10,2026-08-10,No,2026-08
2931,105,33,2026-06-17 11:46:00,,,3.0,Tushar Joshi,Crew Member,Delhi - Connaught Place,Delhi,Delhi,Store Issue Report,issue_reporting,Mohit Iyer,2026-06-17,2026-06-15,No,2026-06
2932,105,9,2026-06-17 16:37:00,,,4.0,Yash Rao,Store Manager,Pune - Kothrud,Pune,Maharashtra,Store Issue Report,issue_reporting,Mohit Iyer,2026-06-17,2026-06-15,No,2026-06
2933,105,37,2026-07-01 20:05:00,,,4.0,Varun Pillai,Crew Member,Pune - Kothrud,Pune,Maharashtra,Store Issue Report,issue_reporting,Mohit Iyer,2026-07-01,2026-06-29,No,2026-07
2934,105,9,2026-07-12 20:44:00,,,4.0,Yash Rao,Store Manager,Pune - Kothrud,Pune,Maharashtra,Store Issue Report,issue_reporting,Mohit Iyer,2026-07-12,2026-07-06,No,2026-07
2935,105,35,2026-07-14 15:54:00,,,4.0,Ira Bose,Crew Member,Pune - Kothrud,Pune,Maharashtra,Store Issue Report,issue_reporting,Mohit Iyer,2026-07-14,2026-07-13,No,2026-07
2936,105,36,2026-06-05 17:55:00,,,4.0,Sanjay Menon,Crew Member,Pune - Kothrud,Pune,Maharashtra,Store Issue Report,issue_reporting,Mohit Iyer,2026-06-05,2026-06-01,No,2026-06
2937,105,37,2026-05-20 15:51:00,,,4.0,Varun Pillai,Crew Member,Pune - Kothrud,Pune,Maharashtra,Store Issue Report,issue_reporting,Mohit Iyer,2026-05-20,2026-05-18,No,2026-05
2938,105,9,2026-06-16 14:27:00,,,4.0,Yash Rao,Store Manager,Pune - Kothrud,Pune,Maharashtra,Store Issue Report,issue_reporting,Mohit Iyer,2026-06-16,2026-06-15,No,2026-06
2939,105,35,2026-06-29 17:01:00,,,4.0,Ira Bose,Crew Member,Pune - Kothrud,Pune,Maharashtra,Store Issue Report,issue_reporting,Mohit Iyer,2026-06-29,2026-06-29,No,2026-06
2940,105,9,2026-06-07 13:36:00,,,4.0,Yash Rao,Store Manager,Pune - Kothrud,Pune,Maharashtra,Store Issue Report,issue_reporting,Mohit Iyer,2026-06-07,2026-06-01,No,2026-06
2941,105,9,2026-06-14 14:04:00,,,4.0,Yash Rao,Store Manager,Pune - Kothrud,Pune,Maharashtra,Store Issue Report,issue_reporting,Mohit Iyer,2026-06-14,2026-06-08,No,2026-06
2942,105,9,2026-07-18 09:21:00,,,4.0,Yash Rao,Store Manager,Pune - Kothrud,Pune,Maharashtra,Store Issue Report,issue_reporting,Mohit Iyer,2026-07-18,2026-07-13,No,2026-07
2943,105,36,2026-05-30 10:06:00,,,4.0,Sanjay Menon,Crew Member,Pune - Kothrud,Pune,Maharashtra,Store Issue Report,issue_reporting,Mohit Iyer,2026-05-30,2026-05-25,No,2026-05
2944,105,38,2026-08-15 17:31:00,,,5.0,Anita Bhat,Crew Member,Hyderabad - Banjara Hills,Hyderabad,Telangana,Store Issue Report,issue_reporting,Mohit Iyer,2026-08-15,2026-08-10,No,2026-08
2945,105,10,2026-06-13 09:58:00,,,5.0,Payal Das,Store Manager,Hyderabad - Banjara Hills,Hyderabad,Telangana,Store Issue Report,issue_reporting,Mohit Iyer,2026-06-13,2026-06-08,No,2026-06
2946,105,38,2026-06-14 11:18:00,,,5.0,Anita Bhat,Crew Member,Hyderabad - Banjara Hills,Hyderabad,Telangana,Store Issue Report,issue_reporting,Mohit Iyer,2026-06-14,2026-06-08,No,2026-06
2947,105,38,2026-05-26 13:33:00,,,5.0,Anita Bhat,Crew Member,Hyderabad - Banjara Hills,Hyderabad,Telangana,Store Issue Report,issue_reporting,Mohit Iyer,2026-05-26,2026-05-25,No,2026-05
2948,105,10,2026-06-29 21:58:00,,,5.0,Payal Das,Store Manager,Hyderabad - Banjara Hills,Hyderabad,Telangana,Store Issue Report,issue_reporting,Mohit Iyer,2026-06-29,2026-06-29,No,2026-06
2949,105,11,2026-06-08 09:08:00,,,6.0,Sonal Kapoor,Store Manager,Chennai - T Nagar,Chennai,Tamil Nadu,Store Issue Report,issue_reporting,Priya Nair,2026-06-08,2026-06-08,No,2026-06
2950,105,42,2026-05-27 14:57:00,,,6.0,Tarun Iyer,Crew Member,Chennai - T Nagar,Chennai,Tamil Nadu,Store Issue Report,issue_reporting,Priya Nair,2026-05-27,2026-05-25,No,2026-05
2951,105,11,2026-06-14 12:27:00,,,6.0,Sonal Kapoor,Store Manager,Chennai - T Nagar,Chennai,Tamil Nadu,Store Issue Report,issue_reporting,Priya Nair,2026-06-14,2026-06-08,No,2026-06
2952,105,42,2026-08-04 17:19:00,,,6.0,Tarun Iyer,Crew Member,Chennai - T Nagar,Chennai,Tamil Nadu,Store Issue Report,issue_reporting,Priya Nair,2026-08-04,2026-08-03,No,2026-08
2953,105,42,2026-06-23 11:00:00,,,6.0,Tarun Iyer,Crew Member,Chennai - T Nagar,Chennai,Tamil Nadu,Store Issue Report,issue_reporting,Priya Nair,2026-06-23,2026-06-22,No,2026-06
2954,105,42,2026-05-27 21:25:00,,,6.0,Tarun Iyer,Crew Member,Chennai - T Nagar,Chennai,Tamil Nadu,Store Issue Report,issue_reporting,Priya Nair,2026-05-27,2026-05-25,No,2026-05
2955,105,11,2026-06-30 22:36:00,,,6.0,Sonal Kapoor,Store Manager,Chennai - T Nagar,Chennai,Tamil Nadu,Store Issue Report,issue_reporting,Priya Nair,2026-06-30,2026-06-29,No,2026-06
2956,105,41,2026-07-17 17:02:00,,,6.0,Rajat Verma,Crew Member,Chennai - T Nagar,Chennai,Tamil Nadu,Store Issue Report,issue_reporting,Priya Nair,2026-07-17,2026-07-13,No,2026-07
2957,105,11,2026-08-09 22:58:00,,,6.0,Sonal Kapoor,Store Manager,Chennai - T Nagar,Chennai,Tamil Nadu,Store Issue Report,issue_reporting,Priya Nair,2026-08-09,2026-08-03,No,2026-08
2958,105,43,2026-08-16 21:45:00,,,6.0,Divya Nair,Crew Member,Chennai - T Nagar,Chennai,Tamil Nadu,Store Issue Report,issue_reporting,Priya Nair,2026-08-16,2026-08-10,No,2026-08
2959,105,45,2026-08-05 21:51:00,,,7.0,Ekta Patel,Crew Member,Kolkata - Park Street,Kolkata,West Bengal,Store Issue Report,issue_reporting,Priya Nair,2026-08-05,2026-08-03,No,2026-08
2960,105,12,2026-06-19 10:57:00,,,7.0,Seema Chopra,Store Manager,Kolkata - Park Street,Kolkata,West Bengal,Store Issue Report,issue_reporting,Priya Nair,2026-06-19,2026-06-15,No,2026-06
2961,105,45,2026-07-07 22:42:00,,,7.0,Ekta Patel,Crew Member,Kolkata - Park Street,Kolkata,West Bengal,Store Issue Report,issue_reporting,Priya Nair,2026-07-07,2026-07-06,No,2026-07
2962,105,45,2026-07-08 19:02:00,,,7.0,Ekta Patel,Crew Member,Kolkata - Park Street,Kolkata,West Bengal,Store Issue Report,issue_reporting,Priya Nair,2026-07-08,2026-07-06,No,2026-07
2963,105,46,2026-06-23 22:40:00,,,7.0,Amit Gupta,Crew Member,Kolkata - Park Street,Kolkata,West Bengal,Store Issue Report,issue_reporting,Priya Nair,2026-06-23,2026-06-22,No,2026-06
2964,105,45,2026-08-16 19:46:00,,,7.0,Ekta Patel,Crew Member,Kolkata - Park Street,Kolkata,West Bengal,Store Issue Report,issue_reporting,Priya Nair,2026-08-16,2026-08-10,No,2026-08
2965,105,44,2026-07-10 20:35:00,,,7.0,Aditya Reddy,Crew Member,Kolkata - Park Street,Kolkata,West Bengal,Store Issue Report,issue_reporting,Priya Nair,2026-07-10,2026-07-06,No,2026-07
2966,105,46,2026-05-28 20:06:00,,,7.0,Amit Gupta,Crew Member,Kolkata - Park Street,Kolkata,West Bengal,Store Issue Report,issue_reporting,Priya Nair,2026-05-28,2026-05-25,No,2026-05
2967,105,45,2026-07-15 10:16:00,,,7.0,Ekta Patel,Crew Member,Kolkata - Park Street,Kolkata,West Bengal,Store Issue Report,issue_reporting,Priya Nair,2026-07-15,2026-07-13,No,2026-07
2968,105,12,2026-07-17 08:04:00,,,7.0,Seema Chopra,Store Manager,Kolkata - Park Street,Kolkata,West Bengal,Store Issue Report,issue_reporting,Priya Nair,2026-07-17,2026-07-13,No,2026-07
2969,105,45,2026-07-01 19:25:00,,,7.0,Ekta Patel,Crew Member,Kolkata - Park Street,Kolkata,West Bengal,Store Issue Report,issue_reporting,Priya Nair,2026-07-01,2026-06-29,No,2026-07
2970,105,47,2026-05-23 08:16:00,,,8.0,Ajay Singh,Crew Member,Ahmedabad - SG Highway,Ahmedabad,Gujarat,Store Issue Report,issue_reporting,Priya Nair,2026-05-23,2026-05-18,No,2026-05
2971,105,13,2026-06-29 18:47:00,,,8.0,Meera Joshi,Store Manager,Ahmedabad - SG Highway,Ahmedabad,Gujarat,Store Issue Report,issue_reporting,Priya Nair,2026-06-29,2026-06-29,No,2026-06
2972,105,48,2026-07-17 09:05:00,,,8.0,Siddharth Mehta,Crew Member,Ahmedabad - SG Highway,Ahmedabad,Gujarat,Store Issue Report,issue_reporting,Priya Nair,2026-07-17,2026-07-13,No,2026-07
2973,105,49,2026-06-05 15:52:00,,,8.0,Vishal Rao,Crew Member,Ahmedabad - SG Highway,Ahmedabad,Gujarat,Store Issue Report,issue_reporting,Priya Nair,2026-06-05,2026-06-01,No,2026-06
2974,105,47,2026-06-09 21:01:00,,,8.0,Ajay Singh,Crew Member,Ahmedabad - SG Highway,Ahmedabad,Gujarat,Store Issue Report,issue_reporting,Priya Nair,2026-06-09,2026-06-08,No,2026-06
2975,105,13,2026-06-25 09:34:00,,,8.0,Meera Joshi,Store Manager,Ahmedabad - SG Highway,Ahmedabad,Gujarat,Store Issue Report,issue_reporting,Priya Nair,2026-06-25,2026-06-22,No,2026-06
2976,105,47,2026-05-28 18:48:00,,,8.0,Ajay Singh,Crew Member,Ahmedabad - SG Highway,Ahmedabad,Gujarat,Store Issue Report,issue_reporting,Priya Nair,2026-05-28,2026-05-25,No,2026-05
2977,105,48,2026-06-07 15:22:00,,,8.0,Siddharth Mehta,Crew Member,Ahmedabad - SG Highway,Ahmedabad,Gujarat,Store Issue Report,issue_reporting,Priya Nair,2026-06-07,2026-06-01,No,2026-06
2978,105,48,2026-05-23 22:43:00,,,8.0,Siddharth Mehta,Crew Member,Ahmedabad - SG Highway,Ahmedabad,Gujarat,Store Issue Report,issue_reporting,Priya Nair,2026-05-23,2026-05-18,No,2026-05
2979,105,47,2026-08-16 08:53:00,,,8.0,Ajay Singh,Crew Member,Ahmedabad - SG Highway,Ahmedabad,Gujarat,Store Issue Report,issue_reporting,Priya Nair,2026-08-16,2026-08-10,No,2026-08
2980,105,47,2026-08-15 12:28:00,,,8.0,Ajay Singh,Crew Member,Ahmedabad - SG Highway,Ahmedabad,Gujarat,Store Issue Report,issue_reporting,Priya Nair,2026-08-15,2026-08-10,No,2026-08
2981,105,48,2026-05-25 20:24:00,,,8.0,Siddharth Mehta,Crew Member,Ahmedabad - SG Highway,Ahmedabad,Gujarat,Store Issue Report,issue_reporting,Priya Nair,2026-05-25,2026-05-25,No,2026-05
2982,105,48,2026-07-05 22:15:00,,,8.0,Siddharth Mehta,Crew Member,Ahmedabad - SG Highway,Ahmedabad,Gujarat,Store Issue Report,issue_reporting,Priya Nair,2026-07-05,2026-06-29,No,2026-07
2983,105,47,2026-05-21 14:01:00,,,8.0,Ajay Singh,Crew Member,Ahmedabad - SG Highway,Ahmedabad,Gujarat,Store Issue Report,issue_reporting,Priya Nair,2026-05-21,2026-05-18,No,2026-05
2984,105,47,2026-06-12 18:42:00,,,8.0,Ajay Singh,Crew Member,Ahmedabad - SG Highway,Ahmedabad,Gujarat,Store Issue Report,issue_reporting,Priya Nair,2026-06-12,2026-06-08,No,2026-06
2985,105,48,2026-05-31 20:53:00,,,8.0,Siddharth Mehta,Crew Member,Ahmedabad - SG Highway,Ahmedabad,Gujarat,Store Issue Report,issue_reporting,Priya Nair,2026-05-31,2026-05-25,No,2026-05
2986,105,47,2026-05-24 14:32:00,,,8.0,Ajay Singh,Crew Member,Ahmedabad - SG Highway,Ahmedabad,Gujarat,Store Issue Report,issue_reporting,Priya Nair,2026-05-24,2026-05-18,No,2026-05
2987,105,48,2026-06-29 16:40:00,,,8.0,Siddharth Mehta,Crew Member,Ahmedabad - SG Highway,Ahmedabad,Gujarat,Store Issue Report,issue_reporting,Priya Nair,2026-06-29,2026-06-29,No,2026-06
2988,105,47,2026-07-27 14:27:00,,,8.0,Ajay Singh,Crew Member,Ahmedabad - SG Highway,Ahmedabad,Gujarat,Store Issue Report,issue_reporting,Priya Nair,2026-07-27,2026-07-27,No,2026-07
2989,105,49,2026-06-15 09:22:00,,,8.0,Vishal Rao,Crew Member,Ahmedabad - SG Highway,Ahmedabad,Gujarat,Store Issue Report,issue_reporting,Priya Nair,2026-06-15,2026-06-15,No,2026-06
2990,105,49,2026-05-20 14:41:00,,,8.0,Vishal Rao,Crew Member,Ahmedabad - SG Highway,Ahmedabad,Gujarat,Store Issue Report,issue_reporting,Priya Nair,2026-05-20,2026-05-18,No,2026-05
2991,105,48,2026-07-07 11:29:00,,,8.0,Siddharth Mehta,Crew Member,Ahmedabad - SG Highway,Ahmedabad,Gujarat,Store Issue Report,issue_reporting,Priya Nair,2026-07-07,2026-07-06,No,2026-07
2992,105,52,2026-08-11 21:17:00,,,9.0,Suresh Chopra,Crew Member,Jaipur - MI Road,Jaipur,Rajasthan,Store Issue Report,issue_reporting,Priya Nair,2026-08-11,2026-08-10,No,2026-08
2993,105,14,2026-05-27 22:13:00,,,9.0,Vandana Malhotra,Store Manager,Jaipur - MI Road,Jaipur,Rajasthan,Store Issue Report,issue_reporting,Priya Nair,2026-05-27,2026-05-25,No,2026-05
2994,105,51,2026-08-03 15:06:00,,,9.0,Jatin Kapoor,Crew Member,Jaipur - MI Road,Jaipur,Rajasthan,Store Issue Report,issue_reporting,Priya Nair,2026-08-03,2026-08-03,No,2026-08
2995,105,14,2026-05-31 17:20:00,,,9.0,Vandana Malhotra,Store Manager,Jaipur - MI Road,Jaipur,Rajasthan,Store Issue Report,issue_reporting,Priya Nair,2026-05-31,2026-05-25,No,2026-05
2996,105,52,2026-06-30 10:40:00,,,9.0,Suresh Chopra,Crew Member,Jaipur - MI Road,Jaipur,Rajasthan,Store Issue Report,issue_reporting,Priya Nair,2026-06-30,2026-06-29,No,2026-06
2997,105,14,2026-05-27 13:01:00,,,9.0,Vandana Malhotra,Store Manager,Jaipur - MI Road,Jaipur,Rajasthan,Store Issue Report,issue_reporting,Priya Nair,2026-05-27,2026-05-25,No,2026-05
2998,105,51,2026-07-23 18:47:00,,,9.0,Jatin Kapoor,Crew Member,Jaipur - MI Road,Jaipur,Rajasthan,Store Issue Report,issue_reporting,Priya Nair,2026-07-23,2026-07-20,No,2026-07
2999,105,51,2026-08-02 19:00:00,,,9.0,Jatin Kapoor,Crew Member,Jaipur - MI Road,Jaipur,Rajasthan,Store Issue Report,issue_reporting,Priya Nair,2026-08-02,2026-07-27,No,2026-08
3000,105,50,2026-08-05 20:57:00,,,9.0,Deepak Das,Crew Member,Jaipur - MI Road,Jaipur,Rajasthan,Store Issue Report,issue_reporting,Priya Nair,2026-08-05,2026-08-03,No,2026-08
3001,105,51,2026-06-18 19:27:00,,,9.0,Jatin Kapoor,Crew Member,Jaipur - MI Road,Jaipur,Rajasthan,Store Issue Report,issue_reporting,Priya Nair,2026-06-18,2026-06-15,No,2026-06
3002,105,14,2026-05-26 10:23:00,,,9.0,Vandana Malhotra,Store Manager,Jaipur - MI Road,Jaipur,Rajasthan,Store Issue Report,issue_reporting,Priya Nair,2026-05-26,2026-05-25,No,2026-05
3003,105,54,2026-06-13 10:24:00,,,10.0,Arjun Malhotra,Crew Member,Chandigarh - Sector 17,Chandigarh,Chandigarh,Store Issue Report,issue_reporting,Priya Nair,2026-06-13,2026-06-08,No,2026-06
3004,105,15,2026-06-18 22:46:00,,,10.0,Radhika Bose,Store Manager,Chandigarh - Sector 17,Chandigarh,Chandigarh,Store Issue Report,issue_reporting,Priya Nair,2026-06-18,2026-06-15,No,2026-06
3005,105,53,2026-06-05 12:20:00,,,10.0,Anjali Joshi,Crew Member,Chandigarh - Sector 17,Chandigarh,Chandigarh,Store Issue Report,issue_reporting,Priya Nair,2026-06-05,2026-06-01,No,2026-06
3006,105,55,2026-07-11 18:52:00,,,10.0,Abhishek Bose,Crew Member,Chandigarh - Sector 17,Chandigarh,Chandigarh,Store Issue Report,issue_reporting,Priya Nair,2026-07-11,2026-07-06,No,2026-07
3007,105,55,2026-06-17 21:46:00,,,10.0,Abhishek Bose,Crew Member,Chandigarh - Sector 17,Chandigarh,Chandigarh,Store Issue Report,issue_reporting,Priya Nair,2026-06-17,2026-06-15,No,2026-06
3008,105,53,2026-06-19 11:34:00,,,10.0,Anjali Joshi,Crew Member,Chandigarh - Sector 17,Chandigarh,Chandigarh,Store Issue Report,issue_reporting,Priya Nair,2026-06-19,2026-06-15,No,2026-06
3009,105,57,2026-08-14 19:46:00,,,11.0,Nitin Pillai,Crew Member,Lucknow - Hazratganj,Lucknow,Uttar Pradesh,Store Issue Report,issue_reporting,Dev Reddy,2026-08-14,2026-08-10,No,2026-08
3010,105,57,2026-07-06 16:20:00,,,11.0,Nitin Pillai,Crew Member,Lucknow - Hazratganj,Lucknow,Uttar Pradesh,Store Issue Report,issue_reporting,Dev Reddy,2026-07-06,2026-07-06,No,2026-07
3011,105,16,2026-08-07 08:04:00,,,11.0,Sameer Menon,Store Manager,Lucknow - Hazratganj,Lucknow,Uttar Pradesh,Store Issue Report,issue_reporting,Dev Reddy,2026-08-07,2026-08-03,No,2026-08
3012,105,57,2026-06-12 08:40:00,,,11.0,Nitin Pillai,Crew Member,Lucknow - Hazratganj,Lucknow,Uttar Pradesh,Store Issue Report,issue_reporting,Dev Reddy,2026-06-12,2026-06-08,No,2026-06
3013,105,57,2026-06-04 09:11:00,,,11.0,Nitin Pillai,Crew Member,Lucknow - Hazratganj,Lucknow,Uttar Pradesh,Store Issue Report,issue_reporting,Dev Reddy,2026-06-04,2026-06-01,No,2026-06
3014,105,16,2026-07-22 09:27:00,,,11.0,Sameer Menon,Store Manager,Lucknow - Hazratganj,Lucknow,Uttar Pradesh,Store Issue Report,issue_reporting,Dev Reddy,2026-07-22,2026-07-20,No,2026-07
3015,105,57,2026-06-09 19:12:00,,,11.0,Nitin Pillai,Crew Member,Lucknow - Hazratganj,Lucknow,Uttar Pradesh,Store Issue Report,issue_reporting,Dev Reddy,2026-06-09,2026-06-08,No,2026-06
3016,105,58,2026-06-10 17:15:00,,,11.0,Neha Bhat,Crew Member,Lucknow - Hazratganj,Lucknow,Uttar Pradesh,Store Issue Report,issue_reporting,Dev Reddy,2026-06-10,2026-06-08,No,2026-06
3017,105,57,2026-07-31 15:40:00,,,11.0,Nitin Pillai,Crew Member,Lucknow - Hazratganj,Lucknow,Uttar Pradesh,Store Issue Report,issue_reporting,Dev Reddy,2026-07-31,2026-07-27,No,2026-07
3018,105,16,2026-07-19 09:23:00,,,11.0,Sameer Menon,Store Manager,Lucknow - Hazratganj,Lucknow,Uttar Pradesh,Store Issue Report,issue_reporting,Dev Reddy,2026-07-19,2026-07-13,No,2026-07
3019,105,16,2026-06-09 15:28:00,,,11.0,Sameer Menon,Store Manager,Lucknow - Hazratganj,Lucknow,Uttar Pradesh,Store Issue Report,issue_reporting,Dev Reddy,2026-06-09,2026-06-08,No,2026-06
3020,105,16,2026-06-07 21:50:00,,,11.0,Sameer Menon,Store Manager,Lucknow - Hazratganj,Lucknow,Uttar Pradesh,Store Issue Report,issue_reporting,Dev Reddy,2026-06-07,2026-06-01,No,2026-06
3021,105,56,2026-07-06 14:54:00,,,11.0,Rakesh Menon,Crew Member,Lucknow - Hazratganj,Lucknow,Uttar Pradesh,Store Issue Report,issue_reporting,Dev Reddy,2026-07-06,2026-07-06,No,2026-07
3022,105,57,2026-08-03 16:09:00,,,11.0,Nitin Pillai,Crew Member,Lucknow - Hazratganj,Lucknow,Uttar Pradesh,Store Issue Report,issue_reporting,Dev Reddy,2026-08-03,2026-08-03,No,2026-08
3023,105,16,2026-07-06 15:19:00,,,11.0,Sameer Menon,Store Manager,Lucknow - Hazratganj,Lucknow,Uttar Pradesh,Store Issue Report,issue_reporting,Dev Reddy,2026-07-06,2026-07-06,No,2026-07
3024,105,17,2026-07-06 16:38:00,,,12.0,Ankit Pillai,Store Manager,Indore - Vijay Nagar,Indore,Madhya Pradesh,Store Issue Report,issue_reporting,Dev Reddy,2026-07-06,2026-07-06,No,2026-07
3025,105,17,2026-06-30 10:45:00,,,12.0,Ankit Pillai,Store Manager,Indore - Vijay Nagar,Indore,Madhya Pradesh,Store Issue Report,issue_reporting,Dev Reddy,2026-06-30,2026-06-29,No,2026-06
3026,105,59,2026-06-07 22:12:00,,,12.0,Oindri Kulkarni,Crew Member,Indore - Vijay Nagar,Indore,Madhya Pradesh,Store Issue Report,issue_reporting,Dev Reddy,2026-06-07,2026-06-01,No,2026-06
3027,105,61,2026-07-22 19:46:00,,,12.0,Faisal Verma,Crew Member,Indore - Vijay Nagar,Indore,Madhya Pradesh,Store Issue Report,issue_reporting,Dev Reddy,2026-07-22,2026-07-20,No,2026-07
3028,105,17,2026-07-09 22:26:00,,,12.0,Ankit Pillai,Store Manager,Indore - Vijay Nagar,Indore,Madhya Pradesh,Store Issue Report,issue_reporting,Dev Reddy,2026-07-09,2026-07-06,No,2026-07
3029,105,59,2026-07-07 15:19:00,,,12.0,Oindri Kulkarni,Crew Member,Indore - Vijay Nagar,Indore,Madhya Pradesh,Store Issue Report,issue_reporting,Dev Reddy,2026-07-07,2026-07-06,No,2026-07
3030,105,17,2026-05-23 22:07:00,,,12.0,Ankit Pillai,Store Manager,Indore - Vijay Nagar,Indore,Madhya Pradesh,Store Issue Report,issue_reporting,Dev Reddy,2026-05-23,2026-05-18,No,2026-05
3031,105,61,2026-06-12 20:27:00,,,12.0,Faisal Verma,Crew Member,Indore - Vijay Nagar,Indore,Madhya Pradesh,Store Issue Report,issue_reporting,Dev Reddy,2026-06-12,2026-06-08,No,2026-06
3032,105,64,2026-07-23 19:31:00,,,13.0,Rahul Reddy,Crew Member,Kochi - MG Road,Kochi,Kerala,Store Issue Report,issue_reporting,Dev Reddy,2026-07-23,2026-07-20,No,2026-07
3033,105,18,2026-08-10 14:59:00,,,13.0,Anu Bhat,Store Manager,Kochi - MG Road,Kochi,Kerala,Store Issue Report,issue_reporting,Dev Reddy,2026-08-10,2026-08-10,No,2026-08
3034,105,64,2026-06-19 15:02:00,,,13.0,Rahul Reddy,Crew Member,Kochi - MG Road,Kochi,Kerala,Store Issue Report,issue_reporting,Dev Reddy,2026-06-19,2026-06-15,No,2026-06
3035,105,63,2026-08-16 18:41:00,,,13.0,Nikhil Nair,Crew Member,Kochi - MG Road,Kochi,Kerala,Store Issue Report,issue_reporting,Dev Reddy,2026-08-16,2026-08-10,No,2026-08
3036,105,63,2026-08-04 15:43:00,,,13.0,Nikhil Nair,Crew Member,Kochi - MG Road,Kochi,Kerala,Store Issue Report,issue_reporting,Dev Reddy,2026-08-04,2026-08-03,No,2026-08
3037,105,63,2026-06-19 17:37:00,,,13.0,Nikhil Nair,Crew Member,Kochi - MG Road,Kochi,Kerala,Store Issue Report,issue_reporting,Dev Reddy,2026-06-19,2026-06-15,No,2026-06
3038,105,19,2026-06-02 20:05:00,,,14.0,Alok Kulkarni,Store Manager,Nagpur - Civil Lines,Nagpur,Maharashtra,Store Issue Report,issue_reporting,Dev Reddy,2026-06-02,2026-06-01,No,2026-06
3039,105,65,2026-08-17 17:57:00,,,14.0,Rohit Patel,Crew Member,Nagpur - Civil Lines,Nagpur,Maharashtra,Store Issue Report,issue_reporting,Dev Reddy,2026-08-17,2026-08-17,No,2026-08
3040,105,66,2026-06-12 22:27:00,,,14.0,Sunita Gupta,Crew Member,Nagpur - Civil Lines,Nagpur,Maharashtra,Store Issue Report,issue_reporting,Dev Reddy,2026-06-12,2026-06-08,No,2026-06
3041,105,19,2026-06-20 19:19:00,,,14.0,Alok Kulkarni,Store Manager,Nagpur - Civil Lines,Nagpur,Maharashtra,Store Issue Report,issue_reporting,Dev Reddy,2026-06-20,2026-06-15,No,2026-06
3042,105,65,2026-07-10 20:56:00,,,14.0,Rohit Patel,Crew Member,Nagpur - Civil Lines,Nagpur,Maharashtra,Store Issue Report,issue_reporting,Dev Reddy,2026-07-10,2026-07-06,No,2026-07
3043,105,67,2026-08-08 17:49:00,,,14.0,Prateek Singh,Crew Member,Nagpur - Civil Lines,Nagpur,Maharashtra,Store Issue Report,issue_reporting,Dev Reddy,2026-08-08,2026-08-03,No,2026-08
3044,105,19,2026-06-22 19:13:00,,,14.0,Alok Kulkarni,Store Manager,Nagpur - Civil Lines,Nagpur,Maharashtra,Store Issue Report,issue_reporting,Dev Reddy,2026-06-22,2026-06-22,No,2026-06
3045,105,19,2026-05-19 10:52:00,,,14.0,Alok Kulkarni,Store Manager,Nagpur - Civil Lines,Nagpur,Maharashtra,Store Issue Report,issue_reporting,Dev Reddy,2026-05-19,2026-05-18,No,2026-05
3046,105,19,2026-05-31 09:49:00,,,14.0,Alok Kulkarni,Store Manager,Nagpur - Civil Lines,Nagpur,Maharashtra,Store Issue Report,issue_reporting,Dev Reddy,2026-05-31,2026-05-25,No,2026-05
3047,105,19,2026-08-10 12:46:00,,,14.0,Alok Kulkarni,Store Manager,Nagpur - Civil Lines,Nagpur,Maharashtra,Store Issue Report,issue_reporting,Dev Reddy,2026-08-10,2026-08-10,No,2026-08
3048,105,66,2026-06-10 13:11:00,,,14.0,Sunita Gupta,Crew Member,Nagpur - Civil Lines,Nagpur,Maharashtra,Store Issue Report,issue_reporting,Dev Reddy,2026-06-10,2026-06-08,No,2026-06
3049,105,65,2026-07-20 10:32:00,,,14.0,Rohit Patel,Crew Member,Nagpur - Civil Lines,Nagpur,Maharashtra,Store Issue Report,issue_reporting,Dev Reddy,2026-07-20,2026-07-20,No,2026-07
3050,105,66,2026-07-30 21:13:00,,,14.0,Sunita Gupta,Crew Member,Nagpur - Civil Lines,Nagpur,Maharashtra,Store Issue Report,issue_reporting,Dev Reddy,2026-07-30,2026-07-27,No,2026-07
3051,105,66,2026-05-26 19:11:00,,,14.0,Sunita Gupta,Crew Member,Nagpur - Civil Lines,Nagpur,Maharashtra,Store Issue Report,issue_reporting,Dev Reddy,2026-05-26,2026-05-25,No,2026-05
3052,105,65,2026-07-10 15:40:00,,,14.0,Rohit Patel,Crew Member,Nagpur - Civil Lines,Nagpur,Maharashtra,Store Issue Report,issue_reporting,Dev Reddy,2026-07-10,2026-07-06,No,2026-07
3053,105,19,2026-05-29 12:05:00,,,14.0,Alok Kulkarni,Store Manager,Nagpur - Civil Lines,Nagpur,Maharashtra,Store Issue Report,issue_reporting,Dev Reddy,2026-05-29,2026-05-25,No,2026-05
3054,105,65,2026-06-23 09:21:00,,,14.0,Rohit Patel,Crew Member,Nagpur - Civil Lines,Nagpur,Maharashtra,Store Issue Report,issue_reporting,Dev Reddy,2026-06-23,2026-06-22,No,2026-06
3055,105,65,2026-06-18 15:31:00,,,14.0,Rohit Patel,Crew Member,Nagpur - Civil Lines,Nagpur,Maharashtra,Store Issue Report,issue_reporting,Dev Reddy,2026-06-18,2026-06-15,No,2026-06
3056,105,65,2026-05-26 12:48:00,,,14.0,Rohit Patel,Crew Member,Nagpur - Civil Lines,Nagpur,Maharashtra,Store Issue Report,issue_reporting,Dev Reddy,2026-05-26,2026-05-25,No,2026-05
3057,105,65,2026-05-24 09:13:00,,,14.0,Rohit Patel,Crew Member,Nagpur - Civil Lines,Nagpur,Maharashtra,Store Issue Report,issue_reporting,Dev Reddy,2026-05-24,2026-05-18,No,2026-05
3058,105,67,2026-08-04 16:48:00,,,14.0,Prateek Singh,Crew Member,Nagpur - Civil Lines,Nagpur,Maharashtra,Store Issue Report,issue_reporting,Dev Reddy,2026-08-04,2026-08-03,No,2026-08
3059,105,19,2026-07-18 20:21:00,,,14.0,Alok Kulkarni,Store Manager,Nagpur - Civil Lines,Nagpur,Maharashtra,Store Issue Report,issue_reporting,Dev Reddy,2026-07-18,2026-07-13,No,2026-07
3060,105,67,2026-07-05 18:56:00,,,14.0,Prateek Singh,Crew Member,Nagpur - Civil Lines,Nagpur,Maharashtra,Store Issue Report,issue_reporting,Dev Reddy,2026-07-05,2026-06-29,No,2026-07
3061,105,19,2026-06-18 13:42:00,,,14.0,Alok Kulkarni,Store Manager,Nagpur - Civil Lines,Nagpur,Maharashtra,Store Issue Report,issue_reporting,Dev Reddy,2026-06-18,2026-06-15,No,2026-06
3062,105,67,2026-08-05 08:22:00,,,14.0,Prateek Singh,Crew Member,Nagpur - Civil Lines,Nagpur,Maharashtra,Store Issue Report,issue_reporting,Dev Reddy,2026-08-05,2026-08-03,No,2026-08
3063,105,19,2026-05-19 15:55:00,,,14.0,Alok Kulkarni,Store Manager,Nagpur - Civil Lines,Nagpur,Maharashtra,Store Issue Report,issue_reporting,Dev Reddy,2026-05-19,2026-05-18,No,2026-05
3064,105,67,2026-05-22 17:07:00,,,14.0,Prateek Singh,Crew Member,Nagpur - Civil Lines,Nagpur,Maharashtra,Store Issue Report,issue_reporting,Dev Reddy,2026-05-22,2026-05-18,No,2026-05
3065,105,19,2026-07-05 15:39:00,,,14.0,Alok Kulkarni,Store Manager,Nagpur - Civil Lines,Nagpur,Maharashtra,Store Issue Report,issue_reporting,Dev Reddy,2026-07-05,2026-06-29,No,2026-07
3066,105,65,2026-07-10 18:12:00,,,14.0,Rohit Patel,Crew Member,Nagpur - Civil Lines,Nagpur,Maharashtra,Store Issue Report,issue_reporting,Dev Reddy,2026-07-10,2026-07-06,No,2026-07
3067,105,68,2026-05-21 18:23:00,,,15.0,Juhi Mehta,Crew Member,Surat - Vesu,Surat,Gujarat,Store Issue Report,issue_reporting,Dev Reddy,2026-05-21,2026-05-18,No,2026-05
3068,105,20,2026-08-13 15:14:00,,,15.0,Namita Sharma,Store Manager,Surat - Vesu,Surat,Gujarat,Store Issue Report,issue_reporting,Dev Reddy,2026-08-13,2026-08-10,No,2026-08
3069,105,70,2026-08-05 20:05:00,,,15.0,Kiran Das,Crew Member,Surat - Vesu,Surat,Gujarat,Store Issue Report,issue_reporting,Dev Reddy,2026-08-05,2026-08-03,No,2026-08
3070,105,68,2026-07-18 18:54:00,,,15.0,Juhi Mehta,Crew Member,Surat - Vesu,Surat,Gujarat,Store Issue Report,issue_reporting,Dev Reddy,2026-07-18,2026-07-13,No,2026-07
3071,105,69,2026-06-25 17:12:00,,,15.0,Uma Rao,Crew Member,Surat - Vesu,Surat,Gujarat,Store Issue Report,issue_reporting,Dev Reddy,2026-06-25,2026-06-22,No,2026-06
3072,105,68,2026-06-04 15:50:00,,,15.0,Juhi Mehta,Crew Member,Surat - Vesu,Surat,Gujarat,Store Issue Report,issue_reporting,Dev Reddy,2026-06-04,2026-06-01,No,2026-06
3073,105,20,2026-08-13 16:55:00,,,15.0,Namita Sharma,Store Manager,Surat - Vesu,Surat,Gujarat,Store Issue Report,issue_reporting,Dev Reddy,2026-08-13,2026-08-10,No,2026-08
3074,105,69,2026-07-15 09:30:00,,,15.0,Uma Rao,Crew Member,Surat - Vesu,Surat,Gujarat,Store Issue Report,issue_reporting,Dev Reddy,2026-07-15,2026-07-13,No,2026-07
3075,105,71,2026-06-15 10:48:00,,,16.0,Hemant Kapoor,Crew Member,Bhopal - MP Nagar,Bhopal,Madhya Pradesh,Store Issue Report,issue_reporting,Vinod Patel,2026-06-15,2026-06-15,No,2026-06
3076,105,72,2026-07-13 19:01:00,,,16.0,Girish Chopra,Crew Member,Bhopal - MP Nagar,Bhopal,Madhya Pradesh,Store Issue Report,issue_reporting,Vinod Patel,2026-07-13,2026-07-13,No,2026-07
3077,105,72,2026-07-07 20:17:00,,,16.0,Girish Chopra,Crew Member,Bhopal - MP Nagar,Bhopal,Madhya Pradesh,Store Issue Report,issue_reporting,Vinod Patel,2026-07-07,2026-07-06,No,2026-07
3078,105,71,2026-08-12 15:57:00,,,16.0,Hemant Kapoor,Crew Member,Bhopal - MP Nagar,Bhopal,Madhya Pradesh,Store Issue Report,issue_reporting,Vinod Patel,2026-08-12,2026-08-10,No,2026-08
3079,105,21,2026-07-26 18:46:00,,,16.0,Queenie Verma,Store Manager,Bhopal - MP Nagar,Bhopal,Madhya Pradesh,Store Issue Report,issue_reporting,Vinod Patel,2026-07-26,2026-07-20,No,2026-07
3080,105,72,2026-08-15 13:55:00,,,16.0,Girish Chopra,Crew Member,Bhopal - MP Nagar,Bhopal,Madhya Pradesh,Store Issue Report,issue_reporting,Vinod Patel,2026-08-15,2026-08-10,No,2026-08
3081,105,21,2026-08-09 13:24:00,,,16.0,Queenie Verma,Store Manager,Bhopal - MP Nagar,Bhopal,Madhya Pradesh,Store Issue Report,issue_reporting,Vinod Patel,2026-08-09,2026-08-03,No,2026-08
3082,105,71,2026-06-17 11:16:00,,,16.0,Hemant Kapoor,Crew Member,Bhopal - MP Nagar,Bhopal,Madhya Pradesh,Store Issue Report,issue_reporting,Vinod Patel,2026-06-17,2026-06-15,No,2026-06
3083,105,73,2026-05-30 09:05:00,,,16.0,Simran Joshi,Crew Member,Bhopal - MP Nagar,Bhopal,Madhya Pradesh,Store Issue Report,issue_reporting,Vinod Patel,2026-05-30,2026-05-25,No,2026-05
3084,105,73,2026-06-12 19:07:00,,,16.0,Simran Joshi,Crew Member,Bhopal - MP Nagar,Bhopal,Madhya Pradesh,Store Issue Report,issue_reporting,Vinod Patel,2026-06-12,2026-06-08,No,2026-06
3085,105,71,2026-06-28 14:36:00,,,16.0,Hemant Kapoor,Crew Member,Bhopal - MP Nagar,Bhopal,Madhya Pradesh,Store Issue Report,issue_reporting,Vinod Patel,2026-06-28,2026-06-22,No,2026-06
3086,105,72,2026-05-26 17:34:00,,,16.0,Girish Chopra,Crew Member,Bhopal - MP Nagar,Bhopal,Madhya Pradesh,Store Issue Report,issue_reporting,Vinod Patel,2026-05-26,2026-05-25,No,2026-05
3087,105,76,2026-07-12 13:49:00,,,17.0,Sania Menon,Crew Member,Coimbatore - RS Puram,Coimbatore,Tamil Nadu,Store Issue Report,issue_reporting,Vinod Patel,2026-07-12,2026-07-06,No,2026-07
3088,105,75,2026-07-24 18:38:00,,,17.0,Lokesh Bose,Crew Member,Coimbatore - RS Puram,Coimbatore,Tamil Nadu,Store Issue Report,issue_reporting,Vinod Patel,2026-07-24,2026-07-20,No,2026-07
3089,105,22,2026-07-08 08:34:00,,,17.0,Kajal Iyer,Store Manager,Coimbatore - RS Puram,Coimbatore,Tamil Nadu,Store Issue Report,issue_reporting,Vinod Patel,2026-07-08,2026-07-06,No,2026-07
3090,105,75,2026-06-06 21:18:00,,,17.0,Lokesh Bose,Crew Member,Coimbatore - RS Puram,Coimbatore,Tamil Nadu,Store Issue Report,issue_reporting,Vinod Patel,2026-06-06,2026-06-01,No,2026-06
3091,105,76,2026-08-14 15:09:00,,,17.0,Sania Menon,Crew Member,Coimbatore - RS Puram,Coimbatore,Tamil Nadu,Store Issue Report,issue_reporting,Vinod Patel,2026-08-14,2026-08-10,No,2026-08
3092,105,74,2026-08-12 21:51:00,,,17.0,Nisha Malhotra,Crew Member,Coimbatore - RS Puram,Coimbatore,Tamil Nadu,Store Issue Report,issue_reporting,Vinod Patel,2026-08-12,2026-08-10,No,2026-08
3093,105,74,2026-06-27 16:44:00,,,17.0,Nisha Malhotra,Crew Member,Coimbatore - RS Puram,Coimbatore,Tamil Nadu,Store Issue Report,issue_reporting,Vinod Patel,2026-06-27,2026-06-22,No,2026-06
3094,105,75,2026-08-17 17:30:00,,,17.0,Lokesh Bose,Crew Member,Coimbatore - RS Puram,Coimbatore,Tamil Nadu,Store Issue Report,issue_reporting,Vinod Patel,2026-08-17,2026-08-17,No,2026-08
3095,105,74,2026-06-25 19:24:00,,,17.0,Nisha Malhotra,Crew Member,Coimbatore - RS Puram,Coimbatore,Tamil Nadu,Store Issue Report,issue_reporting,Vinod Patel,2026-06-25,2026-06-22,No,2026-06
3096,105,75,2026-06-07 21:45:00,,,17.0,Lokesh Bose,Crew Member,Coimbatore - RS Puram,Coimbatore,Tamil Nadu,Store Issue Report,issue_reporting,Vinod Patel,2026-06-07,2026-06-01,No,2026-06
3097,105,75,2026-08-16 19:03:00,,,17.0,Lokesh Bose,Crew Member,Coimbatore - RS Puram,Coimbatore,Tamil Nadu,Store Issue Report,issue_reporting,Vinod Patel,2026-08-16,2026-08-10,No,2026-08
3098,105,75,2026-07-08 12:52:00,,,17.0,Lokesh Bose,Crew Member,Coimbatore - RS Puram,Coimbatore,Tamil Nadu,Store Issue Report,issue_reporting,Vinod Patel,2026-07-08,2026-07-06,No,2026-07
3099,105,22,2026-07-28 14:21:00,,,17.0,Kajal Iyer,Store Manager,Coimbatore - RS Puram,Coimbatore,Tamil Nadu,Store Issue Report,issue_reporting,Vinod Patel,2026-07-28,2026-07-27,No,2026-07
3100,105,22,2026-07-02 20:25:00,,,17.0,Kajal Iyer,Store Manager,Coimbatore - RS Puram,Coimbatore,Tamil Nadu,Store Issue Report,issue_reporting,Vinod Patel,2026-07-02,2026-06-29,No,2026-07
3101,105,79,2026-07-25 19:18:00,,,18.0,Gunjan Kulkarni,Crew Member,Vadodara - Alkapuri,Vadodara,Gujarat,Store Issue Report,issue_reporting,Vinod Patel,2026-07-25,2026-07-20,No,2026-07
3102,105,23,2026-08-16 21:35:00,,,18.0,Aparna Nair,Store Manager,Vadodara - Alkapuri,Vadodara,Gujarat,Store Issue Report,issue_reporting,Vinod Patel,2026-08-16,2026-08-10,No,2026-08
3103,105,77,2026-06-04 13:48:00,,,18.0,Vikram Pillai,Crew Member,Vadodara - Alkapuri,Vadodara,Gujarat,Store Issue Report,issue_reporting,Vinod Patel,2026-06-04,2026-06-01,No,2026-06
3104,105,78,2026-07-16 18:10:00,,,18.0,Manish Bhat,Crew Member,Vadodara - Alkapuri,Vadodara,Gujarat,Store Issue Report,issue_reporting,Vinod Patel,2026-07-16,2026-07-13,No,2026-07
3105,105,78,2026-08-16 15:18:00,,,18.0,Manish Bhat,Crew Member,Vadodara - Alkapuri,Vadodara,Gujarat,Store Issue Report,issue_reporting,Vinod Patel,2026-08-16,2026-08-10,No,2026-08
3106,105,78,2026-06-15 20:47:00,,,18.0,Manish Bhat,Crew Member,Vadodara - Alkapuri,Vadodara,Gujarat,Store Issue Report,issue_reporting,Vinod Patel,2026-06-15,2026-06-15,No,2026-06
3107,105,77,2026-07-04 19:54:00,,,18.0,Vikram Pillai,Crew Member,Vadodara - Alkapuri,Vadodara,Gujarat,Store Issue Report,issue_reporting,Vinod Patel,2026-07-04,2026-06-29,No,2026-07
3108,105,78,2026-07-06 14:43:00,,,18.0,Manish Bhat,Crew Member,Vadodara - Alkapuri,Vadodara,Gujarat,Store Issue Report,issue_reporting,Vinod Patel,2026-07-06,2026-07-06,No,2026-07
3109,105,78,2026-05-31 13:30:00,,,18.0,Manish Bhat,Crew Member,Vadodara - Alkapuri,Vadodara,Gujarat,Store Issue Report,issue_reporting,Vinod Patel,2026-05-31,2026-05-25,No,2026-05
3110,105,82,2026-06-03 16:41:00,,,19.0,Kavita Iyer,Crew Member,Nashik - College Road,Nashik,Maharashtra,Store Issue Report,issue_reporting,Vinod Patel,2026-06-03,2026-06-01,No,2026-06
3111,105,24,2026-07-13 10:40:00,,,19.0,Isha Reddy,Store Manager,Nashik - College Road,Nashik,Maharashtra,Store Issue Report,issue_reporting,Vinod Patel,2026-07-13,2026-07-13,No,2026-07
3112,105,24,2026-05-23 09:15:00,,,19.0,Isha Reddy,Store Manager,Nashik - College Road,Nashik,Maharashtra,Store Issue Report,issue_reporting,Vinod Patel,2026-05-23,2026-05-18,No,2026-05
3113,105,81,2026-06-26 19:38:00,,,19.0,Poonam Verma,Crew Member,Nashik - College Road,Nashik,Maharashtra,Store Issue Report,issue_reporting,Vinod Patel,2026-06-26,2026-06-22,No,2026-06
3114,105,80,2026-08-15 20:42:00,,,19.0,Pooja Sharma,Crew Member,Nashik - College Road,Nashik,Maharashtra,Store Issue Report,issue_reporting,Vinod Patel,2026-08-15,2026-08-10,No,2026-08
3115,105,24,2026-08-10 14:17:00,,,19.0,Isha Reddy,Store Manager,Nashik - College Road,Nashik,Maharashtra,Store Issue Report,issue_reporting,Vinod Patel,2026-08-10,2026-08-10,No,2026-08
3116,105,80,2026-05-20 09:07:00,,,19.0,Pooja Sharma,Crew Member,Nashik - College Road,Nashik,Maharashtra,Store Issue Report,issue_reporting,Vinod Patel,2026-05-20,2026-05-18,No,2026-05
3117,105,81,2026-07-20 18:42:00,,,19.0,Poonam Verma,Crew Member,Nashik - College Road,Nashik,Maharashtra,Store Issue Report,issue_reporting,Vinod Patel,2026-07-20,2026-07-20,No,2026-07
3118,105,24,2026-08-02 17:36:00,,,19.0,Isha Reddy,Store Manager,Nashik - College Road,Nashik,Maharashtra,Store Issue Report,issue_reporting,Vinod Patel,2026-08-02,2026-07-27,No,2026-08
3119,105,81,2026-08-15 19:06:00,,,19.0,Poonam Verma,Crew Member,Nashik - College Road,Nashik,Maharashtra,Store Issue Report,issue_reporting,Vinod Patel,2026-08-15,2026-08-10,No,2026-08
3120,105,24,2026-07-19 18:44:00,,,19.0,Isha Reddy,Store Manager,Nashik - College Road,Nashik,Maharashtra,Store Issue Report,issue_reporting,Vinod Patel,2026-07-19,2026-07-13,No,2026-07
3121,105,82,2026-07-31 10:06:00,,,19.0,Kavita Iyer,Crew Member,Nashik - College Road,Nashik,Maharashtra,Store Issue Report,issue_reporting,Vinod Patel,2026-07-31,2026-07-27,No,2026-07
3122,105,80,2026-07-26 10:25:00,,,19.0,Pooja Sharma,Crew Member,Nashik - College Road,Nashik,Maharashtra,Store Issue Report,issue_reporting,Vinod Patel,2026-07-26,2026-07-20,No,2026-07
3123,105,24,2026-07-29 21:34:00,,,19.0,Isha Reddy,Store Manager,Nashik - College Road,Nashik,Maharashtra,Store Issue Report,issue_reporting,Vinod Patel,2026-07-29,2026-07-27,No,2026-07
3124,105,80,2026-07-24 21:37:00,,,19.0,Pooja Sharma,Crew Member,Nashik - College Road,Nashik,Maharashtra,Store Issue Report,issue_reporting,Vinod Patel,2026-07-24,2026-07-20,No,2026-07
3125,105,81,2026-08-11 22:07:00,,,19.0,Poonam Verma,Crew Member,Nashik - College Road,Nashik,Maharashtra,Store Issue Report,issue_reporting,Vinod Patel,2026-08-11,2026-08-10,No,2026-08
3126,105,24,2026-08-15 10:00:00,,,19.0,Isha Reddy,Store Manager,Nashik - College Road,Nashik,Maharashtra,Store Issue Report,issue_reporting,Vinod Patel,2026-08-15,2026-08-10,No,2026-08
3127,105,81,2026-06-03 08:08:00,,,19.0,Poonam Verma,Crew Member,Nashik - College Road,Nashik,Maharashtra,Store Issue Report,issue_reporting,Vinod Patel,2026-06-03,2026-06-01,No,2026-06
3128,105,80,2026-05-30 16:16:00,,,19.0,Pooja Sharma,Crew Member,Nashik - College Road,Nashik,Maharashtra,Store Issue Report,issue_reporting,Vinod Patel,2026-05-30,2026-05-25,No,2026-05
3129,105,82,2026-06-03 16:19:00,,,19.0,Kavita Iyer,Crew Member,Nashik - College Road,Nashik,Maharashtra,Store Issue Report,issue_reporting,Vinod Patel,2026-06-03,2026-06-01,No,2026-06
3130,105,80,2026-06-09 14:42:00,,,19.0,Pooja Sharma,Crew Member,Nashik - College Road,Nashik,Maharashtra,Store Issue Report,issue_reporting,Vinod Patel,2026-06-09,2026-06-08,No,2026-06
3131,105,82,2026-06-26 08:33:00,,,19.0,Kavita Iyer,Crew Member,Nashik - College Road,Nashik,Maharashtra,Store Issue Report,issue_reporting,Vinod Patel,2026-06-26,2026-06-22,No,2026-06
3132,105,24,2026-07-14 10:36:00,,,19.0,Isha Reddy,Store Manager,Nashik - College Road,Nashik,Maharashtra,Store Issue Report,issue_reporting,Vinod Patel,2026-07-14,2026-07-13,No,2026-07
3133,105,81,2026-07-24 22:22:00,,,19.0,Poonam Verma,Crew Member,Nashik - College Road,Nashik,Maharashtra,Store Issue Report,issue_reporting,Vinod Patel,2026-07-24,2026-07-20,No,2026-07
3134,105,81,2026-08-11 21:02:00,,,19.0,Poonam Verma,Crew Member,Nashik - College Road,Nashik,Maharashtra,Store Issue Report,issue_reporting,Vinod Patel,2026-08-11,2026-08-10,No,2026-08
3135,105,81,2026-06-12 10:19:00,,,19.0,Poonam Verma,Crew Member,Nashik - College Road,Nashik,Maharashtra,Store Issue Report,issue_reporting,Vinod Patel,2026-06-12,2026-06-08,No,2026-06
3136,105,82,2026-08-04 16:13:00,,,19.0,Kavita Iyer,Crew Member,Nashik - College Road,Nashik,Maharashtra,Store Issue Report,issue_reporting,Vinod Patel,2026-08-04,2026-08-03,No,2026-08
3137,105,24,2026-06-04 19:39:00,,,19.0,Isha Reddy,Store Manager,Nashik - College Road,Nashik,Maharashtra,Store Issue Report,issue_reporting,Vinod Patel,2026-06-04,2026-06-01,No,2026-06
3138,105,25,2026-07-28 12:16:00,,,20.0,Karan Patel,Store Manager,Gurgaon - Cyber Hub,Gurgaon,Haryana,Store Issue Report,issue_reporting,Vinod Patel,2026-07-28,2026-07-27,No,2026-07
3139,105,85,2026-07-09 15:05:00,,,20.0,Tanvi Patel,Crew Member,Gurgaon - Cyber Hub,Gurgaon,Haryana,Store Issue Report,issue_reporting,Vinod Patel,2026-07-09,2026-07-06,No,2026-07
3140,105,84,2026-08-15 10:34:00,,,20.0,Gaurav Reddy,Crew Member,Gurgaon - Cyber Hub,Gurgaon,Haryana,Store Issue Report,issue_reporting,Vinod Patel,2026-08-15,2026-08-10,No,2026-08
3141,105,84,2026-08-07 19:17:00,,,20.0,Gaurav Reddy,Crew Member,Gurgaon - Cyber Hub,Gurgaon,Haryana,Store Issue Report,issue_reporting,Vinod Patel,2026-08-07,2026-08-03,No,2026-08
3142,105,84,2026-07-30 18:41:00,,,20.0,Gaurav Reddy,Crew Member,Gurgaon - Cyber Hub,Gurgaon,Haryana,Store Issue Report,issue_reporting,Vinod Patel,2026-07-30,2026-07-27,No,2026-07
3143,105,25,2026-06-07 13:50:00,,,20.0,Karan Patel,Store Manager,Gurgaon - Cyber Hub,Gurgaon,Haryana,Store Issue Report,issue_reporting,Vinod Patel,2026-06-07,2026-06-01,No,2026-06
